# dag_M
20000 59979
81 17
11 28
-7 35
16 7
30 26
78 41
34 28
-9 36
20 2
52 34
78 32
68 24
100 17
2 18
86 19
-14 8
47 4
13 21
4 16
59 22
16 8
48 43
11 23
-2 8
70 16
32 40
62 13
60 14
94 3
31 40
6 2
56 39
93 34
97 31
85 45
62 16
26 44
27 16
-16 12
2 29
20 43
21 18
50 16
41 30
63 30
87 7
86 41
73 48
98 22
18 33
89 41
91 26
7 24
36 5
48 6
63 30
64 47
-8 16
37 24
-8 24
95 38
4 44
34 42
87 4
43 10
62 23
40 35
82 28
51 18
57 50
34 36
29 7
51 50
42 7
74 47
51 15
37 10
84 1
5 45
33 34
38 43
87 1
33 48
54 7
-11 23
80 8
33 33
40 24
-9 16
63 3
56 2
21 5
73 13
43 13
-14 30
6 10
11 48
-8 46
40 27
-16 6
43 36
64 47
50 20
35 40
12 41
88 15
18 49
81 29
33 21
26 21
63 5
97 40
75 7
51 18
-8 32
72 16
75 2
29 43
23 38
3 42
98 9
0 34
39 29
1 5
75 43
53 7
-1 36
-7 15
-9 30
-18 40
83 24
80 21
25 16
-8 36
13 36
34 31
45 24
39 2
54 13
55 20
55 36
40 13
33 30
93 4
79 6
70 29
-14 13
49 4
86 21
54 32
3 26
41 49
46 45
96 8
46 40
7 14
-7 32
63 13
99 48
47 21
-9 7
-15 48
74 13
15 7
38 12
92 10
10 31
74 44
-10 22
-19 17
-16 10
15 40
38 40
-19 8
54 23
80 50
41 48
-7 27
79 6
-14 23
41 45
98 39
23 42
33 49
10 26
18 21
8 42
-15 11
69 28
27 20
100 32
24 22
74 22
43 31
55 12
-20 4
85 27
-3 4
96 17
5 26
72 43
33 39
73 3
16 50
11 48
54 13
-20 10
14 35
61 16
90 10
36 2
96 1
15 26
-13 27
62 40
5 32
97 50
48 7
96 39
73 17
63 49
-13 7
81 14
2 29
-10 48
35 42
-7 35
60 14
98 13
89 13
92 30
84 22
9 30
76 13
10 29
-14 29
73 48
98 3
78 29
54 34
95 47
-10 49
-7 48
10 50
-12 47
55 40
-16 30
26 45
41 12
34 48
52 47
77 35
87 24
79 34
71 21
46 13
51 15
75 3
36 27
29 36
80 31
97 45
25 36
53 3
-15 13
97 34
77 40
-15 5
25 32
86 38
56 20
47 21
-6 31
66 4
55 21
3 35
37 33
46 29
47 16
15 15
41 14
-8 10
50 26
-20 49
-18 35
89 19
79 30
61 2
37 5
4 30
32 9
11 31
2 26
36 5
43 31
79 26
44 4
-6 3
-6 5
97 23
-3 36
94 48
56 21
9 26
32 37
57 26
52 14
23 4
27 33
64 31
56 8
-10 49
67 4
36 32
82 1
51 21
44 43
55 31
26 33
63 39
16 12
87 2
65 44
9 9
86 48
-2 17
91 28
27 20
24 50
48 41
-18 19
96 11
82 35
65 9
-8 39
69 30
25 48
97 42
73 14
12 5
4 27
11 9
50 16
31 45
34 47
15 9
85 32
58 48
-12 20
95 1
-20 6
-2 22
1 12
42 8
79 12
61 6
-10 44
39 30
47 30
90 16
7 4
69 47
32 1
86 42
77 3
-7 49
12 10
3 17
1 14
-13 29
81 50
80 42
32 40
96 9
71 2
-19 43
61 31
75 47
63 38
68 33
45 22
89 31
96 19
12 12
12 11
66 18
8 23
8 1
52 10
-11 41
-2 41
70 47
57 19
-15 38
67 14
64 47
45 15
14 13
3 33
38 3
1 7
87 24
88 28
9 34
100 30
36 18
40 6
22 32
91 33
3 7
8 50
37 5
37 14
1 36
92 3
76 10
60 26
54 24
91 30
14 27
8 8
97 36
-13 6
21 40
-12 33
61 49
89 47
68 36
82 40
12 1
-9 33
-19 32
-17 6
88 41
7 14
95 4
-3 48
0 30
12 33
-2 12
47 40
32 22
14 10
52 15
78 27
99 32
84 25
96 22
80 13
99 4
21 47
9 23
79 12
52 2
50 29
32 44
30 37
7 32
-5 48
-13 8
2 20
0 14
20 35
23 35
68 19
-10 43
0 9
-2 9
43 15
-15 4
98 25
55 28
7 1
39 8
-2 25
9 47
45 44
43 32
91 16
31 48
84 7
59 28
85 40
92 12
8 6
22 1
77 15
58 21
-1 31
6 27
16 15
93 17
59 31
54 21
78 19
-1 33
97 10
11 23
94 18
-1 6
58 48
1 11
81 13
17 5
63 22
79 1
22 18
35 37
61 29
13 12
45 40
30 37
13 21
12 5
-7 5
68 16
43 5
-13 32
89 40
14 43
7 29
19 22
18 16
1 37
98 2
69 50
51 48
1 37
57 11
16 36
19 11
-14 50
96 30
71 34
54 43
24 8
33 14
59 45
33 30
6 27
21 3
-18 41
32 31
19 19
11 42
74 15
12 16
81 45
48 48
22 19
38 45
82 11
-19 18
-14 18
4 19
43 35
28 2
11 42
25 24
33 38
18 23
6 45
31 30
88 15
-18 42
16 9
75 26
94 5
74 45
-7 32
-4 13
32 31
-19 25
33 45
61 21
65 50
-2 42
21 47
-4 42
39 26
-15 17
-12 39
100 8
17 11
21 18
67 23
44 5
-8 4
31 20
35 16
95 12
8 8
-11 3
0 1
-2 16
-6 47
33 38
78 27
39 33
63 46
-18 39
25 17
4 16
27 43
67 37
68 12
80 4
53 21
51 46
90 33
84 42
91 13
51 23
38 23
19 26
59 19
45 41
45 20
-16 2
17 48
96 48
34 14
34 20
67 40
82 36
46 43
61 41
56 20
61 40
38 31
11 28
95 30
76 35
73 34
55 27
-5 2
25 19
78 16
7 34
91 41
96 30
78 13
3 2
21 31
-5 45
24 46
31 3
9 25
74 14
-14 44
-5 5
37 6
49 17
82 28
21 50
73 50
42 31
60 21
63 8
82 38
-18 18
59 4
39 16
7 5
46 30
77 46
74 4
24 6
70 46
87 7
69 28
19 10
3 40
-9 5
2 28
68 37
85 27
-7 46
27 38
85 7
28 22
29 31
77 5
74 8
-1 45
-14 5
79 14
45 40
-20 41
61 32
66 30
-5 19
83 14
53 18
38 25
-3 27
-2 24
16 43
34 19
24 8
91 25
54 25
52 33
-5 45
13 50
2 39
99 4
74 43
26 15
66 41
51 24
34 18
67 28
14 9
47 10
63 16
86 49
36 37
100 11
17 30
80 13
85 41
70 45
4 35
37 5
77 7
68 32
54 41
-16 44
58 9
-13 4
62 18
73 6
70 3
79 37
86 23
39 12
91 2
94 33
10 32
85 19
-1 37
71 27
88 42
75 10
4 35
4 39
6 37
7 46
77 15
81 36
96 40
35 6
82 10
53 7
42 18
61 12
25 30
4 21
99 7
-4 8
69 17
-8 30
56 41
-1 23
-19 50
81 41
3 10
-8 42
-19 25
10 12
89 22
-1 15
8 42
39 22
0 26
83 11
50 39
38 6
4 25
1 1
46 2
100 45
94 40
53 40
84 9
86 2
9 41
50 45
90 10
96 17
28 49
78 9
43 41
25 26
19 40
76 9
100 20
57 37
17 2
28 44
69 16
75 22
55 1
91 47
63 8
37 45
-8 26
58 46
44 14
5 13
100 21
14 41
48 22
0 21
3 50
46 48
-14 6
47 48
19 35
-12 36
70 5
98 29
-17 39
30 41
-15 50
92 13
59 10
27 3
86 14
40 37
33 32
-12 30
55 4
41 42
11 47
42 22
12 48
15 32
37 3
31 16
6 22
94 20
34 31
28 46
-3 25
56 4
91 19
-17 30
58 15
25 15
-9 17
7 49
3 34
96 6
80 26
58 12
25 18
98 25
11 3
50 45
-18 38
98 4
61 41
37 22
49 28
79 43
81 28
43 19
0 5
30 49
71 10
71 14
80 7
85 49
79 19
100 27
70 19
33 4
33 34
80 10
-15 12
46 47
57 45
39 10
-17 35
68 1
-10 49
-11 23
29 42
89 19
-6 39
-10 30
34 32
33 28
82 15
10 31
1 36
25 43
76 24
64 41
100 2
22 17
-16 14
96 39
31 14
17 35
65 48
9 36
68 9
-11 18
13 17
19 8
77 11
92 33
24 9
-16 11
4 15
-6 13
42 40
56 2
54 34
39 50
81 20
24 26
60 8
21 25
-10 22
11 26
49 43
19 15
21 12
46 4
65 25
-11 28
-15 14
-13 50
59 43
11 23
75 6
40 40
-16 19
13 34
-19 27
48 36
87 5
-13 26
88 27
29 37
1 10
84 27
91 39
43 28
29 29
75 35
42 1
80 30
36 24
12 36
20 13
10 44
86 22
45 8
53 42
97 31
92 46
57 36
55 43
-8 43
91 4
27 38
42 42
11 44
37 14
48 13
49 14
70 21
-20 12
58 41
72 23
75 23
-4 21
85 18
94 3
68 46
-15 19
23 11
65 11
37 3
72 22
36 6
45 47
13 41
-9 4
25 38
78 1
83 43
18 47
57 26
14 27
18 44
63 4
-1 6
97 18
77 8
-9 30
-6 13
32 45
13 27
61 49
76 28
13 46
81 4
91 48
39 5
52 42
26 30
-11 3
36 37
-2 13
78 2
-3 3
8 4
35 38
-19 17
90 15
28 19
-7 41
-14 49
-2 34
-11 33
5 37
9 5
49 24
93 15
32 33
53 48
30 31
89 42
-3 15
74 46
79 17
20 42
38 46
30 18
84 44
-20 10
-17 47
11 39
35 25
27 2
24 24
70 43
81 17
-1 35
63 9
64 39
43 1
94 11
-1 50
46 49
62 29
18 25
88 12
46 25
73 17
20 2
97 47
32 9
51 28
-2 3
17 5
98 24
6 43
62 30
76 2
-4 27
78 31
25 9
56 5
59 38
74 42
13 15
38 24
12 28
83 11
11 9
64 36
-20 11
9 20
57 17
51 34
10 10
59 1
28 30
4 3
91 33
93 12
69 23
77 42
94 43
-3 9
4 30
6 37
8 47
-20 32
100 43
93 49
-1 4
1 23
91 45
80 23
10 6
41 13
81 49
-14 28
79 3
5 34
-11 40
11 23
35 32
72 28
46 42
24 4
21 1
-3 31
76 9
94 17
59 15
42 37
-8 7
-12 6
48 4
97 14
88 17
61 16
85 36
33 31
78 37
-3 47
83 18
63 7
84 7
-9 29
85 26
93 4
86 16
70 25
85 25
66 50
-5 23
73 37
-10 47
84 23
-16 38
36 41
22 28
78 30
-8 14
-7 41
30 49
64 23
94 27
70 26
-19 9
5 45
50 32
-7 4
-5 5
90 28
48 44
87 41
62 46
-7 36
-14 26
51 44
27 6
1 42
50 32
4 1
96 16
92 43
4 37
60 17
53 39
71 1
4 18
14 44
-1 20
73 21
55 10
60 22
-20 4
21 28
63 41
40 5
57 40
10 3
79 14
51 8
-17 42
2 28
39 10
34 19
76 31
83 29
56 47
59 34
80 45
52 5
53 32
-7 11
-18 44
79 17
96 4
54 16
72 34
94 47
-2 46
92 6
42 34
92 20
36 48
44 24
66 44
73 29
-18 14
-8 45
81 1
-15 9
12 48
75 30
53 34
61 34
-17 46
94 33
77 22
16 23
61 39
39 28
32 26
75 45
32 46
53 23
39 12
82 46
27 13
27 46
3 12
82 35
46 48
84 34
25 29
89 12
81 7
28 28
36 38
89 31
-12 33
17 3
63 10
51 32
79 24
98 20
48 20
57 41
-10 4
51 2
92 42
23 14
64 3
42 48
85 8
39 1
-7 21
61 14
-17 10
45 11
-13 39
18 33
-5 20
3 31
24 41
99 43
47 11
54 31
45 22
0 3
94 29
20 11
40 14
58 40
11 22
8 12
76 28
88 49
-3 12
45 24
65 47
62 43
22 29
60 16
-1 43
-1 48
91 2
92 39
84 40
82 5
55 46
-3 1
36 1
48 25
15 4
43 6
20 34
17 17
79 8
25 33
47 46
11 2
75 31
56 35
-2 31
31 38
38 32
-8 7
92 25
7 16
-10 40
-2 12
69 32
56 44
7 12
47 24
49 37
27 35
16 18
46 29
58 1
56 29
63 15
6 22
97 32
-14 5
25 21
96 21
-16 33
2 5
84 37
9 11
15 4
65 16
19 12
99 18
-7 10
-6 13
83 14
28 11
39 20
83 10
61 39
-10 43
66 1
10 21
66 45
54 39
78 4
80 50
90 19
-8 47
-9 37
30 43
26 47
51 47
82 25
46 10
57 44
44 7
42 32
100 9
51 8
99 28
32 27
5 48
58 7
10 17
-16 37
28 37
57 43
-8 22
22 3
-3 17
78 18
48 40
-6 19
99 17
6 50
15 25
57 50
4 39
82 4
54 42
11 43
15 9
0 6
-19 19
-16 24
-9 46
56 3
86 5
89 8
-7 34
65 11
57 7
-12 47
30 26
-18 38
73 3
54 46
41 48
34 11
7 34
26 29
5 1
11 38
8 5
-17 32
8 1
70 31
10 48
-12 17
16 11
47 45
52 13
61 3
43 26
49 32
-12 35
-1 9
30 30
-15 10
92 45
47 16
93 50
-17 38
18 50
79 17
-2 38
58 24
15 9
-10 50
-4 1
-1 35
11 12
75 26
91 9
58 27
86 32
88 7
34 21
20 43
46 23
-17 11
64 33
80 7
64 9
53 23
63 25
-1 37
69 22
2 12
51 49
52 27
-4 32
8 40
63 48
92 26
60 49
98 49
-1 1
-3 7
3 14
60 32
57 42
72 18
26 32
84 49
78 42
95 29
13 24
21 32
60 1
72 42
54 22
27 5
-7 8
48 15
13 6
44 31
22 47
8 47
16 16
88 19
-9 25
67 8
8 37
22 40
45 12
26 29
7 26
-18 10
56 5
12 13
30 24
97 28
35 32
33 30
5 36
74 29
75 18
47 36
-11 34
36 20
94 32
60 22
51 19
14 44
94 14
-19 11
46 49
38 4
22 15
21 21
24 10
38 2
92 14
-10 39
43 38
57 3
27 35
52 40
-2 34
55 47
-2 14
90 41
30 37
73 17
34 28
42 26
77 11
-19 38
-6 8
70 16
34 19
-2 36
-4 41
70 39
10 13
65 28
39 23
60 14
86 34
84 40
-4 30
23 38
1 49
32 24
65 18
60 4
43 8
99 42
-10 10
27 1
62 19
-11 25
95 19
73 43
69 50
61 32
100 10
65 31
69 20
0 38
19 31
68 38
76 15
-20 42
48 29
-5 32
-9 14
14 7
23 49
10 50
94 1
12 11
59 33
67 6
24 5
10 21
65 15
-1 30
62 4
89 15
-1 44
50 25
35 13
59 8
77 41
6 18
-6 19
15 5
46 15
-2 32
-6 29
24 50
13 22
9 41
72 20
-6 3
23 28
97 30
79 19
77 48
67 13
16 1
56 21
34 13
-2 40
-20 42
34 20
14 41
86 24
32 12
56 15
47 14
-12 34
51 20
40 50
99 31
36 24
19 40
38 8
80 9
30 45
96 8
78 39
-11 10
44 32
44 15
83 47
78 7
95 3
32 11
88 37
94 37
73 23
5 47
-18 28
81 38
-20 48
59 49
0 11
64 41
42 7
-11 33
16 7
8 22
-5 38
85 45
92 39
-9 46
32 30
98 43
4 49
97 9
41 20
77 46
98 45
51 40
67 26
-20 33
91 36
4 48
-6 19
37 43
69 18
41 31
20 40
83 8
23 49
27 35
35 46
74 41
35 16
29 50
75 1
86 21
15 7
-14 12
35 46
29 36
32 50
5 15
55 47
54 42
47 41
70 8
-15 45
-5 4
83 34
-12 2
57 15
98 8
-2 34
-14 32
39 47
58 10
88 32
75 39
86 32
2 13
28 45
13 28
8 49
-2 6
95 27
47 28
68 36
-16 18
60 17
22 26
29 3
13 9
84 41
4 44
3 32
75 12
80 22
50 16
76 46
-1 32
43 20
6 36
24 17
38 44
63 23
12 35
26 18
25 5
30 12
56 11
12 33
87 46
74 11
100 7
-2 9
23 4
39 22
40 13
33 50
9 25
99 3
98 21
-7 30
100 14
48 24
58 49
6 37
80 46
95 50
67 32
-5 47
0 15
90 46
78 50
58 3
65 30
3 22
88 9
30 28
15 16
13 35
52 37
37 40
6 27
79 40
33 12
38 48
55 39
99 28
39 16
90 26
35 23
6 28
60 19
-4 15
15 3
62 46
52 24
23 20
-11 37
12 27
49 48
91 32
92 33
49 31
-4 43
12 47
24 39
48 42
36 45
46 21
98 12
76 42
50 23
29 14
98 23
41 25
22 24
-2 2
-15 2
82 47
34 36
91 49
82 35
-20 14
8 19
71 7
-10 15
97 7
5 36
83 4
3 9
76 48
85 25
6 35
99 45
99 36
-19 12
25 14
93 21
83 48
14 13
74 40
32 48
53 17
40 42
96 6
47 29
95 29
25 40
33 18
62 7
37 48
100 29
89 31
90 19
34 13
86 21
85 41
27 1
7 18
-12 34
10 8
-11 41
26 41
29 5
17 49
83 24
34 47
5 50
6 33
1 42
-1 19
23 30
26 29
75 2
1 22
100 45
21 1
54 22
28 3
20 19
93 50
25 1
30 16
13 43
51 10
22 22
91 17
62 28
33 23
5 1
13 30
-3 40
48 32
84 14
79 40
81 36
14 14
-16 29
69 16
47 50
38 25
50 20
43 25
20 10
57 9
26 33
36 34
-8 16
2 24
-13 41
7 4
-6 49
-15 7
99 1
86 10
64 49
58 30
11 19
93 16
1 44
18 18
16 4
47 3
-1 1
49 22
5 36
-4 28
74 44
47 27
92 3
53 8
88 27
32 25
46 44
22 19
29 3
8 41
64 12
-11 43
75 12
52 25
21 40
3 32
22 11
-11 34
11 21
98 16
43 7
87 30
27 47
23 43
19 44
36 13
28 41
4 25
-20 19
99 30
14 49
16 40
9 22
81 28
49 36
70 44
-5 29
-18 6
31 21
-16 47
96 6
33 34
83 30
-17 31
23 47
91 2
9 30
97 11
86 19
54 13
59 26
17 15
88 34
5 24
27 27
-4 31
74 6
48 3
79 42
-1 23
-20 48
6 41
35 33
67 16
43 7
85 50
80 44
56 24
21 28
95 7
92 35
78 10
56 27
32 23
0 16
23 30
65 12
3 30
98 5
77 26
74 3
41 47
5 44
86 30
22 23
39 25
-15 42
85 2
44 35
67 9
-2 21
48 38
59 46
69 32
85 30
68 31
89 8
-15 21
45 17
77 9
95 43
-7 4
14 8
45 42
43 38
38 39
38 33
72 21
-15 16
6 35
49 18
64 32
41 30
75 20
28 49
21 14
14 21
50 9
89 10
30 38
21 18
71 36
86 7
86 13
-3 23
41 16
95 22
-19 37
59 35
91 50
0 9
51 21
56 43
1 16
-4 13
68 35
32 36
34 28
21 37
1 39
61 2
21 5
0 32
53 28
9 29
20 39
2 49
-3 23
37 26
-14 50
89 49
26 29
27 4
68 17
15 24
21 14
28 12
29 47
10 34
77 28
7 25
57 13
26 18
98 31
74 31
80 28
33 6
93 16
37 23
41 13
75 6
73 31
0 28
100 1
11 43
-19 1
10 23
36 42
-1 49
70 44
82 5
7 32
21 36
-12 36
60 33
40 8
30 6
-13 37
45 36
-1 3
-12 1
-14 24
-6 10
68 25
50 13
-15 30
14 49
91 23
98 40
47 39
-10 1
28 3
72 34
-3 32
7 33
27 23
7 42
10 38
30 5
84 38
91 27
41 44
10 25
-18 15
69 8
93 8
43 1
99 22
100 28
100 32
84 12
12 21
79 13
40 15
73 10
66 20
24 14
-7 48
80 25
31 7
84 36
18 3
61 13
84 32
-16 40
-17 10
72 42
91 15
97 5
-18 2
4 8
91 5
50 18
35 29
19 34
2 38
13 25
17 3
48 2
93 14
48 41
2 45
-12 46
78 5
84 46
87 25
99 13
16 9
22 50
50 21
-11 34
42 29
25 36
93 1
85 27
2 40
-10 11
25 38
99 38
60 2
3 10
-3 25
2 40
11 34
45 18
73 45
62 42
58 35
21 17
48 42
11 28
85 45
23 38
9 41
52 31
90 3
-1 39
19 5
11 49
90 32
87 45
68 34
97 47
67 5
-13 20
53 28
77 39
73 5
11 18
17 4
14 27
68 40
33 10
-6 50
38 31
59 38
-2 15
97 7
55 49
96 22
44 11
9 32
55 32
88 48
5 38
52 37
65 24
32 20
24 30
26 5
7 27
34 29
36 38
34 3
-14 3
95 7
-16 34
72 12
-16 16
-1 8
31 40
74 1
76 18
52 22
19 41
99 8
-4 30
14 29
55 20
69 11
86 31
42 6
40 32
7 34
25 37
-6 5
38 17
88 47
0 9
-18 29
56 19
10 22
-4 50
37 7
25 14
15 36
30 39
46 5
97 30
1 46
16 6
74 49
21 15
50 23
30 24
58 13
5 22
97 25
12 41
0 22
57 47
36 18
-17 42
-2 49
6 48
16 50
5 46
40 46
-9 42
71 38
2 28
2 2
81 8
78 42
42 8
68 49
70 26
37 25
54 32
85 32
48 35
31 25
55 29
98 5
92 26
96 7
1 9
30 48
6 16
95 44
38 31
73 11
30 50
44 2
72 16
54 41
31 31
76 31
71 47
96 47
57 16
89 2
30 49
95 33
94 19
28 21
66 32
-20 15
1 15
-4 44
15 30
26 27
99 26
-9 15
11 25
45 27
39 16
-6 10
86 16
16 48
24 2
16 16
0 39
90 50
72 14
36 49
8 2
-7 48
87 38
71 7
71 18
93 30
55 42
66 20
42 3
-20 14
4 33
82 42
18 12
5 3
80 22
79 2
-4 14
79 46
65 23
62 47
55 35
-11 22
24 37
24 48
7 23
-5 50
-13 43
74 21
74 31
-12 28
-18 36
33 37
20 49
70 36
19 32
79 17
47 7
31 7
29 7
-10 1
34 2
86 19
-15 22
15 42
80 28
39 46
49 43
-20 15
-6 18
16 16
10 10
93 3
10 39
68 4
16 42
66 27
48 44
48 29
51 1
-4 46
72 45
7 38
39 36
95 6
-3 3
-7 10
50 45
60 35
22 24
25 37
-5 18
68 23
66 21
-3 37
-5 31
-8 1
22 22
45 44
-14 36
11 8
29 47
75 31
39 25
100 18
-11 23
-4 38
-2 6
10 25
70 14
1 4
97 19
27 1
-12 31
8 28
96 30
53 6
93 47
25 24
51 29
43 15
100 16
84 3
8 27
84 16
29 32
1 28
-5 38
11 44
27 46
48 28
-17 14
37 17
-15 45
-16 20
-10 22
69 23
36 44
75 30
33 28
32 39
31 16
-6 13
72 38
64 19
2 50
-13 30
3 2
-13 1
21 8
49 33
3 26
32 27
92 50
99 7
-12 6
10 20
25 31
1 27
24 18
19 20
50 17
85 8
44 34
64 41
35 31
-20 35
82 25
-5 45
-7 15
95 38
48 18
48 43
53 10
30 24
52 18
-11 38
-13 26
7 32
29 44
-18 26
19 12
82 2
4 36
92 20
19 36
44 19
51 28
75 21
73 22
-4 37
61 2
13 16
4 39
54 44
30 5
62 42
37 22
53 31
54 31
-9 18
77 3
92 12
27 16
10 19
64 28
62 4
9 12
84 2
46 30
-4 6
64 44
35 16
10 18
54 20
96 2
99 23
92 37
65 32
100 5
32 3
76 15
64 35
98 34
42 27
45 34
-7 29
96 32
6 6
20 20
55 18
66 48
61 4
23 2
33 12
34 21
11 14
43 23
-14 31
15 18
70 28
51 43
4 4
59 7
66 37
59 6
93 2
60 1
79 41
-19 6
51 24
68 2
-14 35
-10 26
65 8
81 19
98 25
94 41
16 43
89 35
81 11
100 22
45 15
42 2
74 42
8 44
68 22
23 17
16 1
-10 3
38 11
11 39
-9 33
94 6
-6 45
50 14
14 23
61 37
66 38
40 7
27 24
89 12
84 19
98 13
60 17
84 6
91 4
63 26
75 43
40 32
33 16
44 12
-8 5
47 13
39 14
-3 7
42 13
24 33
-7 18
64 27
-2 40
59 48
98 3
-11 43
80 21
32 27
23 45
-12 23
-17 30
91 3
12 1
51 45
46 9
65 12
97 49
83 21
-18 6
28 16
66 19
10 28
95 26
49 43
96 10
51 50
52 25
54 42
75 44
8 20
62 23
31 26
-18 5
36 13
13 11
100 50
93 30
-17 22
-8 11
72 31
-1 36
-16 14
54 35
-2 1
88 46
36 39
24 49
-20 44
52 48
0 44
98 25
68 6
81 26
-18 42
-19 48
6 12
61 35
37 26
-7 17
77 49
95 47
52 47
67 38
65 28
89 26
95 38
39 44
64 50
-13 28
37 8
5 49
81 5
-10 42
66 49
71 40
45 27
86 33
-6 20
34 19
3 21
81 25
9 8
6 21
22 15
32 13
100 34
30 6
48 39
39 38
31 26
-17 49
-9 33
0 21
19 16
-8 35
58 10
58 28
27 49
37 46
76 1
100 43
-20 16
56 9
37 42
4 31
-16 21
-8 35
78 40
62 2
74 8
79 16
64 28
-4 50
45 24
42 15
100 13
95 12
8 48
89 4
92 46
-7 49
51 9
39 30
47 32
85 9
54 43
53 45
22 14
-18 11
77 21
22 1
22 15
14 32
40 23
20 40
63 2
98 28
60 27
78 8
44 40
100 3
69 28
76 4
9 12
97 8
87 1
30 35
59 31
93 27
95 5
46 26
91 15
78 27
3 41
4 49
34 35
86 17
54 38
28 23
-4 50
93 43
87 9
17 3
28 49
27 44
83 27
41 9
-5 46
86 17
53 12
68 15
75 32
11 19
62 40
40 26
18 17
82 8
98 17
87 39
86 13
70 15
-7 25
19 8
56 4
91 36
21 44
26 39
100 31
68 16
46 38
77 5
5 22
63 3
24 42
-14 30
59 26
5 49
12 20
74 1
75 49
58 10
36 31
82 43
70 36
65 39
82 1
63 48
98 20
86 11
74 44
92 25
48 23
14 37
67 46
80 41
19 29
96 44
-17 46
-6 18
62 8
33 43
-12 22
45 40
86 26
48 37
86 44
84 22
-15 41
-20 47
-6 42
-12 26
97 20
74 30
89 3
13 43
90 18
35 28
64 11
-3 19
8 48
96 15
18 26
39 13
65 13
-12 47
-15 2
89 37
-18 49
51 30
66 30
10 23
41 25
-9 15
74 21
-17 25
40 1
84 21
24 17
-6 24
35 3
6 48
100 40
47 2
19 33
-12 32
45 27
67 28
10 7
58 29
98 10
58 37
-14 5
23 49
34 14
14 16
93 1
73 48
56 10
98 44
9 22
52 44
36 8
90 23
53 17
-1 42
88 2
72 7
38 20
8 2
2 7
13 31
61 27
-17 45
43 10
93 15
34 27
-2 23
95 44
7 46
24 16
21 39
50 40
32 18
84 14
78 46
-13 42
-11 13
82 38
-12 28
98 19
6 46
-15 14
86 48
48 50
80 17
11 33
88 22
-4 6
41 4
1 10
-20 19
-4 20
53 21
-11 8
13 28
84 28
-5 46
32 24
16 49
-3 5
67 44
63 33
51 9
89 38
69 12
1 27
55 9
89 48
51 14
63 14
46 23
41 24
73 3
26 46
62 29
70 39
60 18
-8 30
21 30
79 28
6 40
32 22
74 35
74 44
56 22
34 13
72 26
96 6
18 40
8 48
-18 27
19 19
74 50
24 1
0 14
52 11
70 47
-8 20
-14 33
79 47
-9 7
85 32
-6 8
-16 43
-3 23
2 40
78 38
-5 43
-18 47
-7 20
17 29
63 30
46 38
95 13
44 6
44 30
62 37
-17 11
45 21
70 27
-4 25
71 47
-11 12
70 36
74 36
76 25
14 28
-3 41
-2 25
20 41
14 50
5 13
-5 26
79 21
72 30
37 21
5 26
0 27
50 41
45 27
29 14
11 6
49 33
-7 12
92 21
15 31
39 47
81 26
-4 50
-1 25
63 12
62 33
17 9
53 47
11 45
43 14
79 13
26 49
8 6
54 39
15 33
99 26
32 32
-14 5
73 20
-9 15
73 19
67 24
27 41
3 36
-20 6
55 47
-20 12
-5 13
-7 20
38 28
100 27
16 40
33 45
49 37
40 8
92 4
64 42
37 32
39 26
57 23
-1 29
50 15
66 10
-16 6
1 18
86 4
21 47
1 49
-18 32
33 46
57 14
33 37
77 13
-13 15
20 12
57 18
-14 38
97 13
22 34
9 34
0 25
8 11
5 42
-18 40
60 39
10 37
55 33
67 2
53 14
-14 16
31 5
19 49
52 11
3 47
35 37
9 28
26 8
-17 21
-10 21
19 21
85 39
75 19
25 36
52 38
81 17
-19 46
87 38
27 7
28 33
95 39
59 16
33 3
43 28
96 20
77 28
53 11
99 35
57 20
-20 26
62 13
84 19
74 26
8 20
87 35
5 19
70 6
65 10
8 43
8 14
3 41
40 13
40 14
-4 36
58 41
-19 42
-19 21
38 7
86 5
-1 44
87 35
90 45
35 5
-17 20
-15 4
-7 21
53 18
92 35
92 34
10 40
27 33
54 45
59 36
-16 26
93 43
63 16
37 22
42 24
23 1
78 28
10 23
64 18
76 23
60 32
77 5
38 34
-3 15
49 33
57 33
73 40
54 1
24 35
47 12
60 21
-16 26
-5 43
69 9
84 25
0 48
53 1
-4 16
-2 17
32 7
7 27
-12 44
20 44
65 36
-12 41
13 22
38 7
82 16
43 16
-9 24
46 38
67 9
28 35
64 18
3 29
34 2
69 9
68 1
33 47
84 38
-20 9
10 18
70 1
32 1
-16 26
47 42
54 26
75 30
45 35
3 4
90 5
7 17
89 50
4 48
22 33
61 25
49 20
60 34
-5 44
-19 25
44 27
37 44
16 39
-17 37
30 5
11 35
25 49
95 31
90 19
-20 40
49 36
57 39
81 34
74 12
33 8
95 16
21 2
-4 49
95 26
100 8
18 8
94 3
-15 41
96 29
6 22
19 26
69 13
4 46
32 2
10 19
74 9
67 16
63 43
-2 24
89 24
16 9
-2 14
-13 41
86 48
69 13
2 13
-10 38
32 14
22 50
93 19
29 32
20 32
6 44
49 10
59 11
23 4
86 32
-7 25
-5 36
41 31
6 36
-13 36
-18 15
-15 13
1 48
33 17
92 7
19 24
-11 29
79 10
-17 34
37 46
88 15
21 23
19 10
11 19
93 41
87 35
44 15
75 15
19 39
48 3
13 22
-5 10
15 36
45 28
-19 42
-13 41
90 2
-6 25
-13 34
25 41
83 36
-13 4
-1 38
-13 22
67 7
45 30
68 18
76 31
59 26
8 43
52 1
81 29
67 5
-3 19
24 33
31 8
46 22
23 12
60 25
73 41
39 5
46 4
64 37
48 21
17 32
-11 4
92 6
1 33
45 32
11 48
80 6
64 16
63 21
84 4
39 17
91 2
18 18
81 38
7 23
79 50
69 6
80 36
-1 22
57 9
100 46
-14 13
5 39
-7 9
85 23
-13 12
38 26
64 2
60 50
63 46
-19 46
-2 16
21 22
12 16
48 49
-3 37
32 42
81 20
43 8
73 46
84 17
63 3
96 2
52 8
74 36
39 30
21 21
33 47
-13 21
-4 2
-11 15
40 15
-1 48
49 4
78 7
57 28
-18 21
-11 15
23 18
90 22
72 48
63 17
11 42
60 36
39 40
10 24
60 18
39 38
100 42
55 8
69 28
3 47
19 35
59 31
94 45
50 28
1 39
73 32
41 6
45 10
24 24
62 16
60 44
94 26
3 5
58 33
64 45
-20 26
48 21
-13 34
78 12
27 1
14 12
32 2
87 32
53 47
27 13
30 16
-2 9
30 28
88 22
-13 4
53 15
80 10
40 24
40 25
86 18
93 11
24 3
89 32
92 48
96 2
31 29
58 18
52 22
-14 3
0 17
28 43
17 32
41 14
13 43
8 8
15 48
-16 24
34 49
68 9
-4 31
73 31
50 14
1 50
23 34
-19 3
78 18
67 29
97 23
61 45
-4 42
-4 47
86 25
1 6
77 46
7 21
1 33
58 25
8 40
84 47
90 25
79 23
64 33
1 44
69 4
19 40
-5 11
44 40
66 25
55 33
42 30
8 21
57 4
22 1
-2 29
52 25
50 18
57 30
54 46
70 3
48 39
45 6
-7 42
-18 38
12 35
7 32
8 33
46 20
8 6
16 48
0 9
98 24
27 45
10 12
90 25
84 32
44 16
4 2
-5 50
73 6
8 47
64 31
17 18
100 20
-4 16
60 28
73 34
92 24
82 35
86 42
35 15
23 22
71 12
46 38
87 21
-8 47
94 31
5 39
15 16
86 9
49 41
4 40
51 42
19 4
50 19
3 15
27 33
78 22
-9 30
-2 7
69 5
52 28
83 16
-1 37
-18 15
82 12
-10 22
-3 23
21 12
53 49
92 40
95 44
66 41
61 47
8 48
48 2
96 34
69 20
12 25
30 37
-18 3
-7 32
5 31
67 30
50 18
85 22
50 9
10 4
95 14
36 39
17 37
80 5
91 22
12 29
44 14
18 1
-5 13
20 22
70 6
-3 39
12 35
89 44
54 42
58 11
96 46
60 22
92 47
72 9
12 50
84 13
87 13
42 25
65 43
97 32
93 8
-20 36
-19 34
9 50
15 10
1 13
10 1
51 6
-3 11
70 5
91 29
81 36
70 47
98 6
-13 13
92 7
20 34
36 44
96 43
40 10
0 33
43 44
79 6
-20 32
59 35
36 50
27 12
65 41
23 49
-13 50
15 42
14 45
100 15
-3 12
84 49
-9 27
48 38
19 20
55 16
33 37
32 11
-6 48
88 29
58 29
55 33
59 34
47 48
100 22
4 39
66 4
-3 26
-18 17
91 42
-5 12
-13 13
91 14
68 1
-2 38
75 39
5 20
-11 16
35 45
-8 28
76 49
54 19
36 10
6 38
-18 50
2 31
24 9
71 16
95 7
71 34
7 38
62 11
63 44
87 42
16 23
86 44
-14 35
13 14
22 11
27 6
38 22
60 35
84 48
27 44
1 27
-11 28
86 30
10 30
-4 7
56 26
18 48
60 23
32 22
84 12
96 39
27 42
25 2
83 48
20 41
19 6
-16 6
-8 10
8 19
11 17
57 8
98 25
67 12
57 13
31 50
18 2
93 23
77 3
-16 23
91 19
57 26
40 49
26 34
20 44
41 32
44 47
19 9
39 1
-4 31
-2 39
-2 38
6 31
-9 48
81 13
48 8
21 8
99 50
-8 40
-4 47
11 38
86 27
-5 10
60 25
80 7
14 3
93 4
-2 45
42 47
2 45
96 1
97 43
-6 26
50 21
58 16
99 39
27 29
11 32
-7 26
-4 26
-17 15
46 24
69 39
-10 46
94 34
36 45
10 25
42 19
31 45
95 21
59 47
65 32
34 2
-20 2
20 24
-16 44
60 45
-20 5
19 38
46 38
91 48
49 14
44 28
47 15
62 11
86 34
71 26
5 26
72 26
44 46
55 29
84 13
54 22
64 1
36 46
24 19
14 48
-13 10
50 22
-10 6
-16 44
96 40
68 33
-4 17
55 26
-16 36
-8 19
75 46
-1 23
47 3
-11 36
34 49
-14 3
59 6
25 37
9 8
31 13
25 33
0 4
13 17
61 3
-1 38
50 9
62 32
-18 22
25 44
62 24
27 9
91 50
49 27
39 45
58 27
28 36
74 42
2 48
63 44
-14 15
15 4
13 28
-11 12
99 10
53 11
-4 36
3 16
-14 50
28 43
11 8
85 38
-12 39
-14 3
47 23
24 19
71 35
5 10
-12 15
39 4
69 36
43 49
15 4
10 12
30 47
93 21
73 24
48 2
98 32
-5 32
11 29
75 41
10 50
60 28
39 47
26 47
4 28
72 42
-11 13
71 17
-13 37
21 5
44 29
89 5
40 17
58 6
17 13
-14 1
1 28
2 13
44 48
-18 49
-15 45
57 26
-16 25
-7 7
-2 12
35 24
43 5
39 22
26 27
-14 42
46 31
100 12
60 12
93 44
50 49
100 19
19 44
22 29
-16 17
14 40
36 37
-4 4
-6 16
100 36
36 37
73 25
56 43
-4 26
4 39
-20 20
57 34
79 36
96 39
12 45
82 28
24 23
38 11
74 33
13 38
76 8
21 31
44 15
19 45
84 15
7 2
36 19
51 43
31 15
11 2
54 31
77 27
43 47
27 49
12 21
7 38
69 34
76 40
61 3
-13 16
-1 2
7 50
48 35
38 22
42 39
70 47
46 5
51 28
47 38
89 49
63 41
80 39
33 42
12 34
42 31
77 4
88 33
-17 20
-14 46
30 42
70 29
93 14
-14 34
-7 10
-18 39
41 41
85 11
63 1
-6 32
98 7
-12 6
44 21
78 36
44 45
19 30
-1 43
34 30
59 28
51 15
45 44
40 20
2 40
68 3
19 6
32 41
68 22
75 48
-9 28
19 12
32 46
-6 17
22 33
73 49
70 23
94 29
94 32
82 26
85 3
-11 27
-6 9
36 37
34 25
57 38
-7 8
50 3
-6 22
79 9
90 38
99 32
17 37
56 3
20 40
86 48
50 22
23 2
80 18
43 26
47 12
88 42
54 30
6 42
9 44
48 46
73 39
55 50
-19 25
16 9
0 31
70 47
53 17
71 37
99 3
52 26
24 30
5 28
13 27
10 28
2 18
46 27
42 32
7 32
82 27
65 28
8 22
68 46
31 17
-10 5
24 48
56 33
-13 26
63 35
-18 17
59 20
33 2
76 34
70 45
62 45
37 2
-1 9
69 7
13 28
51 43
62 2
64 26
75 28
31 25
7 40
57 25
33 21
16 44
-6 32
-15 3
66 23
13 28
79 17
-20 11
-15 15
-9 5
80 3
20 25
14 11
71 24
23 3
30 32
29 23
72 2
88 8
73 26
23 36
-20 43
76 12
70 27
100 38
-11 5
63 14
19 41
61 46
80 44
61 46
98 39
47 5
50 44
-18 11
64 36
26 20
48 46
22 22
59 48
1 40
73 38
65 48
72 11
1 34
-10 12
2 21
-10 24
-9 19
62 25
21 41
71 25
31 38
70 44
92 1
2 41
-10 24
67 2
70 14
56 21
8 50
66 26
81 13
98 50
27 10
39 44
55 13
74 23
57 48
39 47
74 29
29 22
84 42
8 41
47 45
-5 29
44 15
-19 6
23 25
-17 36
30 25
51 43
88 31
88 49
13 22
8 42
53 39
22 30
22 25
1 12
78 37
55 25
22 48
25 34
4 48
45 48
30 33
99 20
45 24
69 7
1 50
85 20
-12 15
16 42
17 9
98 8
-12 13
71 49
75 48
61 8
21 42
3 46
61 35
73 42
85 48
-16 43
45 7
11 19
87 45
48 8
41 39
79 24
-13 13
-9 12
41 22
31 45
26 26
92 49
23 16
4 9
36 26
59 10
84 25
-14 17
73 14
81 19
72 3
-4 3
2 8
30 49
68 12
53 33
71 26
4 18
6 18
99 28
94 10
69 43
26 37
-11 30
83 27
73 32
39 11
77 39
36 5
97 20
60 31
14 21
72 42
78 21
12 35
0 36
64 16
94 50
-5 40
68 38
7 26
15 39
24 24
51 45
-19 41
43 12
80 14
77 5
40 10
69 30
2 44
16 24
55 6
63 37
13 49
83 49
0 11
-17 35
23 3
56 11
8 38
88 8
8 22
92 3
91 38
-20 28
-12 37
-3 35
42 9
38 30
45 17
67 9
43 34
2 23
96 15
2 21
-18 5
-7 17
75 38
44 50
-13 24
85 33
-10 25
81 27
29 25
2 46
45 12
87 46
46 32
55 11
16 8
12 32
98 39
65 20
83 19
40 45
49 50
-5 10
94 17
34 25
15 35
38 23
87 50
74 4
31 46
40 20
-19 48
-2 31
91 31
100 22
8 41
51 19
-6 31
57 18
5 19
-2 39
67 13
90 6
66 2
65 39
84 21
36 41
8 36
78 38
5 5
9 3
93 32
15 32
8 27
11 34
-9 7
2 30
75 26
-14 50
2 6
31 34
56 45
98 23
14 50
-17 30
61 18
82 4
27 31
28 27
79 23
40 13
9 6
61 42
-17 19
4 8
22 38
52 33
-15 28
45 37
6 11
24 16
8 37
49 24
8 39
-20 43
3 31
40 40
17 9
42 34
61 27
55 45
-12 38
92 41
78 45
28 50
-5 32
-2 29
73 29
-13 34
65 46
7 9
40 50
-6 4
33 18
90 46
-13 39
22 37
93 1
47 7
57 9
-6 43
8 14
-1 19
0 14
31 6
92 43
72 16
53 18
62 39
79 42
10 16
75 38
34 45
-16 27
86 39
85 30
68 19
60 34
95 22
38 42
85 42
42 42
-18 30
41 4
69 42
84 20
80 2
13 27
12 15
-12 47
-10 20
1 19
12 48
65 25
44 13
28 27
39 7
28 18
71 37
92 44
39 41
42 2
91 9
-12 40
51 39
23 4
28 29
33 16
55 23
98 46
-11 46
-5 23
10 41
67 32
-15 20
73 18
93 17
-4 27
29 17
95 27
45 12
13 12
44 42
-12 6
-5 29
93 43
-20 44
97 14
2 17
42 7
24 22
8 5
63 37
-15 6
70 39
93 32
-18 41
39 18
24 26
98 36
-2 11
52 3
73 45
73 23
-4 18
33 41
92 42
27 40
26 15
51 40
-14 1
-16 36
95 13
28 45
18 13
58 49
9 38
6 31
97 5
0 34
77 22
20 39
65 3
14 21
-7 43
70 2
-18 25
-7 43
91 8
83 5
92 31
-4 4
-6 18
6 22
68 12
40 39
70 17
19 50
44 7
15 5
50 39
-15 36
98 23
-12 40
89 50
81 29
67 28
99 31
37 46
94 34
60 4
42 18
30 10
2 14
39 8
35 30
15 29
55 28
85 3
35 33
91 29
59 15
86 33
34 45
-9 24
72 14
88 2
84 23
21 25
69 30
39 12
59 39
-18 43
95 47
60 40
60 8
51 24
-12 18
80 30
99 30
11 26
92 33
48 13
1 32
84 7
3 16
-15 40
94 43
36 27
39 48
63 35
78 16
-4 8
74 34
35 8
83 21
64 9
27 31
60 8
81 20
60 25
47 36
46 30
24 47
21 2
31 36
64 25
91 18
50 24
20 35
21 39
88 16
41 49
65 31
25 5
20 30
-17 21
-9 13
13 38
82 26
22 33
-10 3
25 1
94 16
84 27
15 22
91 22
94 50
48 35
-18 35
58 24
-13 46
-20 29
87 19
45 40
3 36
47 26
4 17
87 13
39 7
32 12
43 12
-13 7
3 22
1 41
86 18
-2 44
-9 24
97 1
-4 23
69 36
98 46
-15 48
35 26
41 19
-11 36
-5 28
-9 23
27 44
18 10
97 20
24 5
-8 16
87 18
60 14
26 16
88 15
27 16
42 39
35 5
-19 44
20 34
94 10
29 48
53 17
88 29
64 4
86 7
-16 14
47 33
6 40
-8 15
7 34
69 39
0 44
21 34
-4 19
84 46
77 48
64 16
44 43
46 11
-7 23
14 16
65 48
49 8
-20 34
94 35
56 3
67 13
5 21
24 34
39 41
59 5
92 46
14 38
6 43
14 48
21 22
62 5
45 15
85 45
-9 47
66 46
34 10
17 38
-11 16
5 47
-2 6
75 37
39 22
9 27
19 26
68 22
25 29
72 32
70 12
-20 48
-2 34
100 26
85 21
100 4
-20 38
4 19
2 32
22 46
76 48
92 21
70 3
12 17
89 20
29 28
35 39
-6 24
75 42
83 46
-3 28
28 13
-5 27
92 10
-6 43
99 23
32 44
45 19
56 36
22 40
7 50
-11 40
4 16
75 27
43 1
98 50
10 41
-15 46
62 18
78 11
57 40
7 49
97 21
34 30
51 46
23 19
9 14
47 28
-7 5
21 43
68 34
89 5
93 20
-16 44
35 5
53 45
52 15
61 3
-17 11
95 9
66 37
51 30
56 39
32 42
-17 24
2 8
67 1
17 41
42 49
77 23
17 16
-19 19
17 6
85 44
-14 17
81 50
32 21
36 40
-20 3
79 24
53 7
10 3
92 15
1 6
48 23
71 15
30 6
66 49
40 10
21 16
39 39
65 27
26 32
-5 12
-8 9
-15 11
27 13
80 5
55 21
37 27
97 21
71 19
56 48
44 46
62 11
36 15
39 16
90 46
27 9
93 3
24 28
37 35
99 39
20 34
-5 33
20 24
85 30
77 30
-12 8
18 42
-18 12
35 40
46 32
-16 5
-3 13
9 29
1 7
83 36
77 50
92 45
10 39
100 29
22 9
10 45
35 42
50 40
85 36
48 48
-6 45
85 18
41 14
29 7
66 13
88 14
27 10
13 24
17 2
28 20
38 38
4 25
12 3
-5 49
-1 11
62 26
25 49
73 35
9 3
33 25
-20 34
75 37
13 13
50 36
50 40
78 1
4 23
32 3
94 18
16 29
40 30
64 40
-9 26
6 7
56 49
72 3
67 19
77 37
40 4
7 43
19 48
61 28
54 19
42 29
99 21
84 24
59 34
-12 7
33 13
2 18
62 7
15 9
13 16
79 8
79 31
7 2
74 1
19 32
34 9
42 23
55 50
78 4
46 36
72 21
14 3
-12 32
84 10
28 21
9 27
90 43
56 6
29 6
40 6
4 19
14 33
-5 3
64 9
30 27
100 19
57 39
47 24
96 6
14 3
86 34
71 22
90 4
84 39
-1 15
-13 1
-5 39
1 17
19 50
54 1
64 42
72 40
35 12
-13 14
84 22
46 14
47 19
27 10
99 28
-13 18
57 47
36 33
28 18
63 31
34 3
89 28
77 18
16 5
36 32
-19 11
33 28
27 46
-1 3
36 15
73 45
72 6
36 5
18 12
-4 42
29 32
36 12
81 5
61 6
68 5
78 20
35 45
95 12
28 1
4 42
12 40
46 17
32 10
14 15
29 5
24 38
-12 35
50 4
10 45
62 48
85 33
-18 25
50 15
-9 4
56 4
78 34
38 15
26 6
8 18
-16 44
24 22
43 50
24 47
32 40
-13 50
17 26
96 27
91 19
52 43
77 34
38 14
38 14
39 35
78 12
32 35
88 43
44 16
13 24
76 43
-2 38
13 41
24 46
95 29
52 25
56 22
91 21
21 37
71 50
47 25
63 48
-7 46
34 15
-16 11
62 24
83 13
21 28
-8 15
-19 13
97 2
-1 16
93 4
35 24
66 4
25 30
33 13
87 35
67 29
70 28
50 47
72 1
81 40
10 44
69 25
64 18
81 27
5 38
-7 12
67 13
48 24
-5 31
96 5
1 10
87 12
-11 40
-20 42
40 9
24 43
48 28
61 24
88 26
28 21
17 3
6 10
18 27
51 9
9 37
5 6
68 17
59 4
14 35
-18 36
64 24
23 18
51 30
67 49
29 40
50 43
20 35
7 39
78 3
-5 36
91 49
11 48
18 25
77 14
51 27
-10 16
89 41
90 43
7 11
76 50
-9 12
32 40
77 47
95 30
28 29
-6 5
64 46
73 15
96 32
77 19
20 9
96 29
56 38
21 19
29 31
88 39
94 31
90 33
28 19
95 48
34 23
81 49
69 42
36 50
11 15
90 36
83 28
4 34
11 17
16 19
67 29
71 23
82 24
57 37
-18 50
72 23
34 44
100 3
41 23
5 28
83 35
97 27
37 29
1 22
70 18
30 32
7 38
68 40
36 41
82 7
65 40
89 40
-2 21
-16 15
-3 4
23 4
-11 33
96 19
5 34
10 22
9 2
80 29
20 39
1 39
44 47
57 10
-8 2
1 17
19 36
30 16
9 21
97 33
56 26
-10 29
52 37
91 30
75 46
10 46
73 50
15 18
15 46
94 25
63 47
55 31
24 4
76 40
34 34
33 35
61 2
92 37
30 49
84 12
83 8
8 3
-13 15
95 3
92 48
22 27
38 41
16 28
56 10
61 18
-10 33
27 37
25 45
77 46
-13 46
28 23
86 4
65 8
20 19
36 44
97 5
82 19
82 17
22 20
7 45
79 2
-20 13
28 24
2 27
-17 46
-12 5
26 18
92 37
68 15
2 30
43 45
81 25
55 31
-8 33
-19 11
41 22
89 3
-13 42
78 22
11 16
-3 26
9 27
-6 8
29 13
41 6
64 9
33 31
96 31
27 6
87 50
57 44
24 27
75 9
66 11
-19 20
63 1
21 5
97 21
88 24
22 45
6 5
62 39
18 16
31 12
86 38
100 13
42 29
38 8
17 10
70 28
24 24
-6 44
37 16
88 19
42 19
66 44
58 48
-1 10
14 16
72 49
30 11
-2 9
75 35
59 42
-17 10
94 44
68 25
37 13
85 10
49 19
-14 32
75 32
-8 6
-7 12
98 16
-8 49
-10 30
-1 36
-5 50
100 20
-5 4
83 47
-14 37
80 43
50 21
50 4
31 26
69 44
90 41
43 40
51 3
86 46
51 48
82 14
86 17
1 43
30 27
32 41
2 3
55 20
-12 44
84 49
72 36
8 26
-14 44
89 14
48 48
83 18
21 12
7 42
42 19
67 4
42 28
94 17
1 16
93 22
96 11
86 46
72 46
-4 9
74 20
93 14
13 8
29 10
92 12
-4 3
33 46
-13 10
80 5
65 3
96 31
43 30
56 16
44 10
34 28
9 14
62 45
58 36
-20 47
70 38
-15 9
38 21
33 30
-5 44
17 14
-11 13
61 36
53 28
30 7
3 43
10 36
-16 3
-6 47
80 28
46 16
-17 28
57 30
32 26
41 46
69 35
7 50
3 15
92 22
-1 18
96 35
20 42
64 34
19 22
23 1
-10 21
25 33
47 32
94 10
100 26
95 6
90 27
69 25
67 27
70 42
15 10
-4 14
87 5
88 40
-16 27
35 19
43 27
13 8
63 7
-7 9
77 13
-5 36
94 27
25 41
56 1
-8 5
51 28
63 11
73 46
-9 47
89 20
49 13
-1 39
95 6
78 30
58 31
78 11
18 13
39 5
30 5
86 9
59 17
84 24
-11 21
-6 30
45 41
96 16
73 41
37 47
91 6
-6 44
73 38
25 48
67 40
100 49
24 50
22 35
11 24
96 36
52 39
43 34
34 44
18 4
84 22
82 46
3 37
12 35
15 4
65 28
78 20
-12 29
16 33
5 47
55 19
47 21
47 20
18 30
94 32
-19 13
0 30
26 44
80 28
59 41
-20 17
70 43
5 8
84 21
8 49
-9 46
85 23
75 42
-12 35
38 14
3 48
69 4
71 25
23 25
57 24
27 50
-5 25
88 40
-1 45
57 43
10 6
51 8
20 5
76 15
-14 29
22 31
63 22
84 33
23 38
65 35
61 41
78 13
65 25
95 32
72 19
63 2
72 14
64 39
77 47
78 33
67 3
56 24
40 27
86 23
33 20
34 33
22 14
11 1
93 28
14 37
87 49
90 24
77 10
16 7
14 1
-6 3
86 21
29 12
73 21
52 17
71 17
70 42
74 1
-8 49
65 34
36 15
18 9
75 27
65 1
35 40
40 48
11 30
-18 17
90 42
-2 29
23 7
83 37
-4 39
-16 6
38 21
14 11
55 11
-9 25
67 46
57 1
60 44
89 22
66 32
26 26
33 34
73 45
61 18
-9 47
72 22
67 9
77 13
100 50
68 24
-1 49
10 7
10 25
64 41
24 25
75 18
98 38
96 48
68 41
86 34
70 38
-19 36
-5 22
97 35
25 7
29 24
11 35
44 39
78 9
-6 5
22 14
24 14
100 18
-5 12
8 19
25 28
64 5
10 50
99 2
4 29
-13 21
23 32
-17 11
84 9
26 15
37 42
21 18
14 26
4 26
-12 16
41 2
16 39
-7 5
95 17
36 27
92 6
45 13
83 45
17 14
80 13
-5 23
85 39
27 25
-20 32
31 36
89 17
36 6
84 31
54 14
2 35
62 40
91 19
54 50
59 23
22 8
6 37
56 47
84 34
31 26
-13 14
82 27
53 50
54 17
31 7
-3 1
48 13
27 49
87 17
43 34
43 48
88 9
73 41
76 30
-4 19
4 47
95 14
78 8
30 11
64 38
-10 35
70 21
2 20
68 32
90 42
88 6
-20 46
47 2
94 2
2 43
74 31
72 36
19 44
22 29
88 29
74 43
-8 31
0 28
70 41
19 37
13 23
33 42
68 12
69 17
-15 49
5 8
71 16
38 41
49 11
65 36
83 5
97 11
47 43
5 35
77 10
51 40
24 14
17 35
82 14
39 28
90 40
75 39
-14 49
46 17
63 21
-19 29
15 32
53 8
90 34
71 29
95 20
96 8
61 16
72 23
17 12
78 43
74 38
33 32
66 40
18 49
1 23
47 36
21 18
41 4
-11 4
86 17
35 32
97 47
9 46
5 26
23 32
33 34
33 19
85 1
72 32
15 33
78 40
34 2
12 16
23 6
4 31
-19 22
55 27
41 21
57 48
88 36
33 17
62 6
78 42
-7 50
10 34
18 10
89 4
24 27
47 21
19 6
70 46
-7 23
14 22
73 49
-13 18
67 6
62 38
61 22
25 36
52 43
36 38
58 42
73 22
50 21
33 7
61 42
75 21
80 27
14 12
-13 3
41 49
51 1
25 43
73 9
3 34
38 33
48 38
8 45
40 7
39 4
56 3
60 45
47 11
-8 45
16 10
8 13
7 50
95 14
45 45
34 47
42 2
-7 19
7 23
18 2
29 24
18 22
-17 23
100 36
-10 14
52 2
-8 37
67 38
4 15
11 24
58 24
83 3
64 13
70 12
75 2
18 35
37 2
83 11
61 43
35 26
53 3
12 46
-2 20
8 46
15 29
62 34
90 4
100 36
-17 7
48 5
-13 2
69 15
47 19
45 25
41 2
98 46
55 14
-2 49
29 41
52 6
66 43
12 50
26 1
87 17
39 46
91 33
62 44
62 48
89 13
69 5
4 16
-15 49
30 6
39 8
28 12
48 38
-13 27
-16 48
88 44
51 38
68 16
-10 34
26 30
36 36
13 15
19 20
7 28
72 44
32 20
55 12
16 49
-14 44
42 27
51 14
42 50
82 28
47 6
48 23
78 30
88 15
71 47
88 46
-6 40
3 25
-6 15
44 12
55 35
48 47
37 26
35 48
-20 46
43 11
16 8
19 14
2 12
39 12
44 21
5 9
6 43
18 49
93 23
72 31
88 44
54 47
-20 34
8 45
61 33
76 18
89 20
77 34
18 35
8 46
95 2
78 26
0 40
-2 38
-1 15
72 49
-3 26
16 36
21 38
-1 32
55 28
-2 37
75 11
-13 39
-10 27
99 44
-13 18
98 29
-1 3
44 7
88 41
34 18
100 23
67 39
72 20
15 50
-9 44
23 9
-4 10
3 30
29 24
71 4
58 34
-13 6
63 33
98 19
61 28
-18 6
3 25
0 37
82 45
-3 26
76 32
86 9
24 35
68 30
21 48
52 28
-8 18
-4 27
12 24
94 17
5 34
-16 18
34 40
45 5
51 19
93 39
92 11
-16 20
29 22
91 19
14 7
1 35
83 5
-12 6
-5 4
-13 33
8 7
38 40
62 31
32 43
60 44
43 7
44 28
55 41
18 9
45 48
-2 46
100 1
-12 19
50 38
60 43
98 7
55 30
100 44
47 28
41 41
50 2
97 9
89 31
68 19
97 9
0 33
26 45
45 34
8 31
99 35
2 3
31 24
3 19
74 6
96 34
40 24
36 26
34 50
3 46
-4 15
6 13
64 50
59 33
80 35
37 32
87 27
68 30
86 30
98 34
67 49
21 34
82 35
91 15
75 25
9 1
32 42
9 4
49 6
98 49
70 43
67 25
22 48
69 17
35 20
90 15
67 47
37 50
42 19
37 26
-13 13
5 6
-8 2
43 42
29 15
51 1
78 7
53 22
1 25
21 30
73 38
-2 1
32 40
19 20
-15 6
-11 3
27 11
-15 4
-3 6
-5 10
28 46
-18 5
36 46
85 3
94 5
-13 38
-16 19
11 23
61 23
87 26
50 19
7 22
71 49
51 49
87 43
82 1
19 49
29 8
96 49
67 50
-19 36
62 20
15 3
0 46
12 18
87 39
42 23
60 34
95 6
0 47
35 19
83 48
76 38
76 15
-15 1
88 18
16 30
54 14
47 28
70 47
-1 24
-2 48
2 11
86 43
37 32
-6 1
30 23
42 9
80 38
23 19
46 45
55 20
72 27
98 29
46 17
95 37
86 37
10 35
77 30
71 8
13 16
73 6
81 23
-19 42
51 39
83 10
-3 30
43 11
35 38
43 18
31 41
8 16
32 12
42 21
82 31
32 38
70 3
-19 13
94 29
-2 19
72 17
89 42
58 25
10 14
20 16
87 34
4 32
40 3
28 21
63 40
-18 35
-17 34
-15 39
-12 22
43 31
-12 34
9 48
56 15
2 29
22 43
-4 42
-7 4
99 41
77 37
50 22
21 11
39 14
48 49
72 50
56 37
92 9
48 26
65 13
36 18
97 31
-18 34
12 5
6 2
71 11
68 3
66 38
62 2
8 17
97 5
2 24
-19 25
-19 14
6 13
99 4
-3 32
95 44
79 9
55 10
63 14
71 19
81 1
54 47
10 37
58 8
86 22
44 47
-14 12
68 44
-8 14
-17 17
13 41
-5 48
65 34
96 36
57 38
69 31
-6 32
54 13
-7 13
60 31
75 1
92 47
35 30
69 24
-9 50
98 30
-20 8
10 25
-3 7
46 46
-4 1
55 31
84 22
63 38
5 9
-13 42
92 19
-20 25
39 17
-11 36
60 12
66 42
-9 13
-7 7
6 20
-10 37
8 2
51 32
-7 2
6 7
38 35
81 32
2 8
46 34
5 25
100 50
19 38
25 34
63 38
76 24
94 7
47 1
4 8
-9 6
95 24
62 28
46 9
-19 16
-14 4
34 1
8 43
79 22
80 30
71 6
-9 24
80 29
17 8
61 2
18 17
44 3
-1 37
84 13
64 16
17 14
46 2
2 16
4 10
31 12
92 1
37 14
64 42
18 23
85 34
86 18
95 40
-2 29
26 15
11 39
29 17
89 10
52 11
2 47
-15 4
12 16
81 5
48 39
86 13
38 30
73 33
66 3
42 29
46 19
83 42
93 14
66 37
6 14
86 46
28 37
61 42
18 46
31 13
-11 23
36 11
58 29
70 15
-16 14
-3 5
31 50
88 8
91 34
94 26
-6 16
88 30
35 29
45 6
26 13
-20 28
2 24
87 7
19 18
5 34
50 28
-20 26
77 11
37 8
34 19
91 19
7 36
54 42
11 24
10 30
18 11
-5 47
2 32
47 7
11 11
22 18
59 23
-1 8
19 49
14 8
17 2
82 13
46 33
53 2
-1 28
32 21
-17 41
-1 29
-5 48
31 9
70 41
-11 7
99 16
70 40
-19 37
65 20
-6 11
17 16
-3 50
36 20
-15 39
42 42
63 7
20 43
35 5
94 22
46 27
22 49
48 13
85 32
-18 39
96 2
1 40
32 9
-1 14
-10 16
63 50
64 20
11 37
37 19
8 29
43 33
-11 24
95 31
0 9
-9 11
37 13
89 30
22 27
33 14
40 9
2 13
33 29
7 20
59 43
12 35
55 47
41 6
42 38
94 42
53 26
62 10
58 47
43 25
81 32
85 4
28 3
39 48
74 8
1 1
80 39
20 19
-12 18
96 29
1 32
73 3
100 14
42 16
68 41
94 26
-14 47
2 3
55 3
89 45
96 8
90 11
68 13
18 44
-1 5
30 22
54 39
8 23
52 13
-15 17
79 5
8 8
-11 29
89 12
78 24
-8 49
51 13
19 32
18 11
30 46
68 46
-6 47
96 22
5 18
85 4
14 27
27 39
50 24
49 3
78 22
100 16
5 4
54 26
29 15
40 20
37 9
70 30
23 45
97 29
65 9
-19 18
88 38
89 29
9 48
-18 13
20 4
32 25
-15 28
85 40
-17 19
-19 22
54 49
27 2
6 19
-10 35
12 1
17 35
100 23
-19 30
32 13
-3 27
46 39
32 14
22 36
100 42
84 4
24 14
4 32
24 20
14 44
33 18
43 34
30 37
95 27
34 30
25 50
64 42
78 19
77 37
33 40
31 45
61 17
25 43
-2 22
24 50
85 48
92 11
63 14
61 17
36 28
11 46
87 34
74 35
7 45
66 15
18 17
-18 41
77 10
-15 16
92 16
67 29
97 1
50 44
43 39
26 22
73 14
4 11
49 7
47 50
13 48
10 17
97 32
-8 34
24 24
-6 21
80 3
34 7
-4 37
55 50
7 19
15 33
-16 49
-1 4
16 34
73 13
-19 3
18 4
38 45
42 13
56 49
62 30
92 41
-11 5
77 34
-14 42
89 14
27 14
58 25
2 10
81 48
70 43
26 9
90 23
66 50
51 16
23 47
84 13
59 43
83 19
30 49
26 23
48 8
27 33
50 10
53 1
55 25
29 43
-9 18
33 15
-10 15
61 41
75 29
95 46
-19 2
46 21
36 24
-9 42
2 4
56 16
-2 22
85 46
30 33
92 32
-8 33
-7 11
-11 36
15 49
59 5
95 23
89 35
76 6
78 30
36 44
86 43
8 47
27 6
85 24
76 23
-20 37
-12 13
13 20
9 41
32 5
32 21
32 40
47 33
88 28
49 40
30 49
96 38
23 30
81 35
25 44
-9 47
76 3
97 43
41 23
30 35
82 13
79 9
35 20
-12 47
99 35
91 4
43 8
30 10
27 16
61 11
10 49
59 22
20 20
21 40
84 38
17 5
58 6
-4 25
-6 8
-3 45
99 32
74 8
53 17
53 2
62 47
61 20
96 14
90 32
72 16
-17 26
95 3
-3 19
93 26
75 28
31 35
84 15
33 23
36 3
-12 50
85 28
99 20
87 33
30 38
92 10
27 5
73 14
13 5
92 21
-6 13
69 40
24 23
3 45
14 44
4 18
44 24
42 10
-1 7
57 25
39 10
-10 7
7 24
99 33
54 46
6 6
20 34
79 29
-20 35
-6 6
77 31
-19 48
39 19
20 29
41 13
100 20
13 13
0 49
96 11
-18 30
24 24
40 45
-9 37
95 9
52 36
63 2
80 13
29 15
14 11
-3 15
-20 10
60 19
-6 28
41 33
81 39
99 21
33 10
51 39
61 13
3 43
69 20
77 8
56 16
93 31
46 30
83 1
20 22
42 50
41 49
94 15
89 1
37 14
8 8
14 43
38 34
8 17
38 34
-5 29
75 22
98 49
96 28
76 16
80 22
97 13
93 2
58 9
55 49
23 47
86 25
41 2
-19 34
21 35
15 44
-7 29
49 4
20 18
-7 49
-12 10
9 12
72 11
5 45
-6 31
71 19
26 17
8 17
41 22
39 49
63 24
-12 7
15 32
16 38
78 45
66 11
5 8
74 39
98 42
17 16
97 18
99 8
-6 8
12 36
50 13
33 43
14 14
68 33
9 8
6 8
25 12
5 8
64 32
35 1
93 41
40 20
95 37
57 25
38 41
51 18
22 24
38 29
69 27
69 36
90 37
98 18
64 4
11 22
90 33
32 13
-19 6
82 50
5 48
91 18
-14 26
96 23
85 40
99 34
16 35
94 27
56 28
48 6
38 50
58 31
45 17
94 11
26 7
-6 48
-2 4
89 35
43 22
21 44
-4 19
39 7
19 35
11 11
-16 12
73 15
23 23
46 24
24 44
44 33
98 24
-5 19
92 46
86 20
58 26
72 31
47 17
60 18
85 25
-10 2
98 40
43 18
82 16
31 36
81 29
28 26
42 24
52 21
66 31
45 4
23 31
4 41
26 32
44 49
50 14
48 30
58 20
17 1
3 43
30 33
15 9
76 16
27 14
92 35
56 24
86 39
-17 44
22 2
31 6
86 9
88 49
52 37
27 1
30 44
68 36
30 32
27 32
47 31
81 39
92 1
15 42
-18 23
54 23
56 30
11 1
86 34
0 13
58 24
54 18
6 25
58 14
18 39
82 50
77 9
1 27
31 4
1 25
6 48
74 15
92 27
-19 30
24 5
17 8
14 2
19 33
16 17
-1 15
77 27
-6 29
-5 8
60 2
0 2
22 10
97 47
100 48
67 22
50 39
-15 25
14 38
54 44
23 30
1 23
39 13
98 45
82 12
50 15
54 29
-19 32
-8 18
47 28
70 40
98 48
7 40
55 13
-5 17
77 7
68 43
38 19
30 23
11 43
33 35
-1 10
88 15
40 50
-15 22
58 49
20 13
16 3
7 44
81 9
-14 30
53 40
69 12
17 44
62 44
90 14
24 22
-20 42
10 28
69 35
38 28
35 25
-1 11
82 41
73 26
8 8
-16 15
41 38
58 41
23 29
43 21
-5 8
10 19
-5 13
-6 22
48 7
32 2
69 30
59 50
32 6
30 42
44 1
70 48
97 42
-12 5
12 12
33 26
62 16
64 41
-7 18
-7 48
53 49
16 11
3 3
56 38
57 32
56 17
56 4
59 24
52 8
17 36
-19 16
44 25
79 33
6 32
-14 40
6 40
18 38
0 38
99 48
98 20
29 1
-19 43
22 18
78 43
36 24
16 15
22 10
20 46
-19 26
73 14
99 38
24 40
43 44
24 28
-6 43
33 31
17 38
5 36
-17 7
31 43
49 23
74 21
55 33
-18 19
100 30
8 31
35 6
-7 48
-13 32
-10 33
65 27
83 43
9 48
51 31
63 38
98 14
35 46
72 4
-6 19
-2 17
6 3
3 13
-14 16
62 17
94 2
29 24
62 41
8 8
32 8
26 34
80 15
8 24
-8 33
90 16
71 3
32 42
37 40
-8 13
6 16
3 14
41 20
35 10
24 8
79 4
52 38
82 30
79 33
52 20
-7 19
18 11
24 40
-5 33
83 47
-17 16
72 12
74 30
69 1
51 31
38 8
26 24
2 48
23 34
27 9
45 48
20 12
30 32
83 20
-20 9
77 19
47 12
20 22
40 17
55 24
1 18
28 4
26 6
32 33
95 8
76 40
51 19
22 23
52 13
72 42
18 5
49 49
18 36
71 29
85 26
12 13
89 28
72 43
54 48
37 25
56 40
-8 30
51 27
66 9
26 11
77 32
-9 30
32 35
33 50
74 14
27 19
-2 50
57 44
4 30
35 41
69 28
-15 48
89 48
-4 33
-15 30
95 3
64 7
42 5
37 36
93 25
33 41
-4 25
3 8
16 44
-17 39
58 35
87 42
33 15
20 4
51 34
55 1
85 10
77 27
94 33
-12 9
67 33
-12 22
35 1
95 45
56 31
-17 38
34 35
72 3
80 46
-20 50
93 48
-7 11
33 33
-19 34
67 49
46 22
50 31
62 21
76 17
36 11
0 31
-12 25
81 5
46 16
25 3
68 33
85 16
-20 3
28 24
48 23
35 44
11 46
-3 7
3 4
47 36
36 6
19 26
56 22
-5 36
26 50
27 40
45 31
-16 28
9 5
-20 22
51 13
28 21
20 14
39 43
75 10
10 45
21 15
60 7
-11 42
-18 18
2 2
0 26
62 44
25 4
32 2
33 46
59 45
48 9
-4 3
44 14
48 22
30 8
77 19
87 48
25 9
15 30
-15 45
-19 39
24 19
44 47
80 36
3 12
25 7
-3 36
44 17
24 17
59 5
99 11
57 47
27 32
-2 16
71 39
-2 22
82 22
7 21
45 26
92 7
90 32
-13 14
88 34
86 16
31 41
-4 15
47 5
-9 41
25 33
-11 1
92 24
25 44
-7 8
90 12
75 4
8 21
97 11
8 10
94 29
34 28
52 46
55 36
88 13
50 35
96 21
-16 38
21 32
77 43
42 41
79 12
-3 31
5 39
10 3
37 8
31 17
74 11
70 48
-18 45
45 19
76 41
83 37
11 45
33 31
42 6
99 37
75 14
99 50
-17 35
20 6
53 21
60 17
-4 46
80 31
36 15
78 16
12 45
56 4
87 37
-18 49
61 14
46 44
14 12
80 35
62 25
23 50
-2 27
17 32
47 33
65 41
-7 1
31 25
82 17
99 9
45 11
73 19
12 33
47 48
53 3
56 17
20 25
33 31
13 30
90 49
50 36
64 33
61 5
72 40
-19 24
43 23
-10 19
-16 36
90 23
-20 25
81 22
37 21
29 12
-16 19
-17 27
93 48
28 4
32 9
1 49
42 45
23 17
1 13
79 2
64 35
3 30
40 42
15 33
-1 14
61 21
30 14
38 38
-12 39
44 13
76 19
37 3
26 17
3 10
58 1
35 44
22 28
22 10
17 1
19 41
-17 12
99 8
60 36
82 18
46 4
74 20
13 35
14 18
100 19
21 31
49 47
45 22
75 1
92 28
7 24
93 36
-3 36
82 20
68 2
-19 28
17 28
-5 15
8 41
96 43
100 40
62 10
44 50
-4 33
32 30
-1 35
-13 38
-14 40
57 26
70 9
45 18
-14 46
-5 15
58 49
55 40
5 9
55 36
80 18
71 4
1 20
54 29
21 19
15 43
37 26
75 26
46 11
0 8
89 44
97 13
-16 47
72 2
27 35
18 12
98 27
96 20
-14 16
88 44
69 33
-13 5
7 26
28 28
34 34
-13 37
-15 23
-19 21
36 35
86 21
49 36
96 12
76 48
56 31
-18 1
65 33
4 37
54 5
-8 45
58 48
39 47
49 21
5 7
28 49
20 10
19 33
89 5
-16 25
52 19
10 31
38 29
7 22
44 41
52 23
0 10
77 29
97 43
74 24
44 21
39 50
3 46
56 32
-3 30
-16 3
55 6
-10 34
52 26
84 4
-11 9
34 10
34 33
38 4
16 29
23 9
8 35
67 11
84 50
7 9
13 7
48 2
20 20
39 47
18 50
34 41
17 31
15 32
-17 2
5 2
88 26
-5 23
-20 30
81 43
23 26
-11 28
7 41
8 25
38 31
23 21
95 16
-20 16
82 22
75 41
84 36
33 45
21 49
20 24
81 41
19 32
46 33
45 6
47 33
35 19
98 50
-1 12
79 35
34 16
21 11
15 3
53 29
54 22
-6 34
63 24
49 12
-7 29
44 32
-19 26
38 32
15 3
96 24
86 23
0 46
-19 44
-12 22
68 28
-20 49
98 21
11 27
-17 37
30 27
-7 8
44 50
73 4
41 45
60 21
98 43
2 46
97 2
36 38
18 6
100 11
88 18
-17 38
45 49
63 39
27 19
55 1
9 8
76 43
70 11
22 42
-5 12
-13 17
72 21
11 50
19 5
13 39
99 7
82 24
81 33
66 8
-20 17
-14 2
59 25
78 5
75 42
56 8
91 48
13 49
59 12
-11 31
51 23
42 23
88 28
-11 17
27 18
-20 20
29 45
1 40
79 14
15 36
17 45
-2 49
79 32
-12 21
75 16
63 16
81 25
52 27
22 30
-14 9
-10 11
25 48
27 22
40 21
26 44
75 22
80 5
38 46
24 27
87 1
79 2
84 14
73 26
49 19
94 45
81 28
95 41
67 29
38 14
6 22
43 4
-16 34
49 35
-9 43
69 44
59 11
47 46
-4 45
93 43
39 45
4 30
43 40
4 17
31 29
92 15
96 29
73 1
84 19
46 9
16 34
47 14
-9 47
-1 28
21 23
14 25
4 30
52 3
38 42
58 46
-1 2
33 46
32 36
97 24
20 13
21 45
31 38
35 38
42 4
60 20
98 33
52 27
0 35
98 49
-14 47
96 4
19 6
24 44
70 46
80 37
78 28
38 39
50 16
10 22
86 27
29 23
89 19
83 37
-1 24
43 9
80 23
-1 11
82 38
87 27
-5 18
-5 36
56 36
91 26
50 35
6 8
69 21
73 9
13 39
68 22
86 41
99 30
-8 4
83 12
30 3
88 41
100 11
65 9
99 7
82 6
20 8
79 37
99 10
20 13
31 20
-15 9
56 47
68 21
74 1
53 44
32 44
-5 17
-7 36
29 11
36 45
45 23
11 11
83 9
7 27
29 48
52 49
95 27
67 13
24 18
60 10
-17 39
98 46
71 4
100 2
39 22
68 22
-8 32
95 33
85 7
-18 3
54 43
93 23
37 41
31 50
16 43
74 48
99 35
97 34
-11 25
30 24
-8 41
39 47
67 16
-20 48
85 27
18 40
36 29
-11 14
9 38
54 22
-3 35
4 6
24 30
67 42
39 19
3 26
84 41
88 4
82 7
-3 1
-5 5
62 10
36 26
77 40
35 37
6 26
-13 42
98 49
45 6
-6 7
89 45
84 32
-14 20
55 7
88 34
-5 41
43 38
36 2
-5 41
85 46
-13 34
79 2
0 13
12 43
21 41
-15 27
85 21
4 2
71 39
96 43
28 17
5 46
1 3
59 44
88 41
78 17
-1 6
32 14
23 46
40 28
88 31
57 29
75 34
71 29
0 39
72 19
76 17
85 42
90 11
18 11
27 49
-4 30
45 35
9 27
69 32
14 6
3 6
26 11
21 33
0 18
52 28
0 20
81 41
77 13
63 34
39 8
-16 21
45 1
47 47
80 14
24 3
-8 33
15 28
53 40
77 13
41 13
47 1
62 3
25 15
-10 7
23 15
83 3
6 16
24 38
-6 8
59 23
93 23
18 45
31 12
84 19
29 36
19 16
-5 38
-16 34
16 38
-2 1
91 45
55 42
75 29
73 16
51 9
21 15
64 49
-6 21
80 31
33 30
16 13
62 8
25 16
44 20
6 42
83 8
-5 45
33 5
-9 27
33 50
23 10
76 34
36 50
-10 5
20 35
-14 28
21 47
2 41
36 22
83 1
99 45
65 35
23 31
58 28
83 23
12 32
2 35
39 50
82 40
8 6
99 18
-11 24
85 10
6 45
-17 19
-12 38
92 2
71 44
83 34
-9 21
22 30
66 5
-17 19
80 1
-9 44
17 27
56 50
93 2
97 17
-6 26
98 39
83 22
11 35
39 40
85 27
55 22
-17 41
44 2
34 26
23 27
67 11
82 14
84 13
59 17
0 19
-1 17
90 2
56 35
9 46
36 32
-2 49
71 21
62 50
68 3
97 4
32 2
28 49
48 35
74 29
3 13
65 30
17 4
76 32
17 2
-18 31
85 26
73 27
33 11
49 44
29 29
76 28
30 50
62 15
24 6
39 17
-12 45
65 4
25 43
10 39
-4 44
63 21
77 40
49 27
92 19
9 38
29 4
-9 27
46 42
-9 48
14 46
49 47
88 34
85 33
33 3
97 30
78 42
9 14
54 2
57 50
47 5
-4 9
81 30
74 46
42 2
56 47
62 39
82 11
70 13
-15 9
-16 18
82 31
11 44
12 31
-9 38
-7 22
35 24
82 12
-15 38
8 4
83 16
2 9
81 5
15 21
23 29
5 38
70 42
12 21
-19 18
81 3
86 19
75 47
42 39
-3 5
62 11
43 14
31 21
66 18
5 49
6 28
-8 27
26 46
76 24
50 4
51 34
-4 38
85 1
46 1
42 32
64 34
64 50
-11 36
-11 9
30 4
83 14
47 28
15 25
74 27
57 21
35 45
32 49
14 11
65 11
75 20
50 48
37 48
-19 1
98 30
35 31
94 3
98 48
94 7
27 37
60 27
31 8
72 15
86 5
79 42
85 12
12 22
-12 23
20 1
52 3
1 36
68 16
91 18
-16 18
8 11
70 49
44 19
40 2
28 1
-6 19
74 21
87 25
92 15
38 46
54 3
5 16
61 50
6 13
65 23
89 10
48 50
70 48
80 19
6 24
72 35
80 14
26 28
58 5
-6 49
78 11
47 29
97 10
77 5
5 8
89 38
88 21
34 8
27 32
18 2
88 16
18 11
86 42
83 12
3 12
-6 30
57 7
80 25
24 50
77 6
-13 15
-8 40
35 17
25 2
-8 46
65 25
21 49
54 6
-9 21
-11 13
24 50
78 34
54 35
29 44
-16 13
11 9
36 14
51 32
-5 5
-5 47
61 14
17 34
39 49
79 31
5 42
5 41
52 7
13 43
48 43
71 27
-11 17
97 14
44 44
29 9
63 35
12 13
71 4
89 30
84 13
93 18
56 4
71 27
5 46
8 43
35 15
21 19
-8 49
-11 46
96 25
69 36
87 29
55 48
99 35
72 36
-20 11
-11 44
6 30
95 49
88 43
0 49
12 17
39 12
76 44
0 16
-13 39
33 15
60 50
15 29
64 8
47 24
-11 35
99 18
0 26
65 41
28 34
6 12
14 25
82 37
28 21
84 50
60 10
60 6
-9 39
-3 38
-11 20
72 15
35 23
50 34
76 9
75 16
98 2
4 14
65 37
70 26
-10 44
41 28
3 36
98 12
49 6
50 25
-1 37
65 18
-6 31
82 3
60 35
71 20
-11 34
43 16
38 41
-18 39
78 36
62 2
-6 33
16 16
93 38
70 28
30 45
9 41
-7 25
56 25
3 44
54 10
3 46
52 17
87 12
78 27
91 23
27 13
47 8
5 2
16 20
31 6
70 50
62 22
38 21
-5 2
31 3
22 12
58 17
-19 40
63 45
77 44
77 37
-3 21
52 14
62 48
6 48
33 24
93 28
33 35
-7 16
96 26
99 6
90 40
14 33
-11 50
69 36
41 38
93 49
57 1
81 40
68 44
31 6
42 22
-5 27
3 7
96 36
49 38
12 21
91 29
90 47
-7 12
-13 16
71 44
65 13
22 8
76 43
69 30
4 4
49 26
99 49
-7 14
89 7
54 34
1 47
-8 10
-19 26
-17 5
61 35
0 18
-11 47
15 24
21 24
33 1
14 21
13 7
12 34
75 44
1 35
9 2
26 30
9 17
-7 31
88 5
81 16
6 24
-10 34
65 30
-4 29
32 19
1 7
64 14
50 17
13 26
32 35
37 19
-8 17
74 21
93 6
26 31
77 22
94 42
93 45
78 1
79 48
67 22
17 34
100 22
-15 13
37 27
45 43
91 49
94 2
77 5
90 41
55 11
14 13
23 27
32 4
-10 25
22 45
98 18
-4 15
14 7
89 6
40 14
21 24
65 28
-3 49
29 12
-8 2
87 11
66 25
0 44
89 20
14 15
78 40
12 15
10 33
92 23
32 30
-6 37
93 23
83 23
10 5
32 23
52 48
65 2
34 36
86 46
0 20
37 30
75 33
26 37
78 34
92 34
49 3
88 20
-8 13
18 1
-10 3
46 25
0 11
81 44
11 35
22 4
70 43
24 44
13 45
91 13
55 3
9 10
88 28
35 24
10 35
45 11
73 44
35 42
62 21
32 10
12 20
19 47
63 2
80 20
29 32
-19 31
63 13
57 24
68 50
15 32
89 27
88 9
31 49
93 49
17 5
1 10
92 34
17 43
65 40
-6 29
18 30
30 30
91 14
15 44
72 9
-15 50
33 40
37 5
14 47
41 39
32 11
-1 45
-16 16
55 50
92 25
50 32
-13 27
10 45
28 9
51 5
22 41
68 13
67 13
34 28
61 12
83 1
44 11
20 7
97 29
37 21
22 27
5 44
-19 48
76 18
33 27
-4 4
-9 39
9 4
60 17
-19 20
-10 38
22 5
-14 18
2 1
42 3
4 3
93 40
94 41
78 43
96 35
94 17
61 20
16 42
-14 43
91 33
21 39
-11 33
26 24
27 14
21 8
51 1
23 14
50 40
19 38
-15 47
77 32
86 9
90 31
5 30
75 45
-14 39
-17 10
62 1
22 47
45 47
89 49
36 2
-20 50
54 33
68 10
93 30
97 25
65 29
79 11
41 32
98 11
-4 4
-8 13
79 20
45 3
-4 35
52 33
53 28
94 31
18 45
40 38
57 7
67 26
14 45
34 44
59 43
99 34
18 40
-4 14
85 50
97 23
86 34
100 1
87 38
86 22
22 14
51 28
62 29
23 43
-20 2
6 18
47 46
57 20
79 7
48 6
11 14
38 26
26 22
-13 24
26 22
72 8
41 8
48 12
86 2
58 28
74 46
-5 44
-20 23
26 27
20 50
50 38
1 33
44 29
11 3
-13 17
-20 4
30 30
51 50
64 6
96 16
94 12
-2 27
24 20
36 49
49 10
-15 18
37 29
75 4
77 39
92 45
53 39
42 14
39 17
55 24
31 8
72 30
29 7
23 42
87 27
-8 10
84 14
34 37
-9 40
89 45
61 44
53 24
100 6
10 21
68 37
40 4
84 5
20 20
55 9
86 1
33 11
29 14
62 36
-17 14
97 29
-19 13
-14 18
79 10
8 3
35 41
75 19
50 45
89 13
76 32
34 44
40 50
35 12
94 5
12 21
35 40
3 42
13 28
4 5
8 14
82 33
69 42
-17 21
40 26
41 24
-9 22
49 37
60 46
-16 19
74 13
-13 41
56 18
77 18
100 17
-18 13
-5 25
99 37
91 21
24 37
-2 20
71 2
84 2
46 42
63 19
17 1
86 35
-17 48
53 30
94 1
-11 33
43 6
-1 12
15 32
52 33
66 13
76 38
2 14
-6 30
19 36
61 40
88 28
85 27
19 19
55 23
36 17
46 9
74 40
98 13
57 11
96 32
98 14
4 23
11 3
78 24
45 42
68 17
30 24
30 38
37 18
47 50
-5 43
76 41
100 7
20 38
91 17
7 36
-9 42
94 16
-11 34
5 46
17 3
77 34
24 32
73 49
16 26
98 45
27 15
79 3
-13 19
87 9
60 42
51 36
-14 7
66 13
11 4
51 44
93 45
82 10
-11 2
24 16
77 20
92 3
81 42
-3 48
7 4
5 49
78 11
98 12
89 18
90 25
-12 42
57 46
31 50
63 5
48 23
78 43
17 28
61 41
15 27
-11 49
50 36
-10 47
93 31
10 47
36 22
1 13
31 34
54 5
39 38
40 49
-4 37
66 41
11 49
20 4
2 11
4 44
30 19
86 4
2 21
-15 31
75 35
53 33
-9 3
-8 34
44 14
95 10
94 10
56 44
20 42
75 5
-10 34
-8 2
52 8
92 45
77 24
42 31
45 20
35 28
-20 2
-10 34
49 16
51 48
9 11
-20 40
26 10
0 43
-6 31
2 25
90 25
42 36
84 13
84 18
-11 42
49 37
88 30
68 19
-14 35
55 29
41 40
-4 41
58 49
81 44
98 47
79 42
24 36
5 6
74 14
-6 13
57 1
17 15
75 38
63 16
52 10
-18 17
-16 32
38 10
9 5
26 38
39 15
95 3
-20 30
3 2
63 28
93 6
67 31
95 37
18 27
93 16
-8 27
68 14
41 43
82 18
-18 4
79 35
62 30
31 1
11 6
97 26
16 22
69 4
41 28
26 48
63 24
32 22
88 29
5 50
17 14
63 8
-4 24
62 48
-6 21
96 16
0 13
62 44
23 32
-3 18
33 33
94 29
11 31
72 24
58 19
60 30
53 19
22 32
46 7
17 14
47 31
91 6
2 24
69 15
23 44
38 13
-17 3
-11 32
26 28
28 32
85 41
81 42
86 38
56 33
55 19
79 32
21 20
54 19
75 13
44 12
18 49
24 31
67 31
89 48
-8 43
-15 27
-4 7
40 50
68 14
81 36
99 19
0 29
17 43
67 2
40 44
-14 37
-14 9
32 15
79 49
93 2
52 28
91 8
-10 7
71 8
50 11
66 46
27 31
59 12
-3 8
94 43
64 22
90 15
94 45
5 42
36 38
99 41
47 18
50 38
80 25
91 37
22 1
11 26
1 2
3 18
74 12
13 10
48 14
54 25
21 12
0 43
-7 4
43 16
66 1
-6 3
-2 11
62 21
83 44
89 7
-10 40
47 25
71 37
-20 13
88 17
40 11
-17 46
57 27
64 30
99 9
53 17
-14 19
33 24
19 14
-14 24
8 11
10 10
17 4
21 39
83 16
8 20
92 39
71 39
76 21
46 16
42 17
98 34
97 22
-13 32
86 17
58 12
99 40
23 17
59 11
52 39
50 15
59 12
19 21
7 37
19 43
-16 25
63 32
63 45
21 11
12 26
57 26
57 45
50 43
34 12
55 28
38 44
25 10
48 46
83 43
20 16
22 19
52 16
92 16
86 33
89 37
33 18
50 45
60 8
79 5
43 6
100 38
55 16
1 47
71 26
21 43
77 39
15 32
42 1
2 36
0 23
31 2
24 44
13 43
52 44
-1 9
-13 18
4 18
65 40
9 31
11 34
-7 47
-8 20
84 34
-16 35
50 37
49 39
98 41
64 38
23 37
28 18
-16 15
49 26
94 34
-17 19
-16 43
6 42
94 1
28 20
48 26
65 47
50 32
6 11
95 45
65 35
5 13
-14 50
64 38
97 41
10 45
-3 3
45 21
18 29
30 27
41 45
29 7
0 40
41 25
79 34
42 34
-16 23
87 34
87 48
30 50
25 41
51 9
98 46
-6 31
18 14
24 13
93 47
97 38
98 8
1 32
91 12
17 6
94 32
10 12
41 15
89 15
97 34
85 43
91 16
52 17
30 7
2 42
37 13
73 36
35 42
19 12
29 32
3 2
79 23
85 47
51 28
27 35
77 16
99 35
70 20
7 31
78 15
84 40
74 19
51 21
23 49
25 46
-17 18
-11 10
56 3
57 22
99 30
8 32
93 19
-8 50
99 31
41 45
11 5
-20 12
96 47
28 12
-18 9
83 2
-7 23
35 48
-10 49
72 7
39 10
42 48
100 36
17 37
59 46
53 36
87 38
29 7
-20 42
71 31
85 1
85 33
14 45
42 43
56 22
40 18
26 5
13 41
82 12
53 5
34 22
34 36
62 49
22 50
60 26
72 32
29 12
78 28
16 34
9 49
84 47
-10 1
20 38
9 24
-20 46
49 32
16 33
26 8
9 28
14 35
-10 10
48 31
41 41
81 12
7 30
80 46
-13 21
-7 1
45 19
34 14
14 42
4 34
92 46
-4 44
5 27
8 32
87 37
-16 40
43 46
33 48
-20 16
41 46
1 19
96 33
-10 14
90 43
12 7
63 41
55 26
-2 47
94 18
56 41
59 16
37 12
65 9
67 49
34 5
92 21
97 3
73 11
69 27
93 8
16 44
6 50
-12 33
17 5
100 49
90 25
54 19
87 48
68 3
4 6
77 32
-3 16
94 48
47 10
-1 6
-3 23
53 5
-6 6
79 41
-10 28
61 41
100 31
57 6
48 8
99 6
58 50
66 3
32 11
12 9
69 32
-17 47
4 35
16 42
20 32
59 48
18 48
46 2
12 28
89 19
45 20
4 39
14 26
41 9
48 48
81 18
24 40
-3 2
22 9
-6 5
75 5
40 27
79 12
47 37
2 34
30 20
97 3
85 8
18 9
79 21
74 41
35 49
84 43
26 30
7 45
5 5
11 45
36 39
74 32
2 1
63 50
93 36
22 34
54 47
-13 9
-8 21
-11 30
8 7
-14 35
17 20
16 7
48 37
13 50
90 40
39 28
13 35
53 32
78 50
4 5
49 34
24 14
17 16
90 16
33 31
-2 15
-4 44
47 24
74 1
9 9
83 14
99 46
74 26
10 25
24 45
-5 41
-6 49
54 45
68 34
72 34
50 6
91 26
44 20
64 23
42 6
15 31
21 19
77 48
48 16
31 12
-9 36
10 9
41 32
50 17
-7 13
51 25
5 31
51 39
92 29
-3 11
13 21
42 15
68 23
85 31
35 3
6 32
13 42
90 21
36 22
31 15
-7 22
31 23
10 28
87 8
51 35
96 16
1 8
89 17
77 3
80 4
51 28
12 16
-12 25
22 31
-2 19
58 28
28 4
62 15
93 43
82 16
100 40
28 41
73 12
-1 30
-9 11
-7 42
59 15
89 2
-4 43
34 5
26 41
6 15
100 39
-11 47
16 1
74 39
92 3
90 39
17 41
2 34
34 38
80 38
38 43
71 5
64 18
7 44
29 28
-18 35
0 19
82 38
14 36
65 43
-1 33
76 39
54 6
77 44
35 14
54 38
44 19
91 11
63 50
95 24
45 47
11 28
47 14
35 14
-15 25
21 26
22 50
-1 12
50 49
43 48
38 11
30 18
31 2
60 45
34 1
98 17
-13 1
37 31
10 11
-10 12
100 13
61 47
89 27
91 2
80 37
88 32
93 6
53 12
80 21
0 43
16 27
1 35
64 33
-16 36
76 22
100 16
54 22
24 26
35 37
31 12
27 3
75 30
88 12
-4 28
93 30
85 3
56 50
33 37
64 9
6 47
89 19
-8 3
26 39
92 7
97 33
65 44
-5 1
87 34
16 20
1 4
-4 11
35 9
81 30
67 3
61 3
21 41
24 21
96 6
6 12
38 29
8 18
69 46
53 7
37 25
1 29
-19 15
-11 38
78 48
65 50
67 37
-5 36
65 19
32 38
71 11
75 17
-5 18
60 5
-20 29
47 34
40 1
-7 33
76 6
60 42
56 12
87 42
13 49
76 43
15 33
66 18
25 7
38 5
-18 43
36 17
8 42
44 38
-2 6
19 7
34 27
86 46
66 22
89 47
62 48
49 4
-19 30
23 20
50 6
69 5
77 26
6 10
5 30
97 47
47 33
92 15
38 39
9 15
93 39
7 29
32 31
28 8
96 48
67 19
-13 39
-2 15
80 13
20 20
90 50
89 2
33 47
8 35
14 18
62 2
-14 29
19 11
55 37
58 21
82 46
12 24
16 36
21 27
25 7
-11 14
68 14
49 13
12 40
97 1
55 32
14 14
30 7
15 1
7 29
26 21
-3 23
82 39
7 2
38 28
17 10
-5 37
61 47
100 48
-6 22
47 17
47 21
60 40
31 10
3 2
70 29
69 26
0 11
41 27
40 46
28 10
61 47
7 11
82 25
86 27
39 11
77 50
19 14
72 32
-4 28
90 14
44 22
54 3
15 5
-13 31
81 45
5 23
99 45
-20 19
28 25
16 7
49 6
77 2
24 19
53 7
56 27
60 27
43 32
2 17
2 45
59 1
60 49
-9 11
38 14
-1 14
33 37
-13 7
20 11
16 12
16 46
56 26
-3 2
28 34
78 33
43 22
37 11
16 25
70 49
74 5
62 10
15 17
84 46
75 20
77 38
78 47
16 22
57 10
42 6
61 15
71 35
12 27
83 12
43 8
35 48
12 3
-17 21
14 31
23 22
-16 50
67 15
43 35
25 3
43 20
51 13
-3 48
91 41
44 50
15 11
58 32
-8 8
95 16
29 24
34 37
24 43
38 47
20 6
-7 47
100 13
64 16
84 38
64 7
3 31
57 7
88 42
-3 13
17 12
41 8
78 47
-16 40
40 49
23 2
31 25
81 29
37 49
1 50
12 44
73 19
64 50
38 31
15 35
6 49
39 31
90 5
66 34
74 13
59 47
-4 9
28 23
55 44
87 24
-10 37
99 45
-6 14
86 22
41 15
-20 27
-3 9
-1 27
65 15
46 10
65 33
85 44
34 49
3 44
38 21
-19 12
8 18
26 49
13 20
-4 49
51 19
40 48
52 10
79 8
-4 16
25 27
67 33
-5 35
75 21
64 16
25 43
87 31
10 12
41 48
7 25
32 45
0 3
69 31
94 8
-7 46
38 30
100 40
-4 1
54 19
13 9
35 30
34 7
72 14
47 38
-15 39
95 26
73 28
69 4
-1 24
-2 34
39 20
-19 23
-12 24
-7 15
37 31
60 3
-3 15
55 47
61 27
36 20
22 14
21 39
22 44
57 33
36 7
8 10
65 44
14 24
92 33
65 1
46 24
71 50
81 8
45 8
-20 21
-7 12
29 24
-4 31
56 12
95 34
-7 8
83 2
48 37
99 16
25 37
-15 7
35 25
56 1
0 21
35 22
28 44
100 11
-20 46
-9 26
51 5
9 40
-4 38
0 1
56 25
54 41
64 11
26 3
2 23
38 25
9 26
94 49
-16 23
-18 14
-17 32
34 9
99 49
-3 41
4 36
65 34
49 50
12 10
58 2
80 13
58 26
-10 45
4 30
15 32
-20 18
94 9
76 28
79 33
14 28
88 40
76 9
-18 24
26 7
55 5
-8 15
30 25
35 12
-12 29
52 14
94 19
67 45
-6 28
-17 25
15 17
24 48
59 41
46 32
36 12
23 50
-16 32
7 29
83 24
3 24
-19 37
94 26
46 6
83 9
12 38
20 28
17 36
82 44
25 36
-5 29
-2 21
54 43
36 10
80 4
26 3
-10 26
75 50
65 7
37 4
6 44
12 4
24 3
90 7
78 50
3 21
91 25
63 34
95 16
71 19
2 36
45 28
-12 10
99 7
25 11
17 6
55 47
69 29
55 30
71 12
97 17
19 24
12 11
-6 4
65 47
74 34
19 34
57 33
-8 42
61 35
63 20
37 9
52 46
99 49
64 5
45 10
-12 17
44 49
85 42
100 1
27 15
29 7
11 9
12 28
88 33
56 22
47 50
54 16
-7 47
38 22
31 16
61 36
48 20
15 37
69 10
40 44
86 24
28 9
58 10
64 26
-10 28
50 26
18 37
14 6
58 6
35 10
36 49
80 29
83 19
18 31
54 31
45 45
0 50
97 46
37 5
5 10
30 4
53 25
-8 26
-20 20
56 15
-7 18
0 1
95 48
-14 37
-9 28
77 36
66 14
-2 3
51 34
-3 3
45 16
95 40
46 19
26 43
57 7
13 23
21 34
36 1
65 22
-14 39
4 7
13 27
49 12
56 45
50 33
65 30
26 28
-11 28
53 33
1 45
17 25
89 4
67 39
79 34
90 11
14 41
-16 46
62 44
76 36
53 32
24 21
68 31
59 2
-9 32
47 8
49 29
12 38
69 27
79 26
42 7
27 10
34 30
72 12
-13 38
68 14
80 43
-8 23
46 18
-12 14
50 23
7 24
41 7
97 7
55 46
46 23
15 14
14 17
85 20
95 35
8 14
90 45
97 32
73 49
37 4
-2 39
13 32
1 20
0 17
35 33
-12 47
6 3
-9 13
98 40
95 10
55 1
23 23
30 40
99 8
-9 33
58 39
-6 10
80 15
60 24
87 39
13 10
65 6
32 18
53 25
50 50
24 31
42 5
13 12
24 14
93 20
82 48
-14 24
74 41
60 45
-6 38
27 37
-12 28
75 5
48 2
66 14
7 34
60 49
27 10
15 5
23 50
-15 8
37 9
35 8
-4 23
-3 34
48 19
88 18
-14 13
97 39
92 6
58 2
53 11
40 24
0 1
64 1
16 42
-7 31
31 23
65 19
-9 6
58 49
-5 12
8 25
-17 37
59 25
23 31
96 4
69 28
-12 38
-19 26
48 18
56 50
49 9
43 30
-1 13
67 47
74 48
27 24
54 13
28 46
-2 42
-11 34
94 24
79 26
0 10
10 44
50 45
19 27
26 31
92 40
-2 4
25 38
-15 1
33 8
64 27
34 32
-20 19
9 13
72 15
67 30
37 36
0 4
56 25
91 3
0 29
45 25
51 22
12 28
92 40
87 33
8 47
54 22
66 28
84 43
87 12
54 10
-19 41
-4 36
-14 36
-12 35
98 26
63 31
45 20
-18 13
-16 45
54 17
75 13
95 28
18 33
28 28
80 34
78 31
71 21
32 22
67 36
-2 46
76 38
76 3
91 6
64 6
-14 30
84 5
91 19
13 41
18 2
93 14
79 8
82 44
78 9
19 23
55 1
95 44
83 26
11 30
69 11
-17 32
2 45
59 20
87 20
2 50
76 17
-9 35
72 17
75 13
12 47
33 45
12 30
-11 48
93 1
81 28
8 37
61 16
49 16
52 47
57 41
30 25
60 5
99 22
67 4
63 46
84 40
69 24
42 29
71 40
-8 19
7 46
5 21
66 45
77 50
79 48
10 10
88 42
28 31
82 18
75 40
54 6
-7 34
51 40
55 26
-13 20
61 5
6 38
2 32
-18 23
93 36
44 27
60 15
13 5
41 42
0 38
32 35
-4 16
-3 14
83 49
47 35
66 14
90 15
95 18
95 23
15 25
-6 45
54 39
65 34
14 5
3 40
43 8
60 4
55 17
88 13
79 17
46 44
90 6
74 22
78 3
11 15
0 30
17 44
-15 34
21 3
18 6
99 38
85 30
88 2
57 44
70 19
44 44
53 45
-1 27
82 9
-17 17
-17 47
11 35
-9 40
-19 20
33 23
-1 21
99 33
-6 4
69 48
80 41
17 25
73 36
80 50
50 1
-20 3
49 9
-17 28
-7 50
14 22
67 1
72 20
53 21
21 24
40 39
-16 28
92 20
39 5
35 8
37 28
59 34
-8 26
75 22
75 41
-12 23
51 36
59 50
21 34
23 9
89 9
97 19
73 4
63 4
-2 19
97 33
57 39
-10 22
-17 1
93 6
43 21
21 3
93 29
59 2
24 17
82 46
82 43
77 42
52 24
76 38
3 16
92 40
81 14
84 30
24 36
72 44
35 33
69 44
75 23
-19 40
-3 35
96 42
1 28
-12 25
-20 14
27 10
-5 35
94 15
98 43
31 21
15 10
32 38
-18 14
2 43
53 30
-14 40
15 9
24 3
99 14
-2 11
79 39
64 20
57 28
30 12
73 11
-20 43
96 3
-12 4
-1 34
-10 27
54 5
14 45
59 49
21 9
68 24
85 12
56 38
19 22
88 42
57 27
24 24
-13 18
-11 25
82 24
15 43
78 33
88 33
68 26
37 1
76 40
-12 44
76 28
53 26
29 27
17 31
-19 43
-9 47
67 50
88 7
92 21
51 31
25 6
34 42
38 30
52 42
76 33
69 15
17 29
16 10
92 22
96 43
-8 28
64 43
-15 46
89 38
65 27
-5 42
-4 41
23 39
32 37
85 16
19 48
98 3
64 43
98 15
37 4
95 7
-11 40
-19 30
45 18
9 3
48 10
24 17
95 1
8 18
92 48
95 45
83 49
3 41
84 36
91 15
33 5
85 25
86 9
19 2
14 12
73 10
-1 38
48 49
79 36
82 26
58 24
67 27
51 29
58 48
11 19
28 20
3 36
5 23
57 8
13 25
87 31
8 12
53 30
57 38
73 15
0 34
51 16
28 18
94 42
61 6
37 7
65 43
8 37
45 30
99 1
22 18
-3 22
-3 1
2 23
58 33
-9 26
4 49
45 23
29 40
34 32
80 7
6 47
75 20
12 31
3 22
62 21
93 31
29 22
75 19
5 4
-18 30
-6 14
66 7
36 10
75 28
-17 30
32 22
-19 42
79 20
6 50
-4 24
28 8
23 19
65 26
25 35
98 19
63 16
70 19
23 46
30 6
18 43
24 20
89 6
61 47
91 30
-10 34
98 47
53 49
100 24
62 43
58 5
31 45
84 28
-4 26
86 40
98 50
57 46
67 49
41 44
71 8
24 25
6 9
-17 20
97 6
80 21
74 18
42 36
-8 5
55 10
74 25
56 3
35 9
-9 25
93 36
99 32
50 4
60 46
69 20
62 29
71 11
-9 23
7 5
70 35
-13 27
68 48
20 4
41 14
27 40
26 45
89 20
84 30
34 12
51 1
61 3
28 41
7 36
12 23
53 22
57 44
84 38
11 38
9 25
-19 36
97 16
-18 46
49 44
16 31
82 29
60 32
-18 4
8 23
-14 21
53 5
67 13
6 31
29 50
40 5
47 44
17 25
43 26
44 48
43 50
6 35
68 38
24 6
74 12
64 44
34 33
40 29
73 29
28 23
33 47
74 37
27 1
34 50
-9 36
-3 32
-1 35
39 11
53 6
69 25
-13 21
24 31
43 43
38 30
46 22
73 18
14 41
11 1
59 32
83 42
83 26
12 39
51 40
34 41
-4 23
30 10
-12 34
15 14
26 35
75 37
82 5
58 46
-7 17
44 42
21 18
9 48
90 12
30 29
-3 36
78 40
61 18
11 12
-4 39
43 31
98 21
5 7
95 2
35 5
87 41
30 9
86 17
68 8
27 28
-15 27
94 11
76 35
-5 37
23 43
-16 42
71 1
47 47
15 4
14 31
20 8
51 28
85 31
18 6
52 46
48 16
25 22
25 15
41 48
79 1
25 6
-2 37
-10 18
73 12
27 5
-5 30
57 4
67 39
-13 35
17 37
85 45
33 45
15 8
16 16
84 47
75 30
43 23
39 17
89 39
-3 37
86 42
37 15
24 31
43 29
38 26
3 36
78 20
9 46
9 1
-9 4
61 32
-1 27
27 18
-20 6
1 3
19 10
32 44
39 10
4 32
17 12
21 46
-15 36
22 40
87 46
85 8
50 27
93 45
60 2
29 38
-10 19
17 33
18 28
-3 6
32 36
39 29
63 8
80 50
-5 49
-11 7
60 32
-7 5
56 2
32 38
96 32
17 17
57 32
13 19
6 26
81 24
20 40
34 7
10 10
4 12
63 32
34 34
-4 40
25 39
15 9
4 49
12 40
98 3
67 8
13 31
-18 22
-11 35
26 36
18 18
30 1
15 5
9 36
59 21
26 45
30 7
79 27
-20 9
56 6
8 8
30 31
22 35
65 43
-19 19
-19 3
97 9
4 27
87 12
63 29
51 45
-19 47
80 9
0 23
34 37
3 41
49 4
-14 7
2 13
34 1
65 36
87 37
73 41
30 5
28 38
67 39
77 37
67 21
54 40
50 20
51 11
67 16
96 5
-10 37
-5 49
83 14
12 45
29 31
28 28
-20 2
55 31
59 14
100 12
72 31
52 34
19 42
5 15
18 39
60 42
16 31
31 45
7 44
-17 39
-20 8
21 10
55 14
19 27
-4 32
61 31
29 4
21 38
48 15
44 48
71 39
21 23
7 37
29 5
92 2
64 15
13 13
-14 1
-11 20
59 19
87 25
84 32
20 5
34 26
45 25
71 11
93 29
18 40
-15 43
19 11
29 50
31 27
6 37
-8 47
-6 25
18 47
55 12
32 11
63 13
91 41
34 3
18 39
69 36
10 33
53 48
-19 24
7 37
82 39
1 43
93 20
70 8
23 40
90 31
-4 37
95 6
54 13
48 49
95 8
38 50
22 2
61 35
33 19
27 33
3 1
86 27
26 48
43 35
60 27
43 17
94 41
64 15
5 50
13 12
4 13
19 17
89 16
26 19
52 49
18 4
44 48
-13 49
-8 10
94 22
81 37
71 29
-1 23
22 3
-14 10
84 33
54 48
26 45
61 13
-17 33
-13 43
18 31
73 4
72 9
22 10
-11 5
56 20
37 6
46 39
42 4
-6 4
63 31
42 50
8 7
2 3
70 3
-13 9
-10 47
-11 5
13 9
-6 48
67 37
42 17
22 15
5 5
-16 39
3 42
100 47
40 32
61 39
10 18
98 1
10 12
79 3
91 35
2 32
-11 40
93 36
64 20
57 16
-9 9
85 20
78 31
78 16
-18 18
-9 38
85 17
97 19
36 34
46 46
50 16
24 7
73 19
79 2
77 13
-15 40
74 9
88 2
-7 32
81 7
49 14
41 3
32 7
48 27
57 23
-20 32
77 5
25 2
7 10
72 33
34 9
-14 30
24 25
59 33
55 23
19 9
63 16
36 39
-18 24
15 9
89 36
33 2
71 47
61 27
88 30
2 46
15 49
10 12
-5 49
63 31
36 50
-19 47
93 20
68 9
72 32
76 8
29 2
45 4
90 25
-8 21
-13 28
89 15
-16 4
84 49
-10 44
39 9
41 48
90 6
81 29
7 47
17 33
33 48
-13 4
41 21
36 26
44 17
1 2
42 22
47 20
54 14
-13 1
25 50
-20 9
15 19
95 44
53 43
17 37
85 12
10 37
79 41
80 23
9 4
96 27
49 21
100 42
50 16
89 14
53 35
35 26
50 46
42 18
19 25
100 30
53 45
82 2
64 34
59 25
25 34
62 30
45 47
-18 21
64 34
7 31
30 6
44 49
30 30
21 48
62 38
-19 28
7 49
13 2
37 22
41 13
77 50
27 6
0 8
51 5
51 17
7 43
57 27
95 35
37 12
-10 38
1 46
65 17
-17 36
9 28
62 16
93 9
3 6
17 5
-15 42
49 13
61 47
82 26
68 37
93 38
-2 24
53 43
28 50
45 50
-8 24
51 8
12 19
19 5
86 32
43 9
-11 34
-15 40
26 34
79 40
49 49
73 49
-16 7
68 49
64 17
80 34
77 7
20 11
63 41
75 40
47 37
32 29
30 8
-19 39
27 14
11 36
41 13
86 32
88 16
-2 43
-10 30
22 40
27 23
88 32
55 40
16 12
100 45
49 42
99 33
45 20
5 5
73 3
9 18
20 35
8 15
31 18
19 12
94 6
5 21
66 5
-5 47
16 22
13 42
90 9
17 44
81 8
14 17
47 28
67 1
58 23
7 20
43 16
-11 37
75 24
67 15
74 14
94 37
18 36
96 23
46 2
49 46
67 31
44 21
85 34
86 40
64 31
94 15
80 43
93 43
94 50
69 47
6 45
27 44
31 6
64 8
16 25
48 32
-5 37
81 40
-18 50
70 37
85 50
14 24
-14 13
-17 35
54 43
8 32
21 21
0 8
30 21
55 43
30 7
76 28
-13 26
0 22
-14 9
15 41
31 37
76 18
64 45
93 39
36 16
60 45
-3 8
12 11
26 11
96 49
-4 35
0 21
32 12
-6 50
70 6
-13 30
-2 39
75 10
9 47
25 49
-10 9
37 48
96 10
0 24
-14 46
66 30
16 5
72 14
49 9
98 30
73 7
70 27
29 14
57 25
4 26
-9 13
-2 43
39 46
28 44
91 32
1 35
-15 18
84 31
34 11
72 8
4 26
22 39
52 35
22 44
8 2
17 36
99 22
13 12
64 22
30 6
56 23
76 34
36 37
89 25
54 40
57 14
2 35
-15 29
4 16
-4 44
-5 9
63 35
58 8
19 17
22 20
78 42
28 17
44 4
86 29
39 40
65 24
-9 49
32 40
57 42
66 37
71 18
-17 34
50 31
10 36
16 22
17 46
9 26
91 6
33 25
48 8
-5 24
100 45
-13 44
43 9
-20 24
-13 29
68 20
12 2
21 47
96 33
-20 11
24 6
-18 27
-11 16
-2 36
11 6
61 11
63 17
45 21
46 45
59 21
30 28
-8 3
-10 4
48 25
-16 42
90 11
63 6
94 31
27 49
7 29
23 34
68 6
29 33
-17 18
56 40
88 6
58 35
-12 41
35 18
92 14
65 45
48 4
75 35
24 29
42 14
52 38
77 19
21 38
3 34
19 34
55 41
67 28
10 41
18 15
82 9
88 11
-11 5
-17 36
80 37
14 44
64 9
15 20
36 48
-12 48
64 48
41 38
84 44
17 6
84 11
86 46
42 50
77 13
-5 28
-5 26
49 41
89 15
99 27
29 35
77 50
57 50
47 42
77 6
31 27
65 28
86 10
67 1
7 4
44 2
45 19
84 1
46 6
88 31
6 36
-8 1
79 11
-12 28
71 24
100 19
-1 32
82 5
-13 6
14 27
99 10
17 42
66 20
-19 24
40 38
10 11
-11 10
83 20
33 18
34 6
36 36
-8 28
16 19
13 44
72 45
77 20
3 23
99 38
19 46
68 35
78 30
67 45
80 29
28 3
100 18
45 36
32 26
70 45
85 22
95 30
16 17
64 25
81 10
50 17
92 40
75 21
84 37
57 17
3 28
10 28
35 40
86 48
27 26
95 28
-17 45
68 10
39 14
57 42
56 43
-7 42
71 36
30 6
-18 24
61 18
53 8
-16 46
33 28
89 9
31 6
19 27
97 45
-5 39
-7 21
64 2
93 26
84 12
-17 45
50 49
59 11
52 19
8 40
63 24
72 1
83 17
-11 37
88 8
36 28
87 49
4 16
55 35
8 16
58 5
89 11
-18 1
18 45
-2 49
-19 31
-12 19
40 26
-9 25
69 43
73 40
46 48
-20 17
69 30
54 49
43 6
98 41
45 34
43 36
33 37
55 23
45 47
-18 27
99 35
25 45
39 10
-13 48
25 16
2 12
76 19
75 39
3 47
42 5
74 27
28 15
44 14
64 6
57 43
23 28
30 1
75 40
-14 34
5 22
31 49
-7 45
63 15
97 49
68 4
-19 46
2 26
59 25
21 49
18 44
21 43
49 40
83 21
77 46
21 13
21 36
78 9
81 24
-15 11
48 40
14 22
72 42
74 46
-8 27
-13 9
95 8
68 18
69 28
-5 8
-7 21
-6 24
13 47
75 18
82 25
24 18
26 49
55 23
88 39
79 22
11 25
1 2
63 42
9 14
47 26
44 50
75 15
73 40
-9 50
-9 34
62 9
-10 20
15 1
95 33
79 34
7 34
9 2
69 21
60 34
20 21
69 7
37 7
22 44
84 35
52 5
-2 38
70 32
12 39
92 40
70 11
-15 37
-15 19
3 6
89 31
75 29
52 6
-5 41
65 25
81 8
-6 21
-19 13
95 45
44 25
29 35
72 26
66 32
2 14
-5 11
60 22
27 13
1 11
-9 38
65 21
56 12
-8 19
-16 10
79 38
40 37
64 40
70 12
78 12
57 34
44 28
6 7
47 28
84 2
69 2
20 49
62 35
-17 30
27 49
75 45
58 31
69 19
-1 10
68 33
52 19
51 15
64 15
68 23
4 24
100 4
7 5
-10 38
67 4
20 4
10 48
32 12
26 34
60 21
100 1
50 44
40 49
98 39
-5 47
-15 45
77 46
28 19
99 13
21 48
18 33
-15 18
46 39
17 20
51 43
92 45
47 50
44 50
-4 46
88 23
-10 21
93 10
28 10
79 49
52 22
21 48
-8 26
84 17
5 9
88 44
85 12
13 31
18 18
59 38
23 44
95 8
92 26
57 18
86 18
-4 21
-20 19
81 32
80 24
31 28
43 14
68 14
25 43
-10 34
37 22
-11 4
1 42
-9 22
63 45
83 20
38 19
63 34
-3 45
91 23
59 24
-5 37
4 8
-10 46
6 28
80 1
62 42
-15 11
11 31
40 48
17 4
66 9
-3 39
17 27
39 5
17 10
15 48
42 3
59 50
60 26
89 3
23 13
87 22
94 44
49 17
5 32
93 26
36 35
80 1
25 38
63 35
-17 49
-20 35
23 15
11 49
84 15
45 35
27 28
70 9
57 36
10 16
-4 30
12 1
34 49
5 15
-12 38
10 19
-3 31
16 30
-15 9
48 22
-14 21
28 22
44 18
42 19
81 46
87 24
88 16
-2 13
61 25
70 37
0 37
-7 8
36 3
22 15
20 21
66 36
-13 31
41 49
22 21
-9 44
44 32
-8 29
72 9
8 27
90 10
70 25
13 39
29 10
3 39
44 20
28 44
32 44
-5 12
-17 29
71 3
69 16
-1 20
40 22
50 38
29 42
92 40
10 7
-14 37
55 18
69 18
72 10
67 37
99 2
-12 44
57 11
84 5
5 41
16 30
74 8
98 42
-17 45
40 32
11 15
-3 41
-18 6
64 46
23 40
10 44
38 38
45 43
-6 44
83 7
93 47
-18 36
84 34
66 6
60 19
86 41
25 8
69 36
-16 45
40 42
87 16
21 35
27 4
87 27
89 27
88 47
72 28
37 39
-19 42
96 14
-19 36
67 40
70 13
73 11
90 12
26 32
0 9
2 23
34 24
51 33
87 25
59 9
-19 30
10 32
-13 14
81 28
-14 12
100 49
72 7
100 23
59 26
55 27
-11 25
95 9
-14 19
-5 16
70 2
97 7
64 44
28 19
93 41
-15 21
-17 47
-17 24
95 21
-4 27
-8 14
71 36
17 16
49 38
43 4
64 17
28 44
67 22
80 17
10 28
57 7
92 30
93 7
47 3
23 50
36 40
11 37
22 10
43 7
36 21
63 17
17 23
-13 5
93 41
82 13
-19 45
96 8
73 5
-11 24
-10 31
23 17
100 29
8 9
-18 36
26 42
27 49
9 38
73 4
100 24
3 44
99 11
35 45
97 20
78 18
69 26
43 12
27 38
88 23
37 3
68 42
57 46
85 11
16 24
15 34
26 5
36 46
63 41
-19 6
64 50
-14 27
15 42
-10 5
99 41
90 15
-16 13
32 39
-7 43
-19 50
19 35
-15 50
22 30
4 10
69 29
60 20
52 18
50 33
78 12
27 30
66 17
22 22
9 13
-19 1
71 46
61 30
47 12
7 6
72 18
15 47
15 32
77 40
91 25
52 1
22 38
56 15
70 25
41 29
0 8
-2 26
25 10
36 31
-15 4
18 41
-17 50
49 4
-5 31
59 41
49 15
75 25
-14 17
-20 49
21 47
9 46
80 6
62 17
73 20
18 18
55 46
5 43
12 14
-5 26
44 21
6 16
95 41
62 11
-11 21
82 23
62 39
59 48
29 18
57 16
71 1
86 20
-1 28
38 2
-19 19
-8 8
32 35
62 46
13 44
97 1
99 27
-2 21
46 18
76 13
91 37
22 25
87 14
0 20
71 20
75 38
41 29
55 2
-4 1
16 7
38 29
79 44
32 16
94 38
62 20
52 47
23 47
90 46
0 42
0 20
57 9
18 15
98 49
70 42
40 32
34 31
80 41
90 24
60 9
-16 47
99 17
58 10
88 14
98 29
52 23
51 40
75 28
31 24
6 41
-18 35
91 44
18 7
37 47
18 12
14 28
37 2
11 50
46 16
31 42
76 22
-20 29
53 20
92 29
21 18
40 33
-15 24
40 15
87 2
75 24
63 6
66 12
-17 11
60 39
16 25
26 27
21 21
51 30
66 22
99 41
-11 5
66 38
-13 8
96 45
9 9
58 16
66 7
25 33
47 3
38 7
30 31
25 9
16 20
15 6
69 15
16 40
-8 48
87 47
-12 24
-11 20
79 14
52 46
33 2
-10 27
92 41
22 7
11 22
50 23
100 3
76 27
98 1
-17 43
61 1
7 41
57 4
25 13
-16 48
97 3
20 24
98 44
96 42
20 49
10 39
0 18
-17 49
83 27
49 18
73 25
2 10
47 28
-12 19
19 44
99 34
28 15
-7 16
21 39
29 21
22 10
24 48
-9 7
75 2
29 5
93 34
-9 1
-19 38
-6 21
63 45
26 28
-20 20
5 9
83 20
85 29
85 49
11 44
-3 17
2 28
86 18
1 11
-9 49
78 46
28 2
-9 7
39 17
46 8
26 11
82 1
86 18
81 7
68 44
21 16
4 42
-20 23
-7 19
59 17
41 24
43 40
55 33
47 42
-9 7
56 10
17 35
-5 22
91 39
23 40
0 48
47 27
17 29
32 44
87 8
76 35
97 21
43 30
87 50
85 27
2 11
3 48
95 31
-13 41
28 30
12 3
25 33
4 21
-10 9
1 33
64 38
6 35
5 41
16 27
-5 18
-18 15
96 22
78 49
66 13
47 21
13 20
12 40
71 15
46 3
80 6
95 42
83 35
38 6
69 42
-4 15
63 45
95 7
97 20
-17 17
78 6
17 26
-15 32
22 26
9 22
23 40
17 43
4 10
89 29
84 36
40 14
83 11
38 7
-4 21
15 3
59 49
77 41
73 48
71 24
37 38
17 10
96 44
7 11
-20 40
-7 35
83 23
-17 40
65 11
21 26
73 48
20 17
64 3
48 19
57 2
12 46
39 32
74 2
3 17
49 43
52 33
16 36
68 8
85 38
-5 4
70 5
-4 33
94 14
22 33
3 6
89 14
46 22
46 21
71 1
6 16
-5 44
70 22
-20 25
0 5
100 9
59 36
26 29
97 31
80 40
-6 10
14 50
69 6
41 22
48 15
72 47
81 45
11 15
64 40
-1 44
42 12
28 39
15 41
59 17
98 37
6 7
44 49
19 29
-1 36
6 19
46 45
13 37
-11 5
-17 50
46 44
18 6
-15 30
32 10
41 15
59 20
27 8
-8 13
83 7
8 37
29 37
97 4
18 46
57 44
17 38
62 43
-9 34
-20 24
97 10
58 31
6 22
42 24
94 3
3 40
13 22
10 20
-15 2
-9 43
56 10
6 4
9 31
68 22
77 46
-16 33
34 41
82 31
25 44
-2 16
4 2
68 35
34 23
20 1
56 34
62 37
22 41
38 43
-12 34
21 45
30 32
4 6
68 8
53 6
-6 49
-16 22
32 38
74 2
47 31
-4 5
30 48
82 42
72 16
13 48
32 50
7 24
94 49
-3 49
61 46
30 1
37 30
-12 45
76 7
91 39
63 4
-6 50
21 5
55 21
84 34
76 38
88 4
32 1
93 46
37 32
68 46
-4 36
30 13
79 15
57 11
5 12
72 19
-10 25
95 35
62 27
6 12
15 42
33 21
37 43
72 9
-9 14
58 37
97 48
17 9
-4 11
90 13
30 45
-12 45
43 31
84 10
51 43
-6 25
61 27
21 36
42 38
39 28
-15 12
40 3
52 36
60 49
13 14
34 16
55 30
1 32
7 29
28 30
22 41
52 24
90 43
4 16
7 12
-6 38
-9 26
5 2
11 4
-9 26
7 30
88 6
24 38
28 1
98 2
69 26
24 46
12 35
-13 1
90 45
30 43
91 40
91 39
25 9
53 46
65 14
12 23
33 35
54 44
-14 44
48 14
15 28
-10 26
53 33
-5 28
4 25
-10 13
9 7
78 45
-9 26
27 22
65 3
40 12
1 13
1 12
31 36
9 27
84 47
68 21
23 27
-13 3
-16 28
50 49
49 29
3 50
89 38
28 17
20 46
-15 20
21 35
33 44
47 45
22 45
38 1
-14 29
0 34
-1 29
-2 11
-20 37
78 43
51 33
32 41
-15 12
49 45
31 48
24 10
59 41
8 35
33 37
-11 22
12 41
-13 12
-13 22
88 11
60 25
75 3
57 11
33 10
63 33
72 22
99 48
39 19
53 27
57 15
9 50
69 10
43 1
29 29
-3 12
18 7
88 27
45 27
34 4
7 39
-3 15
66 40
-17 2
78 34
9 10
39 19
24 6
68 45
-5 17
25 36
66 46
25 39
23 36
79 45
91 36
21 3
80 19
88 42
32 31
87 37
74 20
13 37
72 13
8 8
97 33
72 34
39 18
2 23
92 50
36 33
31 1
-5 46
88 29
83 8
100 50
48 14
12 33
4 25
49 15
7 46
37 2
28 43
59 7
65 19
-2 23
13 27
-19 39
93 5
-19 15
11 4
92 48
52 11
44 41
58 20
60 3
10 43
63 26
76 27
74 7
45 29
-1 19
40 32
-15 35
28 47
2 31
72 49
85 38
58 14
26 7
48 40
50 35
0 15
94 16
-5 31
-7 11
83 49
89 20
63 49
40 2
22 29
76 9
47 39
26 10
48 43
-2 37
-12 9
60 31
81 25
79 18
6 44
83 2
68 6
21 33
-18 1
-3 38
99 24
89 9
48 21
91 27
43 42
30 29
30 3
81 41
78 50
98 16
34 30
20 28
59 46
58 11
99 44
74 20
35 15
44 1
84 31
59 8
91 31
72 5
4 43
14 13
1 18
81 25
60 17
24 35
-4 21
34 37
51 32
60 6
99 26
44 14
77 28
46 10
86 41
68 2
57 48
63 7
86 23
71 34
75 28
-17 36
23 35
85 21
19 9
-5 41
71 18
36 13
73 49
82 34
51 31
92 25
52 6
-12 44
11 14
-19 28
89 26
1 34
31 45
51 25
90 45
41 19
43 16
21 39
75 14
62 36
-5 41
60 3
68 38
22 47
46 45
51 3
3 11
45 40
93 22
72 6
57 38
85 41
96 5
-6 33
82 32
17 46
84 15
60 20
39 19
-20 36
55 5
98 49
0 25
28 13
90 25
26 6
44 23
94 40
86 38
48 6
15 29
31 20
33 50
59 27
99 11
18 44
41 17
-17 10
-11 28
89 21
88 48
57 49
51 50
91 41
55 49
28 36
57 6
93 28
53 16
89 28
38 47
86 42
11 24
12 22
-1 7
98 32
0 20
51 12
-15 13
-4 44
43 19
-11 46
27 18
83 26
84 25
33 6
87 16
-2 11
81 42
62 28
95 2
87 3
90 17
13 37
6 3
50 35
44 9
6 6
-14 41
66 22
79 9
16 1
72 46
67 12
7 4
52 17
19 31
97 15
9 38
72 14
64 12
79 2
76 45
4 4
-2 32
32 38
9 43
8 6
31 18
88 23
1 35
24 22
22 31
74 17
73 39
-11 29
-11 17
61 7
50 49
83 50
100 33
75 14
78 27
68 7
4 50
-20 30
97 45
30 47
3 30
60 36
-10 41
86 20
-19 23
87 36
94 15
0 28
72 31
74 45
44 41
80 43
20 9
48 31
-9 14
63 9
-6 37
58 25
-3 24
73 39
9 7
28 42
54 12
16 1
38 13
-10 1
100 7
66 22
95 49
4 49
-10 32
-6 10
59 9
88 32
89 28
36 17
79 40
24 13
-2 21
58 48
-12 47
6 3
-19 25
28 12
91 8
-10 49
96 47
-7 40
82 46
100 50
96 37
63 12
22 41
49 13
18 19
50 44
-3 25
15 46
30 40
50 27
84 15
63 48
99 15
29 32
88 50
56 9
-3 17
42 8
98 13
33 10
-2 44
-4 6
65 14
34 21
-6 15
71 46
13 5
99 1
10 14
-2 6
14 24
29 31
-12 30
29 7
98 29
-8 31
16 24
31 9
-15 37
8 35
-10 4
13 9
50 4
34 33
77 14
37 3
49 39
91 40
14 14
38 23
-14 21
20 9
-4 26
10 21
16 29
-13 12
54 11
6 24
-18 33
85 33
6 36
4 22
9 47
63 42
-20 2
58 47
-11 35
-10 8
75 43
49 41
30 15
17 39
36 45
29 18
19 10
52 29
90 37
41 43
-2 20
87 17
20 37
94 43
28 15
31 19
80 47
77 15
71 23
59 35
15 7
-6 44
6 14
26 16
7 8
69 38
96 1
34 47
44 37
-17 13
88 20
51 39
-1 50
29 50
-11 13
74 23
-17 40
-7 44
86 1
9 37
72 39
64 40
51 9
-16 43
60 2
20 35
53 6
71 39
57 5
81 13
12 2
14 42
42 10
-6 39
82 28
90 46
-8 28
59 4
62 8
-10 17
55 11
54 9
55 3
74 43
-19 5
42 13
10 46
94 19
49 48
7 29
-1 25
91 14
-15 21
28 12
37 15
4 36
12 48
-2 12
25 39
95 10
-13 16
18 45
42 23
72 20
36 1
12 31
-18 12
18 9
73 4
25 6
14 25
17 16
75 34
-7 20
-3 21
89 30
65 11
37 34
80 24
12 2
90 3
96 29
44 27
61 46
16 16
17 49
85 28
-9 24
20 36
93 50
19 19
-2 4
-13 11
57 27
19 23
33 17
34 18
31 45
45 43
16 1
-8 8
32 2
41 40
2 47
-8 40
88 14
63 27
30 21
-10 36
81 11
69 22
-15 45
93 24
-8 32
-12 24
100 39
87 14
44 26
60 30
-3 30
14 22
85 44
-12 46
6 15
75 50
99 31
50 33
-12 2
66 5
88 33
-16 37
33 41
-5 47
52 28
78 16
6 20
64 12
51 14
0 6
29 49
60 46
-20 2
91 39
43 36
-20 24
-18 5
82 46
98 3
37 32
85 27
64 12
47 42
20 29
-20 1
94 10
-3 36
58 8
68 48
21 11
13 5
80 46
26 48
30 30
79 25
-15 48
15 32
23 25
-19 12
33 18
87 23
98 25
89 7
91 48
9 17
-8 37
79 15
48 43
3 29
27 21
-15 37
93 26
10 38
46 49
80 2
-1 14
73 30
77 16
85 34
82 6
30 42
18 45
-19 46
31 49
94 2
33 34
-20 8
40 43
42 1
90 48
66 4
90 10
3 12
56 32
17 47
78 47
60 30
89 38
13 9
91 35
65 30
0 4
81 44
-18 35
90 21
48 8
-18 7
41 47
24 23
100 10
-1 36
61 11
-4 7
-20 9
79 31
-13 32
81 11
86 6
77 33
36 35
-16 32
72 40
2 46
43 25
22 38
22 18
12 23
50 44
9 45
78 3
62 10
69 8
38 47
29 3
99 31
23 17
43 39
-2 11
79 8
57 11
63 17
-9 17
29 21
92 43
-8 25
-4 16
13 11
25 13
-20 35
11 43
32 12
81 8
60 23
25 30
97 25
-17 30
-5 1
32 12
87 15
79 20
86 29
76 1
53 45
74 22
17 17
90 36
78 40
60 19
30 29
-9 42
-19 26
8 22
64 9
91 38
57 1
7 15
3 31
77 28
77 28
-12 35
69 31
36 25
24 36
9 38
84 15
25 9
29 22
75 35
-20 17
81 16
71 4
-5 45
18 35
66 16
49 49
-9 42
58 35
40 21
33 21
5 13
41 25
72 42
-15 36
37 24
-11 30
85 47
63 9
8 36
66 29
90 14
0 36
95 25
86 34
54 28
73 3
56 4
45 21
81 8
9 2
44 38
40 1
40 45
41 44
-10 47
86 50
55 5
68 7
44 25
-18 2
91 23
-20 42
-11 40
84 45
-5 46
57 30
6 38
78 12
70 37
87 17
61 46
4 20
-18 37
-12 41
9 16
75 44
-12 22
99 11
73 15
97 17
-17 42
29 32
47 20
24 14
8 27
92 19
6 44
20 15
40 37
59 24
-5 21
-3 40
87 21
17 20
10 41
-15 32
14 27
99 2
32 15
15 24
83 14
72 20
-19 1
-7 24
44 19
71 37
41 10
71 19
57 32
50 1
-7 40
67 24
89 5
53 48
59 6
29 10
-9 37
-1 50
92 16
-10 47
78 19
67 42
75 2
58 21
53 17
1 11
43 28
9 9
35 32
86 39
8 25
30 19
99 35
45 50
-18 8
-3 9
98 4
48 7
68 27
-14 20
50 39
79 39
-10 44
43 42
83 19
67 19
-14 7
-10 28
11 30
81 16
9 28
81 8
74 37
78 46
63 12
34 49
67 47
-3 21
42 33
-15 45
74 29
96 31
78 49
85 17
5 18
59 38
8 16
39 40
81 27
29 18
35 46
10 9
28 24
-5 2
-4 18
2 49
22 10
63 42
74 27
39 20
34 49
28 16
35 46
99 38
48 24
79 17
-1 10
67 2
35 19
96 39
10 46
8 12
67 21
-11 48
58 19
63 49
89 20
44 20
-2 20
-4 30
-2 26
85 29
-4 34
-8 15
16 40
21 3
-16 23
1 20
44 10
67 19
100 50
91 30
93 9
45 13
50 39
84 43
64 43
2 7
36 12
-15 3
59 25
4 47
77 5
-17 4
57 37
7 31
92 6
-2 21
22 27
25 49
25 7
88 36
50 48
22 27
27 12
23 12
65 46
20 5
-10 25
38 34
23 46
1 44
18 2
11 32
17 16
-7 34
-6 42
87 23
55 6
-18 15
-2 16
35 26
98 15
45 14
50 49
7 4
73 26
41 42
26 25
-6 21
28 6
11 11
82 47
87 12
73 44
-8 43
15 50
-14 22
-10 22
53 45
35 20
17 30
0 44
41 32
6 8
100 10
72 33
22 48
94 34
88 6
78 35
61 30
29 16
90 38
20 35
-16 36
88 41
-7 1
-1 23
0 24
47 9
-4 2
45 5
-13 18
-15 22
61 28
98 9
32 35
63 40
16 2
37 37
-3 12
27 25
-18 1
23 32
26 48
22 12
67 8
-13 32
70 9
65 25
-4 44
11 35
20 43
3 42
34 35
39 49
88 1
-4 11
24 24
12 28
-9 5
66 40
52 33
-8 21
6 14
62 31
58 49
95 17
69 40
22 14
27 48
1 16
68 39
-18 14
-16 10
-15 39
9 12
93 13
71 19
63 5
-9 41
17 16
99 36
77 29
0 29
40 42
27 40
26 49
93 23
28 12
85 38
1 34
16 40
-1 46
53 1
0 22
-14 20
77 30
82 41
8 14
1 4
96 14
17 5
32 23
-3 31
27 8
-15 24
-14 6
19 44
53 1
21 18
40 48
91 9
-4 14
38 32
-3 41
35 49
68 14
7 45
33 31
78 1
0 9
3 38
45 13
-13 48
-5 45
25 15
83 41
34 6
71 9
64 5
-14 8
99 4
50 40
95 35
85 27
-3 49
18 16
66 14
95 49
67 4
50 19
-11 16
39 9
48 2
34 32
-19 17
18 29
82 43
99 10
100 28
69 7
55 36
-10 35
3 31
55 40
-6 17
80 50
46 3
18 50
18 45
84 3
81 48
-5 14
4 3
1 1
92 28
74 17
96 47
30 35
45 5
16 29
61 38
42 29
67 39
-7 40
89 23
41 14
43 32
21 44
43 32
-1 7
73 18
92 17
53 6
87 29
53 2
79 41
14 34
82 5
33 19
88 19
74 18
49 20
20 41
-20 3
31 15
87 26
73 8
23 4
75 38
15 2
85 47
63 40
81 15
65 29
46 11
53 34
48 48
52 30
14 33
59 16
91 11
-10 38
-5 33
81 20
78 42
6 1
36 13
-17 40
64 21
48 14
41 37
1 34
6 5
53 15
23 14
-7 5
57 15
85 19
24 9
56 37
36 50
68 28
43 32
65 2
87 5
17 50
74 26
4 36
75 9
13 35
94 10
33 7
57 3
79 43
21 29
45 41
27 26
19 34
-5 42
-3 31
92 15
14 6
60 9
-7 34
21 15
58 41
35 45
49 37
2 46
93 26
48 42
1 27
71 21
91 4
-12 43
22 11
-6 8
50 8
29 45
17 25
58 9
37 16
-8 46
57 19
85 15
44 31
-6 40
88 35
60 39
34 42
78 20
91 14
45 45
94 24
74 37
31 1
-13 38
95 42
40 13
55 20
44 19
36 32
33 31
47 19
1 43
67 4
7 45
51 34
93 18
93 23
-14 39
87 26
63 35
87 45
29 17
100 14
-11 29
89 23
39 10
54 21
81 16
-19 22
44 32
100 27
44 3
32 9
10 12
71 26
48 3
93 42
-2 33
56 39
-12 1
13 33
40 39
98 43
38 11
-1 50
90 13
55 4
26 45
85 10
94 34
-16 17
97 34
13 5
-4 46
-9 33
-18 41
51 12
42 35
52 49
98 4
85 20
-16 44
46 39
45 36
27 48
62 24
31 47
24 2
11 12
32 23
90 27
38 39
33 16
57 5
-13 45
10 43
31 38
50 39
72 6
-16 5
82 38
9 36
76 17
35 25
46 17
86 25
31 48
-3 22
53 30
10 19
27 46
12 14
62 21
55 39
65 8
71 13
98 37
53 41
18 6
44 47
77 17
-5 9
65 33
50 10
12 1
-1 17
46 20
71 45
94 22
22 13
-17 40
86 7
100 1
99 13
2 11
56 33
-9 17
90 27
62 1
86 38
5 29
35 46
7 29
43 25
57 20
-16 42
-1 48
23 5
85 33
84 14
85 24
41 47
53 4
16 39
-9 49
53 40
60 9
61 8
55 6
31 36
69 5
86 38
8 34
9 29
87 39
48 21
57 42
46 42
78 7
76 39
80 34
32 22
76 10
43 29
-2 2
-16 49
13 43
5 6
12 17
55 44
67 45
41 26
1 30
74 15
89 12
34 5
-15 21
-17 17
-10 10
77 28
99 40
-1 24
78 47
59 2
-2 22
86 26
32 36
71 3
11 38
86 19
84 42
24 28
-16 42
83 23
40 1
16 5
11 8
75 33
-14 18
-11 6
96 12
73 46
79 1
34 42
96 41
51 33
81 11
79 39
90 18
37 18
66 48
17 16
42 20
7 13
-3 15
75 27
83 21
3 25
87 31
6 40
-10 50
61 23
87 17
43 18
17 4
78 38
70 48
54 16
13 25
-11 2
43 35
5 29
30 48
78 50
15 11
36 39
-14 38
-3 19
97 46
60 31
-14 38
0 25
42 37
87 23
36 30
-11 27
90 21
11 42
43 47
55 20
-9 25
61 17
51 49
22 34
73 16
36 25
-16 23
0 12
40 29
24 47
84 32
-16 24
50 32
35 17
41 8
89 48
-3 2
-8 46
20 30
-1 2
90 4
8 7
-13 47
90 38
9 26
-6 49
32 6
96 8
92 23
28 32
62 9
15 8
-7 40
62 19
62 41
19 26
36 42
59 43
45 4
95 36
84 16
10 33
41 31
35 29
-14 30
54 26
87 30
26 6
31 23
-19 48
-19 48
-11 29
32 50
86 10
20 6
-20 39
40 26
-6 33
-13 41
74 23
75 30
75 33
70 13
3 32
95 6
76 44
12 48
24 49
-7 9
-18 2
62 50
54 35
84 37
3 40
0 44
3 33
35 1
44 10
27 44
45 8
75 19
20 15
91 6
37 19
100 6
56 40
16 33
57 36
-10 5
-12 11
57 5
66 6
89 5
21 10
10 40
36 18
88 3
18 46
50 43
45 22
1 45
11 3
22 27
35 48
78 22
60 25
63 34
92 30
44 20
36 30
7 32
-12 7
39 16
-16 9
31 7
51 28
36 46
73 15
14 29
2 42
34 44
66 11
40 21
82 37
-19 8
97 14
-13 33
43 50
58 10
30 38
94 19
2 26
90 15
84 44
89 25
14 40
96 7
80 25
61 32
-5 33
12 22
16 40
-1 34
9 22
30 15
-20 26
19 19
3 19
88 37
38 49
15 30
46 1
24 1
48 27
35 25
39 14
55 39
-12 44
48 35
28 6
56 26
70 37
69 40
-8 8
-13 49
6 6
-12 11
63 25
29 43
36 45
99 35
-15 37
21 19
-20 32
27 9
1 45
77 1
71 40
-3 43
60 7
96 31
35 39
79 34
67 10
27 6
87 49
27 31
30 22
19 40
95 46
16 20
59 30
63 9
-3 23
72 38
-4 6
81 3
84 9
48 29
-8 47
2 48
35 36
-14 8
70 38
6 29
-1 50
64 34
56 32
15 2
85 21
88 8
38 5
62 46
81 21
-10 20
31 25
-20 38
61 2
36 40
-20 38
96 49
44 42
23 20
-18 38
39 43
60 45
74 36
89 30
73 15
45 15
94 39
97 49
-6 41
41 45
89 38
68 37
53 31
98 1
95 16
66 43
49 23
-3 28
3 48
60 41
-5 10
-3 39
23 22
-7 18
81 47
43 26
72 22
-17 40
94 49
-5 3
85 16
39 25
-4 4
77 44
20 49
24 19
3 29
98 41
36 48
-6 30
-2 13
11 29
0 48
67 45
42 17
42 11
61 38
36 15
30 17
80 8
59 22
-19 16
-10 37
4 22
44 30
8 9
3 19
11 28
40 12
50 15
-11 4
8 22
52 25
79 30
-2 29
51 44
30 49
-15 31
22 42
76 36
68 34
16 31
63 22
77 42
40 27
0 7
28 32
99 14
48 30
98 17
30 27
22 40
78 50
26 34
37 39
16 42
84 8
7 22
-15 13
90 46
42 14
-17 2
87 14
-2 28
30 34
82 37
-10 23
53 50
-17 5
33 45
57 2
-18 46
-10 23
12 22
43 21
48 3
35 44
-14 18
47 8
58 32
3 43
74 4
-7 46
6 5
26 44
23 8
-9 8
78 8
73 31
-15 28
26 10
31 20
52 49
60 8
72 13
56 10
52 15
66 36
88 1
49 37
65 15
-15 36
79 37
69 39
49 33
69 28
23 14
-2 11
66 2
14 2
47 27
57 43
16 29
69 50
18 49
80 40
78 14
84 42
94 27
-8 36
49 34
27 3
17 10
100 24
-8 15
78 8
94 28
43 48
82 11
51 16
45 33
6 8
39 7
30 29
36 39
93 39
53 35
77 20
95 17
53 40
96 13
86 23
-17 14
95 30
93 26
37 5
60 23
48 43
25 10
99 21
38 1
29 48
43 15
-15 15
27 26
100 26
8 28
45 42
50 5
-11 48
86 2
14 19
64 35
70 11
37 41
93 29
19 47
34 20
16 43
22 46
71 15
56 7
0 19
14 35
92 2
90 13
52 40
85 21
17 21
69 12
34 32
13 2
58 27
67 47
32 37
65 26
-14 15
79 47
21 43
43 12
1 13
9 31
2 46
-20 17
29 26
-7 27
23 25
41 15
4 16
99 18
-14 20
32 44
13 47
70 30
22 42
65 20
39 16
37 45
92 7
41 36
-14 47
22 20
60 49
61 3
16 2
80 17
61 27
57 43
-19 16
-13 34
31 7
9 10
-6 13
5 48
-18 43
14 42
60 12
-19 27
-16 2
49 25
37 25
-18 35
17 41
87 47
94 6
33 25
-4 12
45 38
82 11
-19 42
-11 13
-18 8
98 48
-2 16
39 20
5 28
13 13
39 41
7 31
33 5
5 6
33 42
35 37
14 21
65 3
33 9
39 45
35 26
38 35
84 44
17 21
96 21
57 17
25 3
-7 28
11 2
28 3
88 9
24 15
89 23
-11 27
67 31
10 18
38 48
-5 39
80 36
16 7
14 11
-12 14
78 13
-5 33
74 15
92 29
1 48
37 17
75 38
73 26
28 14
59 11
91 37
22 8
56 15
-16 11
100 31
96 31
24 39
4 1
26 38
76 7
55 33
17 5
61 45
49 16
36 35
1 8
82 48
-8 49
32 14
26 12
-11 25
50 26
26 33
21 26
47 50
10 16
-4 18
36 30
30 24
33 24
28 9
78 29
50 24
87 44
20 20
58 32
19 20
64 21
46 28
9 17
100 48
16 12
2 29
60 26
5 47
84 37
62 35
-11 30
-12 38
21 28
-2 43
65 28
14 34
36 16
60 42
16 21
88 47
33 19
7 1
-10 16
33 50
73 29
83 40
73 17
36 12
51 25
58 46
18 4
21 34
79 7
14 24
92 2
72 42
60 46
66 20
22 22
52 12
-11 15
5 39
29 18
83 48
76 22
81 15
77 11
88 20
-13 43
-4 50
-20 4
89 27
-8 29
47 20
-17 27
94 21
54 22
-9 46
38 10
19 10
55 26
2 1
78 30
-6 18
79 28
-2 7
59 21
36 45
24 30
74 14
8 20
62 27
-1 39
34 26
11 5
14 31
4 25
13 22
94 28
92 1
89 1
8 1
57 42
-2 30
47 12
48 8
41 47
7 31
80 24
28 40
88 9
-20 31
19 28
-16 20
12 1
57 11
94 25
65 47
52 9
44 32
96 18
11 15
-16 30
49 46
-11 26
73 32
76 13
66 15
11 39
69 26
30 1
96 16
5 16
91 27
18 14
0 25
-5 36
1 8
-20 18
99 10
65 10
98 24
-12 36
28 34
65 24
68 41
65 3
74 19
-11 13
50 14
87 33
22 33
47 16
51 33
-10 36
50 12
45 47
76 18
38 27
-5 33
79 35
73 27
37 24
85 19
0 29
43 39
95 47
18 4
32 46
12 46
23 6
23 30
55 1
50 3
-5 29
98 25
-14 35
-4 9
95 46
-18 3
17 13
25 15
66 25
49 4
33 9
45 27
58 28
72 2
17 1
10 8
82 5
97 18
73 18
70 31
23 49
43 47
84 8
12 31
-10 1
80 13
-6 27
-15 1
72 9
-14 42
28 38
74 18
66 34
-5 21
16 39
64 19
85 38
33 1
-12 15
83 42
26 1
-6 16
88 13
46 8
65 42
4 5
21 49
4 10
50 49
70 44
77 50
53 39
63 13
65 29
-7 3
79 14
62 29
97 26
15 19
31 43
62 45
38 19
33 41
88 6
85 19
87 25
95 30
60 30
75 46
-20 9
6 9
36 33
86 23
100 41
-12 23
70 5
100 47
49 50
5 31
-5 10
24 47
-12 23
76 42
-7 41
44 38
23 23
76 35
76 35
79 35
-14 29
78 38
63 39
60 47
78 3
16 6
26 3
54 5
81 40
71 9
39 40
63 14
75 49
-15 50
71 32
58 48
27 13
-12 20
72 38
59 30
-2 1
33 19
23 21
18 30
58 21
35 35
0 49
90 12
24 7
-3 20
13 20
8 10
-19 42
27 7
41 8
-12 48
9 32
23 18
77 15
45 43
3 6
7 20
99 10
18 2
71 30
-1 36
77 42
86 25
39 25
65 37
40 20
-19 9
72 23
61 3
46 14
26 39
87 21
-1 42
33 23
65 42
5 17
40 2
12 35
21 49
39 20
10 39
63 26
38 29
96 19
15 28
50 4
61 28
15 6
12 24
75 46
23 41
-14 28
93 41
-2 21
13 46
-19 32
2 6
28 43
32 4
35 5
47 34
27 18
-14 33
88 35
-6 43
24 32
100 18
38 2
78 13
92 13
2 5
11 41
41 12
14 47
85 22
11 21
25 9
18 23
69 25
22 39
24 31
62 37
5 25
6 8
32 13
-2 10
46 50
94 9
91 35
71 46
70 5
92 44
40 30
24 45
84 4
51 35
65 39
-11 21
-13 38
25 37
30 29
50 23
82 14
30 31
58 29
90 25
5 28
77 12
34 35
58 8
71 22
64 37
-18 36
-8 49
-18 16
69 44
64 7
-11 35
12 25
38 23
-17 27
51 48
80 17
10 24
13 48
9 5
-3 19
88 1
88 45
-14 35
16 20
49 15
-2 34
37 27
23 40
30 10
-9 30
36 8
27 17
32 16
76 4
-11 32
86 32
14 24
9 28
30 34
73 47
40 7
0 41
43 35
87 31
-19 12
-19 49
-4 40
-4 19
7 27
92 45
48 48
36 47
44 32
12 32
-11 15
33 40
44 48
57 37
74 46
39 2
71 10
28 42
12 4
32 15
15 31
70 19
0 7
68 46
-8 1
34 20
86 10
-11 27
78 26
46 47
19 5
18 21
7 6
84 50
14 26
54 50
43 20
35 8
69 28
-13 30
-5 38
-13 14
8 11
81 26
97 30
-15 25
81 27
8 49
23 42
31 21
23 29
85 47
46 33
60 45
-10 31
46 21
12 16
21 8
-15 22
56 44
-14 49
26 7
-4 38
91 40
46 34
100 9
45 28
65 5
28 29
89 35
82 18
88 11
63 26
-8 21
11 7
94 12
-1 45
85 4
21 13
-19 33
18 35
67 2
90 30
53 46
49 19
8 40
-1 29
39 39
19 47
65 38
16 20
86 6
61 16
30 10
81 6
-16 28
76 30
3 2
65 9
88 18
55 4
67 27
13 21
61 1
-6 4
14 4
77 39
96 6
40 16
-2 34
52 2
97 2
23 28
-19 39
17 29
40 32
70 41
81 19
94 16
-4 13
57 12
38 17
-1 17
13 35
-3 16
-11 18
55 37
14 27
1 9
35 32
33 2
98 11
-14 19
52 16
84 36
-11 22
98 11
9 2
65 21
-13 24
11 16
69 3
81 25
13 40
40 40
38 28
72 4
47 10
95 34
14 42
90 18
-8 35
-3 17
-1 28
76 19
3 6
23 38
4 37
-13 10
29 14
68 32
40 8
59 7
5 11
28 8
61 21
54 36
-17 13
99 33
38 22
20 4
28 34
-4 4
-13 14
77 45
97 48
50 28
94 35
22 5
-17 39
77 10
-16 7
75 17
-15 4
42 9
79 4
-16 4
23 2
-10 39
3 36
-16 40
7 4
-20 42
90 29
10 5
17 40
-3 29
87 29
26 41
47 2
93 45
33 10
7 21
69 49
9 45
62 8
26 38
88 8
22 32
89 5
10 24
65 46
26 29
37 16
-13 14
98 42
16 2
3 25
-3 32
55 31
69 49
59 28
81 16
0 31
5 47
34 41
14 25
25 45
93 13
88 33
63 38
98 16
56 34
54 49
7 50
43 28
54 11
60 1
46 6
49 43
42 41
68 49
78 39
53 7
70 6
11 4
-13 45
70 4
92 45
13 28
13 28
95 3
88 15
73 37
1 17
40 2
28 13
-16 33
42 1
100 29
45 45
60 14
12 2
-19 20
22 19
-2 43
97 5
-3 6
86 42
4 37
15 44
35 25
16 10
83 34
6 22
61 15
34 10
40 26
-16 19
79 23
85 6
37 11
48 44
38 29
87 31
53 27
55 42
46 31
45 49
18 17
-5 44
49 50
-18 23
44 29
20 48
84 32
40 14
88 2
50 40
63 47
13 9
50 34
84 39
92 35
16 38
-3 17
13 43
74 2
-13 8
66 25
20 38
1 19
69 50
17 25
18 34
33 49
52 9
60 28
-16 19
61 9
67 13
41 6
10 9
79 3
2 45
72 37
41 39
95 50
67 26
81 20
-8 20
80 40
22 25
22 41
49 41
92 20
48 18
0 31
32 21
87 29
93 43
9 11
44 31
-13 42
31 20
40 24
29 48
-12 43
4 5
99 32
94 45
-6 10
80 29
21 34
96 8
57 33
-14 5
37 34
46 1
-13 8
70 42
-20 5
44 14
57 13
-17 7
63 13
80 19
32 10
4 43
73 36
63 16
52 3
100 19
-6 29
92 45
40 47
20 33
90 30
84 27
-13 6
63 9
27 21
20 13
98 5
51 22
50 4
13 15
95 24
-17 18
-4 19
51 10
9 24
-11 4
11 16
80 19
79 18
97 47
-20 12
43 12
67 13
97 38
99 10
-6 50
79 12
85 24
90 42
15 30
44 17
58 24
21 25
-13 29
8 7
-15 19
24 43
73 49
97 38
65 19
65 46
23 8
47 17
24 38
0 18
50 10
40 28
7 35
94 12
93 22
28 42
35 33
62 7
-11 15
-5 15
18 27
81 31
1 37
-9 45
-7 7
39 41
51 18
10 5
-11 45
-12 15
20 17
29 5
85 20
6 39
58 28
84 41
-14 35
62 22
-20 9
73 24
67 2
55 7
66 3
69 31
59 44
49 44
30 5
44 47
67 45
-2 39
78 37
71 25
54 32
50 4
15 13
75 36
52 9
48 15
69 37
78 18
45 11
47 5
1 1
13 23
-10 33
66 46
45 20
5 46
90 9
10 7
18 39
28 26
72 1
93 15
37 13
6 47
20 45
32 45
6 41
89 35
46 19
-14 50
69 23
74 22
68 31
46 49
14 10
10 30
-14 49
68 13
72 41
44 31
78 27
98 22
60 33
41 33
-18 6
16 37
48 6
100 36
-19 4
38 2
22 49
71 2
-6 36
-4 50
20 11
99 34
-11 49
59 40
28 6
14 32
87 44
95 4
28 45
93 3
11 25
68 34
82 12
-5 44
17 35
4 4
82 23
88 39
81 22
92 37
91 36
24 40
0 15
58 29
83 28
100 17
66 2
15 21
-20 10
28 34
8 6
77 20
97 19
74 18
-4 35
80 36
68 40
55 34
1 13
77 33
99 48
-18 13
49 48
6 8
3 16
12 14
39 27
46 13
97 24
58 30
40 19
-4 48
100 41
-6 32
45 16
0 36
13 13
-5 13
21 12
3 15
-10 11
41 15
27 8
-3 27
28 6
-7 6
98 5
-16 25
4 4
-11 42
5 45
-11 43
-17 2
84 21
23 22
64 15
72 9
28 34
71 40
9 24
10 12
0 17
27 32
11 16
70 12
76 27
76 2
23 9
93 25
49 3
98 32
71 10
-20 2
13 7
65 5
-4 15
14 19
63 47
11 50
93 32
1 40
26 25
-16 39
92 1
42 38
5 46
48 27
40 19
-14 27
47 4
56 24
32 16
89 21
42 40
41 44
100 19
64 8
-6 16
27 8
82 5
2 42
44 42
-4 28
27 19
-9 10
-10 36
24 16
24 42
11 13
15 28
38 47
44 44
16 28
19 12
38 50
13 28
46 22
88 45
35 24
77 24
-7 16
43 40
81 29
6 10
-4 15
13 5
92 19
75 11
25 42
38 15
90 1
47 21
52 46
-19 19
-4 29
61 18
15 36
92 3
-16 19
52 12
28 35
39 21
-14 10
90 48
47 43
74 47
84 28
-20 13
-12 31
31 44
91 46
32 6
98 31
10 28
4 41
47 28
91 19
9 35
93 21
3 34
85 4
83 10
0 38
80 22
-11 46
75 18
50 49
-20 34
17 44
51 45
84 43
45 4
92 6
92 10
-18 26
62 17
98 28
85 21
64 3
15 43
38 34
60 7
22 47
70 19
18 6
48 34
98 7
74 47
29 40
12 11
72 44
67 33
48 16
65 37
31 17
34 32
69 20
47 38
82 28
78 26
41 14
57 39
60 4
6 38
87 19
99 8
33 26
42 40
93 35
97 43
66 44
33 24
-5 29
4 12
72 11
78 6
70 13
8 7
56 13
-20 28
-3 45
6 39
-20 33
57 27
29 4
-11 15
-9 19
-20 38
-15 13
-13 31
4 4
86 17
63 6
46 35
38 31
27 11
46 14
21 9
2 36
-5 11
21 22
3 27
2 34
66 37
67 6
40 8
71 49
39 19
0 30
95 10
91 42
52 37
5 36
15 47
87 40
42 14
93 21
100 9
55 41
71 18
89 42
30 16
84 23
-17 10
99 8
40 18
91 37
-4 21
38 36
15 2
84 16
-10 24
9 11
-5 45
63 5
-4 5
29 39
13 25
-17 49
16 45
-14 34
96 48
24 26
56 24
41 29
75 49
1 6
80 49
84 19
35 36
33 39
69 9
41 46
62 4
33 5
52 3
29 45
-8 36
53 50
12 50
19 19
51 47
-13 41
-19 31
-9 4
-13 8
5 15
27 38
60 15
90 41
1 28
90 44
-3 13
66 13
66 21
74 4
62 9
14 32
-2 21
70 22
79 49
87 29
73 24
20 15
7 14
24 37
66 11
67 43
97 7
34 20
-13 2
43 3
41 23
20 38
31 45
59 27
78 33
6 35
5 30
36 31
51 10
39 25
28 21
100 8
72 40
56 16
42 1
17 9
95 23
60 43
16 40
79 18
80 3
3 19
52 46
7 27
-15 6
22 23
67 7
26 50
87 8
87 6
-11 8
61 22
13 12
35 28
44 26
68 43
0 44
85 6
28 24
89 40
80 14
74 28
76 29
1 36
9 18
-7 20
-6 50
61 16
-8 43
53 43
97 26
-17 50
86 13
20 8
52 42
87 14
4 11
53 29
59 17
26 21
71 43
29 34
72 10
83 21
-1 13
43 17
60 12
93 38
16 5
46 20
58 25
14 23
93 11
45 31
25 18
26 50
65 30
27 41
-9 44
73 32
-4 11
56 44
53 15
99 27
31 16
28 47
3 6
-14 46
84 45
89 21
-2 35
94 26
71 7
-16 5
84 3
53 35
-7 26
14 29
29 19
70 26
61 19
-3 12
35 43
-17 42
36 29
21 6
23 3
82 36
8 30
1 48
27 21
1 18
60 28
57 29
50 46
76 6
84 15
7 28
42 46
20 21
35 6
77 21
72 13
1 45
94 38
-6 3
85 48
7 30
38 47
46 5
57 15
55 47
31 35
35 9
23 45
14 19
72 40
79 34
87 24
76 27
57 39
-3 41
5 45
55 46
62 2
35 48
96 10
53 30
46 29
73 7
74 38
28 8
78 28
70 23
37 21
35 1
-11 21
56 6
29 44
20 24
7 39
73 34
54 46
21 9
69 44
92 27
11 10
44 27
83 1
93 40
-14 33
89 13
99 12
55 45
24 44
31 2
100 34
57 29
93 15
63 35
74 28
73 37
80 14
40 29
95 23
4 8
83 43
-10 40
-11 5
69 32
22 23
6 16
63 24
64 11
73 23
15 1
89 39
21 38
78 22
68 19
39 31
32 43
44 30
80 17
-13 22
96 33
11 48
7 17
41 38
-14 34
2 25
63 19
93 7
23 38
73 30
89 4
69 49
9 3
24 8
51 46
39 37
44 32
86 7
15 10
49 23
77 3
80 36
84 45
-7 6
-13 46
23 17
-6 25
38 6
-10 4
81 11
10 18
52 9
80 32
83 49
24 11
-10 25
90 33
58 28
38 14
33 48
70 14
-4 17
29 30
21 44
-17 18
85 27
-10 43
80 31
82 11
62 34
47 24
41 6
99 4
2 41
29 38
76 36
12 14
-14 12
-18 31
-20 16
14 23
41 48
-11 11
97 30
-5 28
23 44
83 47
78 35
55 49
0 15
30 38
-19 26
-19 20
50 49
35 30
-4 19
81 37
74 14
87 3
-19 28
65 47
60 29
9 3
13 24
-5 38
33 47
74 5
81 26
-8 33
99 43
80 10
86 44
91 38
94 33
45 18
86 47
99 31
16 8
2 22
-16 23
94 10
68 22
17 47
70 21
34 41
87 46
74 14
53 33
99 48
-18 34
31 50
22 2
-17 38
-18 44
6 34
74 45
16 36
6 10
72 13
32 45
64 29
100 9
64 43
51 47
90 13
3 24
26 21
12 30
19 9
71 10
48 25
45 8
75 46
-13 45
80 36
51 7
19 18
-16 14
86 7
-6 47
23 20
92 42
35 33
87 34
13 20
5 46
45 41
94 31
54 7
92 46
-11 47
28 34
16 25
-5 37
11 49
39 39
-11 44
87 11
-16 33
26 28
44 19
78 26
3 2
66 50
5 24
41 14
-7 41
83 31
46 2
57 19
80 25
-7 18
40 9
49 10
77 20
8 46
62 22
67 35
-3 11
50 13
-20 38
69 17
-9 45
81 32
-12 2
79 14
75 36
-17 23
41 23
42 17
99 31
48 32
54 16
82 20
41 13
14 2
77 10
87 48
70 8
93 7
31 31
80 48
-2 36
23 24
90 32
-6 5
13 7
64 19
18 2
53 20
58 22
90 29
32 4
45 40
9 43
67 32
63 38
1 30
-19 18
85 20
22 35
29 22
21 47
92 39
99 2
55 14
-10 15
55 23
-5 12
13 27
54 32
-6 46
38 4
43 9
35 35
49 19
90 22
20 9
85 3
62 32
25 45
66 23
55 18
13 5
-1 27
6 5
12 33
26 49
27 3
-6 35
-20 15
87 32
70 38
70 25
30 38
86 37
28 14
50 7
84 22
11 2
-2 41
70 36
-2 43
87 9
88 20
52 46
-13 15
44 28
68 42
42 2
15 38
22 35
68 26
50 28
99 2
1 9
81 3
-17 3
74 11
9 39
-9 43
74 47
20 40
-15 34
94 21
-10 29
22 5
48 48
46 23
83 45
21 29
91 25
33 38
53 44
94 45
-7 14
84 11
8 19
92 9
87 32
82 6
94 34
57 12
-3 26
-20 12
19 33
8 6
17 32
-14 17
35 20
97 1
13 36
19 49
-4 2
77 39
36 23
19 18
-6 8
30 2
21 10
66 11
65 2
30 33
69 11
49 37
45 15
-17 23
-13 33
76 19
67 42
33 43
78 44
37 38
69 3
67 2
2 35
51 14
35 36
37 20
49 39
13 18
88 6
23 14
-2 30
46 44
72 35
97 38
1 39
40 4
95 44
68 11
90 16
14 26
90 37
32 43
99 14
41 49
98 24
40 37
5 30
53 27
27 15
42 9
85 47
-1 25
5 23
12 2
37 20
14 23
-4 11
29 36
9 38
73 7
-12 49
47 35
55 39
32 42
7 22
-3 8
16 18
60 16
4 26
13 46
59 1
62 5
90 28
89 22
95 9
100 32
7 10
78 39
87 46
12 11
42 4
57 38
12 41
10 15
99 40
-15 16
69 35
37 34
47 32
2 45
-11 34
14 30
69 4
10 28
38 1
67 44
10 28
3 30
-14 46
44 18
85 27
75 20
22 26
92 21
-11 47
41 11
77 48
21 38
88 28
81 27
82 23
14 40
40 25
20 16
51 4
6 28
82 23
50 9
7 13
94 35
50 1
75 13
90 41
69 48
-3 21
-15 50
52 50
-15 34
92 34
84 24
41 28
-20 33
30 34
49 16
61 10
35 38
85 1
90 31
-18 48
76 30
15 48
6 34
54 40
26 36
95 7
81 12
-10 35
78 19
-1 14
34 18
10 4
47 45
26 46
65 16
-5 48
-4 38
36 8
53 3
-19 46
70 36
47 34
61 34
8 12
46 21
99 48
67 42
99 45
55 34
49 25
44 12
94 45
42 27
69 37
15 2
26 33
25 26
61 35
12 42
94 16
92 23
65 5
70 44
60 28
28 16
77 5
78 9
62 4
55 49
95 19
59 1
19 37
26 37
34 23
6 16
-20 33
82 39
44 15
-15 50
37 27
-1 7
35 13
17 15
66 30
51 25
51 38
7 27
61 25
37 17
-13 16
4 11
74 50
97 10
25 40
52 38
59 11
65 36
90 29
29 16
-13 6
-13 12
-3 50
49 3
44 35
-6 45
9 36
80 49
56 7
-3 13
77 9
73 31
-19 15
29 22
30 19
-15 31
29 9
-10 42
49 21
58 19
54 32
28 8
35 14
-17 29
81 37
65 5
54 19
-13 24
43 39
63 33
45 47
0 14
84 11
53 36
97 22
89 46
36 36
94 7
40 25
80 8
52 16
65 15
34 4
-18 44
99 3
-19 40
91 31
46 2
81 17
2 41
46 11
26 21
86 40
1 8
86 21
29 2
77 23
47 46
100 4
44 19
42 21
86 8
97 26
97 25
25 35
85 7
91 11
-11 16
79 48
15 23
69 48
36 42
62 36
91 6
69 4
78 5
1 31
2 40
82 38
-4 49
64 18
14 24
40 43
36 15
54 14
45 4
98 46
-16 31
33 45
91 36
-10 34
60 7
41 28
84 13
92 47
47 46
75 21
25 4
48 45
3 22
-8 25
-10 29
-9 2
55 38
99 19
41 37
79 17
12 13
48 43
100 46
63 13
13 19
80 1
-18 23
-11 6
63 7
34 8
80 49
53 45
42 4
68 16
42 39
99 50
-15 42
62 49
39 26
26 50
19 42
39 43
31 47
89 48
-13 21
19 40
16 34
38 4
84 17
46 44
-7 12
98 45
-9 26
70 16
17 35
-15 43
40 37
0 17
-13 4
80 32
27 43
29 33
77 49
57 36
11 7
-11 19
-2 30
93 28
37 12
-4 22
46 41
17 27
66 17
30 9
14 47
97 42
70 8
43 49
-13 40
-13 32
37 49
33 46
90 48
-9 4
77 3
44 35
89 34
24 37
80 4
17 17
85 45
4 11
55 34
79 24
79 47
99 41
86 24
11 42
56 11
38 49
-15 10
39 49
28 16
-6 24
72 8
29 39
18 13
95 14
41 50
42 29
14 8
50 29
-11 1
-15 43
12 27
58 28
-11 47
7 14
77 38
-18 14
92 27
9 11
23 21
73 32
-7 44
56 47
10 46
-12 39
27 27
56 43
69 17
17 8
37 19
68 37
87 35
47 17
40 17
89 24
87 25
15 5
14 34
83 46
19 29
15 30
97 2
4 7
-9 7
45 7
89 29
3 32
77 7
-7 28
87 40
-3 3
20 37
-8 24
-6 49
-13 23
95 18
66 14
37 13
-6 2
95 39
-8 38
27 31
11 14
-11 6
37 13
52 36
67 39
4 44
80 7
97 37
98 15
83 28
10 44
88 10
-17 10
90 49
30 48
-19 29
-13 22
5 26
92 13
38 45
87 23
11 4
9 13
61 9
59 30
82 35
26 47
67 48
78 8
-12 8
37 36
25 12
0 50
14 29
94 27
67 33
69 21
72 10
75 38
98 27
36 23
96 30
83 8
-18 10
33 13
57 22
-18 28
16 45
33 38
59 10
8 32
81 13
5 49
-10 33
82 21
-8 40
64 19
24 14
58 43
98 48
49 46
32 14
81 47
76 47
81 34
31 25
85 48
-19 37
84 29
16 10
-17 13
-8 40
69 20
25 40
53 33
82 6
53 32
48 22
80 13
20 5
-13 23
20 33
16 26
2 19
21 14
80 12
-2 43
92 29
88 13
-13 37
34 5
65 8
82 33
37 31
9 48
98 40
64 35
16 24
42 4
-19 3
48 47
38 45
-13 39
48 39
87 31
89 40
-4 45
17 41
57 49
43 46
46 31
54 12
99 41
30 26
72 5
3 3
84 7
41 23
19 16
94 4
98 42
-11 25
88 2
-2 44
80 9
-12 28
-5 32
4 1
-7 14
32 32
95 48
40 13
-15 42
64 28
6 8
37 39
49 28
71 15
17 21
92 50
58 39
-17 1
-2 47
28 24
4 35
20 13
11 3
42 31
87 39
17 14
93 49
75 6
-7 11
51 39
11 25
-10 3
48 22
77 43
25 30
11 48
20 18
0 32
38 38
-15 37
49 37
27 8
71 27
87 38
63 6
16 23
1 45
-12 30
-4 17
-5 35
9 37
41 29
14 30
88 15
22 28
76 28
-12 22
36 5
85 2
77 22
26 44
3 27
43 48
10 40
70 23
-14 41
-15 12
15 13
30 33
71 28
26 41
-2 11
-20 14
6 18
40 43
47 26
31 48
69 18
70 30
-13 21
5 33
23 29
4 19
34 21
96 11
17 43
9 18
23 37
8 43
81 19
52 37
37 31
-6 11
42 3
9 32
-3 34
-7 4
49 10
-2 42
45 49
45 24
23 2
47 41
-10 26
92 3
17 2
-4 35
37 11
58 23
-9 6
85 6
17 27
17 25
23 3
87 43
33 50
11 36
15 23
-5 3
57 49
-3 19
83 20
51 43
66 33
13 8
8 22
61 42
6 15
76 49
-8 28
78 23
16 9
51 48
7 2
58 18
-18 7
-6 36
24 37
-20 15
92 11
47 29
-20 18
88 20
43 37
25 40
98 31
61 44
10 49
1 22
54 21
73 41
4 13
29 40
27 4
57 50
43 9
2 4
79 16
-17 42
23 31
30 9
82 2
49 10
100 44
81 3
42 46
-12 36
89 19
26 19
4 6
54 5
91 1
6 34
76 29
54 26
44 37
52 32
-14 40
55 17
81 10
73 30
55 17
94 9
41 49
61 8
91 28
60 39
4 8
30 39
36 13
35 23
-2 7
10 10
32 31
-17 31
-2 24
90 10
47 17
25 44
52 10
5 4
-9 39
65 8
39 48
93 50
25 36
88 20
14 48
-13 7
93 40
44 44
42 17
49 41
93 34
29 50
-3 4
22 2
16 37
33 1
41 12
54 13
95 50
12 47
50 49
33 17
67 22
-4 34
74 25
-2 38
60 31
73 11
-20 17
67 47
-12 36
84 32
-9 28
83 11
26 23
90 21
7 30
32 15
90 26
-3 47
6 12
-16 5
96 25
-10 34
12 17
11 28
-12 47
95 40
-8 30
95 5
5 48
-8 44
11 4
94 14
-10 5
96 31
8 47
-12 45
54 37
91 25
69 15
42 10
52 14
72 44
46 45
-1 46
-3 38
49 49
22 41
0 15
-12 38
72 35
51 39
51 39
56 49
-9 36
18 26
90 11
76 35
-9 17
9 2
80 23
100 18
31 33
65 19
-5 18
69 2
47 17
-4 12
9 15
21 40
95 3
58 42
28 32
-17 26
57 26
23 22
17 23
99 8
7 29
-9 38
24 30
71 37
69 29
0 48
66 32
30 19
80 16
-17 12
42 20
-7 24
-6 19
22 30
29 4
26 2
76 39
13 42
95 50
18 13
-9 43
47 14
48 20
-20 35
12 40
74 5
94 3
58 42
80 26
55 4
16 37
64 3
79 33
14 12
24 24
3 40
93 31
66 24
18 33
63 16
29 40
47 30
64 27
24 21
-16 17
-10 20
100 13
76 45
100 30
81 48
57 14
96 8
-17 26
79 8
48 20
41 45
-16 43
-7 16
35 47
100 49
71 48
96 8
14 29
25 47
10 38
95 14
-20 42
33 32
57 45
17 12
58 45
-2 22
64 40
-18 21
39 13
55 29
20 13
-1 30
27 50
-19 31
77 17
-18 29
90 14
22 4
27 7
30 6
95 47
34 3
57 20
40 41
86 4
99 33
12 37
82 41
48 28
23 36
39 21
77 50
8 48
71 28
4 14
-17 23
80 15
37 20
49 20
25 12
31 34
7 18
42 28
20 3
-17 35
11 36
83 7
-16 8
-19 46
18 17
87 23
55 26
-19 37
78 31
20 21
53 27
74 9
34 35
-3 21
0 10
-16 4
79 34
80 17
18 17
60 12
33 19
81 30
55 29
12 21
61 40
55 19
63 34
26 49
65 24
41 50
73 30
61 14
21 16
-17 40
61 47
13 4
2 36
60 40
97 49
37 44
18 23
-9 13
77 2
6 3
16 15
34 5
-13 21
65 38
-18 2
82 7
27 32
47 1
42 21
28 26
-18 37
91 11
13 16
13 22
58 7
100 37
26 37
32 30
62 14
61 12
85 10
6 22
81 7
96 40
47 3
19 17
84 19
29 35
34 2
55 24
4 9
-20 20
-18 26
72 14
16 31
-2 27
21 36
69 48
-7 22
13 33
55 17
98 5
-20 3
25 36
1 3
69 19
26 39
7 17
31 3
22 11
1 10
-12 8
-12 38
99 4
93 37
97 24
15 13
71 39
-10 21
27 5
2 33
72 9
36 11
17 19
83 15
67 47
22 47
19 49
86 22
84 10
30 37
-7 2
22 50
4 13
63 25
85 24
63 40
7 30
16 35
2 16
29 45
-3 35
46 25
16 44
69 40
79 46
83 36
42 6
-14 27
95 13
-15 5
53 10
20 39
74 26
64 44
2 12
47 7
-11 7
-19 15
34 48
11 15
76 38
3 14
4 35
52 33
6 2
74 10
19 24
-19 4
60 11
1 20
2 49
-10 44
-20 36
1 31
39 21
86 14
71 7
55 19
-4 28
49 17
-9 8
-17 28
-20 29
78 2
5 19
-19 14
92 43
82 20
22 14
38 22
23 38
-14 6
45 22
0 43
82 32
93 18
94 48
38 9
72 37
100 37
91 43
45 32
94 34
64 36
81 21
-12 47
51 17
20 7
21 12
-9 21
85 27
45 4
13 14
36 23
66 36
97 10
0 43
23 10
80 36
4 32
-16 42
36 44
74 31
95 44
84 39
54 37
29 15
38 41
1 41
-3 39
30 7
42 38
52 15
64 10
59 44
94 16
25 43
84 2
28 17
-20 40
-8 38
80 48
23 43
86 27
-15 44
3 3
94 7
-11 26
-18 34
-8 26
98 40
61 50
-10 48
50 34
-4 23
3 5
79 11
100 18
99 48
-13 14
91 25
7 39
-17 40
-16 46
-14 29
15 18
80 40
65 25
70 18
93 26
-20 17
76 30
28 33
-20 37
84 41
86 15
88 50
13 15
-14 21
15 50
45 41
45 2
39 21
42 34
-12 28
8 7
-10 49
72 8
42 50
39 43
46 20
63 14
-9 29
-6 44
69 31
98 18
13 46
29 6
66 39
82 46
1 25
44 29
-6 8
24 19
90 42
-19 27
77 43
97 7
75 37
79 50
52 22
70 5
88 10
40 29
-5 35
-15 37
85 27
5 12
-4 2
38 18
94 12
-17 44
29 44
-18 9
20 44
97 38
-1 47
4 17
95 12
40 31
76 17
20 34
40 45
-10 3
57 12
89 20
12 32
37 22
16 37
80 26
26 25
97 43
79 13
77 36
79 45
77 3
-16 35
91 48
9 44
71 16
73 44
36 2
12 9
-10 37
69 44
72 34
12 19
51 44
14 12
-12 31
62 35
-16 28
-3 36
99 3
67 48
82 26
13 11
74 41
75 27
36 10
98 10
-9 46
48 37
51 34
17 38
21 38
56 48
11 47
49 19
3 49
73 26
-9 41
40 2
90 1
99 32
67 2
70 26
92 29
49 23
98 37
31 43
77 47
39 22
42 8
-4 8
64 44
21 17
38 19
69 40
71 15
91 3
70 8
-12 35
-3 5
80 24
-17 2
98 11
74 47
65 47
60 18
14 24
53 49
-18 21
-15 48
-7 9
-8 5
92 42
90 14
68 34
-9 18
54 27
56 10
-15 7
67 49
94 4
22 23
72 50
0 41
96 20
67 14
83 6
88 48
3 48
-13 29
54 1
-16 46
79 42
20 41
30 13
72 48
-16 50
98 49
44 22
81 26
71 30
21 45
28 38
86 22
86 33
97 49
-1 23
-1 45
70 38
39 24
66 18
31 20
54 29
44 27
18 44
26 35
11 34
96 15
-2 26
21 47
100 50
59 47
58 10
-18 24
74 36
74 24
31 34
38 15
-4 40
-11 40
59 14
93 15
27 2
-12 15
53 25
-19 40
28 9
51 47
64 8
62 34
45 43
56 43
42 32
97 45
-7 11
-19 27
0 19
63 28
-7 22
29 14
94 7
6 5
8 14
68 32
-12 46
13 44
71 34
56 2
45 50
91 43
50 49
4 4
52 39
93 6
78 31
79 14
4 36
77 26
41 21
69 17
2 27
-6 1
90 29
21 2
5 7
88 30
-7 28
46 1
86 6
27 8
10 24
-3 46
77 26
-9 28
91 29
97 24
93 42
96 42
73 24
96 30
72 21
-2 22
41 13
31 38
90 46
90 50
20 33
35 44
79 20
6 14
35 32
39 19
47 46
53 34
64 43
78 15
60 34
72 50
78 42
78 27
78 30
77 38
-17 33
43 5
-12 31
18 16
13 25
-10 24
23 21
-5 14
-10 9
87 28
25 7
57 22
42 34
-12 25
99 7
37 49
66 41
80 36
38 40
-8 21
1 16
79 36
67 19
35 47
28 27
-9 9
-1 14
34 23
67 18
99 37
31 47
0 5
38 25
11 1
-9 45
72 38
10 30
-7 36
-14 30
10 40
20 15
74 38
27 14
-9 25
78 6
82 2
70 31
3 42
36 48
85 33
15 30
18 48
63 43
-12 22
11 25
80 32
18 15
59 37
-7 48
43 19
61 19
11 49
-4 46
37 22
77 42
-13 21
11 23
-11 50
0 21
63 9
27 29
26 7
-12 10
55 28
18 46
12 27
24 15
-14 20
13 25
82 11
4 2
19 15
7 11
-9 12
58 22
76 35
50 17
13 26
38 46
67 41
77 32
65 26
8 8
73 46
85 35
55 33
16 32
64 5
26 7
68 1
-12 24
51 27
-8 2
85 8
-2 12
12 38
53 12
93 40
47 46
56 28
-13 6
69 29
68 47
9 3
54 42
57 44
17 2
40 38
43 46
-20 41
10 35
59 43
63 30
83 48
71 5
57 4
9 44
54 43
-2 43
77 13
71 16
13 1
77 32
3 49
56 3
10 34
-9 39
-10 33
90 5
14 10
97 8
97 49
24 47
71 30
62 33
40 41
10 15
86 14
18 14
-1 25
70 35
73 12
64 11
24 23
16 26
40 1
-13 14
34 8
-20 5
61 31
2 17
93 10
20 9
41 4
-19 27
55 11
53 12
38 48
81 2
97 40
70 3
99 37
94 22
78 4
38 6
3 32
36 47
-17 15
62 20
54 23
52 2
26 11
40 15
60 4
31 14
18 44
19 44
8 49
96 5
-5 2
87 48
71 27
64 49
40 5
57 10
23 5
76 18
35 49
85 42
59 1
7 29
78 3
72 1
67 31
-1 31
46 28
-19 9
-7 33
84 19
68 18
48 22
37 50
56 35
87 40
95 9
-7 9
39 8
7 25
17 46
-14 23
39 10
-18 48
57 37
17 31
75 28
-12 37
73 49
63 49
1 49
92 47
57 38
59 15
69 18
39 24
69 48
60 24
45 7
67 28
77 50
7 40
37 38
96 21
20 3
-6 31
96 16
69 24
27 23
15 27
58 3
74 30
74 29
13 29
49 18
55 32
94 25
61 22
89 30
71 41
46 39
-16 24
51 39
24 19
91 29
11 49
33 23
3 28
73 13
7 43
46 42
60 10
95 28
39 25
6 42
3 30
-1 28
9 13
47 5
72 38
90 9
36 44
93 17
41 48
92 9
-2 46
54 9
42 14
1 48
-5 1
43 35
-4 47
-16 49
3 5
34 17
52 45
74 15
31 35
87 8
89 38
-6 47
12 28
38 32
95 5
60 21
11 1
56 13
96 48
60 4
75 42
78 5
48 32
-9 28
67 13
93 42
-12 29
-15 40
-12 24
46 33
-10 25
-8 3
50 32
89 50
17 27
-14 37
40 19
-1 36
5 11
40 20
97 21
25 20
27 32
75 29
68 40
14 38
97 2
62 15
78 4
13 25
-12 9
1 22
41 32
45 20
40 39
77 22
-16 20
82 31
23 46
-15 16
24 22
87 44
59 6
68 29
80 6
85 41
94 21
-7 44
21 28
23 40
63 43
59 24
60 1
48 25
97 22
53 16
8 37
21 37
23 4
1 42
-17 30
-14 16
99 44
59 43
70 30
76 20
32 31
38 9
66 35
89 3
-10 20
38 34
-16 1
67 29
67 39
58 37
85 4
71 23
69 13
66 28
25 12
87 32
-8 49
84 44
100 4
-12 9
85 22
57 21
32 4
77 32
56 40
48 12
100 2
31 34
13 35
94 40
38 13
75 47
88 3
20 45
52 5
1 18
61 36
54 8
22 13
93 23
74 6
68 24
-8 21
92 49
42 49
47 35
58 10
13 19
96 23
18 5
65 25
63 50
-7 48
81 12
44 35
95 26
1 33
-9 40
31 35
90 1
70 50
-13 46
62 23
29 43
18 6
25 30
71 9
61 45
37 23
82 21
50 41
35 23
35 39
89 50
80 28
18 9
10 11
14 37
83 1
75 47
84 16
41 33
4 16
32 42
34 21
17 35
29 29
91 28
100 38
20 29
59 11
-12 18
-14 20
17 13
71 7
78 41
22 25
36 34
24 37
27 21
48 25
57 44
4 47
57 45
-8 2
9 36
0 42
68 3
34 31
89 42
85 1
93 43
15 23
38 47
70 12
54 47
-15 37
-7 44
29 50
-15 22
4 38
9 19
49 37
42 8
-2 28
75 3
19 41
47 18
4 29
55 36
19 18
15 24
29 34
-18 37
18 49
-3 47
93 26
67 20
80 11
-20 38
-7 6
56 13
42 33
61 45
84 38
38 47
-18 41
36 47
82 29
48 46
4 22
76 11
45 40
59 26
62 34
61 43
81 43
85 1
68 13
90 43
-1 41
4 11
78 47
84 18
55 18
99 41
1 28
30 9
35 26
14 12
93 43
99 21
18 19
20 6
97 1
8 9
15 14
86 27
34 4
8 45
93 20
9 40
-11 7
20 37
28 50
52 9
34 17
7 25
20 40
13 20
99 37
92 37
-20 27
-19 7
33 38
71 40
-7 25
91 46
-14 1
30 26
9 31
93 34
-15 42
78 8
41 4
-19 25
66 41
52 40
17 48
99 6
12 39
70 16
55 38
54 2
68 43
45 14
31 46
58 29
70 35
24 6
-12 25
58 30
39 39
-9 2
-13 3
81 3
21 7
22 39
68 16
92 46
21 27
-3 10
56 5
61 26
66 23
4 3
87 49
7 25
96 28
47 41
58 21
19 38
93 43
16 18
-17 7
0 46
44 39
-16 41
6 3
49 29
37 21
66 10
92 12
69 6
33 21
17 20
20 19
79 1
34 39
43 4
8 15
98 13
73 49
-18 28
89 29
30 4
71 44
45 7
-4 19
17 26
-8 1
4 47
75 48
-3 28
69 27
-19 13
56 21
97 21
74 1
-16 37
40 36
70 35
-11 32
-8 50
93 1
-13 14
65 44
-5 30
38 28
90 38
96 25
84 9
40 5
87 49
51 34
79 46
73 26
8 24
-9 6
53 42
8 9
74 33
11 50
-13 42
17 30
-17 47
15 15
13 9
46 1
-1 49
15 23
46 33
25 27
69 2
25 18
37 49
5 14
58 22
54 19
-16 15
78 21
59 40
51 4
8 27
87 20
80 12
57 28
-4 7
54 12
-18 25
-12 34
10 36
7 27
2 27
100 9
-8 41
-14 30
98 34
43 15
-3 17
89 20
83 39
52 17
5 26
-9 43
76 44
73 50
64 4
8 24
34 44
63 43
-14 42
-19 46
45 24
-3 41
46 2
12 15
39 32
96 16
1 5
22 24
11 44
14 43
37 10
35 17
66 3
32 17
-12 40
72 29
27 22
83 46
34 10
53 23
58 48
32 7
95 5
25 29
3 41
13 7
-11 4
53 23
56 27
22 49
73 48
-13 42
2 4
84 33
-3 23
60 48
-20 21
98 25
67 34
82 9
89 28
86 15
84 11
92 28
-18 9
-7 46
61 13
44 24
81 31
61 48
30 49
21 37
-10 19
92 13
-7 15
77 9
73 17
32 42
24 50
-1 48
39 2
21 44
61 11
100 3
95 9
40 22
74 25
-18 1
13 4
19 41
32 29
-11 23
35 30
-4 14
7 30
64 47
32 48
72 17
74 49
73 40
30 3
88 47
29 21
8 49
87 43
31 1
77 33
97 32
-17 23
78 5
15 22
95 47
9 9
80 4
-14 14
74 12
-19 47
95 41
35 26
-20 7
27 26
-17 21
31 3
91 28
12 26
0 18
12 34
61 44
63 26
22 22
-16 37
81 47
-9 16
11 1
80 29
-7 35
9 44
94 3
57 32
38 27
8 23
8 37
-19 28
-10 34
59 37
-16 8
99 29
36 38
56 47
-20 36
30 14
-6 17
24 11
47 21
5 1
99 47
67 37
-13 7
13 28
52 12
-4 39
23 19
13 44
56 24
-2 44
-14 41
-18 44
-6 22
8 9
92 28
84 19
73 22
64 18
4 29
54 10
32 32
61 44
42 22
12 28
55 39
78 20
49 11
3 15
51 9
22 19
78 49
63 10
61 20
100 38
-14 27
-4 42
-20 42
-6 4
46 45
-7 24
5 48
47 39
97 45
58 9
8 7
35 44
78 44
37 40
33 49
43 23
26 19
-10 31
55 20
16 44
45 37
89 12
-11 22
2 20
12 47
27 3
48 44
48 47
-6 2
-4 13
85 11
21 47
100 22
65 50
-9 25
-2 19
-17 28
16 7
76 44
55 43
3 25
14 26
-4 30
-17 17
87 43
89 48
12 50
90 41
5 7
13 44
-11 9
98 31
-1 26
11 40
15 34
12 46
24 18
57 43
21 35
85 19
18 12
-12 39
-11 43
65 49
68 5
43 14
34 14
55 10
0 28
5 6
31 20
1 36
-19 11
59 48
95 19
64 23
14 38
1 34
28 35
37 50
78 19
-7 24
43 7
-16 11
-2 8
61 35
99 41
83 40
54 2
89 16
37 17
16 50
-5 12
94 22
50 41
67 40
83 16
4 45
6 42
10 48
-18 32
0 21
75 8
84 33
23 7
97 30
25 25
-6 48
87 32
50 20
95 44
2 35
29 24
-15 38
81 39
30 38
-13 18
41 34
-9 28
67 17
85 3
60 25
26 42
59 5
95 19
34 18
53 26
-7 26
-20 29
71 42
-2 31
80 3
20 19
97 40
38 3
-3 20
68 25
62 23
3 11
5 7
84 23
98 37
91 8
56 5
-14 23
63 28
53 13
24 22
67 40
99 45
61 18
100 11
43 6
14 40
6 24
-14 45
70 16
-15 19
77 28
-17 9
26 30
-13 9
93 22
24 24
36 18
55 26
39 37
65 25
50 24
68 45
79 35
63 25
22 2
69 38
48 24
26 34
97 10
6 31
-16 3
36 26
58 38
79 24
-20 19
88 19
66 38
34 4
65 27
3 6
63 30
16 39
6 8
0 29
55 32
50 6
77 27
-20 14
90 46
78 1
97 19
75 45
58 16
68 42
60 33
39 46
23 15
19 34
24 46
41 13
43 24
50 20
-4 6
8 1
10 30
60 4
5 32
60 37
45 48
28 20
51 28
57 48
94 7
63 36
37 47
21 14
43 11
19 42
46 36
72 6
47 36
67 31
-17 47
41 16
37 12
69 28
56 10
97 23
-7 43
81 30
33 27
41 22
73 23
-17 11
-8 42
16 26
89 45
9 15
98 36
52 32
68 6
26 1
30 10
75 26
-19 47
37 11
41 42
16 11
29 39
-7 27
-18 36
-12 46
-1 46
65 20
50 30
17 21
98 6
85 34
70 30
61 22
6 45
32 10
60 9
39 42
62 27
9 23
19 17
0 28
6 40
28 40
17 36
23 46
70 44
29 49
48 48
86 31
97 1
67 45
11 20
77 11
-7 1
35 43
12 12
47 16
20 12
20 39
22 36
79 41
82 31
5 24
33 19
44 3
-19 5
16 6
70 34
-6 30
16 34
76 50
-19 39
-15 11
27 32
-6 38
14 1
15 5
1 24
40 30
78 49
68 14
71 30
23 36
72 10
82 37
77 10
36 41
24 33
77 21
11 8
-13 31
84 35
66 7
53 27
-17 47
-17 3
42 11
78 11
78 17
76 23
17 13
72 43
-7 5
51 18
-3 17
44 40
23 40
31 22
68 19
49 30
67 16
81 14
26 11
48 48
33 13
56 41
66 27
-18 50
96 40
59 29
24 17
80 37
-13 49
30 27
19 1
100 15
68 30
52 17
3 42
41 28
85 20
25 12
-13 39
97 48
75 13
12 31
74 32
95 18
19 34
97 22
48 12
22 5
78 2
94 47
33 29
-12 39
-14 23
46 33
-12 48
66 40
12 3
-3 31
5 2
96 30
1 29
7 41
8 5
58 8
24 38
62 11
-10 19
65 47
94 8
58 39
79 12
-17 36
29 7
-2 5
83 5
30 30
21 50
3 39
5 39
44 45
89 14
8 32
6 8
11 47
55 39
93 27
-4 6
43 20
-15 18
19 6
-10 5
82 39
10 35
28 27
96 18
32 31
11 32
41 48
87 25
12 35
88 21
34 10
-9 48
44 35
14 12
63 12
53 32
40 24
80 37
44 48
96 15
-8 28
23 50
-17 50
95 30
23 21
46 34
60 15
91 9
44 20
73 30
-20 28
18 30
-15 49
63 39
93 8
19 4
60 48
-6 24
68 39
37 44
50 32
0 47
85 31
28 33
28 15
9 11
39 25
36 15
79 23
81 43
9 27
68 35
13 35
-6 3
-6 16
62 5
46 29
59 17
77 30
87 27
96 19
9 16
65 29
84 6
39 39
-19 24
77 4
53 48
35 22
14 11
32 25
-12 41
-9 36
25 6
96 38
30 41
12 19
20 47
50 5
100 20
63 9
-17 1
75 4
92 31
1 30
55 20
34 47
97 42
20 20
4 36
-17 35
-4 15
7 3
90 40
9 32
33 31
-5 9
3 38
22 31
-9 39
43 9
30 36
89 20
-10 18
97 11
26 7
62 43
35 7
82 7
-15 1
13 30
2 32
93 35
96 38
39 39
45 36
91 36
83 15
-20 32
5 48
-19 42
31 9
18 1
17 45
12 26
-6 18
-12 9
24 47
78 38
94 6
7 23
-1 19
82 26
-14 1
71 35
30 13
89 33
82 26
27 10
16 15
-8 44
9 40
16 21
87 47
45 2
33 45
31 27
41 29
1 2
54 26
82 27
-19 29
-4 11
65 6
97 10
19 50
93 40
26 45
95 8
49 36
-12 9
43 21
80 49
87 6
-3 19
79 39
66 22
0 28
50 48
34 10
48 17
0 1
-12 34
3 45
90 9
1 48
22 12
65 28
93 6
13 49
-8 22
26 39
23 34
51 17
56 12
65 38
71 35
25 26
6 24
59 4
74 41
20 38
76 32
87 1
73 36
63 35
-7 42
-12 21
10 47
10 14
97 26
76 27
-6 1
-14 36
44 34
69 6
35 49
83 1
46 32
66 43
66 38
47 9
87 22
75 42
91 23
-20 50
31 2
34 28
63 19
22 12
97 24
14 24
60 36
74 12
50 39
21 23
35 22
13 5
2 20
24 40
49 15
30 26
50 38
-3 45
58 25
71 43
40 1
92 15
5 37
42 25
-19 34
56 48
61 43
18 16
14 25
97 43
84 40
79 25
15 49
9 44
35 9
9 40
-1 11
14 11
86 42
83 25
100 18
50 12
97 35
35 6
61 10
67 18
7 5
81 31
-8 29
98 17
5 1
10 42
74 18
67 9
73 25
95 6
62 40
12 45
-12 28
76 10
8 7
91 9
-19 41
82 11
44 41
52 44
80 28
4 26
53 43
70 12
79 2
32 5
40 40
79 6
43 14
100 35
51 27
7 33
13 21
2 50
-19 10
58 48
5 36
82 34
48 40
55 27
6 24
95 8
50 6
72 2
27 47
91 31
73 32
90 46
25 16
62 28
31 16
95 18
39 20
29 30
41 41
97 26
73 38
20 44
93 37
21 39
88 32
7 36
7 10
46 7
50 27
65 5
88 4
70 41
27 42
-6 29
77 24
59 12
56 4
34 21
79 50
46 42
44 26
33 40
0 10
67 45
72 12
-5 1
61 20
36 43
92 10
84 37
57 50
59 48
42 17
69 4
57 23
12 44
33 14
78 1
28 45
94 10
43 32
74 36
11 22
54 23
86 5
73 15
66 36
83 36
83 20
44 1
97 45
14 9
12 48
92 46
-15 28
55 49
72 22
60 1
14 7
-6 37
27 34
50 22
52 44
77 32
12 40
32 26
11 18
-15 46
59 49
70 1
50 18
99 39
36 17
2 31
49 37
38 35
59 37
6 22
70 12
98 37
85 6
57 45
96 24
89 16
95 48
8 25
37 12
0 27
17 10
90 1
65 30
11 17
56 48
75 45
-15 19
87 6
60 25
28 32
20 38
10 46
95 22
75 18
73 32
19 21
79 16
-16 38
67 28
10 17
-4 22
89 23
95 19
0 34
24 27
12 7
24 12
-10 10
-15 50
-7 15
-3 35
49 48
24 8
90 14
96 31
19 35
33 26
89 18
-12 8
18 23
21 29
-12 46
57 41
43 41
86 40
92 3
2 38
87 12
90 7
96 48
-8 22
43 43
10 26
100 23
29 44
2 42
1 29
11 2
76 22
30 26
80 40
89 49
55 15
96 30
81 43
84 48
86 16
29 25
-15 47
61 41
62 33
76 50
39 33
99 27
85 12
52 5
34 25
70 30
-8 16
27 22
42 5
89 5
22 35
62 49
87 11
95 35
10 32
75 49
39 43
33 10
-4 38
7 15
15 14
11 43
51 2
63 27
80 33
50 17
-3 31
71 38
-1 28
41 8
5 44
-2 31
38 7
17 11
28 10
24 27
59 8
-14 33
62 16
14 41
94 27
76 43
48 28
-2 12
42 37
-11 40
-14 46
43 4
91 38
23 8
67 48
17 50
32 14
91 46
4 31
-7 27
85 49
59 11
70 29
37 41
57 41
85 7
52 2
7 39
98 9
56 29
-15 7
68 39
96 45
99 32
55 16
27 5
90 26
8 36
67 49
25 17
2 30
84 19
44 16
64 19
-9 49
49 17
50 35
61 2
7 6
0 66
1 16
1 77
1 57
1 13
1 90
2 81
2 49
2 78
2 21
3 96
4 41
4 73
4 58
4 75
4 28
5 78
5 64
5 8
5 39
5 20
5 70
6 22
6 100
6 23
6 40
6 7
7 35
7 95
7 51
7 15
7 66
8 27
8 19
8 87
8 89
8 59
9 20
9 78
9 67
9 82
10 100
10 54
10 46
11 65
11 71
11 68
11 36
12 75
12 57
13 45
13 65
13 99
14 71
15 110
15 54
15 16
17 52
18 42
18 101
18 25
18 91
18 37
19 54
19 97
19 101
19 39
19 20
20 88
20 78
20 104
20 34
21 94
21 99
21 111
22 64
22 62
23 63
24 46
24 40
24 33
24 51
25 100
26 69
26 93
27 122
27 120
27 98
27 36
27 103
28 104
28 74
29 35
29 53
29 44
29 37
30 57
30 125
31 78
31 68
31 39
32 71
33 76
33 81
35 106
35 127
35 82
36 76
36 117
36 59
37 72
38 95
38 114
38 82
38 116
39 102
39 61
39 62
39 81
39 85
40 98
41 52
41 75
42 79
42 49
42 130
42 62
43 111
44 132
44 134
44 64
44 70
44 62
44 80
44 87
45 106
45 104
45 97
45 138
45 115
46 57
47 55
47 81
47 110
47 61
48 67
48 89
48 128
48 98
48 112
48 131
49 124
49 144
49 100
49 132
49 115
50 87
50 76
51 62
51 82
51 111
51 102
52 134
52 116
52 91
52 113
53 60
53 126
53 141
53 57
54 131
54 147
54 80
54 86
55 87
56 85
56 132
57 61
57 66
57 91
57 117
58 63
58 100
58 101
58 103
58 146
59 75
59 116
60 87
60 62
61 95
61 141
61 74
62 118
63 142
63 102
63 64
64 131
65 70
65 148
65 139
66 76
66 131
67 144
67 130
67 127
67 152
67 141
68 141
68 126
68 120
68 152
68 160
68 133
69 84
69 133
69 82
70 104
70 129
71 83
71 130
72 126
72 97
72 139
73 135
73 94
73 153
73 151
74 137
74 168
75 81
75 158
76 137
76 160
76 151
76 172
77 113
77 129
77 103
77 119
77 85
77 128
78 156
78 106
78 141
79 162
80 112
80 143
80 120
80 98
81 119
82 178
82 100
83 91
83 107
83 132
84 90
84 119
85 136
86 151
86 142
86 130
87 115
87 183
87 94
87 157
88 111
88 174
90 153
90 132
90 110
90 139
90 92
91 163
91 172
92 178
93 112
93 169
93 126
94 159
94 132
94 149
95 113
95 100
95 140
96 137
96 134
96 116
97 153
97 170
97 165
97 126
97 164
97 101
97 114
98 174
98 121
98 171
98 189
98 138
98 181
99 141
100 170
101 132
101 110
102 150
102 145
102 104
103 191
103 118
103 128
103 198
104 114
105 130
105 141
105 137
105 159
107 138
108 177
108 154
109 192
109 177
109 128
109 157
109 131
110 156
110 137
111 207
111 177
111 128
111 160
112 154
112 171
112 202
112 159
112 119
112 191
113 198
113 164
113 180
113 176
114 164
114 210
114 122
115 161
116 196
116 186
116 163
116 158
116 195
117 145
117 187
117 163
117 144
117 207
118 145
118 123
119 129
119 193
119 164
120 159
120 190
121 172
121 200
121 157
122 155
122 198
122 194
122 145
122 181
122 180
122 188
122 210
122 135
123 210
123 199
123 138
124 129
124 173
124 178
124 197
125 187
125 213
125 189
126 128
126 214
127 182
127 151
127 190
127 216
127 143
127 205
128 149
128 206
129 222
129 184
129 143
129 218
130 195
130 193
130 219
130 152
130 153
130 198
131 181
131 140
131 208
132 148
132 189
132 141
132 198
132 182
132 223
132 136
132 174
133 187
133 178
134 139
134 208
134 144
135 184
135 186
135 229
135 192
136 171
136 184
136 194
137 157
137 168
137 218
137 177
138 198
138 222
139 232
140 198
140 152
141 197
141 146
141 156
141 162
142 160
143 214
143 182
144 194
144 171
144 216
144 220
144 161
145 149
145 228
146 147
146 150
146 199
146 169
146 233
147 154
147 171
147 233
148 203
149 170
149 180
149 210
149 186
149 197
150 214
150 182
150 163
150 226
151 236
151 225
151 197
151 218
151 200
151 217
151 173
151 208
152 188
152 177
152 181
152 154
153 186
153 233
154 209
154 198
154 207
154 228
155 198
155 239
155 166
155 177
156 219
156 170
157 181
157 196
157 228
158 168
158 252
159 226
161 183
162 175
162 246
162 185
162 169
163 173
163 258
164 197
164 233
164 249
164 239
165 190
165 189
166 226
166 169
167 251
167 199
167 181
168 255
169 188
169 202
171 206
171 209
171 181
171 224
171 221
171 244
172 234
172 206
173 179
173 234
173 254
174 223
174 218
174 246
175 240
175 260
175 241
175 262
175 243
176 205
177 256
177 265
177 257
177 271
177 263
177 228
178 251
178 255
178 260
179 257
179 211
180 210
180 225
180 251
181 247
181 274
181 195
182 274
182 268
182 205
183 184
184 204
184 197
184 200
184 209
184 237
184 276
185 208
185 251
185 278
185 193
186 240
186 203
186 233
187 236
187 211
187 270
188 229
189 233
190 191
191 284
191 255
191 278
191 267
191 285
192 281
192 263
193 220
193 270
193 283
194 246
194 273
194 225
194 239
195 209
195 278
195 233
195 273
195 250
195 216
195 263
195 239
196 201
196 260
196 230
196 228
196 221
197 233
197 248
197 250
198 232
198 273
199 286
199 235
199 231
199 273
200 234
200 216
200 232
200 243
201 297
201 291
202 219
202 218
203 236
203 288
203 225
204 225
205 259
205 281
206 247
206 277
206 300
206 292
206 218
206 232
206 284
207 235
207 299
207 243
208 249
209 270
209 274
209 302
210 289
211 266
211 213
211 254
211 269
211 228
211 302
212 237
212 293
213 272
213 236
213 217
214 245
214 219
214 256
214 277
214 265
215 240
215 292
215 283
215 236
216 309
216 312
216 286
216 304
217 258
217 285
218 220
219 220
219 227
219 234
220 277
220 301
220 268
220 243
221 256
221 272
222 280
224 285
224 275
224 316
225 269
225 313
225 234
225 297
226 245
226 258
226 262
227 282
228 250
228 276
228 304
229 251
229 275
230 290
230 309
230 321
230 232
231 233
231 246
231 277
231 313
231 249
232 323
232 254
232 253
232 275
233 267
233 258
233 259
233 242
233 284
233 327
234 323
234 285
235 254
235 251
235 268
235 260
237 282
237 270
238 325
239 330
239 314
239 261
240 252
240 299
241 300
241 329
242 268
242 274
242 335
242 256
243 292
243 277
243 250
243 302
243 252
244 245
244 279
245 249
245 268
246 335
247 297
247 328
247 296
247 250
247 335
247 343
248 283
248 271
248 306
248 343
249 266
249 333
250 331
250 297
251 324
251 316
251 293
253 323
253 311
253 344
253 308
254 338
255 333
255 273
255 290
255 276
256 314
256 332
256 284
256 303
257 292
258 302
258 352
259 327
259 348
259 318
260 314
260 328
261 283
261 315
261 308
262 357
262 284
262 268
263 319
263 328
263 271
263 346
264 350
264 297
264 289
264 330
264 283
264 311
265 288
265 322
265 324
266 333
266 303
267 273
267 289
267 305
267 317
268 324
268 354
269 336
269 324
269 308
270 304
270 280
270 338
270 359
270 282
271 298
271 275
271 338
272 308
272 334
272 305
272 368
274 306
274 308
275 303
275 287
275 328
276 317
276 314
276 300
276 305
276 294
276 353
276 279
277 334
277 308
277 345
277 350
277 299
278 339
278 349
278 315
278 307
279 312
280 349
280 293
280 361
281 326
281 377
282 355
282 325
283 309
283 313
284 314
284 380
285 293
285 322
286 369
286 336
286 359
286 332
287 312
287 309
287 332
288 360
288 379
289 360
290 314
290 375
290 292
291 384
291 370
291 318
291 383
291 294
292 369
292 352
292 344
292 316
292 388
292 319
293 306
293 381
293 384
294 378
294 323
294 381
294 357
294 339
296 354
296 318
297 325
297 359
298 319
298 308
298 374
299 351
299 312
300 355
300 388
300 344
300 323
301 343
301 306
301 331
301 358
301 326
301 323
301 333
301 383
302 386
302 351
303 390
304 366
304 340
304 322
304 328
304 339
305 314
305 387
305 323
305 320
305 343
306 342
306 390
306 321
306 338
307 336
307 362
307 320
308 373
308 397
308 377
309 400
309 351
309 398
309 357
309 333
310 356
310 359
310 361
311 386
311 337
312 388
312 322
312 399
313 389
313 409
313 330
313 405
314 381
314 380
314 347
314 358
314 328
315 359
315 364
316 386
317 356
317 408
317 349
318 353
318 335
318 345
318 398
318 409
319 357
320 348
320 405
321 382
321 397
321 358
321 363
321 339
321 416
322 406
322 331
322 412
322 385
322 413
322 403
323 414
324 389
325 369
325 363
325 353
325 343
325 414
325 418
325 366
326 371
326 372
326 362
326 387
326 409
327 340
327 392
327 387
327 375
327 422
327 402
327 405
328 424
328 396
328 415
328 416
329 345
329 412
329 371
330 413
330 395
330 355
331 370
331 338
331 425
331 356
331 418
332 338
332 373
332 410
332 369
332 364
333 429
333 406
333 363
335 394
336 378
336 369
336 423
336 357
337 360
337 348
337 373
337 423
337 359
337 408
338 411
338 417
338 350
338 366
338 357
339 349
339 366
339 419
339 409
339 393
340 342
340 386
340 344
340 423
340 362
340 352
340 399
340 363
341 380
342 423
342 366
342 430
342 381
343 351
344 395
344 359
345 426
346 364
346 383
346 440
347 399
347 371
348 438
348 426
348 389
349 365
349 386
349 363
349 439
349 411
350 374
350 400
350 360
350 368
351 429
351 393
351 418
351 388
352 371
352 367
352 378
352 423
353 432
353 440
353 381
354 425
354 374
354 376
355 414
355 415
355 448
356 452
356 358
356 411
357 408
357 377
357 425
357 397
357 395
358 374
358 438
358 454
358 450
358 446
359 452
359 432
359 420
360 386
360 411
360 449
360 415
360 434
361 409
361 399
362 408
362 427
362 417
363 455
363 376
363 399
364 369
364 376
365 441
365 456
365 451
366 428
366 448
367 460
367 424
367 378
368 421
368 420
368 460
368 380
369 456
369 381
369 386
370 408
370 422
371 407
371 400
371 403
371 439
372 403
373 460
374 439
374 462
374 443
374 398
374 432
376 463
376 448
376 400
376 457
377 406
377 473
378 472
378 469
378 448
378 461
379 469
379 401
380 382
382 453
382 426
382 395
383 384
383 462
383 475
383 455
384 414
384 387
384 434
384 402
384 427
384 409
384 404
385 393
385 470
386 448
386 414
388 446
388 442
388 392
389 434
389 482
389 455
389 426
390 465
390 469
390 393
390 447
390 435
390 439
390 408
390 421
391 452
391 471
392 407
392 399
392 475
392 415
392 406
392 454
393 415
393 470
394 457
394 445
394 401
394 424
395 415
395 459
396 400
396 465
396 484
396 440
396 446
396 429
397 449
397 443
398 461
398 469
398 450
398 474
398 455
398 473
398 400
401 448
401 424
401 479
401 485
402 440
402 480
403 483
403 488
404 405
404 444
404 423
405 479
405 427
406 460
407 484
407 494
407 468
408 465
408 430
408 466
408 414
409 499
409 468
410 481
410 457
411 439
411 463
412 476
412 477
412 486
413 444
413 447
414 503
414 452
416 433
416 446
416 427
417 441
417 464
417 467
418 469
418 459
419 497
419 464
420 506
421 487
421 447
422 508
422 515
422 470
423 489
424 467
424 466
424 450
424 505
424 435
425 448
425 521
425 472
425 430
426 450
426 495
426 508
427 467
427 476
428 436
428 502
428 490
429 504
429 479
430 447
430 445
431 465
431 482
431 483
431 468
431 470
432 522
432 511
432 470
433 458
433 471
433 452
433 480
434 447
435 498
435 503
436 460
436 468
436 479
436 478
436 454
438 506
439 478
439 460
440 495
440 521
441 483
441 499
441 503
442 467
443 449
443 473
443 501
443 516
444 538
444 504
444 454
444 446
444 509
445 535
445 467
445 482
445 515
445 481
445 522
445 530
445 507
446 468
446 515
446 461
446 520
446 529
447 452
447 454
447 519
447 500
447 538
447 475
448 449
448 478
448 507
448 516
449 519
449 510
449 481
449 459
449 458
450 451
450 529
451 496
451 517
451 501
452 468
452 547
453 486
453 483
453 521
453 470
454 547
455 529
456 464
456 472
457 484
457 478
457 518
457 474
457 509
457 537
457 517
458 486
459 470
459 474
459 479
459 535
459 541
459 499
460 493
461 518
461 517
462 505
462 502
462 472
462 480
462 491
463 520
463 521
464 545
464 480
464 506
465 548
465 517
465 539
466 486
466 545
466 522
466 542
467 515
467 484
468 525
468 520
468 562
468 535
469 554
469 565
469 513
470 475
470 551
470 480
470 495
471 499
471 519
472 473
472 497
472 476
473 489
473 512
474 523
475 567
475 515
475 544
475 540
475 488
476 529
477 520
477 503
477 483
477 568
478 519
478 557
478 538
479 551
479 545
479 539
480 533
480 530
481 551
481 490
481 573
481 569
481 488
481 533
481 567
481 487
481 492
481 564
482 547
482 532
482 556
483 511
483 567
484 562
484 569
484 567
484 501
485 563
485 512
485 550
485 548
485 498
486 545
486 577
486 534
486 565
487 525
487 518
487 574
487 554
488 504
488 538
489 532
490 536
490 570
490 575
490 510
490 520
490 524
490 579
490 567
491 555
491 587
491 498
492 547
492 537
493 532
494 503
494 547
494 551
494 548
494 520
495 548
495 559
495 519
495 543
496 559
496 530
497 572
497 499
497 549
498 530
498 567
499 559
499 530
499 565
500 540
500 567
500 510
500 584
500 503
501 526
501 550
501 574
502 596
502 583
502 556
504 586
504 552
505 548
506 592
507 559
507 572
507 511
507 527
508 567
508 559
509 521
509 539
509 555
509 601
510 558
510 597
511 519
512 538
512 526
513 528
513 596
513 588
513 568
514 546
514 598
514 571
515 541
515 586
515 548
516 607
517 551
517 524
517 576
517 566
517 527
518 608
519 549
520 527
520 605
520 551
521 572
522 549
523 543
523 592
523 570
523 560
524 545
524 569
524 534
524 549
524 547
525 532
525 604
525 601
527 598
527 556
527 599
527 547
528 549
528 587
529 547
529 562
530 588
530 577
530 537
530 545
530 534
531 594
531 543
531 620
531 557
532 578
532 584
533 595
533 542
533 571
533 574
534 535
535 609
535 625
535 592
536 553
536 566
536 538
537 540
537 554
538 552
538 546
539 594
539 586
539 625
540 583
540 548
540 624
541 612
541 625
542 616
542 588
542 635
543 563
543 591
544 629
544 588
544 597
544 630
544 625
544 631
545 617
546 640
546 632
547 612
547 614
548 631
548 607
548 616
549 615
549 558
550 639
550 591
550 584
550 634
550 581
551 610
551 592
552 586
552 612
554 620
554 625
555 613
556 579
557 609
557 649
557 598
558 649
558 594
559 595
559 605
559 600
559 565
560 586
560 616
561 647
561 571
561 580
562 602
562 597
562 629
563 632
564 577
564 597
564 579
564 608
565 589
565 610
566 569
566 567
566 637
567 617
568 601
568 606
569 645
569 610
570 610
570 630
571 576
571 640
571 589
571 662
572 608
572 598
572 614
572 595
573 629
573 603
573 660
574 632
574 605
575 578
575 596
575 655
575 644
575 656
575 614
577 602
577 647
577 637
577 621
578 607
578 594
579 668
579 672
579 660
579 618
579 582
579 583
580 659
580 670
580 639
580 627
580 667
581 618
581 631
582 646
582 660
582 601
582 619
584 633
584 675
584 615
584 656
584 638
585 628
585 602
585 667
586 593
586 677
586 615
586 659
586 601
586 599
586 604
587 644
587 616
587 613
588 624
589 664
589 655
589 676
590 657
590 597
591 604
591 594
592 615
592 666
592 674
593 680
593 612
593 644
593 657
593 611
595 670
596 674
597 635
598 685
598 616
598 665
598 607
599 633
599 691
599 651
599 629
600 691
601 633
601 667
601 624
602 672
602 652
602 611
603 685
603 682
603 609
603 642
604 645
604 623
604 636
605 606
605 683
605 651
606 662
606 685
606 687
606 689
607 634
607 643
607 696
607 648
608 613
609 629
609 637
611 614
612 674
612 686
612 622
612 625
614 702
614 622
614 664
615 653
615 690
615 693
616 691
616 638
616 687
617 622
618 673
618 708
618 712
618 659
619 631
619 693
619 662
620 631
620 642
621 674
621 631
621 695
621 658
622 676
622 691
623 638
623 674
623 702
623 629
623 698
623 714
624 713
625 630
625 670
625 672
626 710
627 662
627 716
627 703
629 647
630 673
630 712
630 713
630 671
631 702
631 648
631 710
631 693
632 667
632 677
633 651
633 681
633 638
633 646
636 698
636 682
636 727
636 716
637 670
637 692
637 678
637 710
638 709
638 672
638 710
638 668
638 685
638 727
639 712
639 654
639 648
640 656
640 716
641 716
641 705
642 707
642 689
642 658
642 693
642 729
643 691
643 700
643 690
643 715
643 737
644 689
644 661
644 739
645 648
645 662
645 692
645 651
645 703
646 712
646 665
646 677
646 654
647 665
647 696
647 682
647 712
647 685
648 657
648 733
648 668
649 669
649 719
649 652
649 743
649 739
649 656
650 719
650 694
651 683
651 684
652 658
652 710
652 721
652 680
652 656
653 666
653 723
654 686
654 726
655 751
655 716
656 690
656 670
656 752
656 665
656 700
657 729
657 753
659 730
659 670
660 713
662 671
662 714
662 731
663 740
664 737
664 707
664 705
664 753
664 721
665 683
666 685
666 755
667 677
667 675
667 685
667 762
667 669
667 697
668 681
668 730
668 699
668 737
668 688
669 670
669 732
669 690
669 736
670 752
670 748
670 766
670 700
670 730
670 719
671 702
671 696
671 695
671 692
672 710
673 750
674 745
674 738
674 717
674 736
674 754
676 679
676 733
676 712
677 727
677 740
677 694
677 722
678 723
678 770
678 696
678 753
678 701
679 729
679 753
679 771
681 692
681 707
682 778
683 714
683 695
683 702
683 779
683 718
683 690
684 724
684 745
685 725
685 726
686 688
687 761
687 781
687 708
688 763
688 764
688 700
688 737
689 749
689 729
689 782
689 769
690 694
690 745
690 748
691 699
691 737
691 775
692 788
693 786
693 746
693 760
693 698
694 779
694 743
694 756
695 788
695 774
695 712
695 751
695 709
697 715
698 718
698 786
698 774
699 712
699 758
699 781
699 706
700 717
700 703
700 726
701 730
701 766
702 711
703 729
703 770
705 749
706 707
706 798
706 725
706 777
707 803
707 718
707 795
707 780
707 779
707 763
707 773
708 785
708 749
708 793
709 759
710 762
710 794
710 778
711 783
711 715
711 719
712 800
712 790
714 749
714 755
714 807
714 757
715 775
715 772
716 777
716 727
716 740
717 751
717 761
717 769
717 788
718 795
718 749
718 732
718 729
719 800
719 756
719 757
719 741
720 769
721 814
721 757
721 797
721 753
721 726
721 758
722 757
722 736
722 787
723 785
723 756
723 764
724 756
724 790
724 809
724 729
724 775
724 735
725 784
726 730
727 736
728 787
728 812
729 744
729 803
730 781
730 789
730 736
730 778
730 790
730 807
731 758
731 787
732 733
732 825
733 793
733 801
733 740
733 756
734 766
734 750
734 821
735 819
735 775
736 778
736 748
736 741
737 787
737 807
737 769
738 797
738 746
738 786
738 760
738 741
738 777
738 761
740 828
740 804
740 800
740 767
740 833
741 783
741 833
741 820
741 753
741 787
742 773
742 800
742 817
742 771
743 816
743 801
743 745
744 767
744 790
744 750
744 832
744 783
745 804
745 778
747 787
747 783
747 774
747 825
748 777
748 814
748 769
748 811
749 829
749 834
750 778
750 755
750 797
750 786
751 816
751 837
751 771
752 804
752 788
752 832
752 839
752 815
752 803
752 844
754 785
754 849
754 820
754 832
754 846
754 835
755 836
756 760
756 821
757 791
757 824
757 847
758 825
758 832
758 766
759 783
760 786
760 836
760 816
760 799
761 766
761 822
761 855
761 785
762 806
762 851
762 841
763 785
763 796
764 845
764 834
764 829
764 815
764 802
764 775
764 778
764 780
765 855
765 811
765 802
766 782
766 845
766 793
766 819
766 780
766 856
767 839
767 784
768 779
768 811
768 795
768 839
768 851
769 839
769 789
769 851
769 795
770 857
771 819
771 782
772 800
772 820
772 802
773 833
773 861
773 864
774 827
774 780
775 828
775 826
775 822
775 787
775 785
776 794
777 851
777 827
777 782
777 818
777 866
778 783
778 782
778 821
778 822
778 844
779 858
779 784
779 799
780 842
780 793
780 854
780 869
780 860
780 863
781 846
781 873
782 838
782 863
783 806
783 830
784 797
784 852
785 826
785 824
785 809
786 858
786 803
786 843
787 834
787 865
788 857
788 839
788 808
789 843
789 824
791 825
791 821
791 826
791 820
791 834
792 834
792 810
792 854
792 821
792 823
793 807
793 843
793 874
794 808
794 886
794 889
795 796
796 807
796 861
796 854
797 824
797 887
798 859
798 874
798 869
798 885
800 896
800 840
801 890
801 873
801 858
802 852
802 892
802 865
803 895
803 814
804 884
804 816
805 872
805 825
805 868
805 887
806 809
806 867
806 824
807 827
807 881
807 817
807 828
807 877
808 810
808 841
808 843
809 851
809 894
809 891
809 857
810 852
811 817
811 881
811 862
812 830
812 820
813 854
813 872
813 901
813 861
814 852
814 840
814 830
814 838
814 839
815 865
815 880
815 857
815 878
815 839
815 888
816 840
816 868
816 899
816 849
816 823
817 832
817 871
817 860
817 909
818 899
818 845
819 872
820 827
821 849
821 826
821 876
821 883
822 866
823 919
823 903
824 826
825 920
825 843
826 885
826 875
826 873
826 866
828 870
828 900
828 885
829 887
829 852
829 874
829 842
830 919
830 892
830 878
830 911
831 853
831 847
831 865
831 840
831 877
832 878
832 848
833 898
833 870
833 854
833 846
834 895
834 878
835 857
835 877
836 869
836 841
836 906
837 926
837 854
838 905
838 906
838 917
839 894
839 922
839 903
839 852
840 851
840 856
840 927
841 893
842 921
842 925
842 923
842 890
842 866
843 929
843 910
843 871
843 925
844 940
844 929
845 927
845 908
845 921
845 877
846 874
846 912
846 891
846 871
846 856
847 943
847 894
847 879
847 871
848 900
848 862
848 907
849 872
849 942
849 895
849 913
850 945
850 854
850 873
850 910
850 862
850 932
850 931
850 916
851 909
851 947
852 915
853 899
853 933
854 944
854 877
855 873
855 903
856 892
856 921
856 930
857 901
857 953
857 900
857 916
859 951
859 892
859 900
860 904
860 888
860 952
861 873
861 956
862 863
862 887
862 939
862 951
863 933
863 900
864 923
864 890
864 931
864 957
864 938
864 939
866 932
866 869
866 939
868 948
868 876
868 887
868 869
869 924
869 960
870 934
870 889
871 891
871 882
871 925
871 952
871 872
872 921
872 884
872 915
873 879
873 899
874 947
874 930
875 937
875 905
875 904
875 956
876 967
876 935
876 905
876 961
877 938
877 906
877 950
877 908
877 901
878 921
879 944
879 924
880 973
880 920
881 917
881 892
881 882
881 958
881 945
881 909
881 899
882 926
883 937
883 948
883 961
884 922
885 942
885 943
885 918
885 970
885 886
886 936
886 909
886 915
886 931
887 979
887 983
887 973
887 956
888 981
888 944
888 977
888 933
888 942
888 935
889 914
891 917
891 902
891 975
891 986
892 937
892 926
893 927
893 937
893 979
893 965
894 971
894 904
894 896
895 972
895 965
895 938
895 926
895 956
895 927
896 929
897 903
897 955
897 934
897 937
897 986
897 956
898 944
898 902
898 954
898 986
899 991
899 976
899 915
899 995
900 950
900 934
900 920
900 960
901 961
901 909
902 991
902 954
902 971
902 918
902 980
903 930
903 920
903 989
903 921
903 946
903 922
904 969
904 941
905 906
905 916
905 924
905 919
906 993
907 991
907 971
908 954
908 921
909 918
909 931
910 922
910 978
910 991
910 999
910 913
911 1001
911 930
911 993
911 951
911 948
911 953
911 921
912 928
912 977
912 981
912 952
912 941
913 1008
913 968
913 961
913 957
913 981
913 978
914 986
914 960
914 942
915 967
915 983
915 920
915 921
916 970
916 955
917 959
917 1010
917 967
918 1007
918 1003
919 1007
920 976
920 993
920 992
920 959
920 984
920 972
921 926
921 1013
921 980
921 945
921 958
923 973
923 1015
923 996
923 936
923 1000
923 931
924 992
924 954
926 1003
927 945
927 942
928 950
928 933
928 948
930 992
931 945
931 979
931 1004
931 1015
932 966
932 982
933 966
933 969
934 994
934 945
935 982
936 983
936 968
936 976
936 967
937 1033
937 1024
937 1009
937 952
937 977
938 948
938 981
938 995
938 959
939 1008
939 995
940 996
940 1017
940 968
940 990
940 1021
940 1016
940 977
941 1022
941 1020
941 1011
941 946
942 993
942 970
943 1003
943 951
943 975
943 953
943 1023
944 1029
944 991
944 955
944 956
945 1007
945 963
945 988
946 996
946 1024
946 965
947 987
947 975
947 965
947 1002
947 1025
948 1032
948 1006
948 983
948 1035
949 1033
949 1013
949 971
949 983
949 1020
950 953
950 1008
950 958
950 956
951 1000
951 1008
951 1002
952 979
952 1011
952 1029
952 976
952 1019
952 1025
952 1003
953 1003
953 1042
953 981
954 1027
954 1021
954 1005
954 962
955 1003
955 1005
955 956
955 1001
956 964
956 1016
956 1015
956 1042
957 1029
957 1024
957 1018
958 1031
958 983
958 992
959 970
959 997
960 1051
960 988
960 994
961 1033
961 1018
962 1000
962 980
962 966
962 1010
963 1008
963 1026
963 972
963 990
963 973
963 1007
963 1025
964 1051
965 981
965 1010
966 967
966 1022
967 1004
967 1014
967 1003
967 1032
967 1050
968 1039
968 982
968 1059
969 1027
969 1032
969 1007
969 1034
969 985
969 1002
970 1058
970 1026
970 1047
970 1031
970 1027
971 1040
972 1007
972 982
972 1001
972 1021
972 1013
973 1056
974 1068
974 1000
974 1046
974 1029
974 1037
975 990
975 1053
975 989
975 1025
975 1064
976 1003
977 989
977 1037
978 1014
978 1056
978 1055
978 1046
980 1059
980 1009
980 1029
982 1008
982 1029
983 1079
983 1017
983 1072
983 1044
984 1017
984 1054
984 1027
985 1063
986 1081
986 1009
986 1058
987 1073
987 1032
987 1029
987 990
987 1077
987 1081
987 1050
988 1029
988 998
988 1015
989 1011
989 998
989 1053
990 1007
990 1012
990 1024
990 1021
990 1061
991 1050
991 1035
992 997
992 1054
992 1078
992 1009
993 1083
994 1059
994 1032
994 1081
994 1023
994 1034
995 1057
996 1088
996 1022
996 1065
996 1084
997 1060
998 1056
998 1018
998 1037
998 1041
998 1063
1000 1069
1000 1052
1000 1020
1000 1019
1000 1070
1000 1078
1001 1061
1001 1030
1002 1028
1002 1085
1002 1044
1002 1043
1002 1042
1002 1084
1002 1040
1002 1050
1003 1032
1003 1030
1004 1042
1005 1038
1005 1006
1005 1094
1006 1068
1006 1012
1006 1027
1007 1013
1007 1048
1008 1086
1008 1084
1009 1052
1009 1036
1009 1046
1009 1044
1009 1042
1009 1069
1009 1053
1009 1021
1010 1024
1010 1038
1011 1107
1012 1047
1012 1105
1012 1051
1012 1035
1012 1065
1013 1067
1013 1053
1013 1050
1014 1027
1014 1023
1014 1098
1014 1017
1015 1053
1015 1095
1015 1047
1016 1064
1016 1103
1016 1111
1016 1105
1016 1042
1017 1029
1018 1112
1018 1080
1018 1049
1018 1030
1019 1077
1020 1113
1020 1054
1020 1101
1020 1099
1020 1114
1021 1022
1021 1048
1022 1043
1022 1027
1023 1117
1023 1090
1023 1034
1023 1112
1023 1064
1024 1041
1024 1110
1024 1028
1024 1086
1025 1056
1025 1041
1026 1031
1026 1070
1026 1097
1027 1038
1027 1066
1027 1098
1027 1082
1027 1072
1028 1035
1028 1031
1028 1067
1028 1051
1028 1090
1028 1050
1029 1060
1029 1121
1030 1046
1030 1061
1030 1047
1030 1095
1031 1076
1031 1066
1031 1101
1031 1116
1032 1047
1034 1116
1034 1130
1034 1117
1034 1078
1035 1127
1036 1114
1036 1127
1036 1095
1037 1100
1037 1094
1038 1097
1038 1124
1038 1051
1038 1071
1039 1059
1039 1079
1040 1052
1040 1094
1041 1095
1041 1111
1041 1103
1042 1087
1042 1110
1043 1053
1044 1133
1044 1058
1045 1056
1046 1055
1046 1057
1046 1077
1046 1095
1046 1090
1046 1083
1047 1131
1047 1065
1047 1110
1047 1079
1047 1061
1047 1103
1048 1101
1048 1117
1048 1128
1048 1122
1048 1124
1048 1098
1048 1134
1048 1116
1049 1072
1049 1121
1050 1080
1050 1081
1051 1134
1051 1119
1051 1088
1051 1071
1051 1058
1051 1073
1052 1139
1053 1073
1053 1108
1053 1140
1053 1148
1055 1147
1055 1061
1056 1076
1056 1110
1057 1125
1057 1118
1057 1093
1058 1091
1058 1133
1059 1112
1059 1087
1059 1123
1060 1065
1060 1128
1061 1089
1061 1103
1061 1100
1061 1098
1061 1150
1061 1120
1061 1080
1061 1128
1062 1080
1062 1112
1062 1063
1062 1123
1063 1125
1063 1068
1064 1142
1064 1089
1064 1148
1064 1107
1064 1099
1064 1119
1065 1104
1065 1128
1065 1140
1065 1078
1066 1134
1066 1088
1067 1123
1068 1141
1068 1085
1068 1102
1068 1157
1068 1156
1069 1070
1069 1108
1070 1162
1070 1120
1070 1130
1071 1148
1072 1168
1072 1164
1072 1116
1073 1147
1073 1160
1074 1100
1074 1110
1074 1096
1074 1098
1076 1083
1076 1171
1077 1098
1077 1135
1077 1173
1078 1173
1078 1093
1078 1079
1078 1097
1078 1087
1078 1129
1079 1083
1079 1154
1081 1109
1082 1086
1082 1116
1082 1140
1083 1120
1083 1140
1083 1098
1083 1091
1084 1168
1084 1164
1084 1093
1084 1172
1085 1159
1085 1098
1085 1092
1085 1180
1086 1089
1086 1182
1086 1110
1086 1141
1086 1103
1086 1150
1087 1141
1087 1144
1087 1135
1087 1127
1088 1164
1088 1120
1088 1122
1088 1147
1089 1112
1089 1156
1089 1177
1090 1119
1090 1125
1090 1104
1092 1095
1092 1185
1092 1114
1092 1157
1093 1114
1093 1136
1093 1171
1093 1133
1094 1138
1094 1166
1094 1122
1094 1145
1094 1132
1094 1108
1094 1115
1095 1173
1095 1149
1096 1135
1096 1151
1096 1122
1096 1107
1097 1123
1097 1142
1097 1133
1098 1130
1099 1184
1099 1189
1100 1183
1101 1143
1102 1197
1102 1103
1102 1149
1102 1179
1102 1171
1102 1111
1102 1196
1103 1194
1103 1112
1103 1136
1103 1199
1104 1158
1104 1177
1104 1188
1106 1170
1107 1128
1107 1120
1107 1119
1107 1197
1107 1192
1108 1136
1108 1198
1109 1172
1110 1116
1110 1169
1111 1178
1112 1165
1112 1207
1113 1174
1114 1127
1114 1149
1114 1143
1114 1176
1115 1195
1115 1205
1115 1186
1116 1118
1116 1195
1117 1141
1117 1147
1118 1199
1118 1131
1118 1186
1118 1154
1119 1199
1119 1210
1119 1177
1119 1213
1119 1139
1119 1197
1120 1193
1120 1167
1120 1135
1120 1149
1120 1153
1120 1144
1121 1166
1121 1153
1122 1175
1122 1171
1122 1206
1123 1182
1123 1147
1124 1159
1124 1211
1125 1135
1125 1181
1126 1142
1126 1194
1126 1190
1127 1202
1127 1167
1127 1166
1127 1181
1128 1165
1128 1207
1128 1187
1128 1195
1128 1198
1129 1142
1130 1210
1130 1142
1132 1151
1132 1197
1132 1177
1132 1142
1132 1194
1132 1204
1132 1225
1132 1184
1133 1228
1134 1209
1134 1166
1134 1157
1134 1202
1135 1141
1136 1207
1137 1162
1137 1213
1137 1172
1138 1216
1138 1161
1138 1182
1138 1142
1139 1229
1139 1150
1139 1197
1140 1221
1140 1228
1141 1147
1141 1173
1141 1154
1141 1224
1142 1193
1142 1220
1142 1206
1143 1144
1143 1171
1143 1180
1143 1148
1145 1178
1145 1179
1146 1163
1146 1223
1146 1241
1147 1220
1147 1225
1148 1162
1148 1208
1149 1190
1149 1244
1149 1201
1150 1183
1151 1244
1152 1159
1152 1213
1152 1163
1152 1238
1153 1175
1154 1158
1154 1211
1155 1157
1155 1251
1156 1189
1156 1210
1156 1211
1156 1194
1157 1253
1157 1250
1157 1252
1159 1224
1159 1231
1160 1189
1160 1231
1160 1163
1161 1226
1161 1189
1161 1166
1161 1228
1161 1209
1162 1206
1162 1193
1162 1241
1163 1208
1163 1173
1164 1208
1164 1206
1164 1223
1164 1195
1164 1222
1164 1220
1165 1250
1165 1217
1165 1186
1165 1167
1165 1260
1166 1247
1166 1236
1166 1212
1166 1205
1166 1214
1168 1240
1168 1238
1168 1241
1168 1207
1168 1246
1168 1181
1168 1234
1169 1217
1170 1188
1170 1244
1171 1177
1171 1192
1171 1260
1172 1240
1173 1209
1173 1199
1173 1234
1173 1249
1173 1235
1174 1240
1174 1200
1174 1205
1174 1243
1174 1210
1175 1261
1175 1245
1176 1256
1176 1253
1176 1213
1176 1203
1176 1199
1177 1235
1177 1182
1177 1199
1177 1236
1177 1256
1177 1230
1178 1224
1178 1215
1179 1204
1179 1269
1180 1212
1180 1202
1180 1189
1180 1184
1180 1256
1181 1194
1181 1204
1181 1217
1181 1236
1181 1203
1182 1194
1182 1261
1183 1257
1183 1252
1183 1231
1184 1259
1184 1254
1185 1270
1185 1253
1186 1208
1186 1265
1186 1207
1186 1202
1186 1273
1186 1203
1187 1192
1187 1272
1187 1214
1187 1266
1187 1281
1189 1213
1189 1247
1189 1248
1190 1199
1191 1224
1191 1240
1191 1270
1191 1283
1191 1212
1191 1251
1192 1212
1192 1221
1193 1278
1193 1210
1194 1235
1195 1279
1195 1288
1195 1291
1195 1221
1195 1223
1196 1280
1196 1270
1197 1260
1197 1236
1197 1280
1197 1200
1197 1293
1198 1230
1199 1230
1199 1244
1199 1252
1199 1289
1199 1250
1200 1209
1201 1233
1201 1231
1201 1208
1201 1277
1202 1255
1202 1252
1202 1212
1202 1207
1203 1227
1203 1224
1203 1232
1204 1212
1204 1260
1205 1273
1205 1254
1206 1291
1206 1217
1206 1264
1207 1269
1207 1265
1207 1218
1207 1239
1207 1227
1208 1240
1208 1264
1209 1254
1209 1287
1209 1297
1209 1262
1210 1233
1211 1218
1212 1307
1213 1251
1213 1275
1213 1214
1214 1304
1214 1253
1215 1256
1216 1241
1216 1256
1216 1229
1217 1283
1217 1262
1217 1274
1217 1261
1217 1244
1217 1311
1217 1220
1218 1240
1218 1304
1218 1220
1219 1299
1219 1228
1219 1313
1219 1235
1219 1262
1220 1266
1220 1264
1220 1305
1220 1291
1221 1309
1221 1293
1221 1242
1221 1297
1222 1229
1222 1255
1222 1312
1224 1306
1224 1261
1224 1233
1224 1247
1224 1256
1224 1293
1225 1233
1225 1268
1225 1280
1225 1272
1225 1320
1225 1289
1226 1251
1226 1322
1227 1247
1227 1270
1228 1237
1229 1305
1229 1259
1229 1316
1230 1267
1230 1292
1230 1312
1231 1317
1232 1321
1232 1303
1232 1262
1233 1261
1233 1279
1233 1326
1233 1266
1233 1295
1233 1241
1233 1252
1233 1297
1234 1277
1235 1329
1235 1274
1236 1310
1236 1254
1236 1299
1236 1249
1236 1256
1236 1325
1237 1317
1237 1263
1238 1311
1238 1292
1238 1269
1238 1250
1239 1326
1239 1271
1239 1325
1239 1312
1240 1284
1240 1297
1240 1283
1241 1309
1242 1316
1242 1299
1242 1264
1243 1266
1243 1265
1243 1277
1243 1263
1243 1294
1244 1273
1244 1327
1245 1326
1245 1259
1245 1306
1246 1262
1246 1316
1246 1335
1247 1337
1247 1276
1247 1309
1247 1249
1247 1274
1248 1333
1248 1250
1248 1321
1248 1277
1249 1263
1249 1331
1249 1285
1249 1262
1249 1313
1249 1344
1250 1268
1250 1282
1251 1278
1251 1342
1252 1281
1252 1335
1252 1333
1252 1311
1252 1258
1252 1329
1253 1269
1253 1275
1253 1346
1253 1313
1254 1292
1254 1317
1254 1348
1254 1280
1255 1302
1255 1313
1255 1256
1256 1291
1256 1292
1256 1259
1257 1273
1257 1308
1258 1303
1258 1298
1259 1336
1259 1331
1260 1353
1260 1324
1260 1348
1261 1325
1261 1343
1261 1293
1261 1346
1261 1263
1262 1312
1262 1323
1262 1299
1262 1356
1262 1278
1262 1297
1262 1324
1262 1321
1263 1294
1263 1323
1263 1332
1264 1358
1265 1341
1265 1297
1266 1362
1266 1289
1266 1354
1267 1355
1267 1276
1268 1321
1269 1278
1269 1356
1270 1364
1271 1312
1271 1343
1271 1342
1271 1303
1271 1346
1272 1334
1272 1281
1272 1284
1273 1299
1274 1286
1274 1306
1275 1343
1275 1315
1276 1317
1276 1358
1277 1327
1277 1364
1278 1345
1278 1313
1278 1325
1278 1322
1278 1374
1279 1369
1279 1309
1280 1288
1280 1326
1280 1306
1281 1325
1282 1330
1282 1303
1282 1343
1282 1322
1283 1372
1283 1360
1283 1319
1284 1329
1284 1290
1285 1358
1285 1287
1286 1298
1286 1375
1286 1338
1287 1306
1287 1330
1287 1319
1287 1377
1287 1296
1287 1356
1287 1314
1288 1294
1289 1372
1290 1332
1290 1381
1290 1326
1290 1313
1290 1323
1291 1350
1292 1385
1292 1352
1292 1372
1292 1316
1293 1376
1293 1322
1294 1296
1295 1354
1296 1375
1297 1330
1297 1367
1298 1367
1298 1347
1298 1302
1298 1299
1299 1338
1300 1356
1300 1315
1300 1327
1300 1336
1301 1336
1301 1351
1301 1375
1302 1391
1302 1393
1302 1340
1302 1337
1303 1380
1303 1324
1303 1359
1303 1396
1303 1319
1303 1346
1303 1382
1305 1377
1305 1379
1305 1343
1306 1372
1306 1332
1306 1392
1307 1403
1307 1361
1307 1359
1308 1369
1308 1342
1309 1315
1309 1384
1309 1343
1309 1347
1310 1363
1310 1354
1310 1328
1310 1371
1310 1316
1311 1378
1312 1321
1312 1380
1313 1336
1313 1382
1313 1367
1314 1405
1314 1393
1315 1362
1315 1341
1315 1332
1316 1373
1317 1359
1317 1408
1317 1409
1318 1405
1318 1384
1319 1353
1319 1403
1320 1358
1320 1388
1320 1356
1320 1340
1320 1352
1320 1407
1320 1324
1321 1342
1321 1331
1321 1409
1321 1360
1322 1348
1322 1391
1323 1330
1323 1396
1324 1361
1324 1400
1324 1336
1325 1401
1325 1398
1325 1400
1325 1384
1325 1389
1326 1375
1326 1340
1327 1401
1327 1347
1327 1355
1327 1356
1327 1340
1328 1383
1328 1385
1329 1380
1329 1342
1329 1416
1330 1345
1330 1343
1330 1404
1330 1348
1330 1351
1330 1336
1331 1398
1331 1361
1332 1400
1332 1357
1333 1347
1333 1350
1334 1366
1334 1418
1334 1343
1334 1342
1335 1375
1335 1384
1336 1390
1336 1383
1336 1386
1336 1367
1337 1341
1337 1406
1337 1366
1337 1382
1338 1355
1338 1402
1338 1347
1339 1384
1340 1400
1340 1352
1341 1371
1341 1353
1341 1344
1343 1433
1343 1378
1343 1372
1344 1400
1344 1398
1344 1434
1345 1408
1345 1381
1345 1420
1345 1410
1346 1440
1346 1366
1347 1429
1347 1381
1347 1411
1347 1363
1348 1413
1348 1388
1348 1421
1349 1386
1349 1351
1349 1417
1349 1358
1349 1425
1349 1376
1350 1374
1350 1406
1350 1362
1351 1353
1352 1378
1352 1427
1352 1424
1352 1408
1353 1434
1353 1379
1353 1439
1353 1430
1354 1410
1355 1426
1355 1408
1355 1450
1356 1448
1356 1406
1356 1425
1356 1409
1356 1432
1357 1438
1357 1378
1358 1443
1359 1412
1359 1443
1359 1364
1360 1376
1360 1368
1361 1431
1361 1433
1361 1416
1362 1415
1362 1407
1362 1377
1363 1420
1363 1443
1365 1378
1365 1383
1365 1424
1365 1448
1365 1393
1365 1374
1365 1400
1365 1366
1366 1385
1366 1378
1366 1448
1367 1441
1367 1445
1367 1437
1368 1464
1368 1454
1369 1402
1369 1437
1370 1417
1370 1427
1371 1456
1371 1433
1372 1409
1372 1456
1372 1406
1373 1414
1373 1411
1373 1400
1373 1417
1374 1463
1374 1377
1375 1380
1375 1396
1375 1387
1376 1417
1376 1411
1376 1419
1377 1449
1377 1431
1378 1437
1378 1434
1379 1460
1379 1470
1380 1458
1381 1452
1382 1438
1382 1435
1382 1405
1382 1423
1382 1395
1382 1404
1383 1440
1383 1423
1384 1439
1384 1405
1384 1399
1385 1393
1385 1417
1385 1478
1386 1481
1386 1398
1386 1428
1387 1443
1388 1468
1388 1450
1388 1430
1388 1477
1388 1427
1389 1421
1389 1397
1390 1459
1390 1426
1390 1400
1391 1436
1391 1467
1391 1418
1392 1440
1392 1484
1393 1487
1393 1467
1393 1395
1393 1406
1394 1465
1394 1441
1394 1426
1394 1485
1395 1481
1395 1398
1395 1480
1396 1443
1396 1419
1397 1484
1398 1404
1398 1444
1398 1452
1398 1408
1398 1481
1398 1483
1399 1462
1399 1460
1399 1447
1399 1487
1399 1476
1401 1464
1401 1421
1401 1445
1401 1479
1402 1429
1402 1473
1402 1440
1402 1403
1403 1405
1403 1469
1403 1430
1404 1500
1404 1462
1404 1464
1404 1475
1405 1424
1405 1469
1405 1480
1405 1477
1406 1428
1406 1483
1406 1417
1406 1410
1407 1471
1407 1438
1407 1496
1408 1438
1408 1445
1408 1455
1408 1427
1409 1493
1409 1476
1409 1442
1411 1412
1411 1414
1411 1475
1411 1494
1412 1451
1412 1494
1412 1454
1413 1469
1413 1437
1413 1456
1414 1426
1414 1465
1414 1425
1414 1507
1415 1500
1415 1465
1415 1509
1415 1503
1415 1502
1415 1457
1416 1489
1416 1478
1416 1508
1417 1483
1417 1500
1418 1467
1419 1431
1419 1458
1419 1501
1419 1425
1419 1475
1419 1497
1420 1456
1420 1471
1421 1499
1421 1449
1421 1480
1421 1514
1421 1422
1421 1486
1422 1435
1422 1424
1422 1477
1423 1470
1423 1441
1424 1455
1425 1462
1425 1479
1426 1448
1426 1516
1427 1437
1427 1482
1428 1483
1428 1465
1428 1444
1428 1486
1428 1447
1428 1485
1429 1493
1429 1467
1429 1497
1429 1455
1429 1487
1429 1446
1430 1456
1430 1454
1432 1512
1432 1513
1432 1466
1432 1447
1433 1475
1433 1516
1434 1462
1434 1489
1435 1515
1435 1469
1435 1461
1435 1464
1435 1440
1435 1487
1436 1527
1436 1463
1436 1471
1436 1510
1437 1452
1437 1480
1437 1499
1438 1520
1438 1473
1438 1508
1439 1528
1439 1494
1440 1479
1440 1455
1440 1456
1440 1450
1440 1472
1441 1513
1441 1497
1441 1479
1442 1528
1443 1503
1443 1523
1443 1518
1443 1516
1445 1497
1445 1479
1445 1527
1446 1542
1446 1498
1447 1505
1447 1526
1447 1543
1447 1462
1448 1537
1449 1463
1449 1480
1449 1525
1450 1508
1450 1461
1451 1472
1451 1522
1452 1518
1452 1491
1452 1523
1452 1517
1452 1527
1452 1528
1452 1502
1453 1497
1453 1546
1454 1489
1454 1467
1454 1470
1454 1455
1455 1478
1456 1542
1457 1494
1457 1525
1457 1513
1458 1549
1458 1481
1458 1489
1458 1478
1458 1474
1459 1491
1459 1545
1460 1539
1460 1553
1460 1547
1461 1502
1462 1482
1462 1473
1462 1495
1463 1529
1463 1512
1463 1559
1464 1543
1464 1550
1464 1517
1465 1513
1465 1557
1466 1548
1466 1507
1467 1471
1467 1468
1467 1500
1467 1525
1467 1503
1467 1553
1467 1507
1468 1558
1468 1524
1469 1482
1469 1555
1469 1551
1470 1474
1471 1484
1471 1481
1471 1558
1472 1500
1472 1490
1473 1511
1473 1492
1474 1564
1474 1557
1474 1512
1474 1487
1475 1536
1475 1486
1476 1523
1476 1539
1476 1486
1477 1489
1477 1546
1477 1550
1477 1514
1477 1517
1478 1532
1479 1502
1479 1514
1479 1572
1479 1507
1480 1490
1480 1518
1480 1559
1480 1541
1481 1482
1481 1484
1482 1544
1482 1577
1482 1522
1482 1536
1483 1514
1483 1560
1484 1512
1484 1508
1485 1562
1485 1557
1485 1491
1485 1504
1486 1556
1486 1569
1486 1565
1486 1515
1486 1511
1486 1567
1487 1498
1487 1563
1488 1521
1489 1532
1489 1498
1489 1527
1490 1573
1491 1519
1491 1555
1491 1505
1492 1558
1492 1580
1492 1514
1494 1564
1494 1523
1494 1561
1494 1529
1495 1561
1495 1591
1495 1554
1496 1505
1496 1540
1496 1592
1497 1556
1497 1529
1497 1534
1497 1521
1498 1535
1498 1522
1498 1556
1498 1544
1498 1539
1500 1589
1500 1501
1501 1530
1502 1543
1502 1567
1503 1535
1503 1515
1503 1522
1503 1552
1503 1593
1504 1511
1504 1519
1505 1514
1505 1576
1506 1580
1506 1556
1507 1579
1507 1525
1507 1513
1507 1519
1507 1514
1508 1579
1508 1520
1509 1595
1510 1567
1510 1568
1510 1593
1510 1565
1510 1563
1510 1559
1510 1564
1510 1515
1510 1532
1511 1512
1511 1557
1512 1589
1512 1543
1512 1556
1512 1534
1512 1599
1512 1527
1513 1568
1513 1547
1514 1517
1514 1603
1514 1533
1516 1559
1516 1608
1516 1595
1517 1569
1518 1593
1518 1561
1518 1585
1519 1578
1519 1521
1519 1590
1519 1580
1520 1569
1520 1565
1520 1531
1521 1552
1521 1533
1521 1604
1521 1583
1522 1585
1522 1601
1522 1559
1522 1616
1522 1612
1523 1596
1524 1560
1524 1575
1525 1580
1525 1595
1525 1530
1526 1535
1526 1539
1527 1595
1527 1564
1527 1607
1527 1596
1528 1574
1528 1573
1528 1604
1528 1599
1529 1582
1529 1560
1530 1618
1530 1601
1530 1568
1530 1599
1531 1590
1531 1561
1531 1534
1532 1568
1533 1573
1533 1545
1533 1583
1533 1550
1534 1616
1535 1554
1535 1540
1536 1575
1536 1608
1536 1590
1536 1561
1536 1592
1537 1625
1537 1579
1537 1630
1537 1568
1537 1566
1537 1598
1538 1577
1538 1632
1538 1615
1539 1545
1539 1552
1539 1602
1539 1584
1539 1599
1539 1556
1540 1581
1541 1601
1541 1613
1541 1625
1541 1626
1541 1596
1541 1575
1542 1544
1543 1545
1543 1582
1543 1581
1543 1608
1543 1605
1543 1615
1544 1634
1544 1558
1544 1639
1546 1551
1548 1642
1548 1579
1548 1564
1548 1592
1548 1611
1548 1602
1548 1612
1549 1644
1551 1584
1551 1609
1552 1567
1552 1576
1552 1616
1552 1618
1552 1555
1552 1581
1552 1595
1553 1586
1553 1616
1553 1556
1553 1596
1554 1610
1554 1621
1554 1583
1554 1612
1555 1639
1556 1616
1556 1580
1556 1624
1556 1646
1556 1589
1556 1577
1556 1593
1557 1603
1557 1572
1557 1623
1557 1598
1557 1575
1558 1652
1558 1575
1559 1586
1559 1562
1559 1630
1560 1656
1560 1592
1561 1604
1562 1589
1562 1568
1562 1583
1563 1580
1563 1571
1563 1612
1563 1568
1563 1582
1564 1598
1564 1606
1564 1614
1564 1602
1565 1633
1565 1587
1565 1661
1565 1607
1566 1604
1567 1642
1567 1662
1567 1591
1567 1661
1567 1648
1567 1638
1567 1626
1568 1615
1568 1654
1568 1589
1568 1596
1569 1653
1569 1629
1569 1591
1570 1637
1571 1613
1571 1594
1571 1644
1571 1578
1572 1634
1572 1651
1573 1628
1574 1582
1574 1612
1574 1670
1576 1587
1576 1672
1577 1592
1577 1605
1577 1610
1578 1600
1578 1627
1580 1654
1580 1670
1580 1667
1580 1607
1581 1596
1581 1604
1582 1620
1582 1597
1583 1613
1584 1644
1584 1676
1584 1656
1584 1588
1584 1592
1585 1629
1585 1595
1585 1668
1586 1619
1586 1668
1587 1661
1588 1613
1588 1657
1588 1681
1588 1625
1589 1667
1589 1669
1589 1684
1589 1609
1589 1600
1590 1667
1590 1665
1590 1592
1590 1619
1591 1671
1591 1624
1592 1622
1592 1668
1593 1624
1593 1658
1594 1683
1594 1662
1595 1602
1595 1607
1595 1609
1595 1617
1596 1646
1596 1630
1596 1666
1596 1649
1597 1602
1597 1683
1597 1621
1597 1675
1598 1654
1598 1661
1598 1634
1599 1650
1599 1679
1599 1602
1599 1649
1599 1655
1600 1620
1600 1634
1601 1633
1601 1608
1601 1618
1602 1638
1602 1633
1602 1608
1602 1605
1602 1690
1603 1681
1604 1669
1605 1665
1605 1680
1606 1701
1606 1639
1606 1641
1606 1692
1606 1630
1606 1673
1607 1624
1607 1679
1607 1677
1607 1652
1607 1622
1607 1688
1608 1681
1608 1684
1608 1611
1609 1683
1609 1641
1610 1684
1610 1678
1611 1689
1611 1623
1611 1660
1612 1703
1613 1671
1613 1668
1613 1696
1614 1684
1614 1633
1614 1689
1615 1648
1615 1669
1615 1644
1616 1710
1617 1699
1617 1692
1618 1675
1618 1683
1619 1673
1620 1655
1620 1661
1620 1630
1621 1689
1621 1695
1622 1697
1622 1701
1622 1682
1623 1644
1623 1660
1623 1681
1623 1628
1623 1645
1623 1632
1624 1699
1624 1644
1625 1683
1625 1666
1625 1664
1625 1702
1626 1712
1626 1686
1627 1687
1627 1693
1628 1686
1628 1671
1628 1652
1628 1680
1628 1651
1629 1705
1629 1687
1629 1658
1630 1715
1630 1681
1630 1670
1631 1711
1631 1659
1632 1708
1632 1691
1632 1657
1632 1653
1632 1635
1632 1699
1632 1720
1632 1656
1633 1658
1633 1645
1633 1647
1633 1644
1633 1641
1634 1712
1634 1719
1635 1662
1635 1702
1635 1712
1635 1723
1635 1722
1635 1666
1636 1647
1636 1678
1636 1656
1636 1653
1636 1723
1637 1690
1637 1672
1637 1682
1637 1684
1638 1683
1638 1723
1639 1640
1639 1668
1640 1729
1640 1692
1640 1681
1641 1729
1641 1661
1641 1663
1641 1674
1641 1728
1641 1726
1642 1720
1642 1652
1642 1710
1642 1737
1642 1727
1642 1726
1643 1719
1643 1699
1644 1649
1645 1680
1646 1702
1646 1688
1646 1652
1646 1735
1646 1713
1647 1667
1648 1714
1648 1695
1648 1664
1648 1677
1649 1654
1649 1694
1649 1699
1649 1735
1650 1661
1650 1702
1650 1731
1650 1676
1650 1675
1650 1674
1651 1666
1651 1662
1652 1745
1652 1739
1652 1673
1652 1713
1653 1665
1653 1718
1653 1668
1654 1743
1654 1673
1654 1682
1654 1665
1654 1661
1655 1719
1655 1698
1655 1658
1656 1708
1656 1732
1656 1712
1657 1734
1657 1685
1657 1704
1657 1748
1658 1694
1658 1749
1659 1709
1659 1688
1659 1701
1659 1726
1659 1719
1659 1667
1660 1694
1660 1690
1660 1727
1660 1672
1660 1728
1660 1678
1660 1732
1660 1682
1660 1734
1660 1665
1661 1738
1661 1727
1661 1699
1661 1753
1661 1712
1662 1750
1662 1687
1663 1732
1663 1734
1663 1696
1663 1685
1663 1742
1665 1725
1665 1712
1665 1716
1665 1691
1666 1731
1666 1760
1666 1757
1666 1759
1667 1682
1667 1740
1667 1719
1667 1755
1668 1734
1668 1728
1668 1738
1668 1693
1669 1728
1669 1716
1669 1733
1669 1707
1670 1736
1670 1691
1670 1704
1671 1753
1671 1699
1672 1729
1672 1715
1672 1757
1674 1722
1675 1742
1675 1727
1675 1759
1675 1760
1675 1756
1675 1700
1675 1719
1676 1720
1676 1679
1676 1692
1676 1737
1676 1770
1676 1735
1677 1727
1677 1770
1677 1750
1678 1770
1678 1711
1678 1721
1678 1709
1678 1698
1679 1754
1679 1698
1679 1722
1680 1761
1681 1774
1681 1717
1681 1698
1682 1724
1682 1753
1682 1741
1682 1683
1683 1688
1684 1773
1684 1700
1684 1777
1685 1749
1685 1760
1685 1726
1686 1763
1686 1751
1688 1696
1688 1705
1688 1765
1689 1727
1689 1739
1690 1728
1691 1754
1691 1748
1691 1721
1691 1744
1692 1761
1692 1724
1692 1732
1693 1743
1693 1788
1693 1756
1694 1774
1694 1789
1694 1783
1694 1716
1694 1721
1695 1728
1695 1790
1695 1725
1695 1702
1695 1707
1695 1720
1696 1735
1696 1779
1696 1705
1696 1699
1697 1723
1697 1769
1697 1705
1697 1779
1698 1755
1698 1736
1699 1750
1699 1731
1700 1773
1700 1740
1700 1735
1700 1750
1701 1716
1701 1758
1701 1743
1701 1732
1702 1723
1702 1745
1702 1797
1703 1718
1703 1712
1703 1720
1704 1735
1704 1722
1705 1761
1706 1739
1706 1725
1706 1801
1706 1732
1706 1715
1706 1761
1706 1786
1706 1779
1707 1759
1707 1755
1707 1721
1707 1741
1708 1795
1708 1742
1708 1729
1710 1769
1710 1786
1710 1735
1710 1723
1711 1741
1711 1754
1712 1779
1712 1801
1712 1718
1712 1777
1712 1778
1712 1734
1713 1780
1714 1801
1715 1782
1715 1811
1715 1808
1716 1762
1716 1768
1716 1797
1717 1792
1717 1774
1717 1726
1718 1780
1718 1732
1718 1790
1719 1734
1719 1755
1719 1735
1720 1788
1720 1773
1720 1794
1721 1728
1721 1809
1721 1781
1721 1746
1721 1767
1722 1754
1722 1753
1722 1784
1722 1788
1722 1745
1723 1749
1723 1777
1723 1757
1724 1798
1724 1749
1725 1743
1725 1782
1725 1772
1725 1796
1726 1781
1727 1817
1727 1822
1727 1799
1728 1808
1728 1823
1728 1738
1728 1793
1729 1822
1729 1750
1729 1740
1729 1781
1730 1796
1730 1765
1730 1806
1730 1821
1731 1820
1731 1798
1731 1741
1732 1745
1732 1822
1732 1759
1732 1807
1732 1748
1732 1809
1733 1778
1733 1752
1733 1770
1733 1781
1734 1776
1734 1826
1734 1829
1734 1784
1735 1774
1735 1751
1736 1817
1736 1827
1736 1790
1736 1782
1737 1757
1737 1829
1738 1740
1738 1757
1739 1831
1739 1743
1739 1740
1739 1828
1740 1785
1740 1787
1740 1801
1740 1782
1740 1761
1741 1743
1741 1775
1741 1795
1741 1788
1742 1758
1742 1773
1742 1799
1743 1811
1743 1777
1744 1793
1744 1788
1744 1765
1744 1816
1744 1758
1745 1775
1745 1749
1745 1759
1745 1764
1746 1754
1746 1820
1746 1809
1746 1842
1746 1779
1746 1805
1747 1762
1747 1778
1747 1819
1747 1757
1747 1840
1747 1796
1747 1806
1748 1763
1748 1758
1748 1773
1749 1828
1749 1815
1749 1779
1751 1787
1751 1766
1751 1816
1751 1801
1752 1806
1752 1811
1752 1844
1753 1810
1753 1819
1753 1821
1754 1798
1754 1850
1755 1808
1755 1801
1755 1765
1756 1791
1756 1779
1757 1759
1759 1771
1759 1792
1760 1812
1761 1852
1761 1807
1762 1840
1762 1767
1762 1841
1763 1786
1763 1810
1763 1767
1764 1787
1765 1781
1765 1800
1766 1858
1766 1851
1766 1795
1767 1826
1767 1807
1767 1784
1767 1772
1768 1859
1768 1784
1769 1863
1769 1846
1770 1844
1770 1824
1770 1850
1770 1799
1770 1815
1771 1809
1773 1779
1773 1805
1773 1795
1774 1830
1775 1788
1775 1864
1776 1845
1776 1809
1776 1850
1776 1832
1776 1872
1776 1839
1777 1812
1777 1845
1777 1852
1777 1809
1777 1858
1778 1868
1778 1797
1778 1869
1778 1787
1779 1854
1779 1793
1779 1822
1779 1794
1779 1806
1780 1862
1780 1781
1780 1875
1781 1846
1781 1794
1781 1857
1781 1831
1782 1868
1782 1871
1782 1825
1782 1867
1782 1869
1782 1855
1783 1788
1784 1809
1784 1793
1784 1846
1784 1811
1785 1790
1785 1840
1785 1862
1786 1842
1786 1864
1786 1877
1786 1810
1787 1814
1788 1864
1788 1858
1788 1835
1789 1807
1789 1841
1790 1857
1790 1802
1790 1886
1790 1794
1790 1799
1791 1848
1791 1842
1792 1872
1793 1866
1794 1845
1794 1802
1794 1855
1795 1839
1795 1843
1795 1850
1795 1825
1796 1846
1796 1825
1797 1830
1798 1859
1799 1878
1800 1806
1800 1835
1800 1811
1800 1883
1801 1815
1802 1871
1803 1885
1803 1811
1803 1846
1803 1853
1803 1879
1804 1805
1804 1842
1804 1833
1804 1832
1804 1835
1804 1862
1804 1854
1804 1888
1804 1868
1804 1845
1804 1855
1805 1806
1805 1816
1805 1834
1806 1818
1806 1881
1806 1809
1807 1898
1807 1899
1808 1815
1809 1846
1809 1825
1809 1902
1809 1857
1810 1882
1810 1886
1811 1825
1811 1904
1812 1873
1812 1837
1812 1859
1813 1844
1814 1884
1815 1841
1815 1819
1815 1906
1815 1829
1816 1866
1816 1864
1816 1850
1816 1855
1816 1826
1816 1881
1817 1826
1817 1882
1818 1820
1818 1873
1818 1819
1818 1837
1819 1826
1819 1847
1819 1899
1820 1878
1820 1882
1821 1839
1821 1850
1821 1917
1822 1831
1823 1888
1823 1884
1824 1882
1824 1839
1824 1913
1825 1872
1825 1846
1826 1900
1826 1854
1827 1878
1828 1890
1828 1883
1828 1924
1828 1851
1828 1894
1829 1832
1829 1835
1829 1922
1830 1903
1830 1882
1830 1879
1830 1880
1830 1838
1830 1870
1831 1872
1831 1851
1832 1833
1832 1845
1832 1903
1833 1853
1833 1922
1833 1915
1834 1847
1834 1843
1834 1915
1834 1857
1834 1855
1835 1922
1836 1896
1836 1874
1836 1851
1836 1845
1836 1914
1837 1923
1838 1862
1838 1923
1839 1851
1840 1895
1841 1925
1841 1851
1842 1929
1842 1935
1842 1851
1843 1861
1843 1935
1844 1929
1844 1857
1845 1898
1845 1908
1846 1904
1846 1877
1846 1932
1846 1883
1846 1870
1847 1877
1847 1927
1847 1879
1848 1905
1848 1849
1848 1858
1848 1939
1848 1902
1848 1914
1849 1877
1849 1899
1849 1883
1850 1876
1850 1936
1850 1858
1851 1860
1851 1884
1852 1947
1853 1888
1853 1916
1854 1866
1854 1856
1854 1924
1855 1908
1855 1934
1855 1866
1855 1896
1856 1917
1856 1861
1856 1934
1856 1880
1856 1949
1856 1928
1856 1881
1857 1904
1857 1913
1857 1912
1858 1863
1858 1912
1858 1928
1858 1869
1858 1948
1859 1952
1859 1934
1859 1905
1859 1866
1859 1892
1859 1860
1859 1877
1860 1888
1860 1867
1860 1896
1860 1930
1860 1934
1860 1868
1861 1900
1861 1930
1861 1865
1861 1914
1861 1905
1862 1955
1862 1940
1862 1949
1862 1878
1863 1873
1863 1868
1863 1933
1864 1945
1864 1871
1865 1876
1865 1870
1865 1901
1865 1869
1866 1919
1866 1941
1866 1882
1867 1931
1868 1903
1868 1943
1868 1963
1868 1913
1869 1921
1869 1902
1869 1949
1870 1924
1870 1883
1871 1942
1871 1949
1871 1883
1872 1903
1872 1927
1872 1958
1872 1966
1872 1908
1873 1965
1873 1889
1873 1935
1873 1934
1873 1906
1874 1919
1875 1945
1875 1954
1876 1965
1876 1903
1877 1902
1877 1878
1877 1920
1877 1946
1877 1967
1878 1970
1879 1911
1879 1948
1880 1913
1880 1958
1880 1887
1881 1941
1881 1887
1882 1907
1882 1946
1883 1930
1883 1935
1884 1966
1884 1899
1884 1940
1884 1887
1884 1935
1884 1925
1884 1944
1884 1937
1885 1948
1885 1947
1885 1979
1885 1909
1886 1909
1886 1959
1886 1970
1886 1977
1886 1945
1886 1979
1886 1925
1887 1912
1887 1913
1887 1918
1888 1893
1888 1924
1888 1975
1889 1965
1889 1980
1890 1925
1890 1920
1890 1928
1891 1941
1891 1978
1891 1905
1892 1944
1892 1967
1893 1984
1893 1956
1893 1917
1893 1918
1893 1988
1894 1941
1894 1915
1894 1934
1894 1913
1894 1916
1894 1897
1894 1922
1895 1898
1895 1947
1896 1899
1896 1959
1896 1958
1896 1979
1896 1962
1897 1914
1897 1922
1897 1901
1898 1941
1898 1989
1898 1906
1898 1909
1899 1921
1900 1944
1900 1932
1900 1926
1900 1958
1900 1904
1901 1910
1901 1914
1901 1970
1902 1915
1902 1928
1902 1960
1902 1942
1902 1950
1902 1911
1902 1977
1902 1959
1903 1964
1903 1942
1903 1961
1903 1941
1903 1909
1903 1980
1903 1971
1904 1917
1904 1923
1905 1963
1905 1966
1905 1983
1905 2001
1905 1973
1906 1910
1907 1957
1908 1935
1908 1992
1908 1959
1909 1936
1909 1949
1910 1923
1910 1942
1910 1953
1911 1964
1911 1933
1912 1954
1912 1970
1912 1992
1912 1918
1912 1915
1913 1962
1913 1975
1914 1928
1914 1956
1914 2004
1915 1973
1915 1948
1915 1981
1916 1977
1916 1919
1916 1940
1916 2001
1916 1959
1917 1957
1917 1931
1918 1970
1919 2011
1919 1945
1919 1960
1920 1942
1920 2009
1920 1963
1921 1957
1921 1981
1921 2010
1921 1991
1921 1954
1922 1987
1922 2013
1922 1952
1922 1984
1922 1945
1922 1948
1923 1954
1924 1992
1924 1928
1924 1966
1924 2016
1924 1927
1926 1927
1926 1981
1926 1960
1927 1985
1927 2002
1928 1959
1928 2020
1928 1982
1928 1949
1929 1968
1931 2006
1931 2009
1931 1975
1932 2027
1932 1962
1933 2019
1933 1999
1934 2005
1934 1983
1934 1993
1936 1949
1936 1958
1936 2032
1936 2021
1936 1944
1937 1960
1937 1974
1937 2017
1938 1971
1938 2022
1938 2003
1940 1989
1941 1982
1941 1958
1941 2016
1941 1988
1942 2001
1943 1981
1944 2039
1944 1979
1944 2015
1944 1946
1944 1988
1945 2033
1946 2029
1946 2019
1947 2024
1947 1957
1948 2030
1948 1982
1949 1953
1949 2006
1949 1981
1950 1967
1950 1986
1951 2020
1951 1967
1951 1988
1952 2007
1953 1980
1953 2022
1953 2007
1954 1995
1954 1976
1955 2000
1955 2033
1955 2022
1955 1969
1955 1956
1955 2047
1955 2031
1956 2049
1956 2010
1957 1964
1957 2042
1957 2045
1958 1995
1959 1981
1960 1972
1960 2014
1960 1998
1961 1984
1961 2006
1961 1981
1961 2052
1962 2055
1962 2058
1963 2000
1963 1999
1963 1992
1963 1993
1963 1995
1963 2027
1964 2040
1965 2002
1965 2051
1965 2034
1965 2027
1965 2029
1965 2009
1966 1988
1966 2002
1966 1989
1966 2060
1967 1980
1967 2027
1967 1984
1967 1976
1968 2017
1968 1999
1968 2001
1969 2017
1969 2022
1970 1988
1970 2034
1970 1974
1970 2024
1970 2032
1970 2018
1971 2036
1971 2063
1971 1982
1971 2006
1971 1975
1971 2047
1972 1999
1973 1996
1974 2001
1974 2008
1975 2050
1975 1994
1976 2050
1976 2000
1976 1997
1977 2050
1977 2047
1977 2054
1978 2047
1978 1997
1978 2002
1978 2012
1979 1999
1979 2028
1979 2032
1980 2049
1980 2011
1980 1999
1980 2070
1980 1995
1982 2054
1982 2028
1983 2042
1983 2033
1983 2031
1983 1997
1983 2067
1984 2067
1984 2068
1984 2019
1985 1987
1985 2033
1985 2044
1985 2051
1985 2066
1985 2076
1985 2047
1986 2058
1986 2070
1986 2018
1988 2004
1988 2042
1989 2065
1990 1993
1990 2081
1990 2013
1991 2042
1991 2028
1991 2072
1992 2047
1992 2010
1993 2066
1993 2035
1993 2017
1994 2057
1994 2012
1994 2072
1995 2075
1995 2038
1995 2031
1996 2067
1996 2033
1997 2010
1997 2072
1997 2013
1998 2059
1998 2016
1998 2003
1998 2013
1998 2063
1998 2022
1998 2052
1998 2080
1998 2034
1999 2033
1999 2077
2000 2058
2000 2049
2001 2023
2001 2059
2001 2010
2002 2094
2002 2088
2002 2069
2004 2095
2005 2036
2005 2031
2005 2069
2005 2030
2005 2058
2006 2035
2006 2040
2006 2053
2006 2030
2007 2087
2007 2048
2008 2026
2008 2053
2008 2043
2009 2021
2009 2028
2009 2097
2009 2034
2009 2041
2010 2050
2010 2027
2010 2030
2010 2069
2011 2044
2011 2101
2011 2031
2011 2056
2012 2084
2012 2077
2013 2021
2013 2048
2014 2052
2014 2031
2014 2089
2014 2090
2015 2064
2015 2039
2015 2047
2015 2092
2015 2090
2015 2048
2017 2062
2017 2067
2018 2049
2018 2106
2018 2036
2019 2028
2019 2042
2019 2038
2020 2023
2020 2078
2021 2099
2021 2025
2021 2049
2022 2110
2022 2057
2022 2026
2023 2079
2023 2066
2023 2033
2023 2113
2023 2024
2024 2086
2024 2105
2025 2120
2025 2045
2025 2107
2025 2036
2025 2032
2025 2080
2025 2063
2025 2060
2025 2039
2026 2056
2026 2058
2026 2050
2026 2068
2027 2067
2027 2030
2029 2035
2029 2091
2029 2063
2029 2033
2029 2119
2030 2042
2030 2087
2030 2054
2030 2050
2030 2070
2030 2043
2030 2064
2030 2083
2030 2108
2031 2066
2031 2110
2032 2095
2033 2078
2033 2050
2034 2065
2034 2076
2034 2105
2034 2062
2035 2065
2036 2107
2036 2046
2036 2082
2036 2103
2036 2039
2036 2073
2037 2097
2037 2098
2037 2085
2038 2058
2039 2117
2039 2119
2039 2055
2039 2064
2040 2098
2040 2133
2041 2115
2042 2082
2042 2102
2042 2059
2042 2108
2042 2135
2043 2065
2044 2099
2044 2104
2044 2080
2044 2129
2044 2061
2045 2058
2046 2108
2046 2062
2046 2047
2046 2048
2047 2113
2047 2136
2047 2065
2047 2088
2048 2099
2048 2133
2049 2120
2049 2128
2049 2068
2050 2053
2050 2127
2050 2117
2051 2053
2051 2074
2051 2057
2051 2069
2052 2080
2052 2119
2053 2091
2053 2149
2054 2062
2054 2128
2055 2135
2056 2084
2056 2106
2056 2068
2056 2059
2056 2090
2056 2129
2056 2083
2056 2134
2057 2145
2058 2073
2058 2140
2058 2067
2059 2101
2059 2090
2059 2103
2059 2141
2059 2139
2060 2071
2060 2106
2060 2155
2061 2125
2061 2127
2061 2142
2061 2078
2062 2080
2062 2156
2063 2066
2063 2080
2063 2115
2063 2108
2063 2131
2064 2120
2064 2118
2064 2148
2065 2088
2065 2157
2066 2144
2066 2131
2066 2085
2067 2071
2067 2146
2067 2138
2067 2096
2067 2161
2068 2145
2068 2113
2068 2130
2068 2073
2069 2113
2069 2100
2070 2106
2070 2085
2070 2100
2071 2117
2071 2139
2071 2079
2072 2107
2072 2078
2072 2113
2073 2128
2073 2107
2073 2155
2074 2091
2074 2121
2075 2096
2075 2152
2075 2150
2075 2149
2075 2089
2075 2143
2076 2122
2077 2081
2078 2146
2078 2095
2078 2093
2078 2159
2079 2173
2079 2084
2079 2144
2079 2149
2080 2131
2080 2088
2080 2110
2081 2141
2081 2120
2081 2106
2081 2144
2081 2128
2082 2178
2082 2167
2083 2151
2084 2116
2084 2169
2084 2100
2084 2089
2084 2120
2085 2166
2085 2107
2085 2112
2085 2154
2085 2132
2085 2098
2086 2150
2086 2143
2086 2132
2086 2120
2087 2109
2087 2114
2087 2105
2087 2103
2087 2115
2089 2110
2089 2163
2089 2123
2090 2162
2090 2103
2091 2171
2091 2094
2092 2162
2092 2097
2092 2168
2093 2111
2093 2189
2094 2118
2094 2133
2094 2107
2094 2161
2095 2096
2095 2159
2095 2118
2096 2148
2096 2165
2096 2152
2096 2111
2096 2171
2096 2164
2096 2175
2097 2190
2097 2109
2097 2118
2098 2169
2098 2174
2098 2106
2098 2139
2098 2137
2098 2144
2099 2133
2099 2143
2100 2146
2100 2145
2102 2147
2102 2144
2102 2140
2102 2180
2103 2108
2103 2123
2103 2131
2103 2130
2104 2135
2104 2192
2104 2190
2104 2185
2105 2157
2105 2153
2105 2180
2105 2161
2105 2198
2105 2110
2105 2175
2107 2114
2107 2170
2107 2172
2108 2134
2108 2168
2109 2125
2109 2172
2109 2122
2109 2186
2109 2200
2111 2156
2111 2195
2111 2183
2112 2181
2112 2160
2112 2127
2112 2134
2112 2171
2113 2144
2113 2140
2113 2138
2113 2175
2113 2115
2113 2135
2114 2152
2114 2176
2114 2193
2114 2162
2114 2141
2114 2196
2115 2200
2115 2148
2116 2125
2116 2164
2116 2192
2116 2138
2116 2191
2117 2144
2117 2130
2117 2209
2117 2208
2117 2180
2118 2139
2118 2132
2118 2185
2118 2167
2119 2132
2119 2163
2120 2193
2121 2157
2122 2129
2122 2156
2122 2134
2122 2162
2122 2127
2123 2188
2123 2215
2124 2192
2124 2177
2124 2191
2124 2128
2124 2199
2125 2129
2125 2216
2125 2181
2125 2211
2126 2194
2126 2133
2126 2156
2127 2153
2127 2196
2127 2184
2127 2143
2128 2171
2128 2158
2128 2194
2129 2218
2130 2186
2131 2173
2131 2225
2131 2202
2131 2210
2132 2150
2132 2210
2132 2134
2132 2202
2133 2160
2133 2215
2134 2203
2134 2138
2134 2211
2134 2188
2134 2207
2134 2219
2134 2144
2135 2165
2136 2188
2136 2160
2137 2202
2138 2208
2138 2173
2138 2180
2138 2154
2139 2214
2139 2186
2139 2210
2139 2203
2139 2169
2140 2222
2140 2141
2140 2149
2140 2162
2141 2198
2141 2173
2141 2160
2141 2203
2142 2166
2142 2228
2143 2195
2143 2165
2143 2202
2144 2183
2144 2187
2145 2167
2146 2226
2146 2162
2147 2162
2147 2154
2147 2173
2147 2231
2147 2183
2148 2198
2148 2238
2148 2188
2149 2217
2149 2176
2150 2173
2150 2222
2150 2240
2151 2198
2151 2224
2151 2156
2151 2230
2152 2188
2152 2227
2152 2206
2153 2231
2153 2224
2153 2212
2154 2158
2154 2246
2154 2229
2154 2160
2154 2245
2155 2178
2155 2164
2157 2210
2157 2224
2157 2235
2157 2250
2157 2197
2158 2192
2158 2210
2158 2224
2159 2251
2159 2210
2159 2166
2159 2191
2160 2200
2160 2232
2160 2201
2160 2207
2161 2175
2162 2196
2162 2244
2163 2164
2163 2253
2163 2218
2164 2217
2164 2188
2164 2247
2165 2214
2165 2196
2165 2181
2165 2216
2165 2231
2166 2185
2166 2251
2167 2259
2167 2222
2167 2173
2168 2172
2168 2215
2168 2171
2168 2177
2169 2263
2169 2172
2169 2177
2169 2219
2169 2196
2169 2217
2170 2248
2170 2229
2171 2212
2171 2200
2171 2227
2171 2202
2172 2196
2172 2221
2173 2250
2173 2254
2173 2233
2175 2208
2175 2238
2176 2201
2177 2239
2177 2237
2177 2199
2177 2240
2177 2253
2178 2202
2179 2237
2179 2208
2180 2232
2180 2254
2180 2187
2180 2189
2180 2251
2181 2189
2181 2215
2181 2250
2181 2219
2181 2213
2181 2263
2181 2216
2182 2211
2183 2272
2183 2191
2183 2186
2184 2197
2184 2215
2184 2261
2185 2259
2185 2193
2185 2232
2185 2228
2186 2193
2187 2219
2187 2199
2187 2274
2188 2239
2188 2200
2188 2227
2188 2203
2189 2266
2189 2228
2190 2285
2190 2225
2190 2236
2191 2204
2191 2251
2191 2231
2191 2284
2192 2258
2192 2286
2192 2247
2192 2282
2192 2254
2193 2198
2193 2232
2193 2226
2194 2234
2194 2263
2194 2226
2194 2290
2194 2259
2195 2258
2195 2223
2195 2291
2196 2204
2196 2218
2197 2232
2197 2267
2197 2253
2197 2281
2198 2273
2198 2235
2198 2221
2198 2200
2199 2284
2199 2242
2199 2230
2200 2216
2200 2202
2202 2261
2202 2252
2202 2291
2202 2208
2202 2254
2204 2240
2204 2281
2205 2267
2205 2258
2206 2289
2206 2280
2207 2289
2207 2211
2207 2261
2208 2277
2208 2222
2208 2280
2208 2302
2208 2283
2209 2254
2209 2270
2210 2291
2210 2306
2210 2270
2211 2222
2211 2219
2211 2276
2211 2215
2212 2226
2212 2295
2213 2265
2213 2254
2213 2246
2214 2299
2214 2266
2214 2229
2214 2302
2215 2263
2215 2256
2215 2245
2215 2307
2216 2281
2216 2307
2216 2265
2217 2238
2217 2252
2217 2294
2217 2243
2218 2299
2219 2306
2219 2240
2219 2258
2219 2224
2219 2232
2219 2287
2219 2239
2219 2231
2220 2306
2220 2311
2221 2280
2221 2283
2221 2263
2221 2313
2222 2233
2222 2313
2222 2293
2223 2303
2224 2277
2224 2235
2224 2305
2225 2302
2225 2277
2225 2275
2226 2313
2226 2312
2226 2286
2226 2231
2227 2286
2227 2268
2228 2264
2229 2244
2230 2269
2230 2260
2230 2293
2230 2261
2230 2304
2231 2310
2231 2285
2231 2234
2232 2242
2232 2264
2232 2319
2232 2252
2232 2323
2233 2272
2233 2323
2233 2250
2234 2300
2235 2239
2236 2263
2236 2260
2236 2328
2237 2260
2238 2296
2238 2321
2238 2304
2238 2298
2239 2302
2239 2247
2239 2317
2239 2256
2239 2287
2239 2307
2240 2280
2240 2324
2240 2253
2240 2318
2241 2311
2241 2256
2241 2265
2242 2299
2242 2301
2242 2245
2242 2256
2243 2306
2244 2327
2244 2319
2244 2271
2244 2307
2244 2302
2246 2296
2246 2266
2246 2297
2247 2295
2247 2270
2247 2253
2247 2314
2249 2315
2249 2308
2249 2311
2249 2323
2250 2294
2250 2257
2250 2261
2250 2324
2251 2285
2252 2320
2252 2310
2254 2322
2255 2334
2255 2259
2256 2341
2257 2328
2258 2353
2258 2262
2258 2319
2258 2288
2258 2264
2258 2339
2260 2330
2260 2292
2261 2335
2261 2357
2261 2287
2262 2308
2262 2297
2262 2318
2263 2356
2264 2343
2264 2306
2264 2346
2265 2360
2265 2312
2265 2282
2265 2304
2265 2276
2266 2285
2266 2345
2266 2336
2266 2295
2266 2311
2267 2361
2267 2362
2268 2291
2268 2302
2268 2324
2268 2343
2269 2276
2269 2304
2269 2326
2269 2305
2269 2327
2270 2325
2270 2302
2270 2316
2271 2359
2271 2341
2271 2309
2272 2361
2272 2344
2273 2280
2273 2322
2273 2348
2274 2345
2274 2335
2274 2370
2275 2311
2275 2300
2276 2304
2276 2351
2277 2318
2277 2294
2277 2351
2277 2288
2278 2329
2278 2374
2279 2363
2279 2372
2279 2288
2279 2374
2279 2349
2279 2338
2279 2328
2280 2292
2280 2311
2280 2349
2280 2318
2280 2326
2281 2353
2281 2333
2281 2337
2282 2351
2282 2347
2282 2358
2283 2342
2283 2360
2283 2358
2284 2333
2284 2355
2285 2353
2285 2300
2285 2316
2286 2340
2286 2327
2287 2354
2287 2344
2287 2326
2287 2383
2287 2348
2288 2321
2288 2339
2288 2376
2288 2361
2288 2295
2289 2358
2289 2371
2289 2312
2289 2381
2290 2379
2290 2341
2290 2328
2290 2304
2291 2326
2291 2374
2292 2382
2293 2389
2293 2295
2294 2295
2294 2319
2296 2340
2296 2330
2296 2368
2296 2303
2297 2306
2297 2377
2297 2349
2297 2372
2298 2305
2298 2357
2298 2367
2299 2332
2299 2312
2300 2338
2300 2332
2300 2390
2301 2314
2301 2307
2301 2351
2302 2320
2302 2379
2302 2324
2302 2373
2302 2365
2303 2354
2303 2395
2303 2364
2304 2327
2304 2390
2304 2319
2305 2360
2305 2358
2305 2353
2305 2328
2305 2362
2306 2396
2306 2348
2306 2352
2306 2379
2307 2365
2307 2389
2308 2404
2308 2322
2308 2392
2308 2332
2308 2393
2308 2351
2308 2377
2309 2390
2309 2402
2309 2358
2310 2358
2311 2343
2311 2318
2311 2387
2311 2394
2311 2377
2311 2336
2312 2396
2312 2343
2312 2332
2312 2392
2313 2358
2314 2396
2314 2365
2315 2323
2315 2352
2315 2326
2315 2397
2316 2369
2316 2324
2316 2335
2317 2353
2317 2330
2317 2340
2317 2369
2317 2322
2318 2401
2318 2326
2320 2339
2320 2388
2321 2366
2321 2409
2322 2328
2322 2386
2322 2362
2323 2328
2323 2333
2323 2408
2324 2330
2324 2408
2325 2351
2325 2362
2327 2398
2327 2357
2327 2379
2327 2387
2328 2400
2328 2422
2328 2410
2328 2371
2329 2390
2329 2389
2330 2345
2330 2358
2331 2416
2331 2407
2331 2402
2331 2392
2331 2366
2332 2369
2332 2371
2332 2394
2333 2347
2333 2368
2334 2388
2334 2413
2334 2406
2335 2418
2335 2409
2335 2389
2336 2410
2337 2374
2337 2387
2337 2410
2338 2345
2338 2342
2338 2380
2338 2416
2338 2363
2339 2400
2339 2384
2339 2432
2339 2428
2339 2377
2340 2429
2340 2402
2340 2344
2340 2364
2340 2434
2340 2346
2340 2406
2340 2356
2340 2367
2341 2363
2341 2380
2341 2372
2341 2385
2342 2351
2342 2426
2342 2424
2343 2415
2343 2413
2343 2422
2343 2386
2343 2402
2343 2424
2344 2436
2344 2352
2345 2379
2345 2421
2345 2362
2345 2383
2345 2380
2345 2371
2346 2359
2346 2407
2346 2366
2346 2413
2347 2351
2347 2414
2347 2362
2348 2379
2348 2369
2348 2384
2348 2359
2349 2355
2349 2445
2351 2417
2352 2369
2352 2422
2352 2392
2353 2365
2353 2360
2353 2415
2353 2417
2354 2378
2354 2446
2354 2440
2355 2387
2355 2399
2356 2418
2356 2401
2356 2438
2356 2402
2356 2407
2357 2393
2357 2394
2357 2450
2357 2448
2357 2402
2357 2361
2358 2410
2358 2400
2358 2389
2358 2419
2358 2434
2358 2368
2359 2383
2359 2436
2359 2454
2360 2364
2361 2452
2361 2388
2361 2419
2362 2412
2362 2457
2362 2405
2362 2417
2363 2419
2363 2458
2364 2372
2364 2387
2364 2437
2364 2454
2364 2375
2365 2369
2365 2383
2365 2389
2365 2382
2365 2372
2365 2399
2366 2413
2366 2383
2366 2371
2367 2433
2367 2443
2368 2370
2369 2378
2369 2401
2369 2387
2369 2453
2370 2434
2370 2405
2370 2381
2371 2445
2371 2387
2371 2432
2372 2421
2372 2408
2372 2399
2372 2411
2373 2466
2374 2441
2375 2379
2375 2468
2375 2447
2376 2452
2376 2455
2376 2402
2378 2385
2378 2389
2379 2424
2379 2400
2380 2418
2380 2399
2380 2384
2380 2403
2380 2458
2381 2403
2382 2391
2382 2459
2382 2431
2382 2441
2383 2401
2384 2412
2384 2439
2384 2469
2385 2426
2385 2396
2385 2428
2385 2408
2386 2439
2386 2472
2386 2405
2386 2448
2386 2399
2387 2394
2387 2449
2389 2454
2389 2444
2389 2471
2389 2427
2389 2476
2390 2400
2390 2392
2390 2421
2390 2462
2390 2432
2391 2392
2391 2442
2391 2402
2391 2471
2392 2436
2392 2408
2393 2424
2393 2488
2393 2452
2393 2417
2394 2490
2394 2412
2394 2401
2394 2476
2394 2464
2394 2454
2394 2467
2394 2442
2395 2412
2395 2430
2395 2451
2395 2490
2395 2440
2395 2482
2397 2406
2397 2454
2398 2414
2398 2466
2398 2441
2399 2429
2399 2455
2399 2431
2400 2449
2400 2413
2400 2485
2400 2455
2401 2465
2401 2474
2401 2450
2402 2484
2402 2459
2402 2422
2402 2472
2403 2477
2403 2451
2403 2424
2404 2412
2405 2492
2405 2468
2406 2493
2406 2439
2406 2416
2407 2485
2407 2478
2407 2453
2407 2443
2408 2428
2408 2413
2408 2491
2409 2461
2409 2481
2409 2420
2409 2462
2409 2474
2410 2482
2410 2450
2410 2458
2410 2416
2410 2443
2410 2459
2411 2448
2413 2430
2413 2451
2413 2459
2413 2458
2414 2478
2414 2490
2414 2471
2414 2439
2415 2468
2415 2436
2416 2511
2416 2461
2416 2418
2416 2465
2416 2456
2417 2423
2417 2468
2417 2426
2417 2481
2417 2491
2417 2509
2417 2455
2418 2428
2418 2505
2418 2485
2419 2457
2419 2440
2419 2447
2420 2440
2420 2477
2420 2439
2420 2422
2421 2487
2421 2468
2421 2460
2421 2476
2422 2452
2422 2473
2422 2442
2422 2425
2422 2510
2423 2442
2423 2511
2424 2439
2424 2477
2424 2482
2424 2500
2424 2450
2425 2434
2425 2469
2426 2467
2426 2505
2426 2481
2426 2471
2427 2457
2427 2479
2427 2505
2427 2481
2427 2460
2429 2476
2430 2460
2430 2436
2431 2475
2431 2523
2431 2508
2432 2526
2433 2472
2433 2512
2433 2505
2434 2474
2434 2464
2435 2467
2435 2507
2435 2438
2435 2487
2436 2486
2436 2472
2436 2451
2436 2476
2437 2515
2437 2495
2437 2518
2438 2511
2438 2486
2438 2524
2438 2505
2439 2515
2439 2446
2439 2532
2439 2456
2440 2495
2440 2447
2440 2485
2440 2490
2440 2502
2441 2523
2441 2472
2441 2473
2442 2515
2443 2519
2444 2456
2444 2512
2444 2479
2445 2497
2446 2454
2446 2495
2446 2521
2446 2520
2446 2468
2446 2483
2447 2460
2447 2537
2447 2501
2448 2451
2448 2449
2448 2542
2448 2523
2449 2456
2449 2494
2449 2500
2449 2484
2450 2531
2450 2474
2450 2468
2450 2454
2450 2526
2451 2490
2451 2545
2451 2510
2451 2455
2451 2515
2451 2522
2451 2483
2451 2472
2452 2548
2452 2542
2453 2511
2453 2545
2454 2486
2457 2551
2457 2527
2457 2530
2457 2465
2458 2530
2458 2538
2458 2474
2458 2527
2458 2467
2458 2475
2459 2512
2459 2478
2459 2533
2459 2544
2459 2532
2460 2534
2461 2550
2461 2482
2461 2514
2461 2465
2462 2481
2462 2525
2463 2533
2463 2532
2463 2484
2463 2490
2463 2473
2463 2487
2463 2559
2464 2548
2464 2480
2464 2511
2464 2510
2464 2489
2465 2549
2465 2523
2466 2472
2466 2503
2466 2523
2467 2552
2468 2502
2468 2520
2468 2563
2469 2496
2469 2543
2470 2487
2470 2491
2470 2522
2470 2530
2471 2551
2471 2502
2472 2530
2472 2514
2472 2534
2472 2560
2473 2563
2473 2492
2473 2543
2473 2530
2473 2508
2473 2552
2473 2537
2473 2555
2474 2556
2474 2545
2475 2504
2476 2516
2476 2548
2476 2506
2476 2520
2476 2549
2476 2536
2477 2554
2477 2517
2477 2565
2477 2545
2477 2557
2478 2568
2478 2519
2478 2520
2478 2527
2478 2559
2479 2512
2480 2561
2480 2511
2480 2522
2481 2485
2482 2528
2483 2541
2483 2543
2483 2578
2483 2486
2483 2550
2483 2577
2484 2509
2484 2506
2484 2543
2484 2566
2484 2557
2484 2533
2484 2570
2485 2526
2486 2502
2486 2554
2487 2524
2488 2493
2488 2573
2488 2506
2488 2531
2488 2550
2489 2496
2489 2498
2489 2555
2489 2490
2490 2525
2490 2551
2490 2520
2492 2561
2492 2574
2492 2521
2492 2525
2493 2577
2493 2494
2494 2590
2494 2566
2494 2496
2494 2555
2494 2533
2494 2531
2494 2507
2494 2532
2494 2506
2495 2533
2495 2572
2495 2515
2496 2499
2496 2552
2496 2534
2496 2538
2496 2587
2497 2566
2498 2590
2499 2520
2499 2554
2499 2548
2499 2527
2499 2585
2499 2561
2499 2576
2499 2557
2500 2510
2501 2556
2501 2547
2501 2507
2501 2576
2502 2554
2502 2551
2502 2577
2502 2537
2503 2590
2503 2514
2503 2528
2503 2579
2504 2545
2504 2526
2504 2540
2505 2537
2505 2558
2506 2531
2506 2511
2507 2523
2507 2594
2508 2544
2508 2584
2509 2602
2509 2558
2509 2574
2510 2552
2510 2583
2510 2535
2511 2557
2511 2538
2511 2515
2512 2530
2512 2597
2512 2523
2513 2606
2514 2528
2514 2559
2514 2519
2515 2534
2515 2571
2515 2544
2516 2604
2516 2547
2516 2552
2516 2531
2516 2522
2516 2534
2516 2559
2516 2521
2517 2559
2517 2591
2517 2548
2517 2602
2518 2525
2518 2548
2519 2585
2519 2533
2519 2573
2519 2611
2519 2552
2519 2547
2520 2530
2521 2562
2521 2567
2522 2615
2522 2617
2522 2597
2523 2567
2523 2532
2523 2598
2523 2549
2523 2548
2524 2596
2524 2580
2526 2534
2526 2581
2527 2565
2527 2559
2528 2578
2528 2607
2528 2575
2528 2568
2529 2610
2529 2586
2529 2576
2530 2557
2530 2583
2531 2535
2531 2558
2531 2564
2531 2585
2533 2545
2533 2589
2533 2592
2534 2560
2534 2573
2534 2541
2535 2613
2536 2624
2536 2556
2536 2578
2536 2543
2536 2558
2536 2590
2537 2574
2537 2595
2537 2569
2537 2619
2538 2619
2538 2551
2538 2561
2538 2592
2538 2557
2538 2598
2539 2605
2539 2635
2539 2556
2539 2601
2540 2578
2540 2547
2541 2583
2541 2545
2541 2559
2541 2627
2541 2625
2541 2576
2542 2600
2542 2591
2542 2576
2543 2636
2543 2635
2543 2592
2544 2633
2545 2582
2545 2561
2545 2587
2546 2589
2546 2629
2546 2564
2546 2590
2546 2599
2547 2609
2547 2634
2547 2624
2547 2632
2547 2581
2547 2567
2547 2587
2547 2559
2548 2610
2548 2615
2548 2640
2549 2570
2549 2644
2549 2567
2549 2640
2550 2565
2551 2563
2552 2612
2552 2569
2553 2556
2554 2596
2554 2614
2555 2590
2555 2604
2555 2616
2555 2607
2556 2635
2556 2585
2556 2623
2556 2640
2556 2587
2556 2611
2557 2596
2557 2639
2557 2577
2557 2580
2558 2577
2558 2620
2558 2643
2558 2598
2559 2607
2559 2574
2560 2607
2560 2617
2560 2567
2561 2624
2561 2567
2561 2648
2561 2611
2561 2617
2562 2649
2563 2645
2563 2614
2563 2648
2564 2637
2564 2581
2564 2573
2564 2641
2565 2599
2565 2637
2565 2616
2565 2594
2565 2660
2566 2606
2566 2595
2566 2601
2566 2574
2566 2625
2566 2661
2567 2659
2567 2604
2567 2624
2568 2603
2568 2595
2568 2634
2568 2629
2569 2573
2569 2636
2570 2611
2570 2586
2570 2640
2571 2603
2571 2595
2571 2628
2571 2589
2571 2632
2571 2627
2572 2602
2572 2649
2572 2645
2572 2581
2573 2660
2573 2631
2574 2596
2574 2651
2574 2666
2574 2636
2574 2667
2574 2631
2574 2661
2575 2637
2576 2587
2576 2578
2576 2614
2576 2637
2577 2665
2577 2649
2578 2650
2579 2670
2579 2664
2579 2615
2579 2584
2579 2588
2579 2657
2579 2613
2580 2659
2580 2672
2581 2666
2581 2650
2581 2644
2581 2608
2581 2676
2581 2582
2582 2642
2582 2643
2582 2645
2582 2619
2583 2607
2585 2607
2586 2677
2586 2657
2586 2618
2586 2626
2587 2609
2587 2608
2587 2668
2588 2598
2588 2671
2589 2606
2589 2666
2589 2609
2589 2658
2589 2645
2589 2685
2590 2669
2590 2634
2590 2655
2590 2620
2591 2619
2591 2655
2591 2677
2592 2687
2592 2656
2592 2679
2592 2665
2592 2602
2592 2597
2592 2634
2593 2622
2593 2668
2593 2673
2593 2601
2594 2677
2595 2656
2595 2598
2595 2626
2595 2642
2595 2691
2595 2613
2596 2673
2596 2648
2596 2644
2597 2690
2598 2688
2598 2610
2598 2682
2599 2635
2599 2611
2599 2666
2600 2635
2600 2639
2600 2619
2600 2612
2600 2641
2601 2607
2601 2661
2601 2628
2602 2657
2602 2651
2602 2671
2603 2630
2603 2631
2603 2623
2604 2652
2604 2667
2604 2672
2604 2683
2605 2613
2605 2699
2605 2663
2605 2654
2605 2649
2606 2617
2607 2698
2607 2616
2608 2654
2609 2653
2609 2693
2609 2702
2609 2640
2610 2675
2610 2703
2610 2688
2610 2639
2610 2672
2611 2628
2611 2658
2611 2662
2612 2708
2612 2623
2612 2659
2612 2644
2612 2642
2613 2674
2614 2615
2614 2693
2614 2624
2615 2688
2615 2655
2615 2705
2615 2700
2615 2710
2615 2698
2616 2672
2616 2643
2617 2675
2617 2698
2617 2706
2617 2677
2618 2649
2618 2626
2618 2691
2618 2671
2618 2636
2619 2679
2619 2641
2620 2646
2620 2678
2621 2681
2621 2654
2621 2682
2621 2710
2621 2677
2622 2714
2623 2660
2624 2650
2624 2688
2625 2648
2625 2719
2625 2638
2626 2629
2626 2721
2626 2681
2626 2667
2628 2631
2628 2680
2629 2675
2629 2664
2630 2660
2631 2678
2631 2711
2631 2694
2632 2698
2632 2679
2633 2707
2633 2720
2633 2716
2634 2689
2634 2718
2634 2685
2635 2724
2635 2665
2635 2657
2636 2697
2637 2689
2637 2647
2638 2708
2639 2720
2640 2650
2640 2719
2640 2697
2640 2664
2640 2648
2641 2664
2641 2684
2642 2718
2642 2655
2642 2669
2642 2682
2643 2715
2643 2663
2643 2723
2643 2700
2643 2644
2643 2647
2643 2697
2643 2720
2644 2695
2644 2652
2644 2720
2644 2728
2645 2657
2645 2654
2646 2692
2646 2683
2646 2666
2647 2707
2647 2735
2648 2717
2649 2671
2649 2730
2650 2721
2651 2743
2651 2698
2652 2722
2652 2653
2652 2721
2653 2659
2653 2701
2653 2691
2655 2731
2655 2695
2655 2745
2655 2746
2656 2713
2656 2748
2657 2706
2657 2692
2657 2714
2657 2747
2658 2674
2658 2739
2658 2665
2658 2705
2658 2699
2658 2697
2658 2681
2659 2725
2660 2728
2661 2742
2661 2672
2661 2692
2661 2756
2661 2725
2663 2672
2663 2753
2663 2744
2664 2697
2664 2714
2664 2690
2664 2757
2664 2678
2665 2711
2665 2679
2665 2718
2665 2713
2665 2757
2666 2740
2666 2749
2666 2706
2667 2683
2667 2728
2668 2701
2668 2738
2668 2739
2668 2747
2669 2724
2669 2698
2670 2763
2670 2700
2670 2724
2672 2750
2672 2732
2673 2711
2673 2675
2673 2694
2673 2709
2673 2746
2673 2713
2673 2679
2674 2684
2674 2701
2674 2710
2674 2714
2675 2679
2676 2730
2676 2751
2676 2745
2677 2749
2677 2707
2678 2747
2678 2759
2678 2727
2678 2768
2679 2759
2679 2762
2679 2691
2679 2739
2680 2743
2680 2733
2680 2706
2681 2692
2681 2696
2681 2744
2682 2749
2682 2715
2682 2683
2682 2748
2682 2697
2683 2772
2683 2761
2683 2753
2683 2769
2684 2776
2684 2721
2684 2723
2686 2764
2686 2753
2686 2689
2688 2692
2688 2747
2688 2755
2688 2740
2689 2747
2690 2768
2690 2702
2691 2755
2691 2754
2691 2692
2692 2745
2692 2698
2692 2727
2693 2735
2693 2757
2693 2752
2694 2746
2694 2738
2695 2699
2695 2762
2695 2717
2695 2705
2695 2716
2695 2785
2696 2785
2697 2719
2697 2704
2697 2721
2697 2780
2697 2700
2698 2744
2700 2731
2701 2709
2702 2733
2702 2746
2703 2759
2703 2735
2703 2713
2704 2775
2704 2723
2705 2777
2705 2745
2705 2709
2705 2763
2705 2707
2706 2723
2706 2760
2706 2709
2706 2767
2707 2751
2707 2776
2707 2769
2707 2762
2707 2729
2707 2747
2708 2731
2708 2746
2708 2756
2708 2794
2709 2745
2709 2743
2709 2794
2710 2782
2710 2736
2710 2787
2711 2807
2712 2789
2712 2720
2712 2751
2714 2784
2715 2734
2715 2786
2715 2765
2715 2788
2715 2790
2715 2749
2715 2722
2715 2784
2715 2777
2716 2776
2716 2759
2717 2761
2717 2749
2717 2739
2718 2785
2718 2799
2718 2765
2718 2808
2719 2767
2719 2721
2719 2731
2720 2809
2720 2749
2720 2803
2720 2804
2721 2759
2721 2767
2721 2775
2722 2748
2722 2752
2722 2811
2723 2753
2723 2800
2724 2772
2725 2764
2725 2819
2725 2788
2725 2750
2726 2816
2727 2803
2727 2743
2727 2751
2728 2802
2729 2790
2729 2765
2729 2793
2730 2761
2730 2766
2730 2764
2730 2776
2730 2826
2730 2758
2731 2747
2731 2754
2731 2762
2732 2803
2732 2815
2732 2752
2732 2758
2732 2810
2733 2799
2733 2829
2733 2761
2733 2825
2734 2811
2734 2737
2735 2767
2736 2803
2736 2760
2736 2793
2738 2801
2738 2793
2739 2792
2739 2765
2739 2780
2739 2774
2740 2814
2741 2742
2741 2790
2742 2759
2742 2807
2742 2780
2742 2756
2743 2806
2743 2796
2744 2758
2745 2805
2745 2798
2746 2834
2746 2795
2746 2808
2747 2790
2747 2762
2747 2820
2747 2826
2747 2768
2748 2810
2748 2821
2748 2833
2748 2806
2748 2772
2748 2835
2749 2820
2749 2824
2750 2805
2750 2846
2750 2842
2750 2753
2751 2787
2751 2809
2752 2816
2752 2821
2752 2787
2752 2785
2754 2817
2754 2793
2754 2759
2755 2813
2756 2848
2756 2791
2756 2779
2757 2797
2758 2785
2758 2850
2758 2837
2759 2770
2759 2780
2759 2761
2760 2817
2761 2792
2761 2848
2761 2787
2761 2769
2763 2851
2764 2859
2764 2845
2764 2858
2765 2781
2765 2769
2766 2787
2766 2835
2766 2845
2766 2857
2767 2804
2767 2801
2767 2829
2768 2847
2768 2803
2770 2773
2770 2780
2770 2804
2771 2822
2771 2831
2771 2857
2771 2787
2772 2798
2773 2826
2774 2856
2775 2819
2775 2846
2775 2824
2775 2781
2775 2777
2776 2811
2776 2777
2776 2783
2776 2787
2776 2863
2776 2798
2776 2790
2777 2828
2777 2856
2777 2832
2777 2869
2778 2854
2778 2846
2778 2870
2779 2848
2779 2818
2779 2809
2779 2815
2779 2835
2779 2810
2780 2810
2780 2792
2780 2854
2780 2844
2780 2858
2781 2810
2781 2845
2781 2868
2782 2854
2782 2837
2782 2803
2783 2862
2784 2830
2784 2824
2784 2817
2785 2831
2785 2871
2786 2831
2786 2826
2786 2844
2786 2815
2786 2857
2786 2801
2786 2798
2787 2789
2787 2859
2787 2825
2787 2839
2787 2879
2788 2850
2788 2824
2788 2868
2788 2817
2788 2873
2788 2838
2788 2815
2789 2818
2789 2868
2789 2793
2790 2791
2791 2883
2791 2810
2791 2830
2791 2825
2792 2800
2793 2799
2793 2864
2794 2858
2794 2803
2794 2854
2794 2888
2794 2827
2794 2807
2794 2801
2795 2831
2795 2810
2795 2868
2795 2885
2795 2798
2795 2860
2796 2811
2796 2808
2796 2831
2796 2889
2796 2822
2797 2833
2797 2839
2798 2882
2798 2856
2798 2883
2798 2862
2798 2821
2798 2850
2799 2868
2799 2839
2800 2810
2800 2842
2801 2832
2802 2811
2802 2876
2802 2889
2803 2839
2803 2816
2803 2893
2803 2877
2804 2898
2804 2897
2804 2830
2804 2891
2805 2882
2805 2820
2805 2884
2805 2864
2806 2859
2806 2825
2806 2817
2806 2844
2806 2871
2806 2808
2807 2839
2808 2859
2808 2849
2809 2886
2809 2814
2809 2851
2809 2852
2809 2902
2810 2861
2810 2817
2811 2883
2811 2888
2812 2907
2812 2900
2814 2854
2814 2870
2814 2833
2815 2855
2815 2895
2815 2898
2815 2856
2815 2850
2816 2820
2816 2827
2816 2871
2816 2888
2816 2882
2817 2875
2817 2909
2817 2825
2818 2898
2818 2908
2819 2886
2819 2900
2819 2850
2820 2858
2821 2891
2821 2897
2821 2853
2822 2912
2822 2865
2822 2877
2823 2882
2823 2843
2823 2881
2823 2873
2823 2863
2823 2834
2823 2862
2825 2869
2825 2854
2826 2839
2826 2871
2827 2896
2827 2921
2827 2916
2828 2920
2828 2887
2828 2906
2829 2857
2829 2843
2829 2911
2830 2847
2830 2878
2830 2865
2830 2848
2831 2885
2831 2897
2832 2897
2832 2904
2832 2893
2834 2905
2834 2867
2835 2925
2835 2859
2836 2921
2836 2911
2836 2841
2837 2889
2837 2898
2838 2897
2838 2846
2838 2881
2838 2909
2839 2874
2839 2862
2839 2883
2840 2877
2840 2900
2840 2891
2841 2880
2841 2870
2842 2899
2842 2905
2842 2908
2843 2846
2843 2872
2843 2884
2844 2940
2844 2849
2844 2893
2845 2910
2845 2884
2845 2941
2845 2921
2846 2874
2847 2936
2847 2853
2847 2925
2848 2897
2848 2862
2848 2915
2849 2931
2849 2943
2850 2909
2850 2906
2850 2945
2850 2944
2851 2916
2851 2920
2851 2913
2851 2944
2852 2884
2852 2902
2852 2857
2852 2871
2852 2861
2853 2935
2853 2929
2853 2911
2855 2908
2855 2878
2855 2860
2855 2928
2855 2925
2855 2911
2856 2859
2856 2951
2856 2936
2856 2949
2857 2930
2857 2873
2857 2925
2858 2950
2858 2889
2858 2953
2858 2912
2858 2945
2858 2860
2859 2938
2859 2868
2859 2883
2859 2942
2860 2887
2861 2951
2861 2910
2861 2930
2861 2942
2861 2874
2861 2890
2861 2936
2861 2900
2861 2946
2861 2893
2862 2920
2862 2884
2862 2921
2862 2956
2862 2958
2862 2957
2862 2863
2862 2894
2863 2891
2864 2865
2864 2959
2865 2938
2865 2888
2865 2929
2865 2928
2865 2884
2865 2873
2866 2913
2866 2937
2866 2899
2867 2924
2867 2889
2867 2910
2868 2874
2868 2926
2868 2879
2868 2949
2868 2897
2868 2915
2869 2911
2870 2943
2870 2906
2871 2965
2872 2895
2872 2913
2873 2950
2873 2961
2873 2953
2873 2962
2873 2911
2873 2884
2873 2933
2873 2879
2874 2897
2874 2913
2874 2967
2875 2881
2875 2921
2875 2946
2876 2882
2876 2879
2876 2939
2877 2952
2877 2923
2878 2939
2878 2883
2879 2931
2879 2880
2879 2926
2880 2911
2880 2946
2880 2916
2881 2905
2882 2883
2882 2929
2883 2960
2884 2896
2884 2920
2885 2946
2885 2972
2886 2892
2886 2932
2886 2914
2886 2926
2886 2942
2888 2980
2889 2898
2890 2958
2891 2946
2891 2895
2891 2935
2892 2955
2893 2904
2893 2978
2893 2988
2893 2959
2893 2911
2893 2964
2894 2917
2894 2967
2894 2955
2895 2927
2895 2956
2895 2951
2895 2917
2895 2975
2896 2937
2897 2915
2897 2961
2897 2993
2897 2982
2897 2976
2898 2973
2898 2962
2898 2926
2899 2945
2899 2934
2899 2933
2899 2988
2900 2939
2900 2968
2901 2985
2901 2938
2902 2905
2903 2956
2903 2978
2903 2922
2903 2968
2904 2965
2904 2915
2904 2943
2904 2935
2905 2981
2905 2951
2905 2995
2905 2954
2906 2997
2906 2991
2906 2958
2907 3000
2907 2945
2908 2942
2908 2940
2908 2945
2909 2995
2909 2945
2910 2978
2910 2927
2911 2912
2911 2930
2912 2986
2913 3006
2914 2977
2914 2928
2916 2943
2916 2975
2916 2982
2916 2933
2916 2954
2916 2984
2917 2963
2917 2922
2917 2940
2917 3010
2918 2943
2918 2969
2919 2982
2919 2945
2919 3004
2919 2930
2919 2983
2919 2996
2919 3011
2919 2932
2921 2999
2921 2980
2921 2982
2921 2945
2921 2970
2921 2969
2922 2973
2922 3005
2922 2958
2923 3003
2923 2999
2923 2998
2924 2945
2924 2970
2924 2994
2924 2993
2925 2962
2926 3021
2926 3002
2926 3005
2926 2963
2926 2970
2927 2988
2927 2938
2927 2964
2927 2978
2928 3013
2928 2968
2929 2937
2929 2981
2929 2992
2930 2948
2931 2973
2931 2990
2931 2985
2931 2949
2933 2987
2933 2967
2933 3004
2934 2957
2934 3003
2934 2988
2935 2955
2936 3019
2936 3017
2936 2948
2936 3002
2936 2966
2937 2989
2937 2953
2937 3023
2937 3015
2937 2961
2938 3003
2939 2941
2939 2962
2939 2940
2939 3016
2939 2955
2939 3009
2939 3014
2940 3004
2940 2942
2940 2987
2940 2999
2941 3025
2941 2983
2942 2951
2942 2981
2943 2977
2944 2956
2944 2999
2945 3031
2945 3032
2947 2990
2947 2994
2947 3003
2948 3001
2948 3027
2949 3019
2949 3030
2949 2984
2950 3020
2951 2961
2951 3031
2951 2973
2952 3020
2953 3032
2953 3049
2953 3002
2953 2965
2953 3024
2953 2978
2954 2967
2954 3024
2954 3045
2955 2968
2955 2999
2955 2992
2955 2990
2956 2974
2956 2972
2957 3041
2957 2993
2957 2985
2957 2986
2958 3054
2959 3000
2959 3021
2959 2997
2959 3025
2959 2972
2959 3002
2960 3029
2960 2999
2960 3041
2960 2982
2961 2963
2962 2967
2962 3026
2962 3046
2963 3040
2963 2972
2964 2989
2964 3059
2965 3000
2966 3017
2966 2982
2966 3002
2967 3044
2967 3004
2967 2976
2967 3047
2967 3010
2967 3002
2967 2968
2968 3018
2968 2980
2968 2984
2968 3054
2969 2987
2969 2989
2970 3062
2970 3008
2970 3052
2970 3054
2970 3041
2971 3021
2971 3056
2971 3017
2971 3024
2971 3054
2971 3026
2972 2997
2972 3064
2972 3012
2973 3056
2973 3044
2973 2979
2973 3041
2973 3024
2974 3054
2974 3057
2975 3003
2975 2978
2975 3049
2976 2996
2976 3050
2977 3015
2977 3046
2977 2993
2977 3056
2978 3018
2978 3066
2978 3049
2978 3056
2978 3012
2979 2996
2979 2981
2979 3032
2979 2994
2980 3020
2981 3012
2981 3013
2981 3065
2981 3064
2983 3013
2983 3045
2983 2990
2983 3056
2983 3075
2984 3067
2984 2985
2984 3003
2984 3029
2984 2991
2985 2998
2986 3046
2988 3017
2988 3084
2988 2995
2988 3067
2988 3072
2988 3078
2989 3038
2989 2996
2989 3012
2989 3077
2990 3068
2991 3053
2991 3016
2991 3012
2992 3044
2992 3024
2993 3021
2993 3023
2993 3017
2994 3012
2994 3025
2994 3047
2995 3086
2995 3027
2995 3015
2995 3000
2995 3004
2995 3051
2996 3029
2996 3012
2997 3093
2998 3020
2999 3064
2999 3094
3000 3018
3000 3083
3000 3024
3000 3037
3001 3096
3002 3085
3002 3024
3002 3027
3002 3012
3003 3092
3003 3064
3004 3052
3004 3011
3004 3038
3004 3051
3004 3031
3004 3020
3004 3068
3004 3045
3004 3066
3004 3006
3005 3026
3005 3069
3006 3098
3006 3071
3006 3019
3006 3092
3006 3090
3007 3024
3007 3030
3007 3089
3007 3021
3008 3009
3008 3043
3009 3093
3009 3100
3009 3040
3009 3066
3010 3053
3010 3106
3010 3017
3010 3069
3010 3046
3011 3068
3011 3043
3012 3098
3013 3050
3013 3081
3014 3081
3014 3074
3014 3046
3016 3078
3016 3105
3017 3104
3017 3040
3017 3062
3018 3021
3018 3031
3018 3064
3018 3073
3018 3054
3018 3101
3019 3070
3019 3021
3020 3103
3021 3082
3021 3024
3021 3031
3021 3047
3022 3082
3022 3030
3023 3080
3023 3066
3023 3093
3024 3109
3024 3035
3024 3073
3024 3089
3024 3056
3025 3075
3025 3094
3025 3041
3025 3060
3026 3088
3026 3031
3027 3104
3027 3035
3027 3090
3028 3033
3029 3064
3029 3099
3029 3036
3030 3054
3030 3049
3030 3080
3030 3036
3031 3073
3031 3037
3031 3036
3031 3032
3031 3105
3031 3058
3031 3053
3032 3078
3034 3055
3034 3117
3034 3097
3034 3120
3035 3062
3035 3045
3035 3041
3038 3086
3038 3100
3039 3082
3040 3122
3040 3080
3040 3100
3041 3112
3041 3085
3042 3088
3042 3123
3042 3125
3042 3103
3043 3057
3044 3086
3044 3119
3045 3068
3045 3047
3045 3086
3045 3133
3046 3142
3046 3141
3046 3108
3047 3094
3047 3135
3047 3103
3048 3111
3048 3074
3048 3087
3048 3075
3048 3083
3049 3109
3050 3077
3050 3106
3050 3051
3050 3102
3050 3071
3050 3108
3051 3146
3051 3118
3051 3083
3051 3130
3051 3072
3051 3139
3052 3090
3052 3117
3053 3126
3053 3070
3053 3062
3054 3148
3054 3096
3055 3142
3055 3063
3055 3077
3055 3100
3056 3135
3056 3124
3056 3095
3056 3089
3057 3107
3057 3075
3057 3112
3058 3115
3058 3125
3058 3069
3059 3138
3059 3086
3060 3150
3060 3101
3061 3125
3061 3094
3061 3119
3061 3132
3062 3099
3062 3152
3062 3158
3063 3115
3063 3155
3063 3125
3063 3126
3064 3148
3064 3114
3064 3145
3064 3139
3065 3120
3065 3125
3065 3079
3066 3136
3066 3104
3066 3074
3066 3146
3067 3070
3067 3076
3067 3119
3067 3080
3068 3104
3068 3082
3069 3088
3069 3111
3069 3131
3070 3126
3070 3153
3070 3164
3070 3145
3071 3165
3071 3119
3072 3157
3072 3145
3073 3076
3075 3109
3075 3096
3075 3097
3075 3083
3076 3116
3076 3080
3076 3121
3077 3125
3077 3101
3077 3165
3078 3142
3078 3174
3078 3109
3079 3091
3079 3082
3080 3149
3080 3101
3080 3170
3082 3154
3082 3156
3082 3124
3082 3141
3083 3160
3083 3177
3083 3114
3084 3123
3084 3170
3084 3134
3084 3100
3084 3092
3085 3155
3085 3088
3085 3097
3086 3181
3086 3163
3086 3170
3086 3119
3087 3106
3087 3112
3087 3093
3087 3119
3087 3088
3087 3138
3088 3184
3088 3138
3088 3105
3088 3137
3088 3101
3089 3161
3090 3141
3090 3112
3090 3176
3090 3137
3091 3175
3091 3165
3091 3164
3092 3097
3092 3143
3092 3113
3092 3165
3093 3105
3093 3107
3093 3096
3094 3101
3094 3103
3095 3098
3095 3144
3095 3116
3095 3161
3096 3176
3096 3099
3096 3135
3097 3134
3097 3181
3097 3106
3097 3111
3097 3180
3097 3153
3097 3103
3097 3157
3098 3107
3098 3163
3098 3104
3098 3114
3099 3159
3099 3143
3099 3110
3099 3140
3099 3177
3100 3178
3100 3133
3100 3157
3101 3184
3101 3187
3101 3156
3102 3198
3102 3125
3103 3110
3103 3124
3103 3185
3103 3158
3104 3118
3104 3166
3104 3110
3105 3185
3105 3130
3105 3135
3105 3110
3106 3196
3106 3193
3108 3201
3108 3133
3108 3168
3108 3180
3108 3128
3108 3189
3109 3127
3109 3182
3109 3172
3109 3177
3110 3164
3110 3129
3110 3174
3110 3196
3111 3164
3111 3139
3112 3136
3112 3195
3113 3195
3113 3182
3113 3189
3114 3165
3114 3164
3114 3190
3114 3147
3114 3150
3114 3167
3114 3163
3114 3134
3114 3193
3115 3196
3115 3158
3115 3177
3115 3163
3115 3186
3116 3201
3116 3169
3116 3153
3116 3155
3117 3123
3117 3205
3117 3194
3118 3133
3118 3141
3118 3120
3119 3131
3119 3171
3119 3211
3120 3137
3120 3187
3120 3141
3120 3198
3121 3190
3121 3129
3121 3201
3122 3162
3122 3132
3122 3193
3122 3201
3123 3174
3123 3146
3123 3154
3123 3184
3123 3178
3124 3142
3125 3199
3126 3159
3126 3143
3126 3128
3127 3196
3127 3190
3127 3192
3127 3148
3127 3195
3128 3207
3128 3220
3128 3159
3128 3150
3128 3182
3129 3166
3129 3206
3129 3208
3129 3177
3129 3167
3130 3201
3130 3213
3130 3217
3130 3159
3131 3194
3131 3215
3131 3142
3132 3167
3132 3149
3132 3136
3132 3221
3133 3201
3134 3170
3134 3192
3136 3184
3137 3209
3137 3194
3137 3200
3137 3193
3138 3234
3138 3222
3138 3143
3139 3145
3139 3157
3139 3217
3139 3220
3140 3215
3140 3164
3140 3182
3140 3225
3141 3146
3141 3200
3141 3234
3141 3158
3142 3210
3143 3153
3143 3233
3143 3218
3144 3240
3145 3236
3146 3178
3146 3148
3146 3214
3146 3239
3147 3149
3147 3203
3147 3214
3147 3180
3148 3159
3148 3201
3149 3215
3149 3169
3149 3200
3150 3213
3150 3192
3150 3215
3150 3195
3150 3176
3150 3198
3151 3234
3151 3231
3151 3212
3151 3245
3152 3156
3152 3177
3152 3244
3153 3229
3153 3231
3153 3161
3154 3213
3154 3234
3154 3207
3154 3241
3155 3183
3155 3216
3156 3227
3156 3218
3156 3171
3156 3178
3157 3187
3157 3168
3157 3246
3157 3215
3158 3199
3158 3251
3158 3240
3158 3223
3158 3197
3159 3235
3159 3189
3159 3224
3159 3216
3160 3173
3160 3199
3161 3209
3161 3162
3162 3221
3162 3245
3163 3250
3164 3189
3165 3216
3165 3166
3165 3171
3165 3247
3165 3169
3165 3226
3165 3175
3165 3235
3166 3215
3166 3217
3166 3239
3166 3186
3166 3199
3167 3251
3167 3250
3168 3198
3168 3184
3168 3259
3168 3229
3169 3222
3169 3217
3169 3221
3170 3238
3170 3241
3170 3208
3170 3205
3170 3242
3171 3172
3171 3232
3171 3173
3171 3253
3171 3228
3171 3201
3171 3180
3172 3181
3172 3234
3172 3220
3172 3188
3173 3188
3173 3184
3173 3194
3174 3217
3174 3230
3175 3185
3175 3240
3175 3217
3176 3253
3176 3226
3176 3231
3176 3260
3176 3233
3177 3257
3177 3184
3178 3208
3179 3262
3179 3259
3179 3206
3179 3185
3179 3180
3179 3238
3179 3234
3179 3219
3180 3225
3180 3212
3180 3231
3180 3190
3181 3191
3181 3231
3181 3199
3181 3277
3181 3229
3181 3246
3181 3212
3181 3236
3181 3201
3182 3252
3182 3190
3182 3217
3183 3191
3183 3193
3183 3215
3183 3189
3183 3252
3184 3201
3184 3219
3185 3205
3185 3257
3185 3247
3186 3278
3186 3282
3186 3240
3186 3223
3187 3277
3187 3211
3187 3192
3188 3217
3188 3262
3188 3252
3188 3236
3188 3198
3188 3271
3188 3201
3188 3227
3188 3221
3189 3237
3189 3270
3189 3209
3190 3247
3191 3218
3192 3206
3192 3286
3193 3256
3193 3199
3193 3249
3194 3242
3194 3217
3194 3215
3194 3195
3194 3250
3194 3259
3194 3208
3194 3272
3194 3220
3194 3288
3195 3205
3195 3251
3195 3245
3198 3287
3198 3286
3199 3277
3199 3225
3199 3229
3199 3257
3200 3271
3200 3211
3200 3276
3200 3207
3200 3250
3200 3249
3201 3232
3201 3227
3201 3212
3201 3288
3201 3220
3201 3215
3202 3241
3202 3280
3202 3244
3203 3220
3203 3239
3203 3299
3204 3276
3204 3263
3204 3267
3204 3264
3204 3222
3204 3279
3204 3274
3205 3212
3205 3213
3206 3282
3207 3233
3207 3260
3207 3249
3207 3264
3208 3247
3208 3234
3208 3221
3209 3275
3209 3264
3209 3286
3211 3292
3211 3220
3212 3281
3213 3225
3214 3303
3215 3238
3215 3234
3215 3311
3216 3309
3217 3273
3217 3305
3217 3264
3218 3299
3218 3270
3218 3275
3218 3254
3218 3281
3219 3287
3219 3225
3219 3221
3219 3314
3220 3300
3221 3295
3221 3288
3221 3237
3221 3290
3222 3317
3222 3286
3222 3237
3223 3259
3223 3253
3224 3250
3224 3316
3225 3309
3225 3256
3226 3258
3226 3260
3226 3303
3227 3247
3227 3270
3228 3233
3228 3286
3228 3314
3228 3322
3229 3280
3229 3318
3229 3284
3229 3299
3229 3324
3230 3326
3230 3282
3231 3246
3231 3320
3231 3317
3231 3288
3231 3249
3231 3286
3232 3260
3232 3237
3233 3277
3234 3305
3234 3236
3234 3326
3234 3309
3234 3274
3234 3301
3235 3302
3235 3290
3235 3267
3235 3268
3236 3295
3236 3326
3236 3332
3236 3264
3236 3301
3237 3282
3237 3312
3237 3288
3237 3323
3237 3299
3238 3265
3238 3290
3238 3276
3238 3315
3238 3252
3239 3320
3239 3260
3240 3314
3240 3265
3240 3270
3241 3285
3241 3282
3241 3250
3241 3245
3241 3242
3241 3266
3242 3252
3242 3261
3243 3272
3243 3281
3243 3310
3243 3244
3244 3266
3245 3303
3245 3262
3245 3282
3246 3278
3247 3254
3247 3316
3247 3251
3247 3257
3247 3255
3248 3283
3248 3268
3248 3316
3249 3280
3249 3337
3249 3250
3249 3302
3250 3303
3250 3308
3250 3263
3251 3264
3251 3281
3252 3307
3252 3322
3252 3271
3252 3272
3253 3282
3253 3327
3253 3261
3254 3299
3254 3310
3254 3318
3255 3273
3256 3338
3256 3320
3257 3318
3257 3294
3258 3277
3258 3305
3258 3294
3259 3313
3259 3274
3260 3308
3260 3334
3260 3296
3260 3344
3260 3351
3260 3355
3261 3315
3261 3298
3261 3279
3263 3315
3263 3275
3264 3329
3265 3293
3265 3341
3265 3288
3266 3294
3266 3339
3267 3317
3267 3344
3268 3318
3268 3283
3268 3341
3268 3307
3268 3278
3268 3296
3270 3319
3270 3283
3270 3336
3271 3332
3271 3306
3271 3282
3271 3324
3271 3333
3271 3350
3272 3338
3272 3316
3273 3349
3274 3358
3274 3289
3275 3298
3275 3290
3275 3348
3275 3360
3275 3364
3277 3309
3277 3371
3277 3347
3278 3366
3278 3370
3279 3332
3279 3286
3279 3284
3280 3289
3280 3365
3281 3291
3282 3292
3282 3309
3282 3325
3283 3369
3283 3333
3283 3322
3283 3292
3283 3363
3284 3298
3285 3376
3285 3290
3286 3358
3286 3368
3286 3318
3286 3303
3287 3305
3287 3320
3287 3347
3288 3383
3288 3366
3288 3340
3288 3329
3288 3294
3288 3336
3289 3357
3289 3306
3289 3295
3289 3313
3289 3328
3289 3310
3290 3364
3290 3348
3290 3302
3290 3333
3291 3328
3291 3295
3292 3331
3292 3330
3293 3323
3293 3311
3294 3370
3294 3356
3294 3309
3294 3333
3294 3303
3295 3370
3295 3329
3295 3358
3296 3334
3296 3352
3297 3310
3297 3333
3297 3380
3297 3385
3297 3305
3298 3337
3298 3313
3298 3375
3299 3358
3299 3313
3300 3383
3301 3393
3302 3304
3302 3387
3302 3345
3303 3359
3303 3355
3303 3360
3303 3305
3303 3348
3303 3316
3304 3327
3304 3331
3304 3332
3305 3318
3305 3378
3306 3355
3306 3320
3307 3341
3307 3360
3307 3357
3308 3311
3308 3362
3309 3395
3309 3378
3309 3347
3309 3340
3310 3342
3310 3368
3310 3344
3310 3363
3310 3348
3310 3333
3310 3393
3311 3316
3311 3315
3311 3312
3311 3367
3311 3342
3311 3321
3312 3361
3312 3335
3313 3386
3313 3347
3313 3375
3314 3353
3314 3405
3314 3329
3314 3362
3315 3386
3315 3368
3316 3387
3316 3412
3316 3406
3317 3385
3317 3380
3317 3410
3317 3356
3319 3342
3319 3410
3319 3394
3319 3338
3320 3410
3320 3379
3320 3338
3321 3364
3322 3343
3322 3353
3322 3337
3324 3336
3324 3392
3325 3391
3325 3368
3325 3349
3325 3385
3326 3401
3326 3389
3326 3360
3327 3339
3327 3356
3327 3411
3328 3384
3328 3373
3328 3334
3328 3371
3328 3372
3328 3363
3329 3366
3329 3423
3330 3333
3330 3359
3331 3392
3331 3415
3331 3369
3331 3390
3331 3384
3331 3408
3331 3391
3331 3338
3332 3427
3332 3350
3332 3380
3333 3407
3333 3353
3333 3377
3334 3364
3334 3427
3335 3360
3335 3424
3336 3406
3337 3358
3337 3351
3337 3432
3337 3373
3340 3412
3340 3416
3340 3418
3340 3366
3341 3352
3341 3429
3341 3422
3341 3377
3342 3361
3342 3379
3343 3372
3343 3348
3343 3363
3343 3398
3343 3393
3343 3369
3344 3409
3344 3410
3345 3414
3345 3383
3346 3361
3346 3439
3346 3369
3346 3384
3347 3429
3347 3365
3347 3405
3347 3350
3348 3442
3348 3438
3348 3354
3349 3444
3350 3411
3350 3383
3350 3414
3350 3409
3350 3415
3350 3443
3352 3375
3352 3408
3352 3397
3352 3390
3353 3381
3353 3434
3353 3405
3354 3367
3354 3397
3354 3388
3354 3400
3355 3422
3355 3406
3355 3369
3355 3433
3356 3374
3357 3417
3358 3385
3359 3424
3360 3454
3360 3411
3360 3375
3361 3388
3361 3451
3361 3384
3361 3437
3362 3394
3362 3396
3362 3364
3363 3452
3363 3445
3363 3392
3363 3454
3364 3398
3365 3384
3365 3418
3366 3455
3366 3457
3367 3449
3367 3393
3367 3427
3368 3393
3369 3431
3369 3373
3369 3408
3369 3452
3369 3417
3369 3410
3369 3412
3370 3465
3370 3461
3371 3423
3371 3374
3371 3448
3372 3457
3372 3397
3372 3395
3372 3419
3373 3413
3374 3406
3375 3458
3375 3441
3375 3376
3376 3406
3376 3381
3376 3463
3376 3466
3376 3404
3377 3461
3377 3426
3378 3472
3378 3446
3378 3399
3379 3464
3379 3439
3380 3454
3380 3398
3380 3397
3380 3383
3381 3404
3382 3473
3382 3413
3382 3404
3383 3417
3384 3403
3384 3478
3384 3390
3384 3467
3384 3448
3385 3477
3385 3412
3385 3465
3385 3432
3386 3409
3386 3433
3386 3387
3386 3432
3386 3450
3387 3396
3387 3430
3387 3403
3388 3466
3388 3404
3389 3479
3390 3421
3390 3447
3390 3413
3390 3414
3390 3457
3391 3415
3391 3404
3391 3476
3391 3422
3391 3481
3392 3430
3392 3468
3393 3400
3394 3474
3395 3465
3395 3416
3395 3455
3395 3404
3395 3411
3397 3423
3397 3491
3398 3488
3398 3425
3398 3482
3400 3471
3400 3461
3401 3429
3401 3424
3401 3418
3402 3456
3402 3405
3403 3433
3403 3417
3404 3414
3404 3453
3404 3437
3404 3495
3405 3479
3405 3496
3405 3420
3405 3432
3405 3490
3405 3411
3405 3497
3405 3482
3406 3486
3406 3500
3406 3419
3407 3454
3407 3494
3407 3442
3408 3422
3408 3434
3408 3476
3409 3428
3410 3412
3410 3474
3410 3480
3411 3464
3411 3432
3411 3455
3412 3501
3412 3449
3412 3465
3412 3462
3412 3463
3412 3505
3412 3420
3413 3492
3413 3420
3414 3419
3414 3445
3414 3463
3415 3510
3415 3474
3416 3428
3416 3467
3417 3466
3417 3474
3417 3428
3417 3513
3417 3504
3418 3480
3418 3514
3418 3499
3418 3489
3418 3513
3419 3508
3419 3488
3420 3490
3420 3427
3420 3441
3421 3446
3421 3501
3421 3435
3421 3509
3422 3449
3422 3446
3422 3516
3422 3461
3423 3507
3423 3426
3423 3425
3423 3454
3424 3458
3424 3498
3425 3457
3425 3438
3425 3454
3425 3480
3426 3432
3426 3505
3426 3521
3426 3459
3427 3505
3427 3468
3428 3486
3428 3482
3429 3477
3429 3516
3429 3509
3430 3432
3431 3453
3432 3520
3432 3470
3432 3483
3432 3500
3433 3434
3433 3458
3433 3450
3433 3523
3434 3439
3434 3525
3434 3492
3435 3500
3435 3451
3435 3494
3436 3452
3436 3526
3436 3487
3436 3528
3436 3484
3436 3467
3437 3496
3437 3497
3438 3527
3438 3530
3439 3516
3440 3461
3441 3511
3442 3518
3442 3538
3442 3466
3442 3443
3442 3517
3443 3523
3443 3458
3443 3449
3443 3486
3443 3450
3443 3504
3444 3480
3444 3497
3444 3482
3444 3474
3445 3451
3445 3456
3446 3517
3446 3479
3446 3447
3446 3525
3446 3474
3447 3448
3447 3505
3448 3542
3448 3480
3448 3452
3449 3474
3449 3451
3450 3510
3450 3490
3450 3524
3451 3529
3451 3496
3451 3478
3451 3452
3451 3524
3452 3547
3452 3515
3452 3477
3452 3459
3452 3543
3453 3473
3453 3478
3453 3497
3454 3530
3455 3503
3455 3519
3456 3545
3457 3516
3457 3494
3457 3532
3459 3504
3459 3487
3459 3521
3459 3498
3460 3470
3460 3495
3460 3475
3461 3484
3462 3529
3462 3491
3462 3483
3462 3505
3462 3494
3462 3501
3462 3499
3462 3528
3463 3530
3463 3527
3464 3505
3464 3523
3464 3504
3464 3558
3465 3491
3465 3536
3465 3503
3466 3523
3466 3483
3466 3558
3467 3518
3468 3545
3468 3512
3468 3485
3468 3533
3469 3548
3469 3491
3470 3494
3470 3539
3471 3541
3471 3550
3471 3486
3471 3534
3471 3530
3472 3561
3472 3497
3472 3544
3472 3479
3472 3519
3473 3522
3473 3500
3473 3491
3473 3501
3473 3494
3473 3498
3473 3476
3474 3529
3474 3492
3475 3535
3475 3519
3475 3547
3475 3516
3476 3482
3476 3539
3476 3486
3477 3547
3478 3571
3478 3566
3479 3557
3479 3537
3479 3573
3479 3526
3480 3569
3480 3513
3480 3545
3481 3520
3481 3514
3481 3522
3481 3550
3481 3548
3481 3554
3481 3566
3481 3549
3482 3525
3482 3558
3483 3500
3483 3485
3483 3547
3483 3540
3483 3531
3483 3518
3483 3521
3483 3578
3483 3535
3483 3542
3484 3550
3485 3562
3485 3531
3485 3511
3486 3524
3486 3553
3486 3526
3487 3527
3489 3572
3490 3573
3490 3491
3490 3577
3490 3555
3490 3533
3491 3533
3491 3577
3491 3560
3492 3543
3492 3539
3492 3565
3493 3504
3493 3521
3493 3589
3494 3587
3494 3521
3494 3552
3495 3531
3495 3580
3495 3518
3495 3536
3495 3496
3495 3573
3497 3504
3497 3546
3497 3523
3498 3503
3498 3536
3498 3524
3499 3538
3499 3583
3499 3520
3499 3516
3500 3505
3500 3527
3500 3564
3501 3502
3501 3546
3502 3509
3502 3523
3502 3597
3503 3590
3503 3580
3503 3569
3503 3579
3504 3560
3504 3508
3504 3522
3504 3539
3505 3550
3505 3507
3505 3518
3506 3596
3506 3584
3507 3575
3509 3556
3509 3531
3509 3550
3509 3561
3509 3604
3511 3564
3511 3601
3511 3516
3511 3580
3512 3551
3512 3601
3512 3543
3512 3581
3513 3542
3513 3518
3514 3567
3514 3547
3514 3542
3514 3603
3514 3528
3515 3519
3515 3561
3515 3603
3516 3603
3516 3562
3516 3576
3516 3582
3517 3574
3517 3533
3517 3587
3517 3572
3518 3551
3519 3564
3519 3536
3519 3562
3519 3599
3519 3531
3519 3592
3519 3579
3520 3575
3520 3528
3520 3592
3521 3556
3521 3545
3521 3616
3521 3605
3522 3607
3522 3581
3522 3591
3523 3542
3523 3536
3523 3562
3523 3597
3524 3600
3524 3574
3524 3538
3524 3561
3525 3545
3527 3615
3527 3586
3528 3557
3528 3569
3529 3607
3529 3548
3529 3623
3531 3588
3531 3554
3531 3540
3532 3626
3532 3558
3532 3609
3532 3605
3532 3625
3532 3579
3533 3567
3534 3559
3534 3564
3534 3607
3535 3544
3535 3576
3535 3583
3535 3578
3535 3570
3536 3593
3536 3568
3536 3588
3536 3591
3536 3622
3537 3616
3537 3567
3537 3603
3537 3582
3537 3575
3538 3575
3538 3595
3539 3618
3539 3590
3540 3589
3540 3594
3540 3581
3540 3619
3540 3597
3541 3562
3542 3552
3542 3594
3542 3550
3542 3549
3543 3546
3543 3596
3543 3572
3543 3603
3543 3590
3544 3635
3544 3568
3544 3639
3545 3611
3545 3624
3546 3604
3546 3586
3546 3575
3546 3568
3547 3587
3547 3633
3547 3601
3548 3621
3548 3638
3548 3591
3550 3575
3551 3593
3551 3558
3551 3647
3552 3577
3552 3572
3553 3556
3553 3640
3553 3561
3553 3610
3554 3593
3554 3559
3554 3555
3554 3610
3554 3598
3555 3605
3555 3558
3555 3650
3556 3586
3556 3626
3556 3628
3556 3608
3556 3580
3557 3618
3558 3572
3558 3588
3558 3654
3558 3568
3559 3647
3559 3586
3560 3586
3560 3562
3561 3583
3561 3570
3561 3592
3562 3608
3562 3636
3562 3587
3562 3576
3563 3633
3563 3606
3563 3617
3563 3645
3564 3573
3564 3580
3564 3585
3564 3627
3564 3626
3565 3658
3566 3642
3566 3646
3567 3589
3567 3620
3567 3648
3568 3652
3568 3597
3568 3658
3569 3652
3569 3623
3569 3605
3569 3621
3569 3594
3570 3660
3570 3625
3570 3648
3570 3600
3571 3622
3571 3589
3571 3604
3572 3577
3573 3643
3573 3585
3573 3626
3574 3596
3574 3598
3575 3595
3577 3663
3577 3601
3577 3598
3577 3622
3577 3665
3578 3597
3578 3668
3579 3601
3580 3657
3580 3607
3581 3633
3581 3612
3582 3613
3582 3612
3583 3585
3583 3657
3583 3660
3583 3637
3584 3590
3584 3641
3584 3639
3584 3670
3585 3633
3585 3673
3586 3664
3586 3677
3586 3643
3587 3639
3587 3659
3587 3627
3589 3598
3590 3664
3590 3595
3590 3662
3590 3650
3590 3627
3591 3668
3591 3611
3591 3601
3592 3651
3592 3611
3592 3659
3593 3680
3593 3657
3593 3670
3593 3632
3593 3642
3594 3624
3594 3619
3594 3687
3595 3618
3595 3652
3595 3665
3595 3673
3595 3650
3595 3649
3595 3625
3596 3692
3596 3682
3596 3647
3597 3628
3597 3659
3597 3636
3597 3610
3597 3677
3597 3643
3597 3632
3598 3648
3598 3666
3598 3692
3598 3658
3598 3632
3598 3626
3599 3617
3599 3687
3599 3661
3601 3604
3602 3638
3602 3610
3602 3664
3603 3623
3604 3651
3604 3697
3606 3659
3607 3657
3607 3699
3608 3654
3608 3664
3608 3617
3608 3674
3609 3615
3609 3665
3610 3634
3610 3697
3610 3692
3610 3687
3610 3660
3610 3654
3610 3644
3611 3640
3611 3675
3611 3673
3612 3689
3612 3665
3612 3680
3612 3641
3612 3660
3612 3632
3612 3625
3612 3697
3613 3638
3613 3635
3613 3688
3613 3681
3613 3623
3613 3673
3613 3682
3614 3700
3615 3691
3615 3669
3616 3712
3616 3642
3616 3708
3616 3655
3616 3648
3616 3621
3616 3661
3617 3682
3617 3640
3617 3670
3617 3708
3619 3714
3619 3686
3619 3628
3619 3644
3619 3673
3621 3702
3621 3687
3621 3678
3622 3641
3622 3712
3622 3678
3622 3626
3622 3634
3623 3703
3623 3667
3623 3639
3623 3665
3624 3640
3624 3658
3624 3646
3625 3643
3625 3627
3625 3721
3626 3643
3626 3657
3626 3699
3626 3721
3627 3651
3627 3707
3628 3661
3628 3637
3629 3673
3629 3659
3630 3726
3630 3710
3630 3663
3630 3669
3630 3688
3630 3649
3630 3723
3631 3673
3631 3712
3631 3704
3631 3727
3632 3648
3632 3711
3632 3696
3633 3662
3633 3708
3634 3708
3634 3697
3634 3665
3634 3695
3636 3732
3636 3703
3636 3685
3636 3684
3636 3661
3636 3723
3637 3690
3637 3679
3637 3639
3637 3711
3638 3716
3638 3689
3638 3655
3638 3701
3638 3694
3639 3653
3639 3733
3639 3654
3640 3653
3640 3729
3640 3699
3640 3731
3640 3696
3640 3693
3640 3652
3641 3717
3641 3698
3641 3730
3641 3644
3644 3725
3644 3705
3644 3661
3644 3684
3644 3702
3644 3647
3645 3738
3645 3684
3646 3660
3646 3650
3646 3654
3646 3719
3647 3711
3647 3659
3648 3703
3648 3690
3648 3744
3648 3685
3649 3738
3649 3688
3649 3700
3650 3693
3650 3684
3650 3744
3650 3678
3651 3673
3651 3674
3652 3653
3652 3733
3652 3732
3652 3687
3653 3659
3654 3672
3654 3683
3654 3682
3654 3710
3655 3727
3655 3720
3656 3664
3657 3696
3657 3704
3658 3729
3658 3748
3658 3692
3659 3715
3659 3744
3660 3708
3660 3732
3660 3713
3660 3718
3660 3753
3660 3670
3660 3674
3661 3736
3661 3677
3661 3702
3661 3730
3662 3674
3663 3758
3663 3759
3663 3689
3663 3695
3664 3743
3664 3749
3664 3725
3665 3685
3665 3711
3666 3756
3666 3721
3667 3735
3667 3702
3668 3719
3668 3717
3668 3715
3668 3698
3668 3676
3668 3756
3669 3759
3669 3739
3670 3721
3671 3675
3671 3716
3671 3740
3671 3733
3672 3683
3673 3700
3673 3750
3673 3707
3673 3733
3673 3690
3673 3691
3674 3700
3674 3762
3674 3750
3675 3745
3675 3684
3676 3752
3676 3679
3677 3762
3677 3722
3678 3769
3678 3705
3678 3764
3679 3731
3679 3734
3679 3761
3679 3708
3680 3687
3680 3772
3680 3700
3681 3756
3681 3705
3681 3773
3682 3742
3682 3734
3682 3683
3683 3736
3684 3702
3684 3726
3685 3730
3685 3769
3685 3715
3686 3697
3686 3716
3687 3759
3687 3714
3688 3765
3688 3746
3689 3696
3689 3703
3690 3780
3690 3713
3690 3712
3691 3713
3691 3749
3692 3708
3692 3752
3693 3765
3693 3783
3693 3725
3693 3756
3693 3749
3693 3703
3694 3727
3694 3786
3694 3700
3695 3725
3695 3724
3696 3759
3697 3722
3697 3783
3697 3755
3698 3715
3698 3745
3698 3789
3698 3757
3699 3751
3699 3700
3699 3769
3700 3739
3700 3758
3701 3757
3701 3748
3701 3759
3702 3710
3702 3760
3702 3755
3702 3770
3702 3757
3702 3756
3703 3783
3703 3707
3703 3728
3704 3741
3705 3788
3705 3772
3705 3753
3705 3749
3706 3750
3706 3742
3706 3785
3708 3766
3708 3767
3708 3732
3708 3801
3708 3741
3709 3795
3709 3746
3709 3790
3709 3769
3709 3785
3710 3776
3710 3764
3710 3781
3710 3751
3710 3732
3711 3752
3711 3719
3712 3749
3712 3807
3712 3755
3712 3736
3713 3724
3713 3774
3713 3798
3713 3778
3714 3809
3714 3768
3714 3769
3714 3715
3714 3780
3715 3744
3715 3723
3715 3778
3716 3778
3716 3775
3716 3731
3716 3756
3716 3733
3717 3751
3717 3785
3717 3793
3717 3783
3718 3745
3718 3811
3718 3770
3719 3798
3721 3730
3721 3806
3721 3797
3722 3741
3722 3763
3722 3756
3722 3755
3722 3788
3724 3733
3724 3731
3725 3808
3726 3811
3726 3753
3726 3813
3727 3751
3727 3783
3727 3741
3727 3740
3727 3737
3728 3818
3728 3782
3728 3736
3728 3816
3730 3794
3731 3811
3731 3795
3731 3796
3731 3823
3731 3743
3732 3826
3732 3733
3732 3738
3733 3788
3733 3792
3733 3795
3733 3806
3734 3758
3734 3819
3734 3759
3735 3826
3735 3757
3736 3801
3736 3796
3736 3737
3736 3800
3737 3752
3737 3797
3737 3750
3738 3762
3738 3825
3738 3758
3738 3811
3738 3803
3738 3821
3739 3808
3739 3772
3740 3805
3740 3818
3740 3777
3741 3764
3742 3789
3742 3801
3743 3831
3744 3840
3744 3758
3744 3834
3744 3792
3745 3772
3745 3757
3745 3794
3746 3794
3746 3836
3746 3796
3746 3776
3747 3755
3747 3839
3747 3842
3747 3800
3747 3760
3748 3787
3748 3808
3748 3754
3748 3806
3748 3799
3748 3756
3748 3822
3749 3750
3750 3804
3750 3756
3750 3772
3750 3834
3751 3827
3751 3776
3751 3844
3752 3848
3752 3793
3753 3786
3754 3766
3755 3780
3756 3789
3756 3759
3757 3846
3757 3847
3758 3766
3758 3790
3758 3820
3758 3833
3758 3817
3759 3852
3759 3824
3759 3794
3760 3805
3760 3795
3760 3836
3761 3838
3761 3822
3761 3771
3762 3828
3762 3827
3762 3805
3762 3857
3762 3765
3762 3843
3763 3794
3763 3790
3763 3830
3764 3823
3765 3850
3765 3834
3766 3799
3767 3816
3767 3814
3767 3822
3767 3787
3768 3823
3768 3860
3768 3769
3768 3853
3768 3781
3768 3773
3770 3866
3770 3787
3770 3835
3770 3825
3771 3816
3771 3801
3771 3772
3772 3825
3773 3814
3774 3798
3774 3815
3774 3867
3775 3780
3775 3807
3776 3823
3776 3821
3777 3832
3777 3791
3777 3783
3778 3835
3778 3838
3779 3832
3779 3814
3779 3811
3779 3862
3780 3844
3780 3840
3780 3870
3780 3837
3781 3794
3781 3856
3781 3853
3781 3807
3782 3839
3782 3794
3783 3860
3783 3841
3784 3831
3785 3867
3785 3845
3785 3833
3786 3855
3787 3799
3787 3841
3787 3851
3788 3840
3789 3880
3789 3839
3789 3823
3789 3812
3790 3874
3790 3867
3790 3817
3790 3879
3791 3794
3792 3885
3792 3829
3793 3843
3793 3876
3793 3889
3793 3879
3793 3885
3794 3833
3794 3812
3794 3868
3794 3802
3795 3861
3795 3878
3795 3846
3795 3856
3796 3865
3796 3857
3796 3831
3796 3840
3797 3882
3797 3806
3797 3859
3797 3814
3798 3885
3798 3853
3798 3861
3799 3828
3799 3812
3800 3843
3800 3851
3801 3840
3801 3846
3801 3841
3801 3805
3802 3804
3802 3855
3803 3877
3803 3853
3803 3835
3804 3858
3804 3805
3804 3806
3805 3845
3805 3854
3806 3891
3807 3882
3807 3866
3809 3883
3809 3843
3809 3892
3809 3833
3811 3848
3811 3878
3811 3889
3811 3856
3812 3834
3812 3854
3812 3882
3813 3839
3813 3890
3815 3836
3815 3872
3815 3878
3815 3848
3816 3895
3816 3838
3816 3826
3816 3841
3817 3850
3817 3891
3817 3879
3817 3855
3817 3870
3817 3887
3817 3884
3817 3849
3818 3864
3819 3886
3819 3888
3819 3821
3819 3878
3819 3908
3820 3909
3821 3865
3821 3914
3822 3832
3822 3863
3822 3851
3822 3858
3823 3870
3823 3907
3823 3913
3823 3888
3823 3841
3823 3887
3824 3869
3824 3850
3825 3921
3826 3861
3826 3901
3826 3838
3826 3916
3826 3914
3827 3830
3827 3900
3827 3866
3828 3873
3828 3871
3828 3850
3828 3894
3829 3906
3829 3919
3829 3870
3830 3852
3830 3871
3830 3868
3830 3906
3830 3886
3831 3911
3831 3849
3831 3866
3831 3895
3831 3867
3831 3853
3832 3928
3832 3910
3832 3868
3832 3836
3832 3879
3833 3855
3833 3848
3833 3889
3833 3922
3834 3838
3834 3845
3835 3854
3835 3931
3836 3866
3836 3906
3837 3898
3837 3842
3838 3913
3839 3867
3839 3910
3839 3931
3840 3896
3840 3866
3840 3909
3840 3843
3840 3918
3840 3868
3841 3925
3841 3915
3841 3919
3842 3921
3843 3907
3843 3934
3843 3880
3843 3849
3843 3911
3844 3867
3844 3878
3845 3858
3845 3871
3845 3860
3845 3902
3846 3891
3846 3894
3846 3871
3846 3902
3846 3931
3847 3887
3847 3938
3848 3862
3848 3849
3848 3921
3848 3904
3849 3861
3849 3928
3850 3919
3850 3912
3850 3871
3851 3867
3851 3869
3851 3900
3851 3887
3852 3854
3852 3900
3852 3889
3853 3931
3853 3919
3853 3897
3853 3895
3853 3873
3853 3865
3854 3902
3854 3866
3855 3926
3855 3903
3855 3889
3855 3894
3856 3890
3856 3857
3856 3858
3857 3864
3857 3869
3857 3947
3857 3920
3858 3945
3858 3898
3858 3953
3858 3932
3859 3874
3859 3931
3859 3906
3860 3939
3860 3886
3861 3944
3861 3907
3861 3872
3861 3879
3862 3920
3862 3913
3862 3892
3862 3873
3862 3904
3863 3886
3864 3932
3864 3874
3864 3899
3864 3955
3865 3904
3865 3879
3866 3878
3866 3916
3867 3935
3867 3902
3867 3869
3867 3923
3868 3953
3868 3950
3869 3910
3870 3916
3870 3924
3870 3954
3870 3914
3871 3900
3872 3898
3872 3949
3872 3966
3873 3930
3874 3949
3875 3896
3876 3889
3876 3949
3876 3967
3876 3877
3877 3945
3877 3948
3877 3878
3877 3931
3879 3884
3879 3894
3879 3952
3879 3915
3880 3913
3880 3945
3880 3883
3880 3892
3881 3940
3881 3892
3881 3928
3882 3976
3882 3915
3882 3911
3883 3913
3883 3911
3884 3939
3884 3929
3885 3895
3885 3890
3887 3926
3887 3896
3887 3902
3888 3904
3888 3942
3889 3904
3889 3922
3889 3942
3889 3949
3889 3898
3889 3964
3889 3957
3890 3921
3890 3955
3890 3973
3891 3919
3891 3933
3892 3899
3892 3976
3892 3951
3893 3927
3893 3925
3894 3917
3895 3978
3895 3959
3896 3912
3896 3897
3896 3939
3897 3969
3897 3934
3899 3952
3899 3921
3899 3995
3899 3976
3900 3995
3900 3941
3902 3910
3902 3905
3902 3985
3903 3923
3903 3905
3903 3973
3903 3954
3903 3968
3903 3967
3904 3993
3904 3914
3905 3945
3905 3981
3905 4001
3905 3957
3905 3941
3906 3988
3906 3924
3907 3973
3907 3957
3907 3969
3907 3926
3907 3925
3907 3992
3908 3963
3910 3975
3910 3958
3911 3927
3911 3947
3911 3914
3911 3957
3911 4000
3911 3954
3912 3941
3912 4001
3912 3967
3913 3920
3913 3930
3914 3934
3915 3996
3915 3985
3917 3979
3917 3986
3917 3969
3918 3987
3918 3939
3918 3984
3918 3990
3919 3996
3919 3936
3919 3982
3919 3939
3919 3965
3920 3959
3920 3924
3920 3960
3920 3925
3920 3942
3920 3947
3920 3932
3921 3957
3921 3946
3921 3980
3921 3981
3921 3947
3922 3966
3922 3924
3923 3974
3923 3965
3925 3975
3925 3988
3926 3958
3926 3941
3927 3988
3927 3973
3927 3987
3928 3930
3928 3993
3928 3990
3928 3958
3928 3962
3928 3937
3928 3978
3928 3935
3929 4011
3929 3989
3929 3933
3930 3978
3930 4020
3930 3984
3931 3966
3931 3932
3931 3950
3932 4006
3932 4002
3932 3952
3934 3956
3935 3940
3935 4014
3935 4000
3935 3995
3936 4017
3937 3943
3937 3980
3937 3983
3938 3993
3938 4012
3938 3949
3939 4016
3940 3981
3940 3978
3940 4021
3941 4001
3941 3975
3942 3950
3943 3998
3944 3957
3945 3996
3946 3983
3946 3950
3946 4009
3946 3998
3947 3950
3948 4035
3949 3994
3949 4004
3949 3961
3949 3972
3950 3999
3950 3989
3950 3951
3950 3981
3951 3963
3951 3975
3951 4003
3951 3993
3951 4011
3952 4005
3952 4033
3952 3982
3952 3959
3952 4014
3952 4009
3953 4040
3953 4045
3953 3986
3953 3991
3954 4037
3954 4032
3955 4021
3955 4019
3955 4042
3955 3958
3955 4018
3955 4012
3956 4051
3956 4032
3956 4019
3956 3983
3956 4050
3957 4018
3958 3971
3958 3961
3958 4053
3958 3980
3958 3965
3959 4043
3959 3978
3959 4029
3960 4004
3960 4027
3960 3990
3960 4051
3961 4040
3961 4036
3961 4012
3961 3999
3961 3979
3962 4049
3962 4030
3962 3988
3963 3983
3964 4003
3964 3987
3964 4036
3964 3984
3965 4008
3965 4049
3966 4009
3967 3995
3967 3978
3968 3992
3969 3985
3969 4064
3970 3991
3970 3974
3970 4066
3971 4006
3971 4013
3972 4015
3972 4064
3973 4045
3973 4001
3973 4008
3973 4033
3973 4032
3973 4015
3974 4047
3974 4056
3976 3981
3976 3978
3976 4036
3977 4036
3977 4009
3977 3979
3977 4046
3978 4066
3978 4013
3978 4060
3978 4005
3979 4006
3979 3986
3979 3989
3979 3982
3979 4058
3979 4042
3980 3988
3981 4025
3981 3983
3981 4028
3982 3985
3983 4008
3983 4020
3984 3997
3984 4007
3984 3996
3984 4047
3984 3990
3984 3994
3985 4029
3985 4049
3985 3999
3985 4001
3985 4059
3985 4023
3986 4066
3986 4029
3986 4074
3986 4047
3986 3998
3987 4082
3987 4055
3987 4028
3987 3988
3988 4037
3988 4008
3988 4072
3988 4012
3989 4060
3989 4029
3990 4003
3991 4071
3991 4028
3991 4076
3991 4073
3991 4049
3991 4005
3991 4000
3992 4001
3992 4071
3992 4026
3993 4057
3993 4088
3993 4056
3993 4064
3993 4002
3994 4036
3994 4086
3994 4039
3995 4080
3995 4060
3995 4004
3995 4030
3995 4039
3995 4028
3995 4037
3995 4048
3996 4037
3996 3998
3997 4020
3997 4036
3997 4062
3997 4027
3997 4003
3998 4068
3998 4092
3999 4040
3999 4044
4000 4067
4000 4005
4000 4035
4000 4071
4000 4002
4000 4046
4000 4076
4001 4076
4001 4005
4001 4063
4002 4010
4002 4073
4003 4051
4003 4039
4003 4084
4005 4088
4005 4079
4005 4013
4006 4072
4006 4088
4006 4092
4006 4089
4007 4009
4007 4033
4007 4011
4007 4096
4007 4083
4008 4046
4008 4027
4008 4013
4008 4058
4008 4057
4008 4043
4008 4062
4009 4038
4009 4059
4009 4095
4009 4035
4009 4042
4010 4051
4011 4021
4011 4063
4011 4088
4012 4098
4012 4075
4013 4050
4014 4075
4014 4016
4014 4106
4014 4027
4014 4062
4014 4028
4015 4097
4016 4019
4016 4092
4016 4051
4016 4066
4017 4083
4017 4079
4018 4019
4018 4099
4018 4021
4018 4055
4018 4068
4018 4066
4018 4073
4019 4091
4019 4076
4020 4022
4020 4059
4021 4061
4021 4024
4021 4112
4022 4088
4023 4058
4023 4024
4024 4071
4025 4106
4025 4087
4026 4028
4026 4116
4026 4066
4027 4029
4027 4103
4027 4118
4028 4048
4028 4103
4029 4048
4029 4106
4029 4034
4029 4043
4030 4094
4030 4104
4031 4100
4031 4033
4031 4059
4031 4094
4032 4093
4032 4089
4033 4075
4033 4072
4033 4127
4034 4092
4034 4088
4034 4048
4035 4056
4035 4097
4037 4067
4037 4048
4037 4088
4037 4119
4037 4041
4038 4064
4038 4110
4038 4043
4038 4097
4039 4109
4039 4061
4039 4057
4040 4100
4041 4079
4041 4085
4042 4062
4042 4055
4042 4064
4043 4117
4043 4132
4043 4130
4044 4087
4044 4090
4044 4140
4044 4125
4044 4048
4044 4060
4044 4126
4045 4085
4045 4070
4046 4124
4046 4101
4046 4058
4046 4060
4047 4116
4047 4091
4047 4137
4047 4095
4047 4109
4047 4130
4048 4089
4048 4063
4049 4136
4050 4064
4050 4105
4050 4125
4051 4128
4051 4052
4051 4064
4051 4053
4051 4110
4052 4057
4052 4111
4052 4086
4052 4077
4052 4089
4052 4088
4052 4072
4053 4149
4053 4110
4054 4143
4055 4093
4055 4107
4055 4144
4055 4128
4055 4148
4055 4096
4055 4150
4055 4119
4056 4098
4056 4104
4057 4062
4057 4137
4058 4069
4058 4093
4058 4121
4058 4126
4058 4151
4059 4106
4059 4112
4059 4151
4060 4084
4060 4153
4061 4130
4061 4089
4062 4076
4062 4085
4062 4132
4063 4119
4065 4091
4066 4128
4066 4101
4066 4086
4066 4138
4066 4161
4066 4157
4066 4140
4067 4127
4068 4074
4069 4119
4070 4091
4070 4115
4070 4135
4070 4154
4070 4130
4070 4077
4070 4141
4072 4079
4072 4078
4072 4123
4073 4169
4074 4093
4074 4078
4074 4089
4074 4104
4075 4150
4075 4087
4075 4163
4075 4111
4075 4119
4076 4125
4076 4121
4077 4119
4078 4088
4078 4115
4079 4102
4079 4120
4079 4163
4079 4122
4080 4155
4080 4098
4080 4085
4080 4141
4081 4084
4081 4098
4081 4094
4081 4163
4082 4089
4082 4176
4082 4155
4083 4137
4083 4118
4084 4097
4084 4136
4085 4122
4085 4145
4085 4105
4086 4132
4086 4111
4086 4114
4086 4139
4087 4162
4087 4172
4088 4120
4088 4160
4088 4100
4089 4177
4089 4156
4090 4182
4092 4145
4092 4158
4092 4119
4093 4131
4094 4151
4094 4190
4096 4100
4097 4136
4097 4121
4097 4106
4098 4190
4098 4188
4098 4141
4098 4157
4098 4111
4099 4128
4099 4169
4099 4108
4100 4131
4100 4146
4100 4174
4100 4149
4100 4160
4101 4173
4101 4170
4101 4156
4101 4165
4102 4190
4102 4133
4102 4175
4102 4124
4103 4105
4103 4111
4104 4152
4104 4179
4104 4173
4104 4139
4104 4185
4105 4135
4105 4122
4105 4140
4106 4110
4106 4157
4106 4139
4106 4182
4106 4180
4106 4173
4106 4193
4107 4146
4107 4149
4107 4113
4107 4169
4108 4151
4108 4156
4108 4187
4108 4157
4108 4193
4109 4176
4109 4143
4111 4132
4111 4122
4112 4122
4112 4125
4112 4197
4112 4163
4112 4200
4112 4196
4113 4190
4113 4136
4113 4185
4113 4117
4113 4148
4113 4153
4114 4189
4114 4162
4115 4209
4115 4208
4116 4191
4116 4139
4117 4161
4117 4194
4118 4146
4118 4120
4118 4176
4119 4146
4119 4128
4119 4153
4120 4196
4121 4128
4121 4198
4121 4185
4121 4147
4122 4199
4122 4125
4122 4190
4122 4133
4122 4197
4123 4152
4123 4207
4124 4140
4124 4173
4124 4218
4124 4184
4124 4192
4125 4129
4125 4156
4125 4170
4126 4138
4126 4148
4126 4207
4127 4149
4127 4166
4128 4139
4128 4162
4129 4185
4130 4191
4130 4134
4132 4216
4132 4142
4132 4179
4132 4196
4134 4224
4134 4174
4134 4194
4135 4142
4135 4191
4135 4189
4135 4192
4135 4166
4135 4156
4136 4177
4136 4214
4136 4207
4136 4155
4139 4228
4139 4155
4139 4177
4139 4196
4140 4181
4140 4171
4140 4208
4141 4219
4141 4143
4141 4174
4141 4206
4142 4162
4142 4178
4142 4234
4143 4199
4143 4176
4143 4153
4143 4195
4144 4206
4144 4162
4144 4217
4144 4158
4144 4182
4145 4231
4145 4183
4145 4152
4145 4210
4145 4216
4146 4179
4146 4238
4147 4203
4147 4180
4147 4214
4148 4218
4148 4179
4148 4206
4149 4177
4149 4174
4150 4183
4150 4233
4151 4176
4151 4170
4151 4198
4151 4226
4152 4217
4152 4207
4153 4239
4153 4185
4153 4241
4154 4181
4154 4218
4154 4226
4155 4167
4155 4211
4155 4180
4155 4209
4155 4248
4155 4207
4155 4192
4155 4197
4155 4246
4156 4248
4156 4232
4156 4189
4156 4198
4156 4238
4157 4244
4157 4248
4157 4221
4157 4181
4158 4184
4159 4166
4159 4247
4160 4210
4160 4224
4160 4230
4160 4226
4160 4167
4160 4166
4161 4177
4161 4182
4161 4242
4162 4195
4163 4211
4163 4210
4163 4172
4163 4175
4164 4193
4165 4205
4165 4244
4166 4188
4166 4197
4166 4187
4167 4168
4167 4216
4167 4243
4167 4227
4168 4212
4168 4198
4168 4169
4168 4230
4168 4190
4169 4256
4169 4179
4169 4206
4169 4196
4170 4237
4170 4243
4170 4224
4170 4229
4170 4177
4170 4216
4171 4226
4171 4195
4171 4179
4171 4188
4171 4222
4171 4204
4172 4237
4172 4238
4172 4217
4172 4225
4172 4198
4173 4237
4173 4192
4173 4201
4174 4176
4174 4188
4174 4186
4176 4222
4176 4229
4177 4185
4177 4250
4177 4231
4178 4198
4178 4221
4178 4232
4178 4217
4179 4249
4179 4237
4179 4232
4180 4256
4180 4181
4181 4223
4182 4198
4182 4224
4183 4255
4183 4218
4183 4187
4183 4199
4183 4252
4184 4200
4186 4191
4186 4222
4187 4243
4187 4203
4187 4256
4188 4202
4188 4205
4188 4255
4189 4191
4189 4249
4190 4269
4190 4238
4190 4229
4190 4235
4190 4215
4190 4276
4190 4225
4191 4267
4191 4208
4193 4282
4193 4264
4193 4232
4193 4276
4193 4204
4194 4265
4194 4217
4194 4229
4194 4266
4194 4248
4194 4222
4194 4261
4194 4231
4194 4247
4195 4207
4195 4241
4195 4264
4196 4215
4196 4233
4196 4241
4196 4232
4197 4208
4197 4285
4197 4239
4198 4257
4198 4201
4198 4266
4200 4283
4200 4217
4200 4261
4201 4276
4201 4206
4202 4221
4202 4233
4202 4222
4202 4236
4202 4227
4204 4269
4204 4294
4204 4205
4204 4284
4205 4237
4205 4280
4206 4234
4206 4271
4206 4299
4207 4222
4207 4283
4207 4291
4207 4263
4208 4288
4208 4293
4208 4233
4209 4211
4209 4284
4210 4282
4210 4216
4211 4225
4211 4213
4211 4247
4211 4227
4211 4266
4211 4284
4212 4214
4213 4283
4214 4265
4214 4289
4214 4281
4215 4217
4215 4238
4215 4260
4215 4226
4216 4289
4216 4290
4216 4258
4217 4249
4217 4306
4217 4246
4218 4232
4219 4246
4219 4286
4219 4271
4220 4230
4221 4278
4221 4229
4221 4291
4223 4308
4223 4236
4223 4290
4223 4232
4224 4317
4224 4274
4224 4287
4224 4285
4225 4318
4225 4266
4226 4237
4227 4291
4227 4293
4228 4301
4228 4239
4228 4317
4229 4298
4229 4302
4229 4244
4229 4300
4229 4243
4229 4284
4229 4245
4229 4294
4229 4273
4230 4300
4230 4293
4231 4236
4231 4238
4231 4279
4231 4311
4232 4313
4232 4243
4232 4268
4233 4297
4233 4320
4233 4265
4233 4324
4234 4237
4234 4258
4235 4295
4235 4253
4235 4309
4236 4259
4236 4306
4237 4330
4237 4332
4238 4278
4238 4239
4238 4241
4238 4310
4239 4304
4239 4310
4239 4242
4240 4304
4240 4298
4240 4320
4240 4307
4240 4317
4241 4312
4241 4286
4241 4309
4241 4264
4241 4291
4241 4266
4241 4242
4241 4333
4242 4285
4242 4332
4242 4296
4243 4273
4243 4330
4243 4322
4244 4338
4245 4293
4246 4339
4246 4325
4246 4273
4246 4305
4246 4303
4247 4304
4247 4272
4247 4268
4247 4301
4247 4251
4248 4280
4248 4286
4249 4264
4249 4260
4250 4305
4251 4328
4251 4305
4251 4278
4251 4346
4251 4264
4252 4307
4252 4270
4253 4273
4253 4287
4253 4304
4254 4330
4254 4323
4254 4273
4255 4301
4255 4335
4255 4259
4255 4260
4256 4346
4256 4332
4257 4330
4258 4335
4258 4267
4258 4325
4258 4340
4258 4348
4258 4282
4259 4305
4259 4299
4260 4264
4260 4269
4260 4339
4260 4272
4261 4316
4261 4335
4261 4326
4262 4316
4262 4339
4262 4308
4262 4332
4262 4281
4262 4318
4264 4274
4264 4359
4264 4311
4264 4292
4265 4327
4265 4284
4265 4313
4265 4311
4266 4322
4266 4318
4267 4300
4267 4331
4267 4289
4267 4341
4268 4272
4269 4300
4269 4322
4270 4303
4270 4307
4270 4337
4271 4328
4271 4348
4271 4299
4271 4342
4272 4275
4272 4333
4273 4349
4273 4314
4273 4358
4273 4308
4273 4339
4274 4356
4274 4322
4274 4331
4274 4354
4275 4356
4275 4332
4275 4369
4275 4295
4275 4366
4276 4335
4276 4324
4276 4296
4276 4278
4277 4302
4277 4305
4277 4353
4277 4326
4278 4331
4278 4318
4278 4323
4279 4330
4279 4317
4279 4283
4279 4300
4280 4332
4280 4367
4280 4294
4280 4324
4281 4341
4283 4362
4284 4359
4284 4347
4284 4342
4284 4368
4285 4379
4285 4343
4286 4363
4286 4381
4287 4375
4287 4312
4288 4306
4288 4297
4289 4365
4289 4326
4289 4374
4289 4330
4290 4297
4290 4366
4291 4382
4291 4344
4291 4375
4291 4293
4292 4349
4292 4359
4292 4314
4292 4293
4293 4312
4293 4339
4294 4347
4294 4355
4295 4334
4295 4383
4295 4377
4295 4318
4296 4360
4296 4331
4296 4367
4296 4336
4296 4356
4296 4333
4298 4355
4298 4364
4298 4345
4298 4313
4298 4368
4299 4357
4299 4323
4299 4368
4299 4379
4300 4321
4300 4373
4300 4378
4300 4331
4300 4309
4301 4351
4301 4384
4301 4359
4301 4347
4301 4368
4303 4379
4303 4344
4303 4312
4304 4376
4305 4361
4305 4397
4305 4358
4305 4322
4305 4350
4306 4366
4306 4323
4307 4364
4307 4398
4307 4393
4307 4382
4307 4381
4307 4366
4308 4322
4308 4401
4308 4357
4308 4334
4309 4335
4309 4392
4310 4333
4310 4339
4310 4311
4310 4314
4310 4357
4311 4353
4311 4402
4311 4393
4312 4345
4312 4368
4312 4396
4312 4378
4312 4317
4312 4319
4313 4314
4313 4336
4314 4369
4314 4333
4314 4364
4314 4365
4316 4367
4317 4344
4317 4340
4317 4395
4317 4398
4318 4327
4318 4356
4319 4408
4319 4399
4319 4412
4319 4375
4319 4391
4320 4359
4320 4413
4320 4415
4321 4414
4321 4385
4321 4409
4321 4324
4322 4330
4322 4381
4322 4357
4323 4339
4323 4381
4324 4400
4324 4378
4324 4326
4324 4394
4325 4411
4326 4410
4326 4374
4326 4329
4326 4364
4326 4378
4327 4423
4327 4421
4327 4390
4327 4384
4328 4346
4328 4418
4329 4410
4329 4344
4330 4421
4330 4378
4330 4340
4330 4366
4331 4391
4331 4410
4331 4422
4331 4367
4332 4418
4332 4362
4332 4386
4333 4372
4333 4398
4334 4366
4335 4420
4335 4362
4335 4376
4336 4407
4336 4399
4336 4347
4336 4360
4337 4388
4337 4375
4337 4413
4338 4427
4338 4428
4338 4341
4340 4384
4341 4434
4342 4390
4342 4397
4342 4400
4342 4344
4342 4419
4342 4409
4342 4370
4343 4370
4343 4388
4343 4383
4343 4397
4344 4411
4344 4397
4344 4421
4344 4402
4345 4412
4345 4431
4345 4391
4345 4347
4345 4417
4345 4379
4345 4384
4345 4393
4346 4422
4347 4440
4347 4406
4347 4350
4348 4375
4348 4390
4348 4423
4349 4423
4349 4436
4349 4408
4350 4428
4350 4381
4350 4383
4351 4357
4351 4416
4351 4386
4351 4439
4352 4447
4353 4448
4353 4426
4354 4433
4354 4389
4354 4418
4354 4363
4355 4368
4355 4409
4356 4380
4356 4410
4356 4369
4356 4384
4356 4444
4356 4449
4357 4419
4357 4434
4357 4407
4358 4369
4358 4406
4359 4428
4359 4366
4359 4370
4359 4453
4359 4448
4359 4443
4359 4364
4359 4421
4360 4418
4360 4380
4360 4452
4360 4424
4360 4432
4361 4369
4361 4417
4361 4388
4361 4371
4361 4387
4362 4453
4362 4385
4363 4380
4363 4446
4363 4448
4363 4372
4363 4381
4363 4432
4364 4416
4364 4374
4364 4377
4365 4448
4365 4435
4365 4427
4365 4445
4365 4400
4365 4414
4366 4420
4366 4408
4367 4445
4367 4412
4367 4439
4368 4440
4368 4454
4369 4454
4370 4410
4370 4430
4371 4431
4371 4458
4371 4415
4371 4413
4371 4424
4372 4467
4372 4412
4372 4389
4372 4410
4373 4447
4374 4383
4374 4422
4375 4406
4375 4378
4375 4411
4375 4450
4376 4467
4376 4389
4377 4411
4377 4421
4377 4445
4377 4389
4377 4447
4377 4473
4378 4396
4378 4473
4378 4407
4379 4408
4379 4461
4379 4453
4379 4436
4379 4448
4379 4392
4380 4456
4380 4464
4380 4384
4380 4433
4380 4475
4380 4409
4381 4439
4381 4428
4381 4406
4381 4392
4382 4474
4382 4450
4382 4422
4383 4461
4383 4400
4384 4423
4385 4405
4385 4465
4385 4407
4385 4445
4385 4456
4385 4457
4386 4403
4386 4456
4386 4428
4387 4450
4387 4474
4387 4408
4387 4413
4388 4447
4388 4410
4388 4411
4388 4459
4389 4446
4389 4483
4389 4411
4389 4393
4390 4475
4390 4465
4390 4419
4390 4397
4390 4459
4390 4476
4391 4450
4392 4448
4392 4434
4392 4416
4393 4428
4393 4420
4394 4442
4395 4461
4395 4490
4395 4426
4395 4486
4395 4409
4395 4410
4396 4399
4396 4448
4397 4421
4397 4444
4397 4398
4397 4473
4397 4434
4398 4467
4402 4476
4403 4490
4403 4473
4403 4433
4403 4411
4404 4426
4404 4412
4404 4431
4404 4485
4404 4436
4405 4441
4405 4480
4405 4457
4405 4474
4406 4491
4406 4496
4406 4410
4407 4503
4407 4470
4407 4491
4408 4461
4408 4477
4408 4459
4408 4493
4408 4480
4409 4482
4409 4427
4409 4455
4410 4422
4410 4433
4411 4495
4411 4504
4411 4493
4412 4427
4412 4467
4412 4418
4412 4414
4413 4462
4413 4472
4413 4429
4413 4509
4414 4508
4414 4470
4414 4420
4414 4444
4416 4500
4416 4459
4416 4467
4417 4422
4417 4446
4417 4477
4418 4473
4418 4443
4418 4462
4419 4499
4419 4487
4420 4494
4420 4490
4420 4424
4420 4488
4421 4515
4422 4496
4423 4475
4423 4428
4424 4435
4424 4470
4425 4500
4426 4468
4426 4438
4427 4460
4427 4477
4428 4485
4428 4509
4429 4506
4429 4486
4430 4520
4430 4454
4431 4495
4431 4443
4431 4506
4431 4493
4432 4461
4433 4457
4433 4527
4434 4517
4434 4474
4434 4507
4434 4516
4434 4525
4434 4496
4435 4483
4435 4468
4435 4480
4435 4438
4436 4503
4437 4467
4437 4477
4437 4490
4437 4506
4438 4496
4438 4482
4438 4497
4439 4490
4439 4499
4439 4524
4440 4512
4440 4517
4440 4490
4441 4468
4441 4536
4442 4537
4442 4449
4442 4494
4443 4472
4443 4516
4444 4487
4444 4537
4444 4465
4445 4487
4445 4494
4445 4475
4446 4452
4446 4450
4446 4508
4446 4525
4447 4518
4448 4503
4448 4465
4449 4454
4449 4473
4449 4532
4449 4470
4449 4510
4450 4492
4450 4475
4450 4495
4451 4500
4451 4536
4451 4474
4451 4494
4452 4531
4452 4481
4453 4495
4453 4473
4453 4497
4453 4479
4454 4487
4454 4462
4454 4529
4455 4532
4455 4478
4455 4505
4455 4494
4455 4546
4455 4509
4455 4493
4456 4539
4456 4501
4457 4522
4457 4462
4457 4501
4458 4551
4458 4460
4459 4529
4459 4479
4459 4482
4459 4534
4459 4470
4459 4545
4460 4538
4460 4544
4460 4503
4460 4489
4460 4496
4460 4516
4461 4525
4461 4492
4462 4509
4462 4537
4462 4501
4462 4535
4463 4489
4463 4556
4463 4464
4463 4535
4463 4500
4463 4533
4463 4482
4464 4514
4464 4537
4466 4513
4466 4528
4466 4546
4467 4547
4467 4543
4467 4513
4468 4529
4468 4487
4468 4506
4469 4473
4469 4508
4470 4548
4472 4510
4472 4494
4474 4499
4476 4545
4476 4564
4476 4518
4476 4517
4478 4530
4478 4486
4478 4505
4478 4540
4478 4574
4478 4493
4479 4509
4479 4540
4479 4574
4479 4515
4480 4495
4480 4511
4480 4482
4480 4565
4480 4532
4480 4520
4481 4497
4481 4535
4481 4526
4481 4528
4482 4541
4482 4501
4482 4525
4483 4569
4483 4516
4483 4499
4483 4533
4483 4517
4484 4554
4484 4502
4485 4573
4485 4552
4485 4516
4485 4575
4485 4529
4486 4518
4486 4572
4487 4520
4487 4517
4487 4582
4487 4532
4487 4566
4487 4533
4487 4542
4488 4574
4489 4526
4489 4548
4489 4503
4490 4521
4490 4509
4491 4517
4491 4504
4491 4553
4491 4571
4492 4554
4492 4588
4492 4518
4493 4572
4493 4495
4493 4556
4493 4537
4493 4496
4493 4564
4493 4501
4494 4590
4494 4583
4494 4568
4494 4507
4494 4519
4494 4525
4495 4551
4496 4582
4496 4535
4496 4538
4497 4508
4497 4567
4497 4589
4498 4526
4498 4543
4498 4505
4498 4588
4499 4526
4499 4580
4499 4582
4500 4545
4502 4516
4502 4515
4502 4530
4502 4532
4502 4528
4503 4539
4503 4511
4503 4568
4504 4582
4504 4576
4504 4558
4504 4584
4504 4567
4504 4554
4504 4577
4505 4510
4505 4593
4505 4540
4506 4596
4506 4576
4507 4561
4507 4593
4507 4576
4508 4597
4508 4510
4508 4509
4508 4513
4508 4575
4509 4576
4509 4581
4509 4527
4509 4565
4510 4542
4510 4522
4510 4606
4511 4598
4511 4600
4511 4534
4511 4549
4511 4571
4511 4599
4512 4565
4512 4559
4512 4574
4513 4527
4514 4582
4514 4608
4515 4568
4515 4582
4515 4526
4516 4567
4516 4528
4516 4577
4517 4552
4518 4601
4518 4522
4519 4596
4519 4585
4519 4534
4519 4611
4520 4528
4520 4570
4520 4556
4521 4556
4521 4538
4521 4529
4522 4547
4522 4550
4522 4566
4522 4601
4523 4539
4523 4564
4523 4575
4523 4577
4523 4551
4524 4563
4524 4546
4524 4572
4525 4584
4525 4612
4526 4613
4527 4550
4527 4599
4527 4552
4527 4571
4527 4614
4528 4545
4528 4567
4528 4552
4529 4536
4529 4610
4530 4590
4530 4626
4531 4539
4531 4564
4531 4575
4533 4603
4533 4601
4533 4568
4534 4536
4534 4573
4535 4571
4537 4549
4537 4587
4537 4543
4538 4583
4538 4541
4538 4539
4538 4624
4538 4585
4539 4556
4539 4623
4539 4592
4540 4582
4540 4547
4540 4541
4540 4634
4540 4600
4540 4608
4541 4588
4541 4572
4541 4633
4541 4626
4542 4583
4542 4620
4542 4624
4542 4601
4543 4634
4544 4634
4544 4617
4545 4560
4545 4621
4545 4554
4545 4604
4546 4562
4546 4605
4547 4626
4547 4621
4548 4631
4549 4609
4549 4585
4550 4646
4551 4625
4551 4618
4552 4563
4553 4620
4553 4597
4553 4561
4553 4613
4554 4642
4554 4650
4554 4587
4555 4625
4555 4614
4556 4621
4556 4642
4556 4563
4557 4577
4557 4638
4557 4602
4558 4580
4558 4582
4558 4602
4559 4612
4559 4566
4559 4639
4559 4604
4559 4615
4560 4640
4560 4604
4560 4631
4560 4617
4560 4627
4561 4595
4561 4564
4561 4574
4562 4644
4562 4650
4562 4614
4562 4565
4563 4639
4563 4591
4563 4568
4564 4620
4564 4602
4565 4622
4565 4609
4566 4586
4566 4639
4566 4659
4566 4621
4567 4583
4567 4596
4567 4646
4567 4621
4567 4616
4568 4632
4569 4609
4569 4627
4569 4601
4569 4631
4569 4642
4569 4626
4569 4576
4570 4578
4570 4581
4570 4579
4570 4663
4572 4652
4572 4581
4573 4584
4573 4576
4573 4644
4574 4636
4574 4588
4575 4612
4576 4622
4576 4649
4576 4617
4576 4653
4577 4591
4577 4637
4578 4632
4578 4602
4578 4661
4578 4619
4578 4638
4579 4620
4580 4669
4580 4647
4580 4675
4580 4631
4580 4630
4581 4665
4582 4641
4582 4634
4583 4664
4583 4627
4583 4640
4583 4624
4584 4646
4584 4666
4585 4638
4585 4619
4586 4647
4586 4592
4586 4628
4586 4663
4587 4634
4587 4641
4588 4594
4588 4622
4589 4653
4589 4631
4589 4634
4590 4654
4590 4621
4590 4657
4591 4638
4591 4656
4591 4665
4591 4602
4591 4681
4592 4615
4592 4637
4592 4620
4592 4599
4593 4689
4593 4660
4594 4649
4594 4687
4594 4612
4595 4620
4596 4688
4596 4654
4597 4600
4597 4613
4597 4608
4597 4603
4598 4619
4598 4645
4598 4633
4598 4625
4598 4665
4598 4683
4598 4676
4599 4691
4599 4679
4599 4653
4599 4666
4600 4629
4600 4653
4600 4652
4600 4674
4600 4668
4600 4603
4600 4686
4601 4624
4601 4616
4601 4656
4602 4687
4602 4649
4602 4679
4603 4685
4603 4644
4603 4642
4603 4670
4603 4696
4603 4632
4603 4620
4603 4698
4604 4605
4604 4652
4604 4645
4605 4667
4605 4641
4605 4647
4605 4677
4605 4700
4605 4697
4606 4660
4606 4626
4606 4641
4606 4644
4606 4646
4607 4696
4607 4639
4607 4615
4607 4653
4607 4669
4607 4703
4607 4657
4608 4623
4608 4659
4608 4697
4608 4664
4609 4683
4609 4701
4610 4640
4610 4681
4611 4690
4611 4691
4612 4648
4612 4652
4612 4655
4612 4617
4612 4703
4613 4615
4613 4663
4613 4685
4614 4671
4615 4691
4616 4641
4616 4683
4616 4685
4617 4622
4617 4650
4617 4706
4617 4648
4617 4657
4617 4682
4617 4708
4619 4635
4619 4663
4619 4625
4619 4699
4620 4637
4620 4686
4621 4636
4621 4641
4621 4699
4621 4632
4622 4624
4623 4701
4623 4656
4623 4680
4623 4683
4624 4657
4624 4697
4624 4693
4624 4682
4624 4704
4624 4628
4625 4698
4626 4690
4626 4642
4626 4694
4626 4634
4626 4671
4626 4658
4627 4637
4627 4635
4628 4632
4629 4633
4630 4657
4631 4652
4631 4684
4632 4701
4632 4712
4632 4710
4632 4682
4632 4705
4633 4636
4634 4672
4634 4660
4634 4726
4635 4703
4635 4725
4636 4698
4636 4689
4636 4713
4636 4667
4636 4659
4637 4662
4638 4679
4638 4700
4638 4684
4638 4642
4638 4674
4639 4645
4639 4662
4639 4680
4640 4642
4640 4727
4640 4657
4641 4677
4642 4699
4642 4674
4642 4671
4643 4693
4643 4663
4643 4653
4643 4677
4644 4736
4645 4651
4645 4682
4646 4734
4646 4678
4647 4699
4647 4648
4649 4681
4649 4710
4650 4713
4650 4662
4650 4675
4651 4732
4651 4708
4651 4693
4651 4718
4652 4681
4652 4702
4652 4690
4652 4697
4652 4716
4652 4745
4654 4655
4654 4703
4654 4681
4655 4704
4655 4697
4655 4687
4655 4709
4656 4733
4656 4737
4656 4704
4656 4751
4657 4724
4657 4738
4657 4662
4657 4725
4657 4692
4658 4732
4658 4747
4658 4686
4658 4725
4659 4681
4660 4675
4660 4689
4660 4669
4660 4717
4660 4716
4660 4690
4661 4711
4661 4742
4661 4693
4661 4662
4662 4730
4663 4734
4663 4752
4664 4713
4665 4710
4665 4706
4665 4738
4665 4694
4666 4747
4666 4681
4666 4748
4666 4732
4667 4740
4667 4692
4667 4671
4667 4747
4668 4704
4668 4715
4668 4675
4668 4732
4668 4763
4669 4728
4669 4743
4670 4750
4671 4681
4671 4752
4671 4717
4671 4693
4671 4689
4672 4766
4672 4742
4672 4720
4674 4688
4674 4715
4675 4720
4675 4763
4675 4730
4676 4677
4677 4748
4677 4734
4677 4708
4677 4736
4677 4726
4677 4765
4677 4709
4678 4702
4678 4738
4678 4760
4679 4740
4679 4712
4680 4730
4680 4704
4681 4707
4681 4759
4681 4700
4681 4688
4683 4713
4683 4696
4684 4728
4684 4711
4685 4730
4685 4726
4685 4745
4685 4764
4685 4713
4685 4725
4686 4753
4686 4733
4686 4737
4686 4706
4686 4738
4686 4698
4687 4748
4687 4692
4687 4774
4687 4776
4687 4771
4688 4740
4688 4766
4689 4724
4690 4703
4690 4709
4690 4761
4690 4697
4690 4766
4691 4720
4693 4748
4693 4778
4693 4721
4693 4697
4694 4706
4695 4740
4695 4790
4695 4741
4695 4735
4695 4791
4696 4705
4696 4720
4697 4712
4697 4776
4697 4778
4697 4780
4697 4730
4698 4713
4698 4709
4700 4719
4700 4726
4700 4709
4700 4766
4701 4728
4701 4769
4701 4767
4702 4735
4702 4742
4702 4763
4702 4746
4703 4786
4703 4780
4703 4772
4703 4723
4703 4730
4704 4739
4704 4744
4704 4720
4704 4711
4704 4721
4705 4758
4705 4755
4705 4741
4706 4751
4706 4726
4706 4708
4706 4758
4706 4720
4707 4713
4707 4794
4707 4786
4708 4800
4708 4792
4708 4795
4708 4744
4708 4711
4710 4753
4710 4792
4710 4795
4710 4777
4711 4744
4711 4781
4711 4763
4712 4758
4712 4772
4712 4736
4713 4730
4713 4772
4714 4772
4715 4735
4715 4786
4716 4739
4716 4812
4716 4769
4716 4767
4717 4766
4717 4733
4717 4765
4717 4802
4717 4786
4717 4740
4717 4769
4717 4750
4718 4729
4718 4721
4718 4808
4719 4741
4720 4784
4722 4815
4722 4763
4722 4808
4723 4818
4723 4752
4723 4724
4724 4788
4726 4761
4726 4744
4726 4781
4726 4730
4727 4806
4727 4766
4727 4754
4727 4761
4727 4764
4727 4805
4728 4786
4728 4748
4729 4736
4729 4821
4729 4811
4730 4760
4730 4753
4730 4769
4730 4757
4730 4792
4731 4822
4731 4751
4731 4741
4732 4767
4732 4792
4732 4766
4732 4733
4733 4746
4733 4771
4734 4747
4734 4814
4735 4811
4735 4798
4736 4739
4736 4765
4736 4780
4736 4788
4736 4793
4737 4812
4737 4765
4738 4762
4738 4829
4738 4821
4739 4767
4739 4753
4739 4823
4739 4794
4739 4752
4740 4824
4740 4748
4740 4809
4740 4758
4741 4770
4741 4820
4742 4837
4742 4797
4743 4828
4743 4749
4743 4796
4743 4830
4744 4747
4744 4810
4746 4816
4747 4833
4747 4761
4748 4823
4748 4771
4749 4823
4749 4756
4749 4816
4750 4806
4751 4759
4751 4787
4751 4842
4752 4799
4752 4803
4752 4844
4752 4754
4752 4814
4752 4813
4753 4801
4753 4807
4754 4791
4755 4808
4755 4836
4756 4771
4756 4807
4757 4762
4757 4826
4758 4805
4758 4818
4758 4849
4758 4809
4759 4778
4759 4764
4759 4792
4759 4829
4759 4850
4761 4767
4761 4786
4761 4856
4762 4832
4762 4772
4762 4764
4763 4791
4763 4799
4763 4824
4764 4773
4764 4824
4764 4826
4764 4846
4764 4841
4764 4822
4765 4782
4765 4800
4765 4772
4766 4804
4767 4803
4768 4803
4768 4851
4768 4824
4769 4829
4769 4793
4769 4790
4770 4833
4770 4789
4770 4805
4770 4860
4770 4852
4770 4850
4771 4813
4771 4856
4772 4792
4772 4837
4772 4819
4772 4806
4772 4827
4773 4792
4773 4790
4773 4789
4773 4862
4773 4847
4773 4814
4774 4836
4774 4863
4775 4840
4775 4782
4776 4848
4777 4868
4777 4849
4777 4835
4777 4841
4777 4814
4778 4808
4778 4846
4778 4791
4779 4815
4779 4832
4779 4818
4779 4841
4779 4808
4779 4868
4780 4781
4780 4792
4781 4798
4782 4795
4782 4848
4783 4832
4783 4793
4783 4817
4784 4825
4784 4850
4784 4854
4784 4806
4784 4786
4784 4821
4785 4821
4785 4805
4786 4799
4786 4798
4786 4833
4786 4796
4786 4857
4787 4852
4787 4791
4787 4850
4787 4793
4787 4871
4787 4851
4787 4876
4788 4875
4788 4873
4788 4876
4789 4815
4789 4862
4790 4816
4790 4820
4790 4794
4791 4833
4791 4843
4791 4837
4793 4852
4793 4869
4793 4806
4793 4833
4793 4885
4794 4854
4795 4877
4796 4883
4796 4812
4796 4875
4796 4881
4796 4888
4797 4877
4797 4833
4797 4846
4797 4870
4798 4852
4798 4806
4798 4870
4798 4889
4798 4875
4799 4862
4799 4819
4800 4842
4800 4859
4800 4877
4801 4826
4801 4823
4802 4813
4802 4877
4802 4820
4802 4825
4802 4806
4803 4863
4803 4805
4803 4848
4803 4878
4805 4897
4805 4819
4806 4849
4807 4886
4807 4843
4807 4844
4807 4894
4808 4829
4808 4869
4808 4858
4808 4901
4808 4850
4808 4899
4809 4839
4809 4863
4810 4834
4810 4868
4810 4863
4811 4817
4811 4900
4811 4852
4811 4833
4812 4862
4812 4894
4812 4890
4813 4873
4813 4823
4813 4859
4813 4828
4813 4837
4814 4900
4815 4881
4815 4825
4815 4857
4816 4907
4816 4870
4816 4832
4816 4835
4816 4817
4816 4851
4817 4892
4817 4825
4817 4818
4817 4821
4817 4852
4818 4910
4818 4882
4818 4866
4818 4835
4818 4872
4819 4904
4819 4857
4819 4869
4819 4892
4819 4880
4820 4878
4820 4902
4820 4823
4820 4915
4820 4886
4821 4899
4821 4846
4821 4825
4822 4829
4822 4850
4822 4854
4822 4911
4824 4910
4824 4878
4824 4830
4825 4855
4825 4905
4825 4886
4825 4868
4826 4876
4826 4832
4826 4901
4827 4870
4827 4838
4827 4864
4827 4885
4828 4860
4828 4908
4828 4849
4828 4857
4829 4874
4830 4886
4830 4871
4831 4899
4831 4898
4832 4904
4832 4864
4832 4896
4832 4868
4832 4888
4833 4885
4833 4878
4834 4928
4834 4870
4834 4887
4834 4872
4834 4878
4834 4884
4835 4855
4836 4891
4836 4867
4836 4885
4837 4901
4838 4883
4839 4898
4839 4935
4840 4933
4840 4907
4840 4854
4841 4897
4841 4912
4841 4896
4841 4903
4841 4870
4842 4859
4842 4902
4842 4933
4842 4857
4842 4923
4842 4919
4842 4865
4843 4905
4843 4862
4843 4936
4844 4889
4844 4853
4844 4928
4844 4848
4844 4916
4844 4863
4844 4883
4845 4911
4845 4873
4845 4914
4846 4909
4846 4857
4846 4914
4847 4876
4847 4932
4847 4910
4847 4855
4847 4857
4848 4902
4848 4881
4849 4922
4849 4885
4850 4938
4850 4865
4850 4879
4850 4936
4850 4903
4850 4901
4850 4922
4850 4881
4852 4854
4853 4882
4853 4939
4853 4888
4854 4892
4854 4949
4855 4892
4856 4921
4856 4913
4856 4922
4856 4858
4857 4920
4858 4902
4858 4896
4858 4940
4861 4875
4861 4937
4861 4862
4862 4902
4863 4873
4863 4951
4863 4888
4863 4956
4863 4899
4864 4940
4864 4959
4864 4934
4865 4879
4865 4909
4865 4890
4865 4921
4866 4894
4866 4889
4866 4900
4868 4894
4868 4881
4868 4960
4868 4950
4868 4895
4868 4961
4869 4945
4869 4921
4869 4908
4869 4935
4869 4906
4869 4896
4870 4961
4870 4940
4870 4964
4871 4900
4871 4922
4871 4903
4871 4932
4872 4964
4872 4941
4872 4930
4872 4882
4872 4928
4872 4900
4872 4934
4873 4968
4873 4914
4874 4911
4874 4907
4875 4924
4876 4891
4876 4942
4876 4969
4877 4904
4877 4881
4877 4947
4877 4957
4878 4893
4878 4968
4878 4902
4878 4909
4879 4919
4879 4929
4880 4933
4880 4882
4881 4940
4881 4926
4882 4973
4882 4970
4883 4923
4883 4943
4883 4889
4884 4956
4884 4967
4884 4946
4884 4976
4885 4907
4886 4948
4888 4954
4888 4908
4888 4973
4889 4908
4889 4977
4889 4943
4889 4924
4890 4928
4890 4976
4891 4952
4891 4897
4892 4950
4892 4941
4892 4902
4892 4929
4892 4921
4892 4930
4894 4931
4894 4955
4894 4973
4894 4965
4894 4980
4894 4950
4894 4984
4894 4962
4894 4960
4895 4905
4895 4959
4898 4973
4898 4943
4899 4937
4899 4922
4899 4907
4899 4918
4899 4908
4900 4919
4900 4939
4900 4922
4901 4981
4901 4918
4901 4986
4902 4969
4902 4962
4902 4907
4902 4931
4902 4997
4902 4929
4903 4954
4903 4909
4903 4995
4904 4985
4904 4981
4904 4930
4905 4908
4905 4951
4905 4997
4905 4949
4907 4938
4907 4929
4908 4951
4908 4934
4908 5000
4908 4971
4909 4916
4909 5000
4909 4946
4911 4964
4911 4937
4912 4928
4912 4938
4912 4966
4912 4976
4912 4915
4912 4963
4912 4971
4912 4968
4912 4927
4913 4953
4913 4975
4913 4967
4914 4952
4914 4937
4915 4930
4916 4998
4916 4917
4916 4926
4916 4923
4916 4931
4916 4952
4916 5005
4917 5009
4917 4964
4917 4931
4917 5005
4918 5001
4918 4980
4918 4982
4919 4966
4919 4970
4919 4962
4919 5015
4919 4968
4920 4963
4920 4980
4920 5011
4920 4940
4921 4958
4921 4930
4921 4959
4921 5017
4922 4990
4922 4970
4922 4959
4922 4928
4922 4998
4923 4989
4923 4964
4924 5011
4925 5005
4926 5015
4926 4929
4926 4970
4926 5020
4927 5019
4928 5023
4928 4951
4928 4976
4929 4952
4929 4992
4929 4984
4929 4949
4930 4986
4930 5024
4930 4989
4930 5014
4931 4935
4931 4939
4931 4965
4931 4998
4931 4994
4932 4970
4933 5022
4933 5023
4933 5014
4933 4950
4933 4999
4933 5002
4934 5024
4934 4943
4934 4970
4934 4964
4935 4973
4935 4969
4935 4974
4935 4940
4937 4957
4938 5022
4938 4965
4938 5031
4938 5005
4940 4986
4940 5001
4940 5023
4940 5015
4940 4944
4941 4967
4941 4944
4941 5018
4942 5031
4942 4976
4943 4946
4943 4963
4943 4989
4944 4991
4945 4970
4945 5027
4946 4987
4946 4975
4947 5026
4947 4978
4948 4980
4948 4986
4948 4960
4949 4957
4949 4990
4950 5027
4950 4975
4950 5007
4950 5002
4951 4992
4951 5028
4951 5039
4952 4978
4952 4979
4952 5031
4952 5013
4953 5044
4953 4962
4953 5046
4953 4970
4954 5009
4954 5045
4955 5040
4955 4989
4956 5051
4956 4978
4956 4966
4956 4990
4957 5001
4957 4964
4957 5012
4957 5011
4957 5030
4958 5052
4958 4964
4958 4980
4959 5052
4959 4994
4959 5022
4960 5056
4960 5030
4960 5029
4960 5031
4960 5049
4960 5011
4961 4992
4961 5036
4962 5004
4962 4968
4963 5017
4964 5039
4964 5025
4964 5000
4964 4966
4964 5048
4964 5008
4965 4994
4965 4982
4965 4985
4965 5061
4965 5060
4965 5026
4966 5048
4966 5028
4966 5005
4966 4995
4966 4987
4966 5033
4967 5049
4967 5055
4967 4993
4968 5053
4969 4985
4969 4977
4969 5034
4969 4978
4970 5053
4970 4972
4970 5023
4970 5017
4970 5033
4971 4992
4971 4999
4971 5065
4972 5040
4972 5055
4972 4986
4972 5046
4972 4975
4973 5032
4973 5031
4974 5036
4974 5068
4975 4977
4975 4994
4975 4985
4975 4998
4976 5050
4976 4977
4976 5040
4976 5062
4977 4983
4977 5027
4978 5022
4978 4982
4978 4985
4978 5074
4978 5050
4978 4988
4978 5021
4979 5012
4979 5011
4979 4984
4980 5001
4980 4982
4980 5034
4981 5025
4981 5073
4981 5032
4981 5015
4982 5051
4982 5035
4982 5018
4983 4987
4983 5030
4983 5024
4983 5073
4984 5004
4984 4997
4985 4987
4985 4996
4986 5007
4986 5011
4986 5009
4986 5040
4987 5078
4987 5051
4987 4991
4987 4988
4987 4990
4988 5026
4988 4995
4988 5000
4991 5064
4991 5065
4991 5006
4991 5022
4991 5056
4991 5054
4991 5069
4991 5081
4992 5044
4992 5085
4992 5072
4993 5006
4993 5008
4993 5000
4993 5052
4994 5060
4994 5076
4994 5071
4995 5044
4995 5053
4996 5030
4996 5033
4997 5027
4998 5074
4998 5090
4999 5010
4999 5086
4999 5019
5000 5055
5001 5073
5001 5056
5002 5084
5002 5052
5003 5057
5003 5098
5004 5030
5005 5101
5005 5061
5006 5025
5006 5066
5006 5041
5007 5027
5007 5033
5007 5080
5007 5052
5008 5019
5008 5058
5008 5026
5009 5086
5009 5030
5009 5012
5010 5024
5010 5035
5010 5068
5010 5045
5011 5015
5011 5074
5011 5039
5012 5028
5012 5078
5012 5077
5013 5103
5013 5089
5013 5096
5013 5035
5013 5072
5014 5056
5014 5060
5015 5107
5015 5097
5015 5102
5016 5020
5016 5056
5016 5087
5016 5067
5017 5019
5018 5026
5018 5041
5018 5040
5019 5034
5020 5028
5020 5053
5020 5045
5020 5054
5021 5041
5021 5065
5021 5067
5021 5036
5022 5041
5022 5108
5023 5052
5023 5042
5023 5100
5023 5109
5023 5070
5024 5108
5024 5094
5024 5043
5024 5088
5025 5046
5025 5092
5025 5113
5025 5119
5025 5057
5025 5094
5026 5042
5027 5066
5027 5053
5028 5094
5029 5050
5029 5121
5029 5075
5029 5052
5030 5078
5030 5120
5030 5045
5031 5041
5031 5086
5031 5081
5031 5045
5031 5105
5031 5068
5031 5073
5032 5079
5033 5113
5034 5111
5034 5070
5034 5062
5034 5038
5035 5101
5035 5131
5035 5055
5036 5093
5036 5057
5037 5122
5038 5091
5038 5094
5038 5127
5038 5085
5039 5112
5040 5061
5040 5051
5040 5096
5041 5071
5042 5090
5042 5119
5043 5116
5043 5087
5043 5133
5043 5086
5044 5045
5044 5088
5045 5107
5045 5077
5045 5117
5046 5052
5046 5120
5046 5083
5047 5071
5047 5093
5048 5050
5048 5079
5048 5138
5049 5105
5049 5058
5049 5108
5049 5050
5050 5114
5050 5094
5050 5084
5051 5056
5051 5126
5051 5116
5051 5131
5051 5133
5052 5067
5052 5054
5052 5057
5052 5113
5053 5095
5054 5146
5054 5149
5054 5075
5055 5140
5055 5078
5055 5128
5055 5066
5055 5104
5055 5060
5056 5110
5056 5136
5056 5082
5056 5080
5058 5144
5058 5066
5058 5122
5059 5127
5060 5146
5060 5156
5060 5134
5061 5103
5061 5132
5061 5126
5061 5150
5061 5136
5062 5154
5062 5096
5063 5109
5065 5119
5065 5109
5065 5134
5065 5105
5066 5116
5066 5094
5068 5082
5068 5085
5068 5105
5069 5117
5070 5102
5071 5142
5071 5108
5071 5076
5071 5103
5071 5139
5072 5078
5072 5135
5072 5120
5072 5127
5073 5133
5073 5162
5074 5152
5074 5081
5075 5110
5075 5143
5076 5111
5076 5122
5076 5136
5077 5090
5077 5166
5077 5173
5078 5118
5078 5159
5079 5148
5079 5151
5080 5175
5080 5121
5081 5086
5081 5124
5081 5117
5082 5162
5083 5148
5083 5164
5083 5108
5084 5091
5084 5179
5085 5113
5085 5159
5085 5130
5086 5152
5086 5096
5086 5146
5086 5148
5087 5132
5087 5153
5087 5155
5089 5099
5089 5116
5090 5141
5090 5095
5090 5147
5090 5171
5090 5132
5090 5137
5091 5159
5091 5100
5091 5124
5091 5152
5091 5095
5092 5093
5092 5127
5093 5145
5093 5183
5094 5126
5095 5169
5095 5160
5095 5110
5095 5148
5095 5163
5096 5178
5096 5190
5096 5120
5096 5159
5096 5126
5096 5109
5097 5131
5097 5145
5098 5108
5098 5142
5098 5177
5098 5166
5099 5127
5099 5142
5099 5138
5100 5111
5100 5166
5100 5157
5100 5185
5101 5118
5101 5171
5101 5154
5101 5161
5101 5152
5102 5105
5103 5152
5103 5118
5103 5113
5105 5115
5105 5146
5105 5107
5106 5118
5106 5178
5107 5177
5107 5158
5108 5182
5108 5199
5108 5122
5109 5172
5109 5202
5110 5170
5110 5173
5110 5198
5110 5153
5110 5128
5111 5195
5111 5150
5112 5175
5112 5182
5112 5186
5112 5158
5112 5206
5112 5170
5112 5132
5112 5127
5112 5150
5112 5146
5113 5171
5113 5204
5113 5195
5113 5184
5113 5114
5114 5130
5115 5147
5115 5175
5115 5126
5115 5180
5116 5118
5116 5136
5116 5148
5117 5130
5118 5137
5119 5148
5119 5202
5119 5139
5119 5181
5119 5135
5120 5164
5120 5187
5120 5170
5121 5144
5121 5180
5121 5156
5121 5150
5121 5172
5121 5123
5121 5173
5122 5160
5123 5183
5123 5147
5124 5157
5126 5205
5126 5210
5127 5145
5127 5165
5127 5151
5128 5131
5128 5170
5128 5180
5128 5183
5128 5216
5128 5150
5129 5194
5129 5211
5129 5223
5130 5187
5130 5144
5131 5159
5131 5226
5131 5141
5132 5137
5132 5149
5133 5196
5133 5145
5133 5187
5133 5153
5134 5166
5134 5159
5134 5172
5135 5141
5135 5138
5135 5226
5136 5191
5136 5178
5136 5212
5136 5177
5136 5169
5137 5184
5138 5214
5138 5229
5139 5218
5139 5182
5140 5172
5140 5141
5140 5222
5140 5229
5140 5169
5141 5202
5141 5148
5141 5173
5142 5166
5142 5158
5142 5195
5142 5161
5142 5183
5143 5168
5143 5219
5143 5167
5143 5189
5144 5233
5144 5175
5144 5164
5144 5178
5144 5211
5145 5182
5145 5173
5146 5218
5146 5205
5146 5204
5147 5202
5147 5165
5148 5229
5149 5155
5149 5207
5149 5182
5149 5163
5149 5206
5149 5243
5150 5170
5150 5215
5152 5219
5152 5194
5152 5212
5152 5166
5153 5199
5153 5218
5153 5205
5154 5169
5154 5197
5154 5182
5154 5185
5155 5225
5156 5217
5156 5188
5156 5192
5156 5233
5157 5236
5157 5222
5157 5186
5157 5217
5158 5236
5158 5167
5158 5235
5159 5189
5159 5180
5159 5253
5160 5171
5160 5188
5160 5224
5160 5180
5162 5241
5162 5233
5163 5213
5164 5239
5164 5183
5164 5188
5165 5246
5165 5168
5165 5240
5166 5176
5166 5206
5166 5174
5167 5194
5168 5258
5168 5183
5168 5238
5169 5213
5169 5245
5169 5185
5170 5219
5170 5200
5170 5184
5170 5232
5170 5213
5170 5238
5170 5183
5170 5180
5171 5243
5171 5227
5171 5240
5171 5242
5171 5219
5172 5209
5173 5252
5173 5257
5173 5182
5173 5254
5173 5247
5173 5234
5174 5215
5174 5188
5175 5249
5175 5210
5175 5234
5176 5241
5176 5226
5176 5242
5176 5240
5176 5182
5176 5178
5177 5255
5177 5228
5177 5258
5177 5222
5178 5206
5178 5271
5179 5211
5179 5208
5180 5206
5180 5221
5180 5235
5180 5261
5181 5262
5182 5268
5182 5260
5182 5243
5183 5199
5183 5265
5184 5186
5184 5218
5184 5207
5184 5255
5185 5192
5185 5200
5185 5251
5185 5257
5185 5226
5186 5278
5187 5279
5188 5222
5189 5245
5189 5271
5190 5192
5190 5282
5191 5192
5192 5250
5192 5209
5192 5247
5193 5237
5193 5205
5193 5279
5194 5247
5194 5196
5194 5253
5195 5276
5195 5269
5195 5291
5195 5215
5196 5234
5196 5208
5197 5251
5197 5278
5197 5240
5197 5200
5198 5212
5198 5228
5198 5230
5199 5211
5199 5281
5199 5214
5199 5256
5199 5260
5199 5288
5200 5276
5200 5210
5200 5216
5201 5207
5201 5295
5201 5211
5201 5214
5202 5283
5202 5260
5202 5218
5204 5287
5205 5236
5205 5253
5205 5274
5206 5245
5206 5290
5206 5259
5207 5275
5207 5247
5208 5225
5208 5294
5208 5217
5208 5271
5208 5215
5208 5260
5208 5222
5210 5243
5211 5222
5212 5288
5212 5253
5212 5305
5213 5216
5213 5229
5214 5294
5214 5306
5214 5265
5215 5265
5216 5253
5216 5246
5216 5284
5216 5272
5216 5309
5216 5286
5217 5278
5217 5236
5217 5256
5219 5258
5219 5262
5219 5263
5221 5303
5222 5310
5222 5316
5222 5278
5222 5259
5223 5230
5224 5240
5224 5286
5224 5238
5225 5320
5225 5270
5226 5266
5226 5262
5227 5322
5227 5268
5227 5303
5228 5262
5228 5270
5228 5314
5228 5259
5228 5254
5228 5311
5229 5319
5229 5318
5229 5268
5229 5320
5229 5255
5230 5243
5230 5312
5230 5324
5230 5266
5231 5276
5231 5318
5232 5320
5232 5292
5232 5281
5232 5253
5232 5251
5232 5272
5233 5315
5233 5297
5233 5246
5233 5300
5233 5320
5234 5294
5234 5266
5234 5291
5234 5284
5234 5271
5235 5278
5235 5268
5235 5296
5235 5330
5237 5325
5237 5301
5237 5307
5237 5249
5238 5239
5238 5329
5239 5326
5239 5297
5239 5243
5240 5278
5241 5316
5241 5327
5242 5267
5242 5311
5242 5292
5242 5299
5242 5298
5244 5314
5244 5267
5244 5249
5245 5306
5245 5280
5245 5276
5245 5270
5246 5291
5246 5333
5246 5319
5246 5330
5247 5323
5247 5321
5247 5341
5248 5297
5248 5253
5249 5302
5249 5320
5249 5300
5250 5309
5250 5263
5250 5292
5250 5331
5251 5320
5251 5293
5251 5274
5252 5280
5252 5274
5252 5283
5253 5342
5254 5285
5255 5325
5256 5334
5256 5303
5256 5260
5256 5268
5256 5293
5256 5272
5257 5276
5258 5291
5258 5305
5258 5307
5259 5332
5259 5350
5259 5355
5260 5279
5261 5279
5261 5312
5262 5276
5262 5303
5262 5315
5263 5308
5263 5356
5265 5338
5265 5323
5267 5338
5268 5343
5268 5269
5268 5270
5269 5301
5270 5355
5270 5314
5270 5335
5270 5307
5271 5320
5271 5297
5272 5297
5272 5319
5273 5348
5273 5343
5273 5284
5273 5302
5273 5278
5273 5293
5273 5358
5274 5340
5274 5350
5274 5333
5275 5308
5275 5286
5275 5299
5275 5353
5275 5349
5276 5335
5276 5371
5277 5321
5277 5358
5277 5337
5278 5333
5278 5315
5278 5290
5278 5356
5279 5360
5280 5374
5281 5365
5282 5357
5282 5356
5282 5291
5282 5286
5283 5309
5283 5325
5283 5331
5284 5348
5284 5320
5284 5324
5284 5351
5285 5370
5285 5322
5285 5304
5286 5350
5286 5358
5286 5313
5286 5360
5286 5300
5286 5356
5287 5332
5288 5350
5288 5360
5288 5338
5289 5316
5289 5309
5289 5382
5289 5321
5289 5330
5290 5357
5290 5349
5290 5301
5291 5317
5292 5294
5292 5362
5292 5379
5292 5311
5292 5387
5293 5347
5293 5360
5293 5318
5293 5328
5294 5382
5294 5361
5294 5366
5294 5351
5295 5324
5295 5384
5295 5296
5295 5345
5296 5361
5297 5302
5297 5356
5297 5370
5298 5334
5298 5393
5298 5344
5298 5338
5299 5345
5299 5346
5299 5335
5299 5320
5300 5392
5300 5328
5300 5313
5301 5392
5302 5326
5302 5312
5303 5392
5303 5329
5304 5351
5304 5336
5304 5389
5304 5308
5304 5355
5304 5332
5305 5344
5305 5373
5305 5386
5306 5393
5307 5362
5307 5325
5307 5339
5308 5360
5308 5315
5308 5334
5310 5332
5310 5404
5311 5314
5311 5389
5312 5389
5312 5386
5313 5391
5314 5387
5314 5351
5314 5349
5314 5365
5314 5332
5314 5355
5315 5383
5315 5405
5315 5337
5315 5341
5315 5378
5316 5332
5316 5383
5316 5356
5318 5403
5318 5324
5318 5390
5318 5319
5318 5348
5318 5411
5319 5372
5319 5370
5319 5402
5319 5348
5319 5343
5319 5327
5319 5390
5319 5383
5320 5371
5321 5387
5321 5403
5321 5327
5321 5417
5322 5334
5322 5363
5323 5327
5323 5382
5323 5370
5323 5380
5323 5363
5323 5326
5324 5369
5324 5377
5324 5398
5325 5348
5325 5343
5325 5358
5326 5374
5326 5384
5327 5356
5328 5362
5329 5367
5329 5410
5330 5368
5330 5403
5330 5332
5330 5354
5330 5373
5331 5391
5332 5383
5332 5406
5332 5423
5333 5366
5333 5373
5333 5380
5334 5337
5334 5358
5334 5374
5336 5394
5337 5412
5337 5347
5337 5349
5337 5424
5338 5383
5338 5379
5338 5370
5339 5349
5340 5421
5341 5381
5341 5374
5341 5342
5341 5387
5341 5436
5341 5402
5342 5396
5342 5361
5342 5397
5342 5343
5342 5435
5342 5390
5342 5385
5342 5389
5342 5350
5343 5391
5344 5364
5344 5346
5344 5415
5344 5356
5344 5357
5345 5380
5345 5360
5345 5384
5345 5437
5345 5346
5345 5361
5345 5355
5346 5397
5346 5372
5346 5354
5346 5362
5346 5350
5346 5426
5347 5424
5347 5391
5347 5353
5347 5438
5349 5425
5349 5426
5349 5351
5349 5421
5350 5428
5350 5435
5351 5421
5351 5432
5351 5411
5351 5444
5351 5410
5351 5447
5352 5440
5352 5353
5352 5415
5353 5440
5354 5380
5354 5417
5354 5397
5354 5364
5355 5449
5355 5411
5355 5359
5357 5436
5357 5419
5357 5391
5357 5406
5358 5400
5358 5364
5359 5443
5359 5378
5359 5402
5359 5389
5360 5364
5360 5390
5360 5419
5360 5376
5361 5403
5361 5381
5361 5439
5361 5386
5361 5366
5362 5452
5362 5442
5362 5400
5362 5420
5363 5405
5363 5428
5363 5379
5363 5447
5364 5447
5364 5433
5364 5426
5365 5443
5365 5416
5365 5370
5366 5443
5366 5454
5366 5417
5366 5400
5367 5385
5367 5459
5367 5462
5369 5430
5369 5414
5369 5453
5369 5405
5370 5444
5370 5456
5370 5446
5371 5466
5371 5417
5371 5429
5372 5466
5372 5407
5372 5445
5372 5379
5372 5456
5372 5443
5373 5375
5373 5399
5373 5428
5374 5464
5374 5405
5374 5387
5375 5394
5375 5408
5375 5440
5376 5391
5376 5440
5376 5392
5376 5390
5377 5405
5379 5469
5379 5436
5379 5460
5379 5459
5379 5416
5379 5393
5380 5450
5380 5421
5381 5426
5381 5412
5381 5423
5381 5392
5381 5418
5382 5400
5382 5450
5382 5445
5382 5465
5382 5454
5382 5469
5383 5417
5384 5429
5384 5454
5384 5450
5385 5450
5385 5445
5385 5427
5385 5387
5386 5443
5387 5440
5387 5434
5388 5398
5388 5467
5388 5432
5388 5399
5388 5472
5388 5408
5389 5439
5390 5408
5390 5457
5391 5460
5391 5487
5391 5416
5391 5432
5391 5444
5391 5410
5392 5454
5393 5394
5393 5405
5395 5398
5395 5397
5395 5461
5395 5459
5395 5413
5396 5399
5396 5434
5396 5430
5396 5406
5397 5422
5398 5464
5398 5426
5398 5409
5399 5403
5399 5485
5399 5439
5400 5485
5400 5436
5401 5429
5401 5432
5401 5438
5401 5456
5401 5474
5402 5422
5402 5491
5402 5444
5403 5438
5403 5453
5403 5411
5403 5495
5404 5478
5404 5429
5404 5489
5405 5437
5405 5498
5405 5485
5407 5482
5407 5452
5408 5494
5408 5452
5408 5483
5408 5445
5409 5480
5409 5502
5409 5425
5409 5430
5410 5420
5410 5502
5411 5413
5411 5420
5412 5466
5412 5482
5413 5424
5413 5480
5413 5447
5413 5478
5414 5457
5414 5441
5415 5487
5415 5441
5415 5502
5415 5449
5417 5506
5417 5476
5417 5451
5417 5463
5418 5500
5418 5498
5418 5465
5418 5472
5418 5504
5419 5476
5419 5443
5420 5424
5420 5486
5420 5494
5420 5478
5420 5477
5420 5503
5421 5491
5421 5432
5421 5443
5422 5469
5422 5516
5422 5494
5422 5490
5422 5442
5423 5463
5423 5490
5424 5479
5425 5492
5425 5453
5425 5465
5425 5510
5426 5443
5426 5492
5427 5494
5427 5444
5427 5436
5428 5504
5429 5490
5430 5521
5430 5493
5430 5462
5430 5494
5431 5459
5431 5450
5431 5434
5431 5458
5432 5437
5432 5447
5432 5473
5432 5510
5432 5500
5433 5508
5433 5496
5433 5460
5433 5501
5433 5520
5433 5476
5434 5436
5434 5498
5434 5442
5434 5444
5434 5435
5434 5492
5435 5450
5435 5480
5435 5458
5435 5449
5435 5475
5436 5508
5436 5451
5436 5489
5436 5443
5437 5467
5437 5516
5437 5459
5438 5472
5439 5529
5439 5466
5439 5451
5440 5493
5440 5452
5440 5507
5440 5450
5441 5525
5442 5527
5443 5515
5443 5517
5444 5498
5444 5451
5444 5467
5445 5484
5445 5536
5445 5507
5445 5475
5445 5532
5446 5524
5446 5527
5446 5481
5446 5458
5446 5448
5447 5492
5448 5464
5448 5478
5448 5505
5448 5481
5449 5480
5449 5525
5449 5507
5449 5496
5450 5520
5451 5487
5451 5483
5451 5500
5451 5466
5451 5525
5451 5474
5452 5509
5452 5536
5452 5460
5453 5524
5454 5484
5454 5513
5454 5459
5454 5489
5455 5476
5455 5458
5455 5551
5455 5488
5456 5541
5456 5491
5456 5543
5457 5476
5457 5496
5457 5475
5457 5552
5458 5515
5458 5552
5458 5470
5458 5475
5459 5538
5460 5512
5460 5500
5460 5508
5460 5534
5461 5544
5461 5468
5463 5525
5463 5554
5463 5482
5463 5480
5463 5544
5465 5476
5466 5552
5466 5534
5467 5518
5467 5545
5467 5503
5468 5547
5468 5559
5469 5491
5469 5541
5469 5549
5469 5492
5470 5492
5470 5562
5470 5485
5470 5510
5470 5550
5471 5542
5471 5511
5473 5565
5474 5564
5474 5511
5474 5531
5474 5480
5474 5490
5474 5477
5475 5477
5475 5499
5475 5518
5475 5511
5475 5485
5476 5557
5476 5479
5477 5540
5477 5569
5477 5508
5478 5518
5478 5565
5478 5551
5478 5492
5478 5567
5479 5563
5480 5514
5480 5486
5480 5544
5480 5573
5481 5501
5482 5560
5483 5578
5483 5493
5483 5562
5484 5553
5484 5531
5485 5527
5485 5513
5485 5522
5485 5514
5485 5580
5486 5570
5486 5534
5487 5557
5487 5581
5488 5580
5488 5564
5488 5493
5489 5538
5489 5513
5490 5581
5490 5568
5491 5562
5492 5525
5492 5558
5492 5557
5492 5579
5492 5536
5493 5552
5493 5527
5493 5513
5493 5516
5494 5532
5494 5518
5495 5498
5496 5535
5496 5567
5497 5533
5497 5510
5498 5584
5498 5563
5498 5518
5498 5555
5499 5523
5499 5500
5499 5584
5500 5550
5500 5506
5500 5570
5501 5565
5501 5566
5501 5511
5501 5507
5501 5515
5502 5547
5502 5527
5502 5593
5503 5551
5503 5552
5504 5554
5504 5575
5504 5559
5504 5548
5504 5588
5504 5579
5505 5578
5505 5552
5506 5553
5506 5585
5506 5520
5506 5582
5507 5533
5508 5576
5508 5556
5509 5573
5509 5605
5509 5521
5510 5574
5510 5566
5510 5547
5511 5570
5511 5519
5511 5536
5512 5522
5513 5596
5513 5600
5513 5594
5514 5561
5514 5588
5515 5561
5516 5533
5517 5561
5517 5579
5517 5525
5517 5575
5517 5542
5517 5595
5517 5533
5517 5541
5518 5595
5518 5585
5518 5548
5518 5521
5518 5605
5519 5560
5520 5548
5521 5536
5521 5605
5522 5569
5522 5571
5522 5559
5523 5599
5523 5614
5523 5541
5523 5572
5523 5584
5523 5545
5523 5532
5523 5531
5524 5541
5525 5580
5525 5621
5525 5527
5526 5574
5526 5537
5526 5553
5526 5587
5527 5622
5527 5533
5527 5613
5527 5557
5527 5542
5528 5605
5529 5587
5529 5552
5530 5614
5530 5569
5531 5575
5531 5621
5531 5594
5531 5583
5532 5621
5532 5608
5532 5543
5533 5589
5533 5570
5533 5534
5533 5560
5534 5599
5534 5588
5534 5608
5534 5622
5534 5627
5535 5602
5535 5623
5536 5626
5536 5611
5536 5575
5537 5612
5537 5626
5537 5562
5538 5565
5538 5632
5538 5586
5538 5576
5539 5618
5539 5576
5539 5631
5540 5591
5540 5571
5541 5565
5542 5623
5542 5582
5542 5555
5543 5604
5544 5555
5544 5622
5545 5598
5546 5619
5547 5560
5548 5556
5548 5618
5549 5573
5549 5557
5549 5626
5550 5586
5550 5567
5550 5628
5550 5606
5550 5557
5551 5609
5551 5639
5551 5615
5552 5596
5552 5581
5553 5606
5553 5602
5553 5603
5553 5604
5553 5584
5553 5563
5554 5634
5554 5647
5554 5613
5554 5635
5554 5625
5554 5558
5554 5585
5555 5605
5555 5558
5555 5635
5556 5577
5556 5614
5556 5647
5556 5583
5557 5582
5557 5590
5557 5642
5558 5572
5558 5634
5558 5644
5559 5625
5560 5629
5560 5656
5560 5563
5561 5625
5561 5630
5562 5586
5562 5626
5562 5581
5562 5579
5563 5647
5563 5578
5564 5622
5564 5620
5565 5640
5565 5646
5565 5567
5566 5581
5566 5649
5566 5646
5566 5578
5566 5607
5566 5661
5567 5630
5567 5606
5567 5631
5568 5645
5568 5599
5569 5645
5569 5624
5570 5611
5570 5639
5570 5598
5570 5643
5570 5600
5571 5642
5571 5658
5571 5608
5571 5602
5572 5632
5572 5609
5572 5665
5572 5611
5572 5656
5573 5640
5573 5647
5574 5617
5574 5607
5574 5663
5574 5578
5575 5586
5575 5628
5575 5664
5575 5665
5575 5582
5576 5613
5576 5589
5576 5647
5576 5610
5576 5612
5576 5619
5577 5616
5577 5654
5577 5644
5577 5658
5577 5663
5577 5664
5578 5605
5578 5582
5579 5592
5579 5612
5580 5673
5580 5587
5580 5631
5581 5652
5581 5619
5581 5661
5581 5655
5582 5676
5582 5636
5582 5655
5584 5627
5584 5646
5584 5604
5585 5650
5585 5656
5586 5598
5587 5593
5587 5624
5588 5649
5588 5678
5588 5619
5588 5640
5589 5663
5589 5641
5589 5633
5589 5609
5589 5590
5590 5686
5590 5681
5590 5618
5590 5647
5591 5687
5591 5596
5592 5676
5592 5595
5592 5656
5594 5676
5595 5685
5595 5687
5597 5675
5598 5677
5598 5628
5598 5640
5598 5618
5598 5688
5598 5687
5599 5665
5599 5658
5600 5690
5600 5672
5600 5658
5600 5644
5600 5635
5601 5672
5602 5628
5602 5635
5602 5659
5603 5670
5604 5666
5604 5606
5604 5637
5605 5639
5605 5622
5605 5652
5605 5655
5605 5662
5606 5660
5606 5647
5607 5629
5607 5652
5607 5641
5607 5680
5608 5679
5608 5628
5608 5686
5610 5691
5610 5617
5611 5699
5611 5615
5611 5622
5612 5620
5612 5658
5613 5633
5613 5647
5613 5623
5614 5687
5614 5637
5614 5670
5615 5620
5615 5679
5615 5617
5615 5703
5616 5638
5616 5707
5617 5621
5617 5666
5618 5686
5618 5652
5619 5676
5619 5686
5619 5709
5619 5710
5620 5706
5620 5692
5620 5712
5620 5633
5621 5632
5621 5674
5621 5717
5622 5708
5622 5626
5622 5635
5623 5694
5623 5641
5623 5709
5623 5687
5624 5662
5624 5707
5624 5668
5624 5661
5625 5703
5625 5660
5625 5708
5626 5656
5627 5679
5627 5644
5627 5701
5627 5686
5628 5639
5628 5716
5629 5633
5629 5706
5630 5726
5630 5670
5630 5665
5631 5688
5631 5641
5631 5642
5632 5713
5632 5666
5632 5637
5633 5693
5633 5668
5634 5709
5634 5695
5634 5668
5634 5728
5635 5658
5635 5645
5635 5708
5635 5707
5636 5690
5636 5708
5636 5673
5636 5650
5636 5670
5637 5692
5637 5647
5637 5703
5637 5649
5638 5688
5638 5692
5639 5700
5639 5649
5640 5658
5641 5644
5641 5673
5641 5722
5642 5717
5642 5685
5642 5678
5642 5665
5643 5702
5644 5704
5644 5694
5644 5709
5644 5672
5644 5645
5645 5677
5645 5665
5646 5648
5646 5740
5647 5727
5647 5686
5647 5682
5647 5699
5647 5671
5648 5649
5648 5680
5649 5675
5649 5744
5650 5662
5651 5720
5651 5673
5653 5685
5653 5684
5653 5681
5654 5671
5654 5731
5654 5702
5654 5704
5654 5668
5654 5656
5655 5699
5655 5714
5655 5684
5655 5715
5657 5701
5657 5675
5657 5669
5657 5723
5658 5661
5658 5659
5659 5697
5659 5734
5659 5737
5659 5704
5660 5734
5660 5719
5660 5668
5660 5698
5660 5712
5660 5663
5660 5755
5661 5663
5661 5724
5661 5676
5662 5737
5662 5721
5662 5730
5662 5744
5662 5731
5663 5669
5663 5737
5664 5752
5665 5709
5665 5731
5665 5674
5665 5700
5665 5738
5666 5715
5666 5741
5667 5668
5667 5720
5668 5700
5669 5688
5669 5712
5670 5720
5670 5675
5670 5766
5670 5732
5670 5689
5671 5673
5671 5753
5671 5682
5671 5762
5672 5724
5672 5682
5672 5711
5672 5710
5672 5745
5672 5761
5673 5702
5673 5735
5674 5697
5674 5754
5674 5734
5674 5729
5674 5744
5675 5747
5675 5683
5675 5740
5676 5734
5677 5754
5677 5746
5677 5751
5678 5695
5678 5719
5678 5748
5681 5708
5681 5769
5682 5688
5682 5758
5682 5703
5683 5689
5683 5693
5683 5771
5683 5734
5684 5749
5684 5753
5685 5765
5686 5774
5686 5763
5686 5740
5686 5722
5686 5736
5687 5732
5687 5702
5688 5715
5688 5752
5688 5714
5688 5746
5689 5698
5689 5785
5690 5743
5690 5740
5690 5717
5691 5765
5691 5703
5691 5746
5691 5769
5691 5709
5691 5783
5691 5717
5692 5696
5692 5731
5693 5711
5693 5710
5693 5764
5693 5698
5694 5736
5694 5741
5694 5722
5695 5711
5695 5718
5696 5769
5696 5708
5696 5700
5696 5743
5696 5784
5696 5771
5697 5726
5697 5766
5697 5709
5697 5702
5697 5743
5698 5781
5698 5711
5698 5774
5699 5708
5699 5713
5699 5746
5700 5782
5701 5763
5701 5795
5702 5798
5703 5735
5703 5775
5703 5747
5704 5764
5704 5752
5705 5771
5706 5794
5706 5757
5706 5724
5706 5766
5706 5769
5706 5779
5707 5736
5707 5797
5707 5771
5708 5728
5708 5755
5708 5778
5708 5801
5709 5718
5709 5729
5709 5758
5709 5759
5710 5730
5711 5725
5711 5786
5712 5802
5712 5750
5713 5804
5713 5807
5713 5773
5714 5775
5714 5765
5714 5764
5715 5764
5715 5796
5716 5802
5716 5781
5716 5786
5716 5773
5716 5721
5717 5812
5717 5735
5718 5754
5718 5765
5718 5796
5718 5774
5718 5766
5719 5811
5719 5773
5720 5815
5720 5781
5720 5755
5720 5763
5722 5736
5722 5803
5722 5772
5722 5774
5722 5773
5722 5727
5722 5796
5723 5748
5723 5762
5723 5758
5723 5759
5723 5796
5724 5764
5724 5728
5724 5801
5725 5740
5725 5794
5725 5819
5725 5759
5726 5735
5726 5764
5727 5749
5728 5761
5728 5791
5728 5799
5728 5819
5728 5743
5728 5802
5728 5805
5728 5778
5729 5794
5729 5735
5729 5730
5730 5770
5730 5741
5730 5788
5730 5792
5731 5798
5731 5793
5731 5782
5731 5772
5731 5814
5732 5757
5732 5745
5732 5814
5733 5794
5733 5760
5733 5779
5733 5827
5734 5798
5734 5771
5734 5776
5735 5740
5735 5784
5735 5753
5735 5806
5735 5741
5736 5832
5736 5766
5736 5784
5736 5741
5736 5805
5737 5745
5738 5818
5738 5772
5738 5753
5738 5787
5738 5829
5738 5789
5740 5826
5740 5800
5740 5815
5741 5822
5741 5757
5741 5775
5741 5768
5741 5772
5741 5800
5741 5781
5742 5763
5742 5761
5742 5776
5742 5762
5743 5782
5743 5769
5743 5747
5743 5798
5743 5822
5744 5749
5744 5832
5744 5752
5745 5827
5746 5818
5746 5761
5746 5839
5747 5775
5748 5792
5748 5827
5748 5763
5749 5753
5750 5766
5750 5765
5750 5781
5750 5806
5750 5830
5751 5793
5751 5787
5751 5833
5751 5819
5751 5789
5752 5789
5752 5822
5752 5798
5752 5757
5752 5811
5752 5846
5752 5828
5753 5797
5753 5788
5753 5823
5753 5814
5753 5772
5753 5839
5753 5846
5754 5804
5755 5797
5755 5789
5755 5813
5755 5787
5755 5849
5756 5837
5756 5777
5756 5834
5757 5779
5757 5849
5757 5789
5757 5815
5758 5802
5758 5841
5759 5789
5759 5843
5760 5776
5760 5792
5761 5846
5761 5853
5761 5766
5761 5832
5762 5838
5763 5797
5763 5814
5763 5827
5763 5815
5764 5800
5764 5853
5764 5812
5764 5820
5764 5859
5764 5830
5764 5771
5764 5845
5764 5816
5765 5795
5765 5779
5766 5849
5766 5842
5767 5776
5768 5782
5768 5817
5768 5813
5768 5772
5768 5824
5768 5822
5768 5789
5768 5797
5769 5832
5769 5797
5770 5788
5770 5789
5771 5845
5772 5846
5772 5840
5773 5837
5774 5866
5775 5866
5775 5816
5775 5811
5775 5855
5775 5830
5776 5799
5777 5856
5777 5864
5778 5796
5778 5859
5778 5842
5778 5799
5778 5795
5779 5869
5779 5871
5779 5785
5779 5802
5780 5793
5780 5810
5781 5814
5781 5864
5781 5844
5781 5831
5781 5829
5782 5837
5782 5851
5782 5801
5782 5836
5783 5873
5783 5826
5783 5860
5783 5854
5784 5829
5784 5827
5784 5835
5784 5867
5784 5844
5784 5870
5785 5820
5785 5852
5785 5875
5785 5814
5785 5822
5785 5872
5785 5824
5785 5792
5786 5804
5786 5837
5787 5807
5787 5843
5787 5858
5787 5847
5788 5835
5788 5811
5788 5824
5788 5795
5789 5833
5789 5875
5789 5817
5790 5828
5790 5876
5790 5856
5791 5795
5791 5857
5791 5834
5791 5867
5791 5844
5792 5804
5793 5880
5793 5834
5793 5808
5793 5849
5794 5841
5794 5889
5795 5816
5795 5882
5796 5835
5797 5804
5797 5893
5797 5815
5797 5803
5797 5881
5799 5887
5799 5853
5799 5802
5799 5884
5800 5871
5801 5878
5802 5838
5803 5835
5804 5809
5804 5838
5804 5825
5805 5866
5805 5835
5805 5834
5805 5842
5805 5838
5806 5812
5806 5830
5806 5897
5806 5899
5806 5844
5807 5821
5807 5854
5807 5888
5808 5859
5808 5821
5808 5845
5808 5876
5808 5866
5808 5900
5810 5867
5810 5838
5811 5879
5811 5905
5812 5847
5812 5832
5812 5883
5812 5816
5812 5846
5813 5842
5813 5896
5813 5831
5814 5881
5816 5858
5816 5822
5816 5890
5816 5898
5816 5817
5816 5861
5817 5865
5817 5821
5818 5881
5818 5877
5819 5822
5820 5872
5820 5830
5820 5867
5820 5908
5820 5865
5821 5904
5821 5891
5821 5857
5821 5915
5821 5841
5821 5839
5822 5900
5822 5876
5822 5837
5822 5864
5823 5876
5823 5904
5823 5861
5823 5857
5823 5848
5824 5828
5824 5852
5824 5848
5824 5839
5825 5905
5825 5901
5825 5894
5825 5907
5826 5900
5826 5882
5826 5870
5827 5840
5829 5912
5830 5903
5830 5895
5830 5886
5830 5870
5830 5883
5831 5899
5831 5905
5831 5850
5831 5845
5832 5844
5832 5843
5833 5923
5833 5840
5833 5906
5833 5863
5833 5849
5834 5895
5834 5918
5834 5901
5834 5891
5836 5881
5836 5921
5836 5903
5836 5875
5837 5890
5837 5854
5837 5903
5838 5893
5838 5875
5838 5858
5839 5872
5839 5914
5839 5875
5839 5886
5839 5877
5840 5898
5840 5897
5840 5936
5840 5889
5842 5911
5842 5909
5842 5891
5842 5859
5842 5857
5843 5936
5843 5885
5844 5870
5844 5913
5844 5903
5844 5918
5845 5901
5845 5887
5845 5881
5845 5892
5845 5880
5846 5920
5846 5881
5846 5912
5847 5918
5847 5887
5847 5882
5849 5910
5850 5853
5850 5883
5850 5864
5850 5940
5852 5937
5852 5944
5852 5860
5852 5884
5853 5926
5853 5947
5854 5880
5854 5936
5854 5869
5855 5886
5856 5925
5856 5908
5856 5901
5856 5947
5856 5862
5857 5914
5858 5904
5859 5864
5859 5936
5859 5944
5860 5917
5860 5924
5861 5864
5861 5912
5862 5877
5863 5915
5863 5946
5864 5885
5864 5886
5865 5932
5865 5866
5865 5898
5866 5922
5866 5868
5867 5872
5867 5929
5867 5931
5868 5886
5868 5934
5868 5955
5868 5884
5869 5881
5869 5950
5870 5940
5870 5907
5870 5904
5871 5890
5872 5924
5872 5920
5872 5921
5873 5960
5873 5901
5873 5913
5873 5928
5873 5965
5874 5897
5875 5944
5875 5937
5875 5880
5875 5938
5876 5934
5876 5967
5876 5938
5876 5912
5876 5891
5876 5944
5876 5913
5876 5964
5877 5941
5877 5947
5878 5935
5878 5884
5878 5902
5879 5902
5880 5972
5881 5922
5882 5935
5882 5963
5882 5910
5882 5944
5882 5940
5882 5904
5882 5920
5883 5902
5883 5972
5884 5905
5884 5913
5884 5954
5885 5974
5885 5911
5885 5908
5886 5898
5886 5902
5886 5938
5886 5934
5886 5975
5887 5907
5887 5957
5887 5956
5887 5903
5888 5979
5888 5964
5888 5932
5889 5984
5889 5929
5889 5927
5889 5943
5889 5944
5890 5895
5890 5977
5891 5906
5891 5945
5891 5964
5891 5914
5893 5952
5893 5932
5893 5927
5894 5942
5895 5967
5895 5989
5895 5922
5896 5905
5897 5905
5898 5911
5898 5992
5899 5991
5899 5949
5899 5902
5900 5964
5900 5908
5901 5951
5901 5980
5901 5946
5901 5945
5902 5953
5902 5942
5902 5978
5903 5920
5904 5939
5904 5965
5904 5973
5904 5969
5904 5909
5905 5969
5905 5934
5905 5964
5905 5943
5905 5960
5906 5933
5906 5986
5907 5957
5907 5965
5907 5918
5907 5939
5908 5912
5908 5945
5908 5942
5908 5918
5909 5986
5909 5912
5910 5976
5910 5998
5910 5993
5910 5955
5910 5911
5911 5968
5911 5935
5911 5999
5911 5949
5911 5916
5912 5935
5913 5926
5913 5965
5914 5920
5914 5958
5914 5999
5915 5989
5916 5930
5917 5930
5918 5986
5918 5990
5919 5992
5919 6015
5920 5963
5920 5959
5920 5990
5921 5949
5922 5940
5923 5958
5923 5985
5924 5944
5925 6009
5926 6015
5926 5992
5926 6018
5926 6001
5926 5964
5927 5998
5927 5978
5927 5940
5928 6021
5928 6016
5928 5980
5929 6004
5929 5986
5929 5944
5930 5972
5930 5965
5930 5961
5931 6006
5931 5976
5931 6027
5931 5985
5932 5938
5932 5991
5932 6007
5932 5947
5932 5964
5932 6022
5933 5938
5933 5940
5933 5965
5934 6022
5934 6026
5934 5945
5935 5941
5935 5961
5935 5971
5935 5957
5935 6020
5935 5999
5935 5967
5936 6026
5936 6000
5936 5997
5937 6027
5937 5986
5937 6006
5938 5999
5938 5942
5939 6035
5940 6011
5940 5949
5940 5977
5940 5962
5941 5944
5941 5949
5941 5983
5941 5977
5941 5963
5942 5968
5942 5971
5942 5944
5942 5986
5943 6010
5943 5946
5943 5972
5944 5994
5944 6035
5945 5954
5945 6016
5945 6000
5945 5967
5946 6028
5946 6031
5947 5987
5947 6028
5947 6002
5947 6004
5948 5997
5948 5967
5948 6005
5948 6013
5949 5987
5949 5977
5949 5958
5950 5969
5950 6019
5950 6028
5950 5967
5951 5958
5951 5980
5951 6015
5951 6045
5952 6039
5952 5972
5953 5992
5953 5983
5953 6030
5954 6007
5954 5960
5954 6047
5955 6012
5955 5960
5956 5986
5956 5993
5956 6014
5956 6025
5956 6004
5957 5983
5957 5967
5958 6032
5959 5976
5959 5964
5959 5988
5959 5963
5960 6051
5960 6002
5961 5976
5961 5973
5961 6043
5962 6001
5962 5983
5963 6059
5964 6008
5964 6027
5964 6026
5964 5988
5965 6024
5965 5975
5966 6025
5966 5998
5967 6003
5967 6054
5968 6048
5968 6024
5968 5998
5969 6021
5969 6047
5969 6003
5970 6014
5970 6016
5970 6001
5970 6029
5970 6017
5971 6047
5971 6065
5971 6038
5971 6051
5971 6028
5972 5995
5972 6015
5972 5993
5972 5994
5972 6014
5973 5982
5973 5981
5974 5980
5974 5992
5974 6028
5974 6019
5975 5998
5976 6004
5976 6051
5976 5985
5977 6065
5977 6035
5977 6066
5977 6048
5977 5996
5977 6050
5977 6002
5977 5984
5978 5988
5978 6035
5978 6036
5978 5985
5979 6054
5979 6064
5979 6045
5979 6025
5979 6068
5980 6010
5980 6025
5980 6012
5981 6063
5981 6056
5981 6008
5982 6068
5982 6016
5982 5991
5983 6010
5983 6034
5983 6052
5983 6003
5983 6051
5984 6010
5984 5990
5984 6020
5984 5997
5985 5993
5985 5988
5986 6068
5986 6053
5987 6074
5988 5999
5988 6058
5989 6042
5989 6066
5989 6006
5991 6083
5991 6028
5991 6068
5991 6019
5991 6080
5992 6009
5992 6084
5992 6029
5992 6075
5993 6037
5993 5995
5994 6035
5994 6036
5994 6046
5995 6074
5995 6030
5995 6064
5995 6009
5995 6067
5996 6074
5996 6007
5997 6027
5997 6023
5998 6061
5998 6018
5998 6080
5999 6050
6000 6006
6000 6081
6000 6031
6000 6036
6001 6012
6001 6018
6001 6024
6001 6093
6002 6012
6003 6020
6003 6035
6003 6067
6004 6068
6004 6055
6004 6038
6005 6030
6005 6101
6005 6073
6006 6066
6007 6077
6008 6100
6008 6055
6008 6082
6008 6039
6009 6035
6009 6057
6009 6017
6009 6058
6010 6014
6010 6013
6011 6102
6011 6080
6012 6076
6013 6015
6014 6062
6014 6021
6014 6065
6015 6051
6015 6025
6016 6077
6016 6072
6017 6088
6017 6071
6018 6031
6018 6113
6019 6039
6019 6081
6020 6048
6021 6062
6021 6109
6022 6023
6022 6073
6022 6074
6022 6093
6023 6089
6023 6042
6024 6110
6024 6037
6024 6043
6025 6066
6025 6091
6025 6118
6026 6075
6026 6085
6026 6084
6026 6048
6026 6040
6026 6062
6027 6047
6027 6089
6028 6075
6028 6058
6028 6054
6029 6111
6029 6041
6029 6058
6030 6052
6030 6094
6031 6037
6032 6068
6032 6086
6032 6054
6033 6038
6033 6080
6034 6068
6034 6114
6034 6108
6034 6093
6035 6118
6035 6067
6035 6057
6035 6110
6035 6095
6035 6126
6036 6083
6036 6092
6038 6065
6038 6057
6038 6117
6038 6111
6038 6106
6039 6058
6039 6125
6039 6074
6040 6089
6040 6113
6040 6133
6041 6125
6041 6063
6042 6072
6042 6127
6042 6085
6043 6118
6043 6131
6043 6091
6043 6090
6044 6119
6045 6065
6045 6081
6046 6120
6046 6084
6047 6102
6048 6139
6048 6122
6048 6133
6048 6071
6050 6081
6050 6070
6051 6141
6051 6097
6052 6084
6052 6128
6052 6108
6053 6118
6055 6110
6055 6111
6055 6121
6055 6065
6056 6111
6056 6126
6058 6084
6058 6079
6058 6072
6059 6138
6059 6136
6060 6095
6060 6091
6061 6154
6061 6074
6061 6095
6062 6093
6062 6117
6062 6114
6062 6104
6062 6095
6062 6146
6063 6142
6063 6067
6064 6141
6064 6157
6064 6101
6064 6077
6064 6154
6065 6073
6065 6121
6066 6161
6066 6110
6066 6120
6066 6125
6067 6116
6067 6160
6067 6103
6068 6123
6068 6154
6068 6088
6069 6094
6069 6137
6069 6102
6069 6107
6070 6137
6071 6161
6071 6101
6072 6165
6072 6099
6072 6134
6073 6074
6073 6150
6073 6151
6073 6165
6073 6088
6073 6124
6073 6087
6074 6083
6074 6089
6074 6142
6074 6133
6074 6131
6075 6097
6076 6111
6076 6154
6077 6173
6077 6098
6077 6105
6077 6121
6077 6127
6077 6165
6077 6082
6078 6104
6078 6084
6078 6111
6078 6148
6078 6155
6079 6081
6079 6137
6079 6172
6079 6132
6079 6138
6079 6085
6080 6093
6080 6134
6080 6135
6080 6129
6080 6111
6081 6083
6081 6098
6082 6142
6082 6143
6082 6157
6082 6132
6082 6140
6083 6144
6083 6111
6083 6133
6083 6173
6083 6146
6083 6100
6084 6113
6085 6114
6085 6120
6085 6097
6086 6090
6086 6110
6086 6147
6088 6094
6088 6130
6088 6137
6089 6178
6089 6171
6090 6100
6090 6148
6090 6110
6091 6099
6091 6114
6092 6142
6093 6163
6093 6186
6093 6184
6093 6098
6093 6109
6094 6115
6094 6181
6094 6117
6095 6112
6095 6168
6095 6118
6096 6127
6096 6118
6097 6121
6097 6136
6098 6146
6098 6114
6098 6194
6098 6162
6098 6153
6098 6122
6099 6162
6099 6164
6099 6156
6099 6121
6100 6118
6101 6182
6101 6165
6102 6191
6103 6129
6103 6104
6104 6170
6104 6119
6105 6168
6105 6138
6105 6194
6105 6127
6106 6193
6106 6108
6106 6140
6106 6144
6107 6134
6107 6162
6108 6169
6109 6202
6109 6153
6111 6167
6111 6196
6111 6206
6111 6154
6111 6160
6112 6116
6112 6183
6112 6182
6112 6159
6113 6161
6114 6210
6114 6169
6114 6154
6115 6175
6117 6174
6118 6198
6118 6209
6118 6212
6118 6134
6119 6125
6119 6215
6119 6185
6119 6193
6119 6183
6119 6214
6120 6140
6120 6203
6120 6195
6120 6137
6120 6147
6121 6186
6121 6142
6121 6177
6121 6150
6122 6192
6122 6214
6123 6213
6123 6127
6123 6206
6123 6184
6124 6217
6124 6150
6124 6160
6124 6213
6124 6164
6125 6173
6126 6170
6126 6136
6126 6178
6127 6159
6127 6158
6127 6140
6128 6173
6128 6196
6128 6190
6129 6201
6129 6186
6129 6199
6129 6132
6129 6154
6130 6201
6130 6157
6131 6175
6132 6147
6132 6181
6132 6199
6132 6208
6132 6201
6133 6206
6134 6135
6134 6136
6134 6186
6134 6177
6136 6201
6136 6159
6136 6200
6136 6158
6136 6170
6136 6146
6137 6174
6137 6153
6138 6206
6138 6212
6139 6167
6139 6223
6141 6181
6141 6184
6141 6228
6142 6215
6142 6207
6142 6162
6142 6204
6142 6153
6142 6143
6143 6171
6143 6189
6144 6194
6144 6229
6144 6199
6145 6201
6145 6231
6146 6197
6146 6239
6146 6182
6147 6167
6147 6204
6147 6221
6148 6179
6149 6151
6149 6183
6149 6227
6150 6157
6150 6176
6150 6223
6150 6164
6150 6209
6151 6182
6151 6212
6151 6194
6152 6211
6152 6220
6152 6225
6153 6159
6153 6165
6153 6198
6153 6177
6153 6228
6155 6195
6155 6233
6156 6187
6156 6208
6158 6217
6158 6239
6158 6222
6158 6205
6158 6169
6159 6204
6159 6250
6159 6170
6159 6240
6159 6210
6159 6160
6160 6201
6160 6176
6160 6171
6160 6246
6161 6164
6161 6210
6162 6240
6162 6223
6163 6195
6164 6220
6165 6215
6165 6222
6166 6180
6166 6235
6166 6207
6167 6205
6167 6235
6167 6243
6167 6206
6167 6258
6167 6186
6168 6248
6168 6250
6168 6209
6169 6230
6169 6194
6170 6234
6170 6177
6170 6251
6170 6244
6170 6195
6170 6243
6171 6265
6171 6232
6171 6189
6171 6230
6172 6233
6172 6265
6172 6231
6173 6221
6173 6210
6174 6177
6174 6227
6174 6244
6176 6245
6177 6265
6177 6205
6177 6264
6177 6224
6177 6263
6178 6205
6178 6223
6178 6214
6179 6255
6179 6194
6180 6207
6181 6239
6181 6245
6181 6198
6182 6252
6182 6205
6182 6225
6183 6215
6183 6185
6184 6188
6184 6227
6185 6250
6186 6227
6186 6248
6186 6191
6186 6220
6186 6192
6186 6257
6186 6231
6186 6226
6187 6218
6187 6227
6187 6208
6187 6278
6188 6208
6188 6253
6188 6219
6189 6271
6189 6278
6190 6240
6190 6233
6191 6195
6191 6251
6191 6274
6192 6288
6192 6199
6192 6224
6193 6223
6193 6268
6193 6283
6193 6280
6193 6278
6193 6279
6195 6285
6195 6243
6195 6274
6196 6292
6196 6222
6196 6231
6196 6274
6197 6203
6197 6241
6197 6215
6197 6207
6198 6283
6198 6287
6198 6245
6198 6259
6198 6214
6198 6270
6198 6221
6198 6230
6199 6227
6199 6223
6199 6246
6199 6251
6200 6285
6200 6268
6201 6247
6201 6265
6201 6281
6202 6213
6202 6222
6202 6272
6202 6290
6202 6238
6202 6207
6202 6217
6202 6221
6203 6277
6203 6232
6203 6294
6203 6211
6204 6218
6204 6277
6204 6208
6204 6219
6204 6226
6204 6297
6205 6280
6205 6247
6205 6209
6205 6261
6206 6215
6206 6212
6206 6276
6206 6298
6207 6293
6208 6256
6209 6212
6209 6267
6210 6263
6210 6297
6210 6243
6210 6236
6210 6299
6210 6221
6211 6266
6211 6225
6212 6302
6214 6303
6214 6293
6214 6299
6215 6296
6216 6290
6216 6273
6217 6218
6217 6270
6217 6287
6218 6308
6218 6253
6218 6298
6218 6235
6219 6264
6219 6289
6220 6282
6220 6293
6220 6283
6220 6225
6220 6240
6220 6256
6220 6294
6221 6259
6221 6317
6222 6224
6222 6275
6222 6313
6222 6289
6223 6250
6223 6293
6223 6301
6223 6246
6224 6297
6224 6315
6224 6307
6225 6228
6225 6242
6226 6270
6226 6253
6227 6239
6227 6279
6228 6256
6228 6252
6228 6275
6228 6229
6228 6246
6229 6299
6229 6266
6231 6257
6231 6289
6231 6301
6231 6281
6232 6255
6232 6306
6232 6244
6232 6283
6232 6326
6232 6314
6233 6315
6233 6318
6234 6259
6235 6273
6235 6287
6235 6271
6236 6286
6237 6332
6237 6322
6237 6293
6237 6277
6238 6302
6238 6287
6239 6263
6239 6266
6239 6307
6239 6289
6239 6318
6240 6277
6240 6311
6241 6243
6241 6310
6241 6244
6242 6320
6242 6253
6242 6282
6243 6319
6243 6330
6243 6336
6243 6275
6244 6267
6244 6283
6244 6309
6244 6301
6245 6285
6245 6284
6245 6316
6245 6334
6245 6321
6246 6284
6247 6338
6247 6318
6247 6251
6247 6290
6248 6265
6248 6249
6248 6325
6248 6314
6248 6285
6248 6260
6249 6275
6249 6302
6249 6279
6249 6344
6250 6343
6250 6272
6250 6336
6250 6342
6251 6338
6252 6298
6252 6259
6253 6339
6253 6262
6254 6267
6254 6330
6255 6332
6255 6343
6255 6333
6255 6302
6256 6308
6256 6267
6257 6286
6257 6274
6258 6263
6258 6259
6258 6265
6259 6331
6260 6269
6260 6299
6260 6352
6260 6285
6261 6331
6261 6346
6262 6298
6263 6273
6263 6353
6263 6326
6263 6345
6263 6325
6263 6310
6263 6274
6263 6337
6264 6341
6265 6319
6265 6295
6265 6345
6266 6304
6266 6333
6266 6343
6266 6296
6267 6271
6267 6295
6268 6341
6268 6272
6269 6282
6269 6318
6270 6348
6270 6275
6271 6334
6271 6343
6271 6298
6271 6332
6271 6367
6271 6305
6272 6339
6272 6342
6273 6297
6273 6351
6274 6296
6274 6355
6275 6324
6275 6293
6276 6284
6276 6369
6276 6317
6276 6365
6277 6282
6277 6283
6277 6342
6278 6318
6278 6362
6278 6286
6278 6349
6279 6290
6279 6323
6279 6361
6279 6332
6279 6305
6280 6287
6280 6320
6282 6375
6282 6318
6282 6376
6282 6327
6282 6324
6283 6338
6283 6358
6283 6349
6283 6291
6284 6289
6284 6353
6284 6373
6285 6346
6285 6349
6285 6300
6285 6380
6285 6288
6286 6337
6287 6324
6287 6380
6288 6347
6288 6333
6288 6371
6289 6324
6289 6313
6290 6364
6290 6327
6290 6307
6291 6381
6291 6346
6291 6311
6291 6382
6291 6376
6291 6299
6291 6339
6292 6345
6292 6355
6292 6325
6293 6308
6296 6340
6296 6342
6296 6305
6296 6382
6297 6320
6297 6348
6298 6302
6298 6367
6298 6300
6298 6319
6298 6323
6299 6393
6299 6327
6299 6302
6299 6339
6299 6354
6299 6306
6299 6370
6299 6346
6300 6316
6300 6309
6300 6345
6301 6308
6302 6369
6302 6317
6302 6363
6303 6319
6304 6353
6304 6310
6304 6372
6304 6315
6304 6355
6304 6331
6304 6382
6305 6384
6305 6386
6306 6337
6306 6356
6306 6334
6306 6326
6307 6332
6307 6325
6307 6359
6307 6356
6307 6366
6309 6340
6309 6377
6309 6349
6309 6346
6309 6404
6310 6316
6310 6335
6311 6344
6311 6330
6311 6320
6311 6352
6312 6315
6312 6384
6312 6318
6313 6317
6313 6394
6313 6325
6313 6350
6313 6316
6313 6355
6314 6356
6314 6344
6314 6387
6315 6385
6315 6352
6316 6327
6316 6340
6317 6377
6317 6404
6317 6408
6318 6387
6318 6342
6318 6345
6318 6338
6319 6406
6319 6404
6320 6387
6320 6399
6320 6332
6320 6403
6321 6375
6321 6392
6321 6358
6322 6401
6322 6384
6323 6348
6323 6374
6324 6327
6324 6379
6324 6342
6325 6358
6326 6390
6326 6336
6326 6355
6326 6358
6326 6363
6326 6342
6327 6391
6327 6349
6327 6418
6327 6340
6328 6359
6328 6337
6328 6406
6328 6357
6328 6386
6328 6408
6328 6415
6328 6392
6329 6417
6329 6375
6330 6338
6331 6341
6331 6403
6332 6409
6332 6385
6332 6366
6333 6397
6334 6412
6334 6423
6334 6417
6334 6358
6334 6363
6334 6350
6334 6393
6335 6428
6335 6429
6335 6336
6335 6394
6336 6431
6336 6412
6337 6374
6337 6356
6337 6346
6338 6361
6339 6416
6339 6406
6339 6407
6339 6402
6339 6374
6340 6412
6340 6346
6340 6361
6340 6372
6340 6352
6340 6390
6341 6435
6341 6363
6341 6393
6341 6361
6342 6385
6342 6390
6343 6398
6343 6355
6343 6411
6343 6358
6343 6356
6343 6434
6344 6382
6344 6409
6344 6439
6344 6379
6345 6384
6345 6370
6345 6376
6345 6363
6346 6385
6347 6393
6347 6377
6347 6351
6347 6374
6347 6361
6347 6392
6347 6382
6348 6396
6349 6434
6349 6364
6349 6368
6350 6415
6350 6389
6350 6369
6350 6376
6351 6430
6352 6408
6352 6373
6352 6376
6352 6357
6353 6433
6353 6386
6353 6383
6353 6445
6353 6387
6353 6415
6354 6363
6354 6368
6354 6377
6354 6426
6355 6410
6355 6364
6355 6431
6355 6376
6355 6383
6356 6433
6356 6391
6357 6442
6358 6373
6358 6408
6358 6446
6359 6372
6359 6376
6361 6428
6361 6431
6363 6389
6363 6373
6363 6372
6364 6430
6364 6369
6364 6449
6364 6456
6364 6407
6364 6455
6366 6423
6366 6405
6367 6385
6367 6437
6368 6405
6368 6459
6369 6417
6370 6434
6370 6402
6371 6461
6372 6394
6372 6439
6372 6381
6372 6398
6374 6426
6374 6433
6374 6394
6374 6445
6375 6419
6375 6404
6375 6393
6375 6452
6376 6467
6377 6433
6377 6444
6377 6454
6377 6423
6378 6433
6378 6411
6378 6428
6380 6382
6380 6394
6380 6445
6381 6409
6381 6406
6382 6403
6382 6424
6382 6446
6382 6435
6383 6444
6383 6395
6383 6455
6383 6431
6383 6386
6384 6394
6384 6429
6384 6410
6385 6461
6385 6393
6386 6419
6386 6479
6386 6398
6387 6464
6387 6443
6387 6406
6388 6415
6388 6418
6389 6400
6389 6442
6389 6406
6389 6414
6389 6478
6390 6394
6390 6401
6390 6393
6391 6462
6391 6440
6392 6436
6393 6460
6393 6472
6393 6448
6394 6444
6394 6477
6394 6449
6394 6469
6395 6427
6395 6401
6396 6427
6396 6411
6396 6466
6396 6484
6396 6437
6397 6470
6397 6398
6398 6454
6398 6444
6399 6446
6399 6433
6399 6479
6400 6493
6400 6403
6400 6429
6400 6410
6400 6409
6400 6468
6401 6431
6401 6478
6402 6470
6402 6468
6402 6493
6402 6407
6402 6416
6402 6496
6403 6481
6403 6431
6403 6498
6403 6459
6404 6459
6404 6407
6404 6473
6404 6485
6404 6432
6404 6493
6405 6497
6405 6436
6405 6437
6406 6497
6406 6434
6406 6433
6407 6417
6407 6466
6408 6426
6408 6454
6409 6453
6409 6436
6409 6445
6409 6479
6410 6447
6410 6456
6410 6501
6410 6466
6410 6440
6411 6494
6411 6489
6411 6488
6411 6491
6411 6505
6412 6502
6412 6441
6412 6454
6412 6492
6412 6455
6413 6417
6413 6427
6413 6472
6414 6496
6414 6444
6414 6427
6414 6451
6414 6426
6415 6480
6415 6455
6416 6497
6416 6471
6416 6444
6416 6476
6416 6469
6416 6485
6416 6431
6416 6492
6416 6473
6417 6483
6417 6452
6417 6466
6417 6506
6418 6435
6418 6444
6418 6449
6418 6465
6418 6430
6418 6453
6419 6456
6420 6433
6420 6440
6420 6450
6421 6461
6421 6469
6422 6468
6422 6498
6423 6497
6423 6513
6423 6442
6424 6513
6424 6518
6424 6455
6424 6429
6425 6510
6425 6489
6425 6482
6427 6454
6427 6458
6427 6465
6427 6517
6427 6511
6428 6522
6428 6451
6428 6467
6429 6515
6429 6433
6429 6431
6430 6443
6430 6451
6432 6443
6432 6523
6432 6506
6432 6489
6432 6468
6433 6521
6433 6448
6434 6471
6434 6454
6434 6486
6434 6491
6434 6526
6435 6490
6435 6517
6435 6488
6435 6436
6435 6496
6435 6497
6435 6528
6436 6495
6436 6464
6437 6506
6437 6530
6437 6520
6437 6472
6437 6524
6437 6445
6438 6528
6438 6525
6438 6476
6439 6499
6439 6469
6439 6451
6439 6462
6440 6526
6440 6500
6440 6505
6441 6448
6441 6497
6441 6496
6442 6490
6442 6478
6442 6461
6442 6515
6443 6493
6443 6492
6443 6501
6444 6503
6444 6535
6446 6523
6446 6470
6447 6509
6448 6537
6448 6524
6448 6465
6448 6469
6448 6518
6448 6516
6449 6496
6449 6469
6449 6468
6449 6451
6449 6498
6449 6517
6450 6506
6450 6514
6450 6498
6450 6475
6451 6503
6451 6494
6451 6486
6452 6466
6452 6488
6452 6505
6452 6520
6452 6499
6452 6522
6454 6458
6455 6476
6455 6518
6455 6508
6455 6486
6455 6536
6455 6535
6456 6535
6457 6477
6457 6475
6457 6520
6457 6504
6458 6480
6459 6461
6459 6462
6459 6545
6459 6484
6459 6529
6460 6538
6460 6556
6460 6537
6461 6479
6462 6475
6462 6472
6463 6464
6463 6533
6463 6482
6463 6505
6463 6549
6463 6489
6464 6511
6464 6470
6464 6507
6464 6503
6464 6534
6465 6557
6466 6505
6466 6500
6466 6512
6466 6547
6466 6539
6466 6513
6467 6501
6467 6536
6467 6485
6468 6494
6468 6470
6469 6535
6469 6482
6469 6561
6470 6542
6470 6504
6471 6546
6471 6507
6471 6551
6471 6539
6471 6476
6472 6556
6472 6521
6472 6501
6474 6569
6476 6503
6476 6564
6476 6522
6476 6557
6476 6526
6476 6479
6476 6534
6477 6490
6477 6529
6477 6514
6477 6545
6477 6558
6478 6536
6478 6529
6478 6522
6478 6547
6478 6521
6478 6574
6478 6526
6479 6508
6479 6534
6479 6547
6479 6485
6480 6553
6481 6493
6481 6574
6481 6499
6481 6575
6481 6539
6482 6534
6482 6501
6482 6526
6482 6545
6483 6559
6483 6485
6483 6545
6483 6517
6483 6572
6484 6564
6484 6511
6484 6543
6485 6507
6485 6533
6485 6565
6485 6488
6485 6577
6485 6581
6486 6493
6486 6581
6487 6552
6487 6562
6487 6561
6487 6507
6488 6518
6489 6569
6489 6539
6489 6519
6490 6565
6490 6562
6490 6558
6490 6581
6490 6578
6490 6551
6491 6544
6491 6563
6491 6570
6491 6514
6492 6569
6492 6543
6493 6561
6493 6521
6493 6586
6493 6508
6493 6522
6494 6548
6494 6511
6494 6526
6494 6510
6494 6560
6495 6510
6496 6572
6496 6512
6496 6540
6497 6526
6497 6533
6498 6562
6498 6516
6498 6533
6498 6558
6499 6512
6501 6529
6501 6574
6501 6520
6501 6518
6502 6506
6503 6566
6503 6547
6504 6559
6504 6524
6505 6517
6505 6594
6505 6569
6505 6592
6506 6520
6506 6563
6506 6548
6507 6578
6507 6547
6507 6549
6507 6600
6507 6572
6507 6593
6508 6591
6508 6599
6511 6573
6512 6522
6512 6526
6512 6575
6512 6539
6512 6544
6513 6603
6513 6523
6513 6527
6514 6557
6514 6560
6515 6569
6516 6550
6517 6612
6517 6553
6518 6568
6519 6569
6519 6601
6519 6586
6519 6605
6519 6557
6519 6527
6519 6583
6519 6598
6520 6554
6520 6598
6520 6592
6520 6542
6520 6567
6520 6545
6521 6609
6521 6534
6522 6586
6522 6599
6522 6542
6523 6583
6523 6540
6523 6596
6523 6579
6523 6604
6524 6582
6524 6606
6525 6573
6526 6567
6526 6560
6527 6612
6527 6620
6527 6552
6527 6578
6528 6540
6528 6565
6529 6616
6530 6601
6531 6591
6531 6626
6531 6612
6531 6614
6531 6563
6532 6605
6532 6622
6532 6544
6532 6616
6533 6580
6533 6611
6533 6616
6534 6589
6534 6572
6534 6556
6534 6570
6535 6612
6535 6579
6536 6556
6537 6577
6537 6630
6537 6539
6538 6539
6538 6562
6539 6581
6539 6558
6540 6622
6541 6618
6541 6577
6541 6636
6541 6588
6541 6546
6541 6620
6541 6598
6542 6627
6542 6543
6543 6606
6543 6615
6543 6634
6544 6603
6544 6627
6545 6639
6546 6568
6546 6613
6546 6599
6546 6604
6546 6576
6547 6640
6548 6577
6548 6642
6549 6625
6549 6635
6549 6556
6549 6605
6551 6610
6551 6584
6551 6591
6552 6563
6552 6554
6553 6592
6553 6618
6553 6627
6554 6596
6554 6597
6554 6577
6554 6590
6554 6616
6555 6632
6555 6610
6556 6592
6556 6561
6556 6572
6556 6573
6557 6618
6557 6590
6558 6619
6558 6602
6558 6617
6559 6620
6559 6618
6559 6569
6559 6599
6559 6622
6560 6656
6560 6578
6561 6627
6561 6609
6561 6643
6561 6589
6561 6657
6561 6592
6561 6625
6561 6616
6561 6577
6562 6577
6562 6596
6562 6638
6563 6614
6563 6583
6564 6574
6564 6572
6564 6596
6565 6601
6565 6633
6565 6625
6566 6642
6566 6627
6566 6624
6566 6648
6567 6661
6567 6573
6567 6646
6567 6648
6567 6581
6568 6647
6568 6662
6568 6629
6569 6606
6569 6630
6569 6588
6570 6630
6570 6595
6570 6629
6570 6655
6571 6613
6571 6652
6571 6645
6572 6614
6572 6620
6572 6665
6572 6662
6574 6576
6574 6618
6575 6598
6575 6581
6575 6629
6575 6657
6576 6670
6576 6590
6576 6601
6576 6662
6576 6666
6577 6598
6577 6578
6577 6667
6577 6650
6578 6655
6578 6619
6578 6658
6579 6669
6579 6622
6579 6631
6579 6587
6579 6607
6579 6580
6580 6604
6580 6649
6581 6585
6581 6636
6581 6638
6581 6666
6581 6675
6582 6604
6582 6673
6583 6632
6584 6666
6584 6651
6584 6641
6585 6597
6585 6658
6585 6609
6586 6672
6586 6643
6587 6668
6587 6681
6587 6623
6588 6678
6589 6591
6589 6629
6591 6682
6591 6665
6591 6676
6591 6605
6592 6617
6592 6597
6593 6675
6593 6648
6594 6662
6596 6664
6596 6637
6596 6639
6597 6656
6598 6676
6598 6615
6599 6622
6600 6644
6600 6630
6601 6616
6601 6651
6601 6670
6601 6625
6602 6638
6602 6688
6602 6654
6602 6672
6603 6667
6603 6697
6603 6656
6603 6647
6603 6624
6604 6696
6605 6626
6606 6660
6606 6620
6606 6614
6608 6686
6608 6650
6608 6699
6608 6652
6609 6628
6609 6662
6609 6622
6609 6694
6610 6671
6611 6671
6611 6618
6611 6636
6611 6614
6611 6641
6612 6674
6612 6649
6612 6636
6612 6638
6612 6706
6613 6657
6613 6654
6613 6707
6613 6688
6613 6686
6613 6670
6613 6708
6613 6691
6613 6690
6614 6676
6614 6643
6614 6697
6614 6710
6615 6634
6616 6631
6616 6685
6616 6645
6616 6663
6617 6687
6617 6659
6618 6621
6618 6651
6618 6697
6618 6700
6618 6702
6618 6660
6618 6657
6618 6669
6618 6628
6619 6656
6619 6682
6620 6627
6620 6643
6621 6676
6621 6664
6621 6687
6621 6666
6621 6679
6621 6685
6622 6652
6622 6708
6622 6686
6623 6700
6623 6694
6623 6653
6623 6674
6624 6668
6624 6669
6624 6631
6625 6692
6625 6666
6625 6655
6625 6669
6625 6691
6625 6690
6626 6711
6626 6689
6627 6659
6627 6710
6628 6631
6628 6632
6629 6693
6630 6669
6630 6651
6630 6716
6630 6650
6630 6659
6631 6705
6631 6693
6631 6658
6632 6699
6632 6676
6632 6709
6632 6640
6632 6711
6633 6665
6633 6723
6633 6678
6633 6706
6634 6674
6634 6709
6634 6699
6635 6723
6635 6678
6635 6712
6636 6672
6636 6650
6636 6717
6637 6663
6637 6686
6637 6704
6637 6640
6638 6694
6638 6683
6638 6641
6638 6724
6639 6680
6639 6712
6639 6694
6639 6695
6640 6648
6640 6652
6640 6674
6641 6725
6641 6651
6642 6650
6642 6648
6642 6647
6642 6681
6642 6690
6643 6667
6643 6646
6643 6704
6644 6674
6644 6647
6645 6706
6645 6740
6645 6711
6645 6689
6645 6718
6646 6723
6646 6693
6646 6658
6647 6662
6647 6711
6648 6704
6648 6655
6648 6731
6648 6680
6649 6678
6650 6699
6650 6692
6650 6707
6651 6720
6651 6717
6651 6722
6651 6683
6651 6661
6652 6675
6652 6727
6652 6696
6653 6739
6653 6656
6654 6713
6655 6725
6655 6685
6655 6724
6656 6716
6656 6726
6656 6744
6656 6674
6657 6717
6657 6703
6658 6753
6658 6706
6658 6730
6659 6689
6660 6737
6660 6701
6660 6675
6660 6686
6660 6725
6660 6679
6661 6716
6661 6712
6661 6728
6662 6703
6663 6720
6663 6704
6664 6718
6664 6707
6664 6748
6665 6723
6665 6679
6667 6755
6667 6728
6667 6754
6667 6678
6667 6717
6668 6754
6668 6753
6669 6755
6669 6715
6669 6737
6669 6738
6670 6703
6670 6764
6670 6755
6671 6700
6671 6709
6672 6746
6672 6711
6673 6743
6673 6687
6673 6711
6674 6685
6674 6684
6674 6694
6675 6715
6675 6680
6675 6697
6676 6696
6676 6743
6676 6735
6676 6758
6676 6721
6677 6721
6677 6743
6677 6731
6678 6735
6678 6738
6678 6687
6678 6733
6678 6753
6678 6745
6679 6689
6679 6718
6679 6707
6679 6762
6679 6730
6679 6747
6680 6747
6681 6708
6681 6761
6681 6716
6682 6714
6682 6778
6682 6737
6683 6712
6683 6748
6685 6779
6685 6770
6685 6777
6685 6712
6685 6729
6686 6712
6686 6751
6686 6755
6687 6751
6687 6747
6688 6772
6688 6753
6688 6720
6688 6734
6688 6698
6688 6739
6689 6698
6689 6695
6689 6756
6689 6699
6690 6782
6691 6747
6691 6760
6691 6706
6691 6709
6692 6709
6692 6745
6693 6765
6693 6696
6693 6741
6693 6719
6694 6747
6694 6772
6694 6721
6694 6748
6695 6790
6695 6711
6696 6785
6696 6782
6696 6761
6696 6790
6697 6767
6697 6735
6697 6769
6697 6703
6697 6741
6698 6755
6698 6794
6698 6708
6699 6719
6699 6750
6699 6710
6699 6794
6699 6732
6699 6717
6700 6701
6700 6734
6701 6708
6701 6786
6701 6770
6701 6728
6701 6772
6702 6771
6702 6740
6703 6739
6703 6708
6704 6727
6704 6767
6704 6715
6704 6716
6705 6755
6705 6711
6706 6785
6707 6709
6707 6735
6708 6725
6708 6717
6709 6763
6709 6724
6710 6724
6710 6715
6710 6719
6710 6801
6711 6792
6711 6778
6711 6787
6711 6803
6711 6712
6712 6760
6712 6772
6713 6788
6713 6716
6714 6750
6714 6786
6714 6744
6714 6759
6714 6741
6714 6731
6715 6729
6715 6777
6715 6796
6715 6769
6716 6803
6716 6729
6717 6813
6717 6722
6718 6746
6718 6735
6718 6759
6718 6775
6718 6813
6719 6799
6719 6815
6720 6755
6721 6722
6721 6761
6722 6765
6722 6726
6723 6777
6723 6748
6724 6750
6724 6764
6724 6819
6724 6745
6725 6773
6725 6803
6725 6786
6725 6810
6725 6775
6726 6739
6726 6746
6726 6760
6726 6772
6727 6758
6727 6785
6727 6818
6728 6776
6728 6761
6728 6770
6728 6783
6728 6766
6729 6821
6731 6763
6731 6810
6731 6747
6732 6751
6732 6767
6732 6818
6733 6758
6733 6744
6733 6793
6734 6778
6734 6819
6734 6827
6734 6793
6735 6812
6736 6739
6736 6789
6737 6784
6737 6819
6737 6814
6737 6833
6739 6747
6739 6757
6739 6806
6740 6764
6740 6794
6740 6821
6740 6784
6740 6819
6740 6833
6741 6763
6741 6824
6741 6792
6742 6785
6742 6786
6743 6786
6743 6824
6743 6799
6743 6777
6744 6828
6744 6757
6744 6763
6744 6803
6744 6795
6745 6747
6745 6783
6745 6755
6745 6757
6746 6842
6746 6823
6746 6798
6746 6779
6747 6788
6747 6816
6748 6779
6748 6774
6749 6759
6749 6839
6750 6823
6750 6814
6750 6805
6750 6773
6752 6778
6752 6768
6752 6754
6752 6774
6754 6797
6754 6801
6755 6802
6755 6777
6755 6758
6755 6829
6755 6767
6756 6778
6756 6797
6756 6782
6757 6826
6757 6818
6757 6800
6757 6843
6758 6778
6759 6840
6759 6810
6759 6797
6760 6795
6760 6817
6761 6795
6762 6786
6762 6826
6763 6799
6763 6775
6765 6815
6766 6854
6766 6857
6768 6840
6769 6812
6769 6817
6769 6855
6770 6847
6770 6830
6770 6845
6770 6848
6770 6829
6771 6836
6771 6843
6771 6798
6772 6788
6772 6780
6772 6806
6772 6868
6773 6816
6773 6840
6775 6788
6775 6778
6775 6827
6775 6849
6776 6818
6776 6816
6776 6829
6776 6831
6776 6866
6777 6863
6778 6798
6778 6783
6778 6805
6778 6791
6778 6843
6779 6871
6779 6793
6779 6834
6780 6855
6780 6812
6780 6834
6780 6784
6781 6836
6781 6802
6781 6803
6782 6804
6782 6835
6783 6874
6783 6856
6783 6858
6783 6804
6783 6822
6783 6866
6784 6812
6784 6869
6784 6847
6784 6855
6784 6793
6785 6841
6785 6826
6785 6878
6785 6807
6786 6810
6786 6833
6786 6789
6787 6846
6787 6851
6787 6790
6787 6882
6787 6874
6788 6852
6788 6861
6788 6843
6788 6812
6788 6828
6789 6827
6789 6806
6789 6834
6789 6882
6789 6855
6789 6878
6790 6822
6791 6866
6791 6886
6792 6842
6792 6883
6793 6858
6793 6821
6793 6853
6794 6845
6794 6816
6794 6812
6794 6813
6795 6799
6795 6803
6796 6806
6796 6813
6796 6840
6796 6854
6796 6823
6797 6837
6797 6840
6798 6802
6798 6880
6798 6889
6798 6863
6798 6839
6798 6860
6798 6807
6799 6861
6799 6830
6800 6843
6801 6849
6801 6808
6802 6875
6802 6861
6802 6807
6803 6875
6803 6855
6804 6890
6804 6868
6805 6854
6805 6840
6805 6864
6805 6892
6806 6889
6806 6817
6807 6857
6807 6891
6807 6847
6808 6886
6808 6821
6808 6872
6808 6898
6809 6903
6809 6899
6809 6848
6809 6898
6810 6822
6810 6863
6810 6813
6810 6837
6811 6851
6811 6828
6811 6887
6812 6833
6812 6840
6813 6832
6813 6860
6813 6830
6813 6907
6813 6864
6813 6898
6814 6873
6814 6894
6814 6861
6814 6892
6815 6901
6815 6857
6815 6892
6816 6870
6817 6842
6818 6860
6818 6906
6818 6887
6819 6834
6820 6845
6820 6880
6820 6889
6820 6906
6820 6888
6821 6827
6822 6831
6822 6867
6822 6832
6822 6902
6822 6833
6822 6912
6823 6848
6823 6865
6823 6905
6823 6872
6823 6837
6823 6918
6824 6874
6824 6833
6824 6843
6825 6847
6825 6873
6825 6886
6825 6856
6826 6857
6826 6836
6826 6872
6826 6870
6826 6852
6826 6890
6826 6864
6828 6837
6828 6835
6828 6866
6828 6829
6829 6866
6829 6883
6830 6905
6830 6862
6830 6926
6830 6873
6831 6909
6831 6890
6832 6862
6832 6898
6832 6891
6833 6905
6834 6882
6834 6906
6835 6883
6836 6869
6837 6871
6837 6864
6838 6933
6838 6915
6839 6915
6839 6907
6841 6925
6842 6863
6842 6896
6842 6916
6843 6894
6843 6905
6843 6902
6843 6889
6843 6881
6844 6926
6844 6862
6845 6909
6845 6907
6845 6874
6846 6847
6846 6930
6846 6894
6846 6928
6846 6939
6846 6934
6847 6940
6847 6900
6847 6934
6848 6857
6848 6924
6848 6917
6848 6905
6848 6943
6849 6921
6849 6887
6850 6855
6850 6930
6850 6914
6851 6940
6851 6874
6852 6940
6852 6866
6852 6874
6853 6930
6853 6891
6854 6932
6854 6907
6854 6855
6854 6933
6855 6928
6855 6871
6855 6890
6856 6862
6856 6900
6857 6934
6857 6868
6858 6903
6859 6880
6859 6926
6859 6955
6860 6956
6861 6906
6861 6914
6861 6956
6861 6945
6862 6872
6862 6938
6863 6873
6863 6941
6863 6895
6864 6913
6864 6884
6864 6922
6864 6951
6864 6890
6865 6888
6865 6872
6865 6910
6866 6941
6866 6910
6866 6937
6866 6920
6866 6927
6867 6941
6867 6879
6867 6871
6868 6875
6868 6941
6868 6924
6869 6952
6869 6897
6869 6910
6869 6943
6869 6929
6870 6872
6870 6900
6870 6883
6870 6962
6870 6937
6870 6925
6871 6888
6871 6942
6871 6915
6871 6921
6872 6931
6872 6899
6872 6895
6873 6946
6873 6890
6873 6960
6874 6921
6874 6931
6874 6965
6874 6970
6874 6893
6874 6911
6875 6889
6875 6923
6875 6904
6875 6969
6876 6920
6876 6899
6877 6949
6877 6878
6877 6915
6878 6970
6878 6961
6878 6943
6878 6939
6878 6919
6879 6914
6880 6917
6881 6976
6881 6934
6881 6903
6883 6932
6883 6884
6883 6951
6883 6913
6884 6952
6885 6972
6885 6957
6886 6968
6886 6952
6886 6980
6886 6954
6887 6971
6887 6892
6887 6894
6887 6889
6887 6979
6887 6953
6887 6965
6887 6893
6888 6920
6888 6941
6888 6943
6888 6889
6888 6950
6888 6966
6889 6979
6889 6957
6889 6920
6890 6902
6890 6918
6891 6982
6891 6921
6891 6957
6892 6914
6892 6969
6892 6920
6892 6901
6893 6962
6893 6923
6893 6922
6894 6957
6895 6953
6895 6922
6895 6944
6896 6921
6897 6980
6897 6990
6898 6899
6898 6948
6899 6961
6899 6966
6899 6937
6900 6902
6900 6996
6900 6920
6901 6935
6901 6947
6901 6956
6901 6955
6902 6971
6902 6945
6902 6911
6903 6907
6904 6999
6904 6989
6904 6913
6905 6948
6905 6984
6906 6931
6906 6927
6906 6987
6906 6939
6906 6945
6906 6994
6907 6941
6907 6911
6908 6979
6908 6957
6909 6910
6909 6960
6910 6912
6910 6945
6910 6983
6910 6986
6910 6995
6910 6914
6910 6941
6911 6929
6911 6924
6911 6923
6911 6974
6911 6979
6912 6989
6912 6992
6912 7003
6912 6934
6913 6970
6914 6946
6914 6966
6914 6926
6915 6970
6915 6947
6916 6922
6916 7002
6917 6964
6918 6985
6918 6961
6918 6936
6918 6986
6918 6978
6919 6941
6919 6946
6920 6992
6921 6971
6921 6999
6922 6965
6922 6960
6922 6955
6923 6943
6924 7017
6924 7006
6924 6927
6924 6936
6924 6942
6925 6927
6925 6952
6925 6947
6925 6954
6926 7019
6926 6964
6926 6977
6926 6987
6927 7012
6927 6989
6927 6929
6927 6983
6927 7007
6927 7020
6928 6937
6928 6935
6929 6947
6929 6981
6930 6943
6930 6931
6930 7015
6930 6996
6930 7004
6931 6981
6932 7018
6932 7008
6933 7023
6933 7011
6934 6949
6934 6979
6934 6971
6934 6999
6934 7024
6935 7027
6935 6937
6936 6977
6936 6961
6936 7008
6936 6976
6937 7006
6937 7010
6937 6957
6937 7014
6938 6954
6938 7031
6939 7034
6939 6961
6940 6970
6940 6987
6940 6981
6941 6943
6941 6963
6941 6944
6942 7014
6943 7004
6944 6950
6945 7014
6945 6961
6945 6972
6945 7000
6945 6986
6946 6953
6947 6976
6948 6994
6948 7042
6948 6952
6948 6977
6949 7033
6949 7018
6949 6990
6950 6956
6950 6957
6952 7030
6953 7045
6953 7019
6953 7041
6953 7006
6954 6986
6954 7020
6954 7039
6954 6984
6955 7014
6955 7023
6955 6982
6956 6959
6957 6998
6957 7041
6957 7045
6957 7003
6958 7032
6958 6959
6958 6966
6958 6974
6959 7039
6959 6977
6960 6962
6960 6961
6960 7002
6961 7024
6961 7023
6961 6996
6962 7044
6963 7040
6963 6990
6963 7038
6964 7055
6965 7045
6965 7027
6966 7012
6966 7030
6967 7051
6967 7011
6967 6993
6967 6976
6967 7012
6968 7030
6969 7054
6969 7037
6969 7021
6970 7053
6970 7066
6970 6976
6970 7031
6971 7050
6971 7055
6971 7029
6972 6987
6972 7017
6972 6990
6972 7058
6972 7050
6973 7062
6973 6989
6973 6984
6974 7067
6974 6988
6974 7030
6975 7050
6975 6996
6975 6993
6977 7072
6977 6989
6977 6987
6977 7063
6977 7019
6977 7034
6978 7072
6978 6988
6979 7044
6979 6989
6980 7060
6980 7036
6980 7041
6981 7070
6981 6982
6981 7008
6981 7040
6982 7014
6982 7067
6982 7007
6983 7025
6983 7033
6983 7020
6983 7052
6983 7042
6984 7004
6984 7000
6984 7078
6984 7003
6985 7030
6986 7076
6986 6991
6986 7068
6987 7075
6987 7059
6988 7001
6988 7069
6988 7032
6988 7009
6988 7063
6989 7012
6989 7034
6989 7037
6989 7082
6990 6994
6990 7033
6990 7054
6991 7034
6991 7026
6991 7054
6991 7056
6991 6997
6991 7077
6991 7060
6991 7065
6991 7071
6992 7052
6992 7068
6994 7059
6994 7071
6994 7075
6995 7088
6995 7051
6995 7029
6995 7069
6996 7049
6996 7089
6997 7021
6997 7057
6997 7004
6997 7010
6998 7085
6998 7017
6998 7012
6999 7080
6999 7009
6999 7078
6999 7036
6999 7017
6999 7040
6999 7070
7000 7085
7001 7041
7002 7044
7002 7025
7002 7016
7002 7086
7002 7078
7003 7065
7004 7091
7004 7070
7005 7035
7006 7040
7006 7019
7006 7039
7006 7018
7006 7086
7007 7018
7007 7076
7007 7086
7007 7072
7007 7009
7008 7073
7008 7081
7009 7053
7009 7062
7010 7088
7010 7020
7010 7061
7010 7077
7010 7036
7011 7063
7011 7028
7011 7083
7011 7073
7011 7022
7013 7065
7014 7097
7014 7027
7014 7033
7015 7046
7015 7041
7015 7065
7015 7083
7016 7034
7016 7047
7016 7099
7016 7064
7017 7069
7017 7075
7018 7078
7019 7025
7019 7051
7019 7093
7020 7063
7020 7060
7020 7051
7021 7070
7021 7063
7021 7098
7021 7075
7021 7049
7022 7027
7024 7047
7024 7057
7024 7042
7025 7093
7025 7065
7025 7049
7025 7059
7026 7066
7026 7077
7027 7034
7027 7038
7027 7087
7028 7071
7028 7034
7028 7102
7028 7030
7029 7098
7029 7087
7029 7032
7030 7100
7030 7059
7030 7106
7031 7053
7031 7079
7031 7073
7031 7119
7031 7096
7031 7084
7032 7082
7032 7060
7032 7036
7032 7077
7033 7121
7034 7045
7034 7048
7034 7098
7034 7055
7035 7072
7035 7093
7035 7060
7035 7062
7036 7125
7036 7047
7036 7101
7037 7065
7037 7072
7037 7044
7037 7118
7038 7127
7038 7089
7039 7072
7039 7048
7040 7088
7040 7057
7040 7048
7040 7069
7040 7052
7040 7110
7041 7071
7041 7089
7042 7059
7042 7121
7042 7064
7042 7078
7042 7111
7042 7097
7043 7073
7043 7092
7043 7101
7043 7109
7044 7139
7045 7138
7046 7103
7046 7126
7046 7057
7046 7049
7047 7048
7047 7118
7048 7059
7048 7053
7048 7130
7048 7136
7049 7076
7049 7116
7049 7053
7050 7085
7050 7072
7050 7129
7050 7094
7051 7074
7051 7092
7052 7083
7052 7144
7052 7132
7052 7146
7052 7104
7053 7085
7053 7130
7054 7059
7054 7075
7054 7065
7054 7115
7054 7073
7055 7146
7055 7130
7055 7087
7055 7071
7056 7095
7056 7100
7057 7095
7057 7058
7057 7116
7057 7136
7058 7129
7058 7087
7058 7132
7058 7108
7058 7094
7059 7123
7059 7154
7059 7137
7059 7066
7059 7110
7060 7129
7060 7108
7060 7150
7061 7106
7061 7093
7062 7126
7062 7089
7063 7122
7064 7158
7064 7125
7065 7129
7066 7146
7066 7141
7066 7078
7066 7142
7067 7138
7067 7096
7067 7097
7067 7092
7067 7118
7068 7100
7068 7126
7068 7128
7068 7073
7068 7114
7069 7092
7069 7115
7070 7133
7070 7155
7071 7132
7071 7108
7072 7135
7072 7143
7072 7083
7072 7102
7072 7168
7073 7109
7073 7115
7073 7145
7073 7126
7074 7089
7074 7169
7075 7146
7076 7078
7076 7101
7077 7111
7078 7116
7078 7132
7078 7084
7078 7121
7078 7133
7079 7138
7079 7091
7080 7169
7080 7139
7080 7082
7081 7146
7081 7086
7082 7178
7082 7086
7082 7089
7083 7103
7083 7154
7083 7120
7083 7136
7083 7135
7083 7127
7084 7087
7084 7156
7084 7162
7085 7107
7085 7152
7086 7169
7086 7138
7086 7167
7086 7131
7087 7091
7087 7109
7087 7168
7088 7100
7088 7151
7089 7129
7089 7134
7090 7109
7090 7127
7090 7096
7090 7133
7091 7140
7091 7118
7092 7184
7092 7100
7093 7185
7093 7112
7093 7183
7093 7157
7094 7096
7094 7145
7096 7116
7096 7163
7096 7177
7097 7151
7097 7162
7097 7190
7097 7103
7097 7167
7097 7105
7098 7135
7098 7155
7098 7129
7098 7190
7098 7143
7098 7156
7099 7137
7099 7100
7099 7180
7099 7106
7099 7140
7099 7185
7100 7179
7100 7139
7100 7115
7100 7137
7101 7162
7101 7153
7103 7122
7103 7134
7103 7151
7103 7190
7104 7195
7104 7147
7104 7155
7104 7156
7105 7152
7105 7116
7105 7154
7105 7189
7106 7139
7106 7111
7106 7181
7106 7141
7107 7161
7107 7191
7107 7153
7107 7138
7107 7164
7108 7151
7108 7172
7109 7147
7109 7181
7109 7200
7109 7179
7109 7202
7110 7199
7110 7175
7110 7201
7111 7193
7111 7148
7111 7128
7113 7190
7114 7171
7114 7152
7115 7128
7115 7139
7115 7200
7115 7118
7116 7204
7116 7165
7116 7172
7116 7150
7116 7136
7116 7160
7117 7186
7117 7129
7117 7120
7117 7198
7118 7158
7118 7129
7118 7161
7118 7147
7120 7215
7120 7202
7120 7182
7122 7188
7122 7133
7122 7158
7122 7200
7122 7123
7123 7166
7124 7159
7124 7160
7124 7214
7124 7169
7125 7148
7125 7162
7125 7135
7126 7146
7127 7197
7127 7212
7128 7203
7128 7218
7128 7182
7128 7146
7129 7150
7129 7206
7129 7217
7129 7199
7130 7190
7130 7132
7130 7143
7130 7195
7131 7218
7131 7186
7131 7198
7131 7155
7132 7161
7132 7151
7132 7144
7132 7211
7132 7196
7132 7222
7132 7183
7133 7223
7133 7212
7134 7202
7134 7161
7136 7155
7136 7169
7137 7172
7137 7183
7139 7190
7140 7186
7140 7165
7140 7146
7140 7164
7141 7167
7141 7234
7141 7202
7141 7196
7142 7167
7142 7238
7142 7187
7144 7203
7145 7187
7145 7221
7145 7180
7145 7195
7146 7211
7146 7209
7146 7165
7146 7156
7146 7163
7147 7166
7147 7183
7148 7160
7148 7158
7148 7164
7148 7208
7149 7220
7149 7221
7150 7196
7151 7206
7151 7223
7152 7240
7153 7230
7153 7181
7154 7170
7154 7163
7154 7224
7155 7161
7155 7235
7155 7171
7155 7236
7155 7170
7155 7176
7155 7227
7156 7225
7156 7224
7156 7171
7157 7177
7157 7235
7157 7206
7157 7239
7157 7246
7158 7205
7158 7177
7158 7168
7159 7211
7159 7208
7159 7161
7160 7219
7160 7167
7160 7238
7160 7225
7160 7249
7160 7187
7160 7213
7160 7242
7161 7213
7161 7185
7161 7203
7162 7224
7162 7240
7162 7241
7162 7165
7163 7179
7163 7238
7163 7257
7163 7249
7164 7168
7164 7214
7164 7179
7164 7247
7165 7231
7165 7178
7165 7218
7166 7261
7166 7186
7166 7192
7166 7168
7167 7245
7167 7203
7167 7191
7168 7237
7168 7242
7168 7223
7169 7180
7169 7204
7169 7193
7170 7184
7170 7172
7170 7256
7171 7173
7172 7207
7172 7257
7172 7242
7172 7254
7172 7232
7174 7200
7174 7181
7174 7258
7174 7244
7175 7191
7175 7213
7176 7215
7176 7223
7176 7210
7176 7235
7176 7205
7176 7195
7177 7236
7177 7190
7177 7233
7177 7180
7177 7220
7178 7202
7178 7203
7178 7261
7179 7211
7179 7216
7180 7201
7180 7193
7181 7205
7181 7234
7181 7265
7181 7252
7181 7256
7181 7242
7182 7226
7182 7231
7182 7258
7183 7190
7183 7258
7183 7219
7183 7199
7183 7272
7185 7241
7186 7277
7186 7201
7187 7213
7188 7214
7189 7243
7189 7255
7189 7256
7189 7246
7190 7218
7190 7235
7191 7220
7191 7250
7192 7212
7192 7208
7193 7270
7194 7242
7194 7245
7194 7222
7194 7198
7195 7247
7196 7253
7196 7277
7196 7216
7197 7259
7197 7291
7197 7283
7198 7293
7198 7260
7198 7251
7199 7260
7199 7210
7199 7236
7199 7211
7200 7288
7200 7269
7201 7270
7201 7281
7201 7245
7202 7253
7203 7220
7204 7291
7204 7252
7205 7233
7205 7242
7205 7229
7205 7250
7205 7244
7205 7257
7206 7284
7207 7216
7207 7290
7208 7255
7208 7248
7208 7242
7208 7292
7208 7244
7209 7214
7210 7275
7212 7233
7212 7243
7212 7301
7212 7251
7212 7263
7213 7215
7213 7222
7213 7279
7213 7289
7213 7227
7214 7240
7214 7221
7214 7244
7214 7307
7215 7233
7215 7268
7215 7261
7215 7224
7215 7283
7215 7236
7216 7272
7216 7264
7216 7242
7216 7230
7217 7220
7218 7254
7218 7284
7218 7224
7218 7265
7219 7278
7219 7299
7219 7295
7220 7315
7220 7258
7221 7272
7221 7259
7221 7302
7221 7271
7222 7274
7223 7315
7223 7257
7223 7226
7224 7294
7224 7245
7225 7277
7225 7249
7227 7275
7227 7320
7227 7302
7228 7289
7228 7253
7228 7230
7229 7290
7229 7247
7229 7267
7230 7288
7230 7281
7230 7326
7232 7296
7233 7270
7233 7284
7233 7271
7234 7250
7234 7279
7235 7246
7236 7306
7236 7267
7236 7261
7236 7305
7237 7240
7237 7302
7237 7305
7237 7273
7237 7295
7237 7299
7237 7328
7237 7290
7237 7296
7238 7290
7238 7323
7238 7281
7238 7296
7238 7255
7238 7261
7238 7303
7239 7243
7239 7321
7239 7294
7240 7331
7240 7309
7241 7268
7241 7284
7242 7333
7242 7335
7243 7291
7243 7255
7243 7320
7243 7249
7243 7256
7245 7318
7245 7334
7245 7292
7245 7302
7245 7261
7246 7278
7246 7265
7246 7271
7246 7279
7247 7336
7247 7325
7247 7283
7248 7337
7248 7315
7248 7322
7248 7339
7249 7268
7250 7285
7250 7315
7250 7321
7250 7318
7250 7289
7250 7280
7250 7252
7250 7336
7251 7306
7251 7259
7252 7329
7252 7281
7252 7255
7252 7316
7253 7323
7253 7333
7253 7322
7254 7295
7254 7290
7254 7307
7255 7264
7255 7277
7255 7342
7255 7316
7255 7349
7255 7311
7256 7287
7256 7275
7256 7320
7256 7271
7258 7326
7258 7328
7258 7272
7258 7275
7259 7312
7259 7320
7259 7319
7259 7284
7259 7270
7259 7325
7260 7313
7260 7310
7260 7288
7260 7287
7261 7304
7261 7330
7261 7357
7261 7284
7262 7274
7262 7310
7262 7336
7262 7275
7264 7275
7264 7305
7264 7303
7265 7304
7266 7306
7266 7329
7266 7310
7266 7348
7267 7300
7267 7285
7267 7346
7267 7299
7267 7284
7268 7295
7268 7312
7269 7316
7269 7290
7269 7317
7270 7347
7270 7334
7270 7319
7270 7309
7271 7365
7271 7312
7272 7284
7273 7317
7274 7291
7274 7324
7274 7341
7274 7331
7275 7333
7276 7282
7276 7315
7277 7359
7277 7369
7278 7281
7279 7362
7279 7344
7279 7299
7279 7280
7281 7362
7281 7330
7282 7361
7282 7328
7282 7297
7282 7315
7283 7329
7284 7370
7284 7351
7284 7358
7284 7324
7284 7288
7284 7375
7285 7340
7285 7366
7285 7356
7285 7335
7285 7330
7285 7351
7286 7307
7286 7350
7286 7316
7286 7360
7286 7367
7286 7362
7287 7382
7287 7345
7287 7379
7287 7377
7288 7382
7289 7292
7289 7361
7289 7323
7292 7376
7292 7321
7292 7329
7293 7377
7293 7335
7294 7339
7295 7387
7296 7338
7296 7308
7297 7340
7298 7300
7298 7329
7299 7314
7299 7337
7299 7363
7299 7344
7299 7388
7299 7328
7299 7365
7299 7354
7299 7346
7300 7372
7300 7339
7300 7389
7300 7366
7300 7327
7301 7363
7302 7397
7302 7309
7302 7308
7303 7325
7303 7399
7303 7380
7304 7392
7304 7343
7304 7321
7305 7317
7305 7341
7306 7378
7306 7352
7307 7355
7307 7352
7307 7400
7307 7380
7307 7351
7307 7402
7308 7320
7308 7349
7308 7346
7308 7404
7308 7310
7308 7357
7309 7370
7309 7375
7309 7371
7309 7355
7309 7403
7309 7349
7309 7343
7309 7322
7310 7314
7311 7346
7311 7370
7311 7363
7312 7331
7312 7372
7312 7334
7313 7374
7314 7387
7314 7322
7314 7365
7315 7377
7316 7368
7316 7412
7316 7360
7316 7353
7316 7359
7317 7413
7317 7399
7317 7403
7317 7343
7317 7322
7318 7377
7318 7383
7318 7334
7318 7329
7318 7336
7318 7365
7319 7407
7319 7406
7319 7324
7320 7361
7320 7379
7322 7388
7323 7376
7324 7382
7325 7412
7325 7327
7325 7388
7325 7331
7326 7387
7326 7328
7327 7403
7328 7351
7328 7398
7328 7392
7328 7336
7329 7420
7329 7399
7329 7392
7329 7375
7330 7421
7330 7341
7330 7403
7333 7347
7334 7353
7334 7400
7334 7345
7335 7408
7335 7430
7335 7354
7336 7423
7336 7365
7337 7359
7338 7354
7338 7364
7338 7402
7338 7414
7339 7357
7339 7353
7340 7380
7340 7397
7342 7394
7342 7387
7342 7359
7342 7429
7342 7349
7342 7431
7343 7406
7343 7393
7343 7437
7343 7376
7344 7384
7344 7429
7344 7378
7344 7346
7345 7377
7345 7429
7346 7382
7348 7356
7348 7384
7349 7354
7349 7358
7349 7387
7349 7365
7349 7420
7350 7354
7350 7428
7350 7367
7350 7407
7350 7356
7350 7390
7350 7359
7351 7441
7352 7424
7352 7387
7352 7442
7353 7380
7353 7384
7353 7385
7353 7433
7354 7407
7354 7374
7355 7408
7356 7408
7356 7421
7357 7381
7357 7426
7357 7380
7357 7379
7358 7367
7358 7439
7358 7391
7359 7451
7359 7418
7359 7422
7361 7370
7361 7365
7362 7397
7362 7451
7362 7455
7363 7437
7363 7412
7364 7457
7364 7379
7364 7410
7364 7454
7365 7429
7366 7423
7366 7413
7366 7375
7366 7391
7366 7461
7366 7422
7367 7423
7367 7401
7367 7453
7368 7464
7368 7460
7368 7417
7368 7374
7368 7441
7369 7420
7369 7422
7370 7447
7370 7445
7370 7397
7370 7380
7370 7391
7370 7377
7371 7432
7371 7410
7371 7389
7372 7430
7372 7397
7373 7442
7373 7438
7373 7454
7374 7430
7374 7389
7375 7402
7375 7414
7376 7418
7376 7415
7376 7439
7377 7384
7377 7386
7377 7405
7378 7388
7378 7462
7379 7397
7379 7391
7379 7438
7379 7382
7379 7401
7379 7448
7380 7396
7381 7470
7381 7407
7381 7382
7382 7457
7382 7475
7382 7390
7382 7466
7382 7431
7383 7415
7383 7403
7384 7399
7384 7415
7384 7464
7385 7392
7385 7399
7385 7452
7385 7472
7385 7476
7385 7417
7385 7428
7385 7422
7386 7407
7386 7391
7386 7403
7386 7419
7387 7392
7387 7389
7387 7402
7387 7432
7387 7419
7387 7469
7388 7459
7388 7407
7388 7480
7388 7474
7388 7462
7389 7416
7390 7456
7390 7428
7390 7484
7390 7481
7391 7466
7391 7469
7391 7395
7392 7447
7392 7484
7392 7476
7393 7436
7393 7478
7393 7404
7393 7414
7394 7452
7394 7441
7394 7463
7394 7444
7395 7444
7395 7432
7395 7443
7396 7477
7397 7456
7398 7480
7398 7419
7398 7414
7398 7457
7398 7428
7399 7453
7399 7455
7399 7443
7400 7412
7400 7487
7401 7472
7401 7495
7401 7449
7401 7435
7402 7494
7402 7413
7403 7414
7403 7431
7403 7441
7403 7420
7403 7412
7403 7408
7403 7409
7404 7499
7404 7487
7404 7434
7404 7411
7405 7500
7406 7413
7406 7434
7406 7436
7407 7445
7407 7440
7407 7467
7407 7419
7407 7417
7407 7493
7407 7472
7407 7455
7408 7486
7408 7442
7408 7411
7408 7415
7408 7454
7409 7465
7410 7488
7410 7453
7410 7498
7410 7456
7410 7431
7410 7472
7411 7475
7411 7424
7411 7472
7412 7445
7412 7465
7413 7460
7413 7416
7413 7499
7414 7422
7414 7439
7415 7474
7415 7425
7415 7424
7417 7475
7417 7491
7418 7496
7418 7457
7418 7488
7419 7473
7419 7436
7419 7484
7420 7497
7421 7466
7422 7485
7422 7433
7423 7451
7424 7513
7424 7470
7424 7490
7425 7477
7425 7516
7425 7429
7425 7456
7426 7461
7426 7500
7426 7444
7427 7434
7428 7523
7428 7492
7428 7511
7429 7520
7430 7510
7430 7494
7430 7449
7430 7488
7430 7491
7430 7447
7430 7445
7430 7454
7430 7519
7430 7512
7430 7474
7431 7527
7431 7471
7431 7439
7432 7489
7433 7527
7433 7453
7433 7465
7434 7498
7434 7436
7434 7503
7434 7518
7434 7491
7435 7512
7435 7490
7435 7439
7436 7439
7436 7464
7436 7510
7436 7473
7436 7530
7437 7443
7437 7457
7437 7506
7438 7474
7438 7465
7438 7440
7439 7471
7440 7473
7441 7472
7441 7493
7442 7446
7442 7521
7443 7485
7444 7499
7444 7523
7444 7457
7445 7505
7445 7494
7445 7466
7446 7483
7446 7504
7447 7469
7447 7460
7447 7512
7448 7503
7448 7477
7448 7451
7448 7459
7449 7516
7450 7500
7450 7465
7450 7493
7450 7474
7451 7511
7451 7509
7451 7508
7452 7488
7452 7476
7452 7486
7453 7497
7453 7465
7453 7496
7453 7520
7453 7511
7453 7471
7454 7515
7454 7493
7454 7502
7454 7549
7454 7528
7455 7537
7455 7461
7455 7492
7455 7469
7456 7541
7456 7543
7456 7514
7456 7521
7456 7548
7457 7494
7457 7467
7457 7482
7458 7499
7458 7484
7458 7463
7460 7469
7460 7530
7461 7476
7461 7493
7461 7478
7461 7556
7461 7549
7462 7472
7462 7497
7462 7505
7462 7470
7462 7482
7462 7489
7463 7493
7463 7506
7463 7524
7463 7527
7463 7555
7463 7523
7463 7510
7463 7465
7464 7551
7465 7560
7465 7504
7465 7538
7465 7551
7466 7536
7466 7561
7466 7524
7467 7520
7467 7497
7467 7552
7468 7536
7468 7507
7468 7487
7469 7539
7469 7557
7470 7498
7471 7479
7472 7505
7473 7475
7473 7493
7474 7556
7474 7513
7474 7525
7475 7480
7475 7485
7475 7522
7475 7511
7476 7514
7476 7496
7476 7553
7476 7542
7476 7531
7477 7485
7477 7537
7478 7501
7478 7573
7478 7530
7479 7542
7479 7531
7479 7499
7479 7500
7480 7516
7480 7559
7480 7562
7480 7506
7481 7531
7481 7496
7481 7525
7481 7563
7481 7538
7481 7486
7481 7509
7482 7504
7482 7556
7483 7535
7483 7558
7483 7543
7483 7552
7483 7568
7484 7580
7484 7516
7484 7574
7484 7498
7485 7549
7485 7557
7485 7497
7486 7576
7486 7516
7486 7537
7487 7518
7488 7551
7489 7542
7489 7509
7491 7567
7492 7561
7492 7587
7492 7578
7492 7527
7493 7571
7493 7580
7493 7520
7495 7578
7496 7564
7496 7511
7498 7531
7498 7566
7499 7509
7499 7538
7500 7566
7500 7552
7500 7509
7500 7554
7501 7516
7502 7516
7502 7561
7503 7582
7503 7578
7504 7563
7505 7566
7505 7531
7505 7600
7505 7541
7505 7539
7506 7561
7506 7596
7506 7590
7507 7509
7507 7553
7507 7516
7508 7516
7508 7514
7508 7563
7508 7529
7508 7566
7508 7550
7508 7567
7509 7533
7509 7560
7509 7513
7510 7552
7510 7527
7511 7529
7511 7562
7511 7605
7511 7536
7512 7606
7512 7518
7512 7569
7512 7538
7512 7580
7513 7569
7513 7555
7513 7575
7514 7538
7514 7521
7514 7539
7515 7577
7515 7521
7516 7559
7516 7591
7516 7580
7517 7570
7517 7576
7517 7518
7517 7529
7518 7583
7519 7584
7519 7557
7519 7539
7520 7576
7520 7521
7520 7532
7520 7604
7520 7589
7522 7605
7522 7608
7522 7560
7523 7553
7523 7537
7523 7539
7523 7568
7523 7580
7524 7588
7524 7546
7524 7598
7525 7549
7525 7589
7525 7599
7525 7579
7525 7541
7526 7580
7526 7615
7527 7562
7527 7615
7527 7550
7527 7609
7528 7568
7528 7571
7528 7607
7528 7531
7528 7605
7528 7620
7529 7598
7529 7595
7529 7621
7529 7605
7529 7546
7530 7570
7530 7590
7530 7594
7531 7618
7531 7604
7531 7595
7531 7620
7531 7564
7531 7584
7532 7539
7532 7538
7533 7540
7533 7613
7534 7597
7535 7621
7535 7553
7536 7569
7536 7559
7536 7624
7536 7568
7536 7615
7537 7614
7537 7568
7537 7625
7538 7583
7539 7566
7539 7577
7539 7628
7540 7556
7540 7590
7540 7633
7541 7569
7541 7636
7541 7548
7541 7547
7541 7627
7543 7561
7543 7575
7544 7575
7544 7579
7544 7580
7544 7601
7546 7607
7547 7605
7547 7592
7547 7569
7548 7624
7548 7620
7548 7628
7549 7559
7549 7606
7549 7635
7550 7622
7550 7583
7551 7608
7551 7566
7551 7642
7551 7615
7552 7556
7553 7583
7553 7570
7554 7624
7554 7557
7555 7624
7555 7589
7555 7564
7556 7633
7557 7613
7557 7578
7557 7621
7557 7640
7559 7636
7559 7571
7559 7589
7559 7575
7559 7562
7559 7649
7560 7636
7560 7561
7561 7619
7561 7593
7561 7584
7562 7594
7562 7618
7562 7653
7563 7586
7563 7624
7563 7641
7563 7620
7564 7579
7565 7601
7565 7572
7566 7595
7566 7581
7567 7643
7567 7600
7567 7569
7567 7586
7567 7603
7567 7595
7568 7576
7569 7637
7569 7610
7569 7661
7569 7602
7570 7644
7570 7635
7570 7577
7571 7586
7571 7659
7571 7622
7572 7597
7572 7590
7572 7599
7572 7631
7572 7666
7573 7585
7574 7650
7574 7611
7575 7641
7576 7611
7576 7622
7576 7658
7577 7637
7578 7650
7578 7592
7579 7661
7580 7612
7580 7590
7580 7642
7580 7663
7581 7671
7581 7588
7582 7589
7582 7645
7583 7595
7583 7662
7583 7600
7584 7613
7585 7678
7586 7587
7587 7596
7587 7600
7587 7634
7587 7633
7588 7590
7588 7663
7589 7616
7590 7675
7590 7619
7590 7610
7591 7665
7591 7642
7591 7609
7591 7601
7591 7664
7592 7599
7592 7633
7592 7636
7592 7616
7592 7604
7592 7668
7592 7607
7593 7641
7594 7620
7594 7613
7594 7631
7595 7661
7595 7614
7595 7643
7595 7631
7596 7673
7596 7633
7596 7662
7596 7676
7596 7613
7597 7657
7597 7609
7597 7675
7598 7662
7598 7639
7599 7660
7599 7634
7599 7681
7600 7637
7600 7653
7600 7681
7600 7645
7601 7629
7601 7692
7602 7623
7602 7680
7603 7678
7603 7663
7603 7643
7604 7660
7604 7687
7604 7619
7604 7605
7604 7618
7605 7647
7605 7621
7605 7643
7605 7620
7605 7688
7605 7685
7605 7608
7606 7636
7606 7637
7606 7675
7606 7666
7607 7618
7607 7680
7608 7642
7608 7654
7608 7648
7608 7703
7609 7619
7609 7704
7609 7677
7610 7614
7610 7648
7611 7680
7611 7626
7611 7707
7611 7672
7611 7674
7611 7629
7612 7679
7612 7697
7612 7617
7613 7701
7613 7619
7613 7674
7613 7672
7613 7693
7613 7699
7614 7622
7614 7620
7614 7710
7614 7686
7614 7639
7615 7704
7615 7655
7615 7633
7615 7632
7617 7619
7617 7625
7617 7685
7617 7635
7618 7658
7618 7662
7619 7672
7619 7662
7620 7693
7620 7623
7620 7655
7620 7644
7621 7698
7621 7657
7622 7627
7623 7659
7624 7701
7624 7664
7624 7660
7625 7719
7625 7699
7626 7695
7626 7659
7626 7707
7627 7688
7628 7715
7628 7720
7629 7700
7629 7650
7629 7689
7629 7670
7630 7633
7630 7672
7630 7669
7630 7690
7631 7694
7631 7672
7631 7643
7631 7705
7631 7714
7632 7685
7633 7657
7633 7729
7633 7676
7633 7671
7634 7640
7634 7674
7634 7667
7634 7719
7634 7699
7634 7717
7635 7685
7635 7725
7635 7648
7636 7701
7636 7662
7636 7637
7636 7678
7637 7717
7637 7672
7637 7685
7638 7719
7638 7696
7638 7712
7639 7694
7640 7720
7641 7737
7642 7675
7642 7722
7643 7663
7643 7710
7644 7659
7644 7688
7644 7664
7644 7655
7645 7701
7645 7681
7645 7690
7645 7696
7645 7698
7645 7733
7645 7724
7646 7670
7646 7705
7646 7679
7647 7732
7647 7724
7647 7691
7648 7731
7648 7686
7648 7694
7648 7671
7648 7692
7649 7705
7649 7654
7649 7655
7650 7655
7650 7653
7650 7687
7651 7701
7651 7693
7652 7727
7652 7658
7652 7740
7653 7700
7653 7711
7653 7680
7653 7678
7653 7697
7653 7740
7653 7736
7654 7712
7654 7716
7655 7676
7655 7750
7655 7712
7655 7719
7656 7706
7656 7740
7657 7714
7657 7717
7658 7742
7658 7677
7658 7712
7658 7745
7658 7705
7659 7668
7659 7705
7659 7710
7661 7735
7661 7698
7661 7715
7661 7697
7661 7665
7661 7704
7661 7731
7661 7707
7662 7671
7663 7739
7664 7744
7665 7706
7665 7727
7665 7679
7665 7758
7665 7759
7665 7741
7666 7720
7666 7724
7668 7717
7668 7758
7668 7730
7669 7747
7669 7712
7669 7686
7669 7679
7669 7702
7670 7681
7670 7740
7671 7745
7671 7734
7671 7687
7671 7766
7672 7756
7672 7767
7672 7689
7674 7704
7674 7730
7674 7684
7674 7699
7674 7742
7675 7729
7675 7724
7676 7702
7676 7717
7676 7769
7676 7772
7677 7729
7677 7711
7677 7688
7677 7725
7678 7715
7678 7685
7678 7693
7678 7696
7680 7720
7680 7696
7680 7721
7680 7735
7680 7741
7682 7708
7682 7759
7682 7701
7682 7737
7682 7694
7683 7697
7683 7725
7684 7779
7684 7745
7685 7706
7685 7778
7685 7754
7685 7728
7686 7762
7686 7701
7686 7718
7686 7730
7687 7750
7687 7759
7687 7706
7687 7704
7688 7706
7688 7750
7688 7690
7689 7759
7689 7743
7690 7735
7690 7752
7691 7698
7691 7752
7692 7752
7692 7719
7692 7739
7693 7775
7693 7707
7694 7770
7694 7713
7695 7784
7695 7781
7695 7712
7695 7762
7696 7782
7696 7753
7696 7727
7696 7705
7697 7772
7697 7757
7697 7778
7697 7787
7697 7714
7698 7715
7698 7713
7698 7709
7698 7752
7699 7737
7699 7736
7699 7759
7700 7776
7700 7759
7700 7734
7701 7763
7702 7793
7702 7789
7702 7766
7702 7741
7703 7714
7704 7777
7704 7757
7704 7752
7705 7725
7705 7792
7705 7762
7705 7739
7706 7789
7706 7792
7706 7745
7706 7729
7707 7771
7707 7788
7707 7733
7707 7718
7707 7793
7707 7732
7707 7717
7708 7765
7708 7780
7708 7720
7708 7725
7709 7783
7709 7795
7709 7739
7710 7753
7710 7748
7710 7804
7710 7749
7711 7799
7711 7715
7711 7746
7712 7746
7712 7725
7712 7806
7713 7776
7713 7787
7714 7765
7715 7740
7715 7803
7715 7779
7715 7744
7715 7802
7716 7795
7716 7800
7717 7793
7717 7719
7718 7802
7718 7801
7718 7739
7718 7759
7719 7807
7720 7748
7720 7732
7721 7803
7721 7808
7721 7735
7721 7733
7722 7751
7722 7774
7723 7792
7723 7780
7723 7742
7723 7730
7723 7751
7724 7749
7724 7770
7724 7755
7724 7797
7724 7820
7724 7812
7724 7747
7724 7761
7725 7809
7725 7760
7725 7800
7726 7740
7726 7742
7726 7746
7726 7770
7726 7808
7726 7795
7727 7807
7727 7738
7727 7821
7727 7748
7728 7787
7728 7792
7728 7777
7729 7751
7729 7816
7729 7756
7730 7734
7730 7815
7730 7764
7731 7771
7732 7792
7732 7763
7732 7755
7733 7774
7733 7762
7733 7782
7734 7759
7734 7735
7735 7764
7735 7802
7735 7805
7735 7753
7736 7739
7736 7795
7736 7764
7736 7797
7736 7804
7738 7744
7738 7823
7739 7802
7739 7828
7740 7816
7740 7767
7740 7768
7740 7832
7740 7782
7741 7766
7741 7825
7743 7752
7743 7815
7743 7836
7743 7830
7743 7789
7743 7833
7744 7839
7744 7791
7745 7837
7747 7803
7748 7825
7748 7763
7749 7829
7749 7828
7749 7754
7749 7837
7750 7779
7750 7794
7750 7839
7750 7775
7750 7784
7751 7823
7751 7775
7751 7829
7751 7788
7752 7822
7752 7764
7753 7849
7754 7798
7754 7836
7754 7799
7754 7845
7755 7781
7755 7842
7755 7768
7755 7822
7755 7810
7756 7784
7756 7828
7756 7812
7756 7765
7756 7793
7756 7787
7757 7820
7757 7829
7757 7760
7757 7770
7757 7800
7758 7765
7758 7839
7758 7772
7758 7838
7758 7833
7759 7834
7759 7842
7760 7819
7760 7770
7761 7851
7761 7852
7761 7832
7761 7835
7761 7804
7761 7846
7761 7810
7761 7798
7762 7830
7763 7769
7763 7848
7764 7789
7764 7848
7764 7823
7764 7790
7765 7802
7766 7853
7766 7769
7767 7792
7767 7863
7767 7791
7768 7860
7768 7824
7768 7844
7769 7838
7769 7844
7769 7849
7769 7813
7770 7856
7770 7821
7770 7857
7772 7812
7772 7803
7772 7845
7772 7785
7772 7833
7773 7844
7773 7835
7774 7844
7774 7821
7774 7779
7774 7826
7775 7796
7775 7783
7775 7811
7775 7827
7776 7844
7776 7810
7776 7845
7776 7828
7777 7780
7777 7857
7778 7858
7778 7781
7778 7859
7778 7841
7780 7834
7780 7821
7781 7829
7781 7799
7782 7790
7782 7820
7783 7839
7783 7810
7783 7852
7783 7821
7784 7793
7784 7863
7785 7790
7785 7810
7785 7869
7785 7817
7786 7844
7786 7814
7786 7794
7786 7859
7786 7853
7787 7799
7787 7854
7787 7792
7787 7818
7787 7815
7787 7809
7788 7809
7788 7878
7788 7789
7789 7826
7790 7854
7790 7843
7791 7832
7791 7874
7792 7837
7792 7795
7792 7884
7792 7821
7793 7881
7793 7820
7793 7808
7793 7812
7793 7850
7793 7844
7794 7844
7794 7821
7794 7873
7795 7803
7795 7890
7795 7832
7796 7819
7796 7856
7796 7827
7797 7879
7797 7803
7797 7810
7797 7845
7798 7835
7798 7802
7799 7888
7799 7802
7799 7836
7799 7844
7800 7813
7800 7839
7801 7826
7801 7874
7801 7837
7801 7829
7801 7862
7801 7855
7801 7881
7801 7868
7802 7803
7803 7816
7803 7878
7803 7889
7804 7878
7804 7816
7804 7876
7805 7883
7805 7881
7805 7862
7806 7844
7806 7891
7806 7890
7806 7829
7806 7850
7806 7899
7806 7867
7807 7901
7808 7892
7808 7850
7809 7825
7809 7860
7810 7900
7811 7854
7811 7831
7811 7829
7811 7823
7812 7855
7812 7873
7812 7821
7812 7879
7813 7833
7813 7841
7813 7814
7813 7905
7814 7837
7814 7857
7815 7825
7816 7910
7816 7892
7817 7881
7817 7829
7818 7869
7818 7878
7818 7848
7818 7822
7818 7852
7819 7856
7820 7856
7821 7911
7821 7912
7821 7858
7821 7851
7822 7893
7822 7895
7823 7852
7823 7868
7824 7885
7824 7854
7824 7871
7824 7889
7826 7840
7826 7867
7826 7898
7826 7852
7827 7868
7827 7833
7827 7834
7828 7918
7828 7913
7828 7897
7828 7845
7829 7876
7829 7908
7829 7903
7830 7892
7830 7859
7831 7896
7831 7868
7831 7876
7832 7881
7832 7845
7834 7902
7834 7866
7834 7920
7834 7906
7834 7915
7835 7886
7835 7904
7835 7879
7835 7861
7836 7888
7836 7880
7836 7898
7837 7915
7837 7894
7837 7867
7837 7895
7838 7905
7838 7887
7838 7928
7839 7922
7839 7873
7840 7894
7841 7871
7841 7845
7842 7847
7842 7889
7842 7878
7843 7872
7843 7899
7843 7880
7844 7846
7844 7848
7845 7887
7845 7870
7845 7856
7845 7932
7846 7881
7846 7860
7846 7882
7847 7913
7847 7911
7847 7865
7847 7875
7847 7907
7848 7894
7848 7941
7848 7873
7849 7905
7849 7863
7849 7927
7849 7906
7850 7910
7850 7940
7850 7885
7851 7913
7851 7889
7852 7886
7852 7891
7852 7921
7852 7863
7852 7857
7853 7924
7853 7885
7853 7886
7853 7931
7854 7884
7854 7929
7855 7912
7855 7896
7856 7949
7856 7892
7856 7901
7857 7935
7857 7926
7858 7948
7858 7862
7858 7877
7859 7955
7859 7900
7860 7875
7860 7945
7861 7942
7861 7940
7862 7929
7863 7894
7864 7915
7864 7886
7864 7938
7865 7869
7865 7913
7865 7915
7865 7946
7865 7956
7865 7907
7866 7887
7867 7934
7868 7948
7868 7917
7868 7881
7868 7891
7868 7899
7869 7914
7870 7916
7870 7886
7871 7872
7872 7888
7872 7900
7872 7903
7872 7897
7872 7905
7873 7892
7873 7945
7873 7964
7873 7942
7873 7968
7874 7913
7874 7923
7875 7904
7876 7889
7876 7926
7876 7893
7876 7958
7877 7919
7877 7933
7878 7944
7878 7947
7879 7885
7879 7949
7879 7961
7879 7975
7880 7915
7881 7938
7881 7936
7881 7924
7881 7896
7882 7898
7882 7886
7882 7967
7882 7917
7883 7916
7883 7918
7883 7946
7883 7917
7885 7918
7885 7915
7885 7953
7886 7981
7886 7947
7887 7931
7887 7968
7888 7972
7888 7967
7888 7958
7888 7959
7888 7915
7889 7934
7889 7896
7890 7919
7890 7935
7891 7979
7891 7963
7893 7913
7893 7909
7894 7977
7894 7946
7894 7919
7894 7902
7895 7910
7895 7923
7897 7960
7898 7975
7899 7923
7899 7937
7899 7958
7900 7981
7900 7968
7900 7950
7901 7924
7902 7982
7902 7956
7902 7977
7903 7956
7903 7936
7903 7974
7903 7934
7904 7970
7904 7951
7904 7957
7904 7998
7905 7999
7905 7968
7905 7948
7905 7921
7905 7945
7906 7910
7906 7954
7906 7946
7906 7944
7907 7943
7907 7955
7908 7931
7908 7989
7908 7941
7909 7917
7909 7987
7909 7927
7909 7956
7909 7934
7909 7995
7909 7915
7909 7952
7910 7919
7910 7934
7910 7986
7910 7988
7910 7928
7911 7962
7911 7943
7912 7954
7912 7926
7913 7932
7913 7938
7913 7972
7913 8005
7913 7922
7914 7927
7914 7959
7914 7992
7914 8004
7915 7925
7916 7964
7916 7977
7916 7985
7916 7960
7916 7924
7917 7928
7917 7966
7917 7980
7917 7955
7918 7966
7918 7980
7918 7959
7918 7997
7918 7920
7919 8012
7919 8004
7919 7946
7919 8002
7920 8015
7920 7979
7920 7951
7921 8002
7921 8008
7921 7950
7922 7943
7922 7966
7922 7985
7922 7984
7922 7970
7922 7979
7923 8003
7923 8002
7923 7943
7924 7991
7924 7981
7924 7958
7924 7959
7925 7935
7926 8010
7926 7972
7926 7954
7927 8003
7927 8005
7928 7937
7928 7961
7928 8011
7929 8000
7929 7981
7930 8013
7930 7942
7930 7963
7930 8017
7930 7936
7931 7953
7931 7978
7931 7981
7932 7985
7932 8021
7933 7998
7933 7999
7935 8024
7935 8029
7935 7938
7936 8006
7936 7996
7936 7959
7937 7954
7937 7963
7937 8020
7937 7998
7937 7979
7938 7948
7938 8023
7938 8005
7939 8018
7940 7965
7940 7985
7940 7959
7940 7963
7941 7950
7942 8030
7942 8022
7942 7973
7942 8028
7943 7970
7943 8013
7943 8015
7943 8006
7944 7968
7944 8018
7944 7961
7944 8021
7945 8004
7945 8003
7946 7952
7946 8014
7947 7992
7947 7949
7947 8036
7947 8005
7948 7984
7948 7989
7948 7992
7948 8003
7949 8036
7949 8000
7950 7955
7950 8043
7951 8001
7951 7983
7951 7994
7951 7962
7951 8022
7951 8000
7951 7990
7952 7956
7952 7993
7952 7986
7953 8030
7953 8034
7953 7992
7953 7968
7954 8011
7954 8031
7954 8037
7954 8032
7954 7983
7955 7965
7956 8029
7957 8023
7957 7988
7957 8046
7958 8037
7959 8042
7959 7971
7959 8046
7960 7999
7960 8001
7960 8022
7960 7990
7960 7970
7961 7984
7961 8001
7962 7986
7962 8006
7962 7995
7962 8024
7963 8025
7964 8044
7964 7995
7965 7998
7965 8060
7965 8049
7966 8010
7967 7992
7967 8000
7967 7991
7968 8056
7968 8047
7968 8009
7968 8028
7969 8035
7969 8043
7969 8039
7970 7990
7970 8041
7970 8033
7970 8009
7970 8032
7971 8065
7971 7982
7972 8015
7974 8014
7974 8050
7974 8053
7975 7977
7975 8042
7975 8070
7976 8068
7976 8018
7976 8020
7977 7982
7977 8052
7978 8050
7978 8036
7978 8020
7979 8062
7980 8074
7980 8052
7980 8030
7980 7994
7981 8063
7981 7986
7981 8053
7982 8021
7982 8063
7983 8068
7983 8057
7983 8079
7984 8037
7984 8060
7986 8030
7986 8018
7986 7992
7987 8007
7987 8044
7987 7993
7987 8080
7988 8029
7988 8075
7988 8078
7988 8006
7988 8024
7989 8073
7991 8007
7991 8039
7992 8075
7992 8054
7993 8040
7993 8037
7993 8034
7993 8000
7994 8059
7994 8027
7995 8000
7996 8026
7996 8011
7996 8066
7997 8035
7997 8054
7997 8038
7997 8062
7997 8080
7998 8064
7998 8076
7998 8045
7998 8014
7998 8079
7999 8042
7999 8094
7999 8012
7999 8059
7999 8054
7999 8088
7999 8083
7999 8078
8000 8093
8000 8091
8000 8061
8000 8068
8000 8083
8001 8019
8001 8026
8001 8077
8001 8058
8003 8021
8004 8008
8004 8050
8004 8055
8006 8007
8006 8057
8006 8096
8006 8088
8006 8009
8008 8102
8008 8098
8009 8018
8010 8047
8010 8046
8010 8040
8010 8089
8010 8080
8011 8101
8011 8058
8011 8049
8011 8032
8011 8012
8012 8065
8012 8082
8012 8076
8013 8061
8013 8076
8014 8023
8014 8102
8014 8040
8014 8087
8014 8075
8014 8046
8015 8084
8015 8089
8015 8071
8016 8111
8016 8018
8016 8034
8016 8070
8017 8057
8018 8058
8018 8025
8018 8027
8018 8053
8019 8023
8019 8036
8020 8108
8020 8114
8020 8095
8020 8042
8020 8050
8020 8091
8020 8073
8021 8110
8021 8040
8021 8043
8021 8058
8022 8036
8022 8043
8022 8025
8023 8038
8023 8041
8023 8026
8023 8093
8023 8080
8023 8054
8024 8113
8024 8062
8024 8051
8024 8106
8024 8052
8025 8087
8025 8116
8026 8051
8026 8102
8027 8060
8028 8064
8028 8061
8029 8097
8029 8124
8029 8040
8029 8060
8029 8077
8030 8061
8030 8036
8031 8101
8031 8125
8031 8124
8031 8050
8031 8116
8032 8087
8032 8101
8032 8115
8033 8125
8033 8068
8033 8070
8033 8115
8033 8052
8033 8079
8034 8067
8034 8087
8035 8076
8035 8090
8035 8101
8035 8051
8036 8063
8036 8096
8036 8112
8036 8066
8036 8115
8037 8079
8037 8052
8037 8070
8037 8105
8037 8110
8038 8109
8038 8102
8039 8095
8039 8065
8040 8079
8040 8115
8041 8117
8041 8043
8041 8127
8042 8053
8042 8109
8042 8089
8042 8077
8042 8074
8043 8081
8043 8138
8043 8104
8043 8049
8044 8070
8045 8108
8045 8136
8046 8084
8046 8065
8046 8142
8047 8131
8047 8143
8048 8051
8049 8134
8049 8121
8049 8057
8049 8131
8050 8110
8050 8122
8051 8123
8051 8069
8051 8070
8051 8098
8051 8053
8052 8138
8053 8124
8053 8059
8053 8086
8054 8129
8054 8111
8054 8128
8054 8145
8054 8106
8055 8136
8055 8099
8057 8119
8057 8084
8057 8106
8057 8105
8057 8146
8058 8117
8058 8120
8058 8125
8059 8136
8059 8139
8060 8069
8060 8108
8060 8086
8061 8099
8061 8142
8061 8075
8061 8149
8061 8106
8061 8157
8061 8067
8062 8108
8063 8094
8063 8156
8063 8079
8064 8086
8064 8150
8064 8104
8064 8121
8064 8093
8065 8128
8065 8104
8065 8090
8065 8097
8065 8092
8066 8094
8066 8148
8066 8131
8067 8123
8068 8080
8068 8153
8068 8100
8068 8079
8068 8073
8069 8077
8069 8133
8069 8147
8070 8082
8070 8074
8070 8073
8071 8092
8071 8081
8072 8116
8072 8114
8072 8095
8073 8098
8073 8114
8073 8158
8073 8121
8073 8108
8073 8106
8074 8138
8074 8160
8074 8092
8074 8128
8075 8150
8075 8142
8075 8122
8076 8141
8077 8157
8077 8088
8079 8107
8079 8103
8079 8140
8079 8125
8080 8115
8080 8131
8080 8104
8080 8127
8080 8090
8080 8089
8080 8136
8080 8122
8081 8177
8081 8093
8081 8119
8082 8092
8082 8145
8083 8087
8083 8172
8083 8132
8083 8135
8084 8090
8084 8098
8085 8120
8085 8164
8085 8116
8085 8172
8085 8091
8085 8153
8086 8139
8086 8175
8086 8116
8087 8123
8087 8113
8088 8146
8088 8144
8088 8117
8089 8098
8089 8183
8089 8185
8089 8137
8089 8135
8089 8170
8090 8092
8090 8159
8090 8126
8090 8184
8091 8097
8092 8160
8092 8105
8092 8177
8092 8170
8092 8124
8094 8159
8094 8110
8094 8137
8094 8123
8094 8188
8094 8168
8095 8185
8095 8105
8095 8171
8095 8156
8095 8186
8096 8107
8096 8141
8096 8134
8096 8109
8097 8157
8098 8133
8098 8115
8098 8174
8098 8134
8098 8186
8098 8176
8099 8145
8099 8193
8099 8154
8099 8152
8099 8106
8099 8178
8100 8142
8100 8105
8100 8116
8100 8186
8100 8113
8100 8183
8101 8164
8101 8110
8101 8185
8101 8132
8101 8107
8101 8174
8101 8169
8102 8138
8102 8173
8103 8125
8103 8192
8104 8143
8105 8121
8106 8117
8106 8172
8106 8129
8107 8120
8107 8115
8107 8187
8107 8110
8108 8199
8108 8165
8108 8178
8108 8173
8109 8121
8109 8110
8110 8112
8111 8192
8111 8206
8111 8207
8112 8139
8113 8138
8113 8194
8113 8195
8113 8162
8115 8154
8115 8138
8115 8158
8115 8137
8115 8173
8115 8121
8116 8127
8116 8209
8116 8193
8116 8162
8117 8176
8117 8162
8117 8203
8118 8177
8118 8140
8118 8197
8119 8125
8119 8190
8119 8209
8120 8201
8120 8182
8121 8195
8121 8123
8123 8190
8123 8164
8124 8209
8125 8198
8125 8213
8126 8166
8127 8186
8127 8191
8128 8166
8128 8154
8128 8167
8129 8194
8129 8198
8130 8201
8130 8175
8130 8159
8130 8177
8131 8202
8132 8139
8132 8190
8132 8133
8132 8162
8133 8223
8134 8146
8135 8140
8135 8201
8136 8231
8136 8188
8136 8222
8136 8164
8136 8181
8137 8138
8137 8149
8137 8155
8137 8159
8138 8173
8138 8206
8138 8199
8138 8221
8138 8186
8138 8147
8138 8215
8139 8168
8139 8195
8140 8191
8140 8197
8140 8225
8140 8219
8140 8176
8141 8185
8142 8233
8143 8191
8144 8146
8144 8167
8144 8205
8145 8238
8145 8220
8145 8222
8145 8207
8145 8223
8146 8204
8146 8172
8146 8220
8147 8222
8147 8178
8147 8213
8147 8160
8147 8202
8147 8237
8148 8156
8149 8236
8149 8158
8150 8194
8150 8196
8150 8162
8151 8165
8151 8191
8152 8240
8152 8170
8153 8237
8154 8205
8154 8221
8154 8234
8154 8204
8154 8228
8155 8242
8155 8168
8155 8183
8156 8183
8156 8229
8157 8231
8157 8232
8158 8174
8158 8189
8158 8233
8159 8174
8159 8184
8160 8244
8160 8228
8160 8232
8160 8221
8160 8172
8160 8225
8161 8255
8161 8243
8161 8212
8162 8184
8162 8172
8162 8164
8162 8190
8163 8209
8163 8221
8164 8221
8164 8184
8164 8189
8165 8234
8165 8233
8166 8189
8166 8203
8167 8203
8167 8197
8167 8246
8168 8231
8169 8232
8169 8236
8169 8181
8169 8210
8170 8183
8170 8185
8171 8194
8171 8233
8171 8240
8171 8193
8172 8181
8174 8245
8174 8255
8174 8251
8174 8185
8176 8181
8176 8255
8176 8235
8176 8205
8177 8236
8177 8222
8177 8213
8177 8185
8177 8232
8178 8231
8179 8201
8179 8184
8180 8267
8181 8235
8181 8241
8182 8226
8183 8275
8183 8266
8183 8271
8183 8268
8183 8220
8184 8223
8184 8212
8184 8192
8185 8229
8185 8219
8186 8275
8186 8280
8186 8240
8186 8245
8187 8281
8187 8254
8187 8229
8187 8195
8187 8240
8187 8236
8188 8225
8188 8196
8188 8237
8189 8242
8189 8283
8189 8279
8189 8261
8189 8224
8190 8271
8190 8284
8190 8226
8190 8233
8191 8208
8191 8219
8191 8285
8191 8270
8191 8243
8191 8213
8192 8259
8193 8288
8193 8271
8193 8240
8193 8269
8194 8254
8194 8219
8195 8285
8195 8240
8195 8225
8196 8261
8196 8290
8196 8274
8197 8204
8197 8265
8197 8273
8197 8232
8197 8210
8198 8278
8198 8290
8199 8271
8199 8215
8199 8292
8199 8205
8200 8229
8200 8238
8200 8211
8201 8287
8202 8239
8202 8242
8203 8269
8204 8217
8204 8269
8204 8270
8205 8221
8206 8239
8206 8291
8206 8225
8206 8209
8206 8268
8206 8256
8206 8234
8207 8252
8207 8297
8207 8224
8207 8239
8208 8213
8208 8232
8208 8238
8208 8260
8209 8302
8209 8276
8209 8256
8209 8273
8209 8299
8209 8223
8210 8240
8210 8242
8211 8241
8211 8219
8211 8216
8212 8299
8212 8242
8213 8274
8213 8305
8213 8258
8213 8273
8214 8270
8214 8290
8214 8236
8215 8259
8215 8267
8216 8309
8216 8220
8216 8231
8216 8299
8217 8307
8217 8286
8217 8312
8217 8227
8218 8286
8218 8236
8218 8221
8218 8257
8219 8234
8219 8300
8219 8277
8219 8283
8219 8276
8220 8279
8220 8315
8220 8295
8220 8253
8221 8280
8221 8226
8221 8289
8221 8315
8221 8295
8222 8311
8222 8226
8223 8285
8223 8286
8223 8270
8224 8304
8224 8233
8225 8286
8225 8312
8226 8309
8226 8318
8226 8291
8227 8255
8227 8246
8228 8279
8228 8263
8228 8236
8229 8276
8229 8280
8229 8268
8229 8272
8230 8276
8230 8299
8230 8278
8230 8249
8231 8249
8231 8257
8231 8325
8231 8304
8231 8318
8231 8292
8232 8320
8233 8269
8235 8321
8235 8310
8235 8247
8236 8254
8236 8318
8236 8245
8236 8268
8237 8321
8237 8268
8237 8332
8237 8287
8238 8303
8239 8321
8239 8304
8239 8277
8239 8267
8239 8259
8240 8312
8240 8323
8240 8331
8240 8328
8240 8321
8240 8335
8241 8249
8241 8256
8241 8276
8242 8336
8243 8302
8243 8309
8243 8258
8244 8329
8244 8285
8244 8339
8245 8306
8245 8296
8245 8314
8246 8283
8246 8266
8246 8312
8246 8314
8247 8259
8247 8331
8247 8267
8248 8268
8248 8320
8249 8273
8249 8331
8250 8320
8250 8288
8251 8258
8251 8293
8251 8326
8251 8329
8252 8313
8252 8348
8253 8281
8253 8319
8253 8284
8253 8256
8254 8331
8254 8303
8254 8332
8255 8258
8255 8259
8255 8272
8255 8275
8255 8274
8255 8307
8255 8317
8256 8263
8256 8277
8256 8296
8256 8312
8257 8269
8257 8321
8257 8265
8258 8285
8258 8312
8258 8272
8258 8284
8258 8279
8259 8269
8259 8303
8259 8307
8260 8328
8260 8298
8260 8354
8260 8262
8260 8324
8260 8333
8261 8355
8261 8340
8262 8351
8262 8332
8262 8301
8263 8349
8263 8264
8264 8290
8265 8277
8265 8314
8265 8347
8265 8325
8265 8304
8265 8302
8266 8306
8266 8312
8266 8287
8266 8289
8266 8305
8267 8317
8267 8295
8268 8336
8268 8283
8268 8359
8268 8294
8268 8312
8269 8338
8270 8342
8271 8302
8271 8350
8271 8289
8273 8345
8274 8338
8274 8339
8275 8339
8275 8302
8275 8356
8275 8276
8276 8322
8277 8310
8277 8320
8277 8328
8278 8329
8278 8306
8279 8313
8281 8355
8281 8367
8281 8333
8282 8309
8282 8371
8282 8335
8283 8324
8283 8305
8283 8375
8283 8371
8284 8338
8284 8341
8284 8346
8284 8359
8285 8319
8285 8372
8285 8292
8285 8361
8285 8312
8285 8363
8285 8330
8286 8323
8286 8317
8286 8360
8287 8330
8287 8292
8288 8329
8288 8322
8288 8357
8289 8314
8290 8340
8290 8296
8291 8380
8291 8308
8292 8359
8292 8337
8293 8305
8294 8365
8294 8327
8294 8385
8294 8328
8295 8378
8295 8371
8296 8342
8297 8359
8297 8380
8297 8312
8298 8306
8298 8377
8299 8360
8301 8373
8301 8397
8301 8335
8301 8375
8302 8391
8302 8392
8303 8371
8303 8315
8304 8367
8304 8366
8304 8349
8304 8321
8304 8381
8304 8372
8304 8328
8305 8347
8305 8356
8305 8353
8306 8351
8306 8400
8307 8388
8307 8384
8307 8321
8307 8342
8308 8384
8309 8385
8309 8319
8309 8326
8310 8380
8311 8407
8311 8403
8311 8320
8311 8313
8311 8327
8311 8363
8311 8323
8312 8317
8312 8343
8312 8403
8312 8395
8312 8401
8312 8356
8313 8409
8313 8338
8313 8339
8313 8346
8313 8386
8313 8359
8314 8355
8314 8407
8314 8387
8315 8400
8316 8412
8316 8342
8316 8361
8317 8327
8318 8406
8318 8380
8318 8357
8318 8331
8318 8400
8319 8370
8319 8394
8319 8366
8319 8376
8320 8357
8320 8396
8320 8364
8320 8392
8320 8394
8321 8365
8321 8399
8321 8373
8322 8399
8323 8339
8323 8332
8323 8389
8323 8387
8324 8345
8324 8337
8324 8411
8324 8357
8324 8340
8324 8386
8324 8378
8325 8335
8325 8403
8325 8330
8325 8336
8325 8417
8326 8398
8326 8350
8326 8327
8326 8352
8326 8407
8328 8380
8328 8366
8328 8345
8328 8388
8329 8384
8329 8376
8329 8343
8329 8421
8329 8423
8330 8356
8330 8362
8330 8343
8331 8338
8331 8342
8331 8351
8332 8349
8332 8373
8333 8336
8333 8361
8333 8344
8333 8340
8334 8344
8334 8425
8335 8383
8335 8401
8335 8355
8335 8416
8336 8413
8336 8370
8336 8410
8336 8366
8336 8412
8337 8338
8337 8410
8337 8364
8337 8347
8337 8411
8337 8367
8337 8361
8338 8405
8338 8416
8338 8424
8339 8421
8339 8368
8339 8354
8340 8416
8340 8429
8340 8419
8340 8433
8340 8428
8341 8392
8341 8406
8341 8347
8341 8354
8342 8380
8342 8397
8342 8438
8342 8357
8343 8390
8344 8375
8345 8428
8345 8375
8346 8366
8347 8402
8348 8406
8349 8426
8349 8403
8349 8361
8349 8378
8349 8396
8351 8405
8351 8431
8351 8393
8352 8404
8352 8359
8352 8441
8352 8375
8352 8412
8352 8383
8352 8445
8353 8399
8354 8367
8354 8364
8354 8414
8354 8393
8355 8417
8355 8407
8355 8362
8355 8375
8355 8381
8355 8402
8355 8430
8355 8392
8356 8447
8356 8402
8356 8441
8356 8398
8357 8431
8357 8397
8357 8418
8358 8447
8361 8411
8361 8401
8361 8437
8361 8434
8361 8380
8362 8398
8362 8442
8362 8394
8362 8439
8363 8439
8363 8396
8363 8393
8363 8436
8364 8452
8364 8447
8365 8444
8365 8410
8366 8401
8367 8456
8367 8429
8367 8457
8367 8463
8368 8400
8369 8382
8369 8455
8369 8384
8370 8434
8370 8381
8370 8441
8371 8458
8371 8438
8371 8392
8371 8424
8371 8391
8372 8389
8372 8377
8372 8464
8372 8422
8372 8466
8372 8459
8373 8388
8373 8401
8373 8460
8373 8466
8374 8457
8374 8421
8374 8470
8374 8420
8375 8383
8376 8426
8376 8405
8376 8464
8376 8399
8376 8401
8376 8388
8376 8408
8377 8447
8379 8391
8379 8399
8379 8436
8380 8451
8380 8389
8380 8381
8380 8391
8380 8472
8381 8412
8381 8470
8381 8393
8381 8450
8382 8456
8382 8439
8382 8388
8382 8455
8383 8439
8383 8453
8383 8409
8383 8391
8384 8433
8385 8444
8385 8437
8387 8410
8387 8433
8387 8431
8387 8482
8388 8441
8388 8417
8388 8394
8388 8403
8389 8484
8389 8433
8389 8428
8389 8451
8390 8402
8390 8453
8390 8485
8391 8411
8391 8418
8391 8400
8391 8443
8391 8407
8391 8472
8391 8486
8391 8417
8392 8395
8392 8394
8393 8428
8393 8398
8393 8404
8393 8452
8394 8468
8394 8434
8394 8427
8395 8471
8395 8473
8395 8485
8395 8406
8396 8434
8396 8463
8396 8488
8397 8471
8397 8444
8399 8429
8399 8454
8399 8440
8399 8468
8399 8408
8400 8438
8400 8445
8400 8483
8401 8445
8401 8440
8401 8417
8401 8495
8401 8460
8401 8425
8402 8437
8402 8419
8402 8436
8403 8414
8403 8443
8403 8417
8404 8417
8404 8469
8404 8491
8404 8484
8404 8413
8405 8446
8405 8492
8405 8442
8405 8415
8405 8481
8405 8432
8405 8430
8406 8495
8406 8500
8407 8467
8407 8415
8407 8413
8407 8449
8408 8494
8408 8472
8408 8492
8408 8435
8409 8446
8409 8485
8410 8486
8410 8411
8410 8412
8410 8468
8410 8429
8410 8498
8410 8454
8411 8487
8411 8430
8411 8496
8411 8418
8412 8460
8412 8432
8412 8450
8412 8487
8413 8456
8413 8419
8414 8465
8414 8495
8415 8491
8416 8486
8417 8467
8417 8441
8417 8494
8417 8505
8417 8478
8418 8472
8419 8463
8419 8477
8419 8489
8420 8425
8420 8501
8420 8424
8420 8510
8420 8495
8420 8471
8421 8424
8422 8480
8422 8510
8422 8461
8423 8457
8424 8485
8424 8452
8424 8444
8425 8519
8425 8429
8425 8436
8426 8470
8426 8496
8427 8429
8427 8449
8427 8462
8427 8514
8428 8510
8428 8454
8428 8524
8429 8467
8429 8474
8429 8503
8429 8446
8429 8488
8429 8461
8430 8509
8430 8522
8431 8490
8431 8465
8432 8507
8432 8500
8432 8527
8432 8523
8432 8460
8433 8524
8433 8438
8434 8443
8434 8474
8434 8495
8434 8449
8436 8528
8436 8493
8436 8482
8436 8485
8437 8517
8437 8521
8439 8483
8439 8534
8439 8497
8440 8518
8440 8484
8441 8451
8441 8503
8441 8527
8441 8526
8441 8453
8441 8486
8441 8517
8441 8496
8441 8512
8442 8514
8442 8507
8442 8495
8442 8476
8442 8525
8442 8508
8442 8466
8443 8521
8443 8450
8443 8529
8443 8473
8444 8495
8445 8517
8445 8522
8445 8537
8446 8513
8446 8476
8446 8468
8446 8526
8446 8452
8447 8515
8447 8456
8447 8529
8447 8460
8447 8466
8448 8520
8448 8474
8448 8469
8449 8527
8449 8451
8449 8450
8450 8538
8450 8532
8450 8541
8450 8530
8451 8468
8451 8528
8451 8466
8452 8513
8452 8474
8453 8501
8454 8525
8454 8522
8454 8477
8455 8481
8457 8460
8457 8535
8457 8463
8457 8529
8457 8543
8457 8512
8458 8497
8458 8492
8458 8552
8458 8532
8458 8522
8458 8516
8459 8544
8459 8493
8459 8484
8459 8465
8460 8526
8460 8546
8460 8543
8461 8519
8461 8531
8462 8496
8462 8489
8463 8532
8463 8549
8463 8507
8463 8487
8463 8484
8464 8541
8465 8539
8465 8557
8465 8506
8466 8528
8466 8470
8466 8536
8466 8510
8466 8509
8467 8560
8467 8519
8467 8496
8467 8494
8467 8480
8468 8533
8468 8535
8469 8470
8469 8510
8469 8493
8469 8515
8469 8518
8470 8489
8470 8512
8470 8491
8471 8549
8471 8481
8471 8537
8471 8551
8472 8512
8472 8558
8472 8550
8473 8551
8473 8566
8473 8554
8474 8567
8474 8555
8475 8557
8475 8495
8475 8499
8476 8481
8477 8568
8477 8495
8477 8502
8478 8537
8478 8530
8478 8483
8478 8535
8478 8564
8478 8546
8478 8500
8479 8554
8479 8542
8480 8481
8480 8552
8480 8508
8480 8511
8480 8575
8480 8558
8481 8501
8481 8525
8482 8488
8482 8517
8483 8491
8483 8521
8484 8487
8484 8519
8484 8535
8485 8507
8486 8543
8486 8573
8487 8573
8487 8565
8488 8584
8488 8544
8488 8575
8489 8579
8489 8502
8489 8517
8489 8508
8490 8502
8490 8534
8490 8548
8491 8567
8491 8558
8491 8505
8492 8557
8492 8570
8492 8521
8492 8506
8492 8580
8493 8555
8493 8509
8493 8572
8494 8537
8494 8512
8494 8507
8494 8559
8494 8585
8494 8556
8494 8549
8494 8548
8494 8521
8495 8538
8495 8515
8495 8533
8496 8522
8496 8561
8496 8529
8497 8518
8497 8511
8497 8519
8497 8508
8497 8547
8497 8561
8498 8570
8498 8517
8498 8566
8498 8515
8498 8533
8498 8560
8498 8559
8498 8527
8499 8506
8499 8565
8500 8579
8500 8519
8500 8557
8501 8541
8502 8520
8502 8508
8502 8595
8503 8523
8503 8553
8503 8558
8504 8566
8504 8583
8504 8593
8504 8541
8504 8579
8504 8597
8504 8578
8505 8567
8505 8553
8505 8523
8505 8600
8505 8580
8506 8534
8506 8542
8506 8561
8507 8572
8507 8565
8507 8510
8507 8535
8507 8539
8507 8563
8508 8540
8508 8511
8508 8553
8508 8524
8508 8570
8509 8518
8509 8581
8509 8540
8510 8592
8510 8595
8510 8596
8510 8579
8511 8547
8511 8599
8511 8584
8511 8592
8511 8603
8511 8560
8512 8571
8512 8591
8513 8531
8513 8594
8514 8599
8514 8598
8515 8599
8515 8561
8515 8574
8515 8520
8516 8522
8516 8567
8516 8568
8516 8589
8517 8577
8517 8581
8517 8554
8518 8534
8519 8530
8519 8574
8519 8548
8520 8534
8520 8616
8520 8555
8520 8539
8521 8604
8521 8601
8521 8564
8521 8526
8522 8599
8523 8569
8523 8576
8524 8586
8525 8587
8525 8579
8525 8561
8525 8605
8526 8529
8526 8622
8526 8543
8527 8531
8527 8582
8528 8562
8529 8593
8529 8573
8529 8555
8529 8538
8529 8601
8529 8548
8529 8531
8529 8599
8530 8563
8531 8541
8531 8607
8532 8616
8532 8626
8532 8586
8532 8541
8532 8588
8532 8622
8533 8557
8533 8573
8533 8622
8533 8546
8533 8559
8533 8601
8534 8536
8534 8626
8534 8605
8534 8625
8534 8610
8534 8585
8534 8620
8535 8571
8535 8614
8535 8616
8536 8578
8536 8621
8536 8570
8536 8566
8537 8609
8539 8635
8539 8552
8539 8540
8539 8623
8539 8603
8540 8558
8540 8619
8540 8628
8540 8569
8540 8591
8542 8582
8542 8636
8543 8558
8543 8612
8543 8559
8543 8607
8543 8633
8543 8605
8543 8544
8543 8556
8543 8619
8544 8614
8544 8575
8544 8564
8545 8586
8545 8580
8545 8615
8546 8639
8546 8609
8547 8623
8547 8574
8547 8610
8547 8560
8548 8636
8548 8578
8548 8595
8549 8640
8549 8595
8550 8610
8551 8627
8552 8579
8553 8588
8553 8577
8553 8560
8554 8624
8554 8588
8555 8637
8556 8645
8557 8626
8557 8634
8557 8608
8557 8585
8557 8614
8558 8647
8558 8645
8558 8565
8558 8569
8558 8637
8559 8637
8559 8597
8559 8609
8560 8610
8561 8621
8562 8649
8562 8570
8562 8588
8562 8628
8563 8603
8563 8573
8563 8584
8563 8628
8564 8652
8564 8611
8565 8600
8565 8581
8565 8578
8566 8660
8566 8599
8566 8577
8567 8618
8567 8623
8567 8634
8567 8643
8568 8634
8568 8630
8568 8602
8569 8581
8569 8577
8569 8637
8569 8659
8569 8654
8570 8665
8570 8626
8571 8665
8571 8595
8572 8584
8573 8654
8573 8575
8573 8576
8573 8633
8573 8612
8574 8588
8574 8590
8575 8590
8575 8603
8576 8580
8576 8649
8576 8655
8576 8624
8576 8603
8577 8659
8577 8638
8577 8646
8578 8643
8578 8613
8578 8627
8579 8665
8579 8647
8579 8598
8579 8657
8579 8608
8579 8673
8579 8582
8580 8625
8580 8613
8580 8633
8581 8655
8582 8589
8582 8595
8582 8588
8582 8672
8583 8617
8583 8589
8583 8588
8583 8642
8583 8601
8585 8669
8586 8673
8586 8623
8586 8603
8588 8613
8588 8659
8588 8651
8588 8653
8589 8647
8589 8618
8589 8685
8589 8652
8590 8676
8590 8678
8591 8633
8591 8628
8591 8616
8592 8681
8593 8625
8593 8610
8593 8609
8594 8688
8594 8595
8594 8663
8595 8667
8595 8614
8596 8681
8596 8623
8597 8678
8598 8647
8599 8639
8599 8651
8599 8669
8599 8668
8600 8635
8600 8689
8600 8685
8601 8615
8601 8633
8601 8620
8601 8647
8602 8664
8602 8675
8602 8642
8602 8635
8603 8614
8603 8680
8603 8637
8603 8672
8603 8694
8605 8664
8606 8701
8606 8629
8606 8627
8607 8635
8607 8654
8607 8664
8607 8668
8608 8687
8608 8615
8608 8695
8608 8618
8609 8644
8609 8629
8609 8658
8609 8670
8609 8673
8610 8690
8610 8699
8611 8657
8611 8645
8611 8613
8611 8655
8612 8696
8612 8662
8613 8704
8613 8690
8613 8620
8614 8678
8614 8623
8614 8619
8614 8657
8615 8708
8615 8625
8615 8637
8615 8661
8616 8637
8616 8635
8616 8656
8616 8667
8617 8710
8617 8691
8617 8686
8618 8632
8618 8636
8619 8664
8619 8701
8619 8654
8620 8641
8620 8670
8620 8664
8620 8621
8621 8680
8622 8690
8622 8661
8622 8667
8622 8682
8623 8675
8623 8637
8623 8643
8624 8669
8624 8641
8625 8720
8625 8640
8625 8651
8625 8641
8625 8642
8625 8634
8626 8639
8626 8711
8627 8641
8627 8682
8627 8706
8628 8675
8628 8636
8628 8662
8628 8697
8628 8672
8628 8698
8629 8637
8629 8658
8629 8706
8630 8675
8631 8690
8631 8667
8631 8661
8632 8692
8633 8729
8633 8691
8633 8634
8634 8687
8634 8665
8634 8651
8634 8701
8635 8701
8636 8683
8636 8682
8637 8699
8637 8657
8637 8676
8637 8670
8638 8660
8639 8688
8639 8727
8639 8679
8640 8695
8640 8696
8640 8660
8641 8727
8641 8657
8641 8652
8641 8721
8641 8679
8642 8700
8642 8674
8643 8649
8643 8703
8643 8655
8643 8686
8644 8706
8644 8688
8645 8721
8645 8661
8645 8727
8645 8665
8646 8719
8646 8665
8646 8728
8647 8711
8648 8717
8648 8682
8648 8708
8648 8736
8650 8676
8650 8667
8650 8663
8651 8683
8651 8672
8651 8716
8651 8669
8651 8734
8652 8661
8652 8737
8652 8679
8652 8717
8652 8655
8653 8680
8653 8744
8653 8663
8653 8706
8654 8712
8654 8733
8655 8704
8655 8674
8655 8742
8655 8707
8656 8676
8656 8734
8656 8741
8656 8685
8657 8731
8657 8747
8658 8674
8658 8714
8659 8706
8659 8736
8659 8664
8659 8667
8659 8677
8660 8663
8661 8701
8661 8710
8661 8722
8662 8744
8662 8668
8662 8736
8662 8716
8663 8701
8663 8703
8664 8727
8665 8748
8666 8715
8666 8757
8666 8734
8666 8691
8667 8713
8667 8743
8667 8714
8667 8715
8667 8698
8667 8752
8667 8756
8668 8726
8668 8695
8668 8675
8669 8712
8669 8725
8670 8674
8670 8694
8670 8754
8671 8695
8671 8739
8671 8747
8672 8717
8672 8734
8672 8714
8672 8695
8672 8706
8673 8722
8673 8727
8673 8699
8673 8750
8673 8676
8674 8712
8674 8687
8674 8718
8674 8750
8674 8769
8674 8690
8674 8678
8676 8727
8676 8711
8677 8749
8677 8715
8677 8698
8677 8767
8678 8740
8679 8769
8679 8725
8679 8735
8679 8705
8679 8757
8679 8774
8679 8775
8680 8771
8680 8725
8680 8762
8680 8757
8681 8762
8681 8731
8681 8714
8681 8700
8682 8705
8683 8773
8683 8734
8684 8710
8684 8722
8684 8768
8684 8703
8685 8747
8685 8755
8686 8732
8686 8771
8687 8701
8687 8723
8687 8713
8687 8737
8687 8777
8688 8719
8688 8698
8688 8760
8689 8757
8689 8760
8689 8703
8689 8708
8690 8769
8690 8694
8690 8774
8690 8701
8690 8747
8691 8763
8691 8761
8691 8729
8691 8787
8691 8754
8691 8781
8693 8722
8693 8750
8694 8790
8695 8701
8695 8757
8695 8739
8696 8778
8696 8774
8696 8709
8696 8728
8696 8761
8696 8716
8696 8770
8696 8771
8697 8707
8697 8776
8697 8781
8698 8753
8698 8775
8698 8781
8698 8708
8698 8730
8699 8705
8699 8790
8699 8777
8700 8771
8700 8770
8701 8707
8701 8749
8702 8769
8703 8773
8703 8768
8704 8787
8705 8738
8705 8782
8705 8795
8705 8790
8705 8711
8705 8732
8706 8710
8706 8756
8708 8789
8708 8776
8708 8767
8708 8757
8708 8765
8709 8743
8709 8790
8709 8776
8709 8728
8709 8777
8710 8794
8710 8745
8710 8736
8710 8743
8711 8804
8712 8724
8712 8715
8712 8775
8714 8779
8714 8724
8715 8787
8715 8763
8715 8727
8716 8806
8716 8776
8716 8746
8717 8729
8717 8802
8717 8807
8717 8771
8718 8733
8719 8770
8719 8736
8720 8729
8721 8734
8722 8802
8722 8757
8723 8743
8723 8750
8724 8768
8725 8815
8726 8796
8726 8728
8726 8744
8726 8771
8727 8742
8727 8785
8727 8740
8728 8771
8729 8770
8729 8820
8729 8796
8729 8816
8729 8754
8729 8809
8730 8763
8730 8757
8730 8759
8730 8811
8730 8807
8730 8780
8730 8731
8731 8801
8731 8743
8731 8755
8732 8774
8733 8808
8733 8790
8733 8768
8734 8811
8734 8799
8735 8815
8735 8751
8735 8775
8735 8791
8735 8736
8736 8767
8736 8817
8736 8802
8736 8749
8736 8831
8736 8827
8736 8738
8738 8776
8738 8823
8738 8740
8739 8814
8739 8785
8740 8756
8740 8811
8741 8831
8741 8833
8741 8774
8741 8802
8741 8790
8742 8799
8742 8812
8743 8748
8743 8783
8744 8791
8744 8747
8744 8822
8744 8814
8744 8839
8744 8802
8745 8781
8745 8762
8746 8820
8747 8753
8747 8802
8747 8827
8747 8809
8747 8811
8748 8787
8748 8817
8748 8797
8749 8791
8749 8810
8749 8844
8750 8772
8750 8762
8750 8751
8750 8815
8750 8827
8750 8838
8751 8791
8751 8827
8751 8782
8752 8756
8753 8806
8753 8802
8754 8840
8754 8775
8754 8793
8754 8850
8755 8814
8755 8757
8755 8781
8755 8847
8755 8774
8755 8817
8755 8836
8756 8842
8756 8803
8756 8759
8756 8844
8757 8804
8757 8763
8757 8792
8757 8830
8757 8771
8758 8847
8759 8808
8759 8777
8759 8775
8759 8825
8760 8785
8761 8822
8761 8770
8762 8787
8762 8833
8762 8857
8762 8812
8762 8832
8762 8766
8763 8832
8764 8836
8764 8824
8764 8825
8765 8834
8765 8799
8765 8830
8765 8836
8765 8851
8766 8774
8767 8827
8767 8798
8767 8807
8767 8790
8767 8768
8768 8844
8768 8802
8768 8785
8769 8819
8769 8773
8769 8813
8770 8824
8770 8831
8771 8853
8774 8791
8774 8837
8774 8797
8775 8861
8775 8788
8776 8805
8776 8870
8776 8796
8776 8832
8776 8813
8776 8811
8776 8858
8777 8809
8777 8837
8777 8839
8778 8855
8778 8838
8778 8816
8778 8813
8778 8791
8778 8812
8779 8830
8779 8849
8779 8866
8779 8815
8779 8838
8779 8834
8779 8854
8779 8806
8779 8829
8780 8863
8780 8792
8780 8816
8780 8855
8781 8842
8781 8799
8781 8821
8782 8824
8782 8797
8783 8828
8783 8873
8783 8852
8784 8786
8784 8798
8784 8861
8784 8878
8785 8787
8785 8848
8785 8814
8786 8879
8786 8825
8786 8880
8787 8862
8788 8829
8788 8813
8788 8794
8789 8800
8790 8826
8790 8813
8791 8863
8791 8835
8791 8814
8792 8833
8793 8815
8793 8877
8793 8861
8793 8874
8793 8840
8794 8800
8794 8853
8794 8886
8795 8868
8795 8856
8795 8830
8796 8868
8796 8842
8797 8826
8797 8809
8798 8876
8798 8835
8798 8820
8799 8854
8799 8814
8799 8815
8799 8844
8800 8873
8800 8896
8801 8881
8801 8871
8802 8829
8803 8827
8805 8867
8805 8877
8805 8831
8805 8896
8805 8860
8805 8893
8806 8885
8806 8836
8806 8848
8806 8889
8806 8869
8806 8816
8806 8843
8807 8874
8807 8826
8807 8860
8807 8885
8807 8901
8808 8878
8809 8855
8809 8888
8810 8848
8810 8885
8810 8869
8810 8858
8811 8839
8811 8813
8811 8894
8811 8866
8812 8822
8812 8852
8813 8868
8813 8893
8814 8906
8814 8910
8814 8841
8814 8817
8815 8866
8815 8839
8815 8821
8815 8895
8815 8846
8815 8886
8816 8904
8816 8850
8816 8825
8817 8823
8817 8911
8818 8820
8818 8865
8818 8819
8818 8872
8818 8877
8818 8850
8818 8898
8819 8857
8819 8831
8819 8881
8819 8873
8819 8869
8820 8835
8820 8900
8820 8894
8820 8875
8821 8868
8821 8896
8822 8908
8824 8826
8824 8863
8824 8872
8825 8883
8825 8918
8825 8842
8826 8851
8827 8922
8827 8849
8827 8870
8827 8901
8828 8837
8828 8850
8828 8882
8829 8893
8829 8879
8829 8867
8829 8873
8829 8874
8830 8894
8830 8910
8830 8916
8830 8869
8830 8888
8830 8858
8830 8900
8830 8907
8831 8891
8831 8844
8831 8911
8831 8910
8832 8919
8832 8850
8832 8869
8832 8918
8833 8879
8833 8925
8833 8861
8833 8869
8834 8848
8834 8895
8835 8898
8835 8903
8835 8921
8836 8869
8836 8873
8837 8899
8837 8910
8837 8893
8838 8871
8838 8884
8839 8935
8839 8925
8840 8927
8840 8910
8841 8850
8841 8901
8842 8868
8843 8892
8843 8897
8846 8940
8846 8874
8846 8939
8846 8888
8846 8922
8847 8887
8847 8886
8847 8869
8848 8856
8848 8861
8848 8896
8848 8888
8849 8920
8849 8893
8849 8925
8849 8888
8850 8872
8850 8852
8851 8889
8851 8918
8852 8900
8852 8887
8852 8920
8852 8884
8854 8899
8855 8927
8855 8862
8856 8888
8856 8932
8856 8925
8857 8895
8857 8915
8858 8910
8859 8861
8859 8867
8859 8902
8859 8920
8860 8937
8860 8880
8860 8886
8860 8882
8861 8893
8861 8927
8861 8914
8861 8895
8864 8948
8864 8922
8864 8944
8864 8875
8865 8955
8865 8909
8866 8902
8866 8887
8866 8870
8867 8881
8867 8931
8867 8924
8868 8952
8868 8894
8868 8933
8868 8885
8868 8902
8869 8927
8869 8878
8869 8895
8869 8962
8870 8943
8870 8882
8870 8947
8870 8948
8871 8874
8871 8966
8872 8959
8872 8912
8873 8875
8873 8918
8874 8909
8874 8933
8874 8946
8874 8902
8875 8880
8875 8959
8875 8936
8875 8920
8876 8885
8876 8960
8877 8919
8877 8936
8878 8894
8879 8898
8879 8903
8879 8906
8879 8971
8880 8908
8880 8885
8880 8913
8880 8955
8880 8896
8882 8883
8882 8970
8883 8901
8883 8899
8883 8945
8884 8979
8885 8951
8885 8889
8885 8976
8886 8952
8886 8943
8887 8891
8887 8936
8888 8973
8888 8964
8889 8984
8889 8942
8890 8915
8890 8926
8890 8902
8890 8949
8890 8893
8890 8963
8891 8900
8891 8916
8892 8950
8892 8893
8892 8966
8893 8963
8894 8950
8894 8934
8894 8959
8894 8938
8896 8910
8896 8964
8897 8923
8897 8989
8897 8950
8897 8977
8897 8938
8898 8945
8898 8907
8899 8995
8899 8988
8900 8974
8900 8906
8900 8967
8901 8908
8902 8921
8903 8955
8903 8984
8903 8999
8904 8962
8904 8919
8905 8972
8905 8971
8905 8987
8907 8951
8907 8975
8907 8916
8908 8997
8908 8964
8908 8977
8908 8914
8908 8919
8908 8943
8909 8924
8909 8984
8909 8935
8910 8965
8911 8919
8911 8922
8911 8940
8912 8978
8912 8940
8912 8916
8914 8915
8914 8926
8915 8996
8915 8931
8915 8988
8915 8964
8916 8986
8916 9002
8916 8918
8917 8950
8917 8942
8918 8937
8918 8989
8918 9003
8918 8940
8919 8985
8919 8962
8919 8956
8920 8941
8921 8926
8921 8961
8921 8998
8922 8977
8922 8957
8922 8938
8922 9005
8922 9012
8923 8994
8924 8977
8924 8945
8924 8972
8925 9003
8926 8941
8927 8976
8927 8929
8928 8969
8928 8959
8929 9010
8929 8983
8929 8965
8929 9003
8929 8969
8929 8961
8930 8997
8930 8995
8930 8932
8931 8965
8931 8943
8931 8984
8931 8942
8931 8976
8931 9018
8931 8969
8931 8987
8931 8951
8931 8999
8932 9025
8933 8971
8934 8947
8934 8993
8935 8993
8935 9003
8935 8959
8935 8968
8935 8972
8935 8965
8935 8977
8936 9016
8936 9005
8936 9002
8936 8989
8936 8960
8936 8979
8936 8969
8937 8991
8938 8988
8938 9021
8938 8989
8939 9002
8939 8982
8941 8979
8941 8989
8943 9008
8943 9034
8943 9030
8943 9011
8943 8999
8943 8963
8943 9022
8944 9033
8944 9004
8945 8964
8945 8987
8945 9000
8945 9016
8946 8990
8946 8975
8946 8961
8946 8956
8947 8964
8947 8981
8948 8978
8948 9027
8948 8986
8948 8992
8948 8998
8949 9044
8950 8994
8950 8972
8950 9019
8950 8989
8950 9027
8951 8980
8951 9007
8951 8971
8951 9003
8951 9019
8951 8957
8951 9041
8952 8974
8953 8960
8953 9029
8953 9004
8953 9010
8953 9038
8953 8973
8954 8986
8954 9040
8954 8998
8954 8972
8954 9028
8954 8985
8954 9044
8954 9025
8954 9046
8954 9031
8955 9002
8955 9051
8955 9044
8955 8978
8956 9000
8956 9043
8956 9003
8957 9024
8957 8967
8957 9029
8957 8968
8958 9005
8958 8985
8958 8976
8958 9042
8958 8965
8959 9035
8959 9020
8959 9036
8960 8970
8960 8980
8961 9029
8961 8976
8961 9007
8962 8966
8962 8969
8962 9039
8962 9031
8962 8989
8963 9006
8963 9052
8964 9030
8964 9050
8965 8971
8966 9058
8966 8989
8966 9053
8967 9062
8967 9056
8967 9026
8968 9059
8968 8994
8969 9049
8969 8989
8969 9038
8970 9042
8970 9035
8971 9020
8972 9001
8973 9058
8973 9003
8973 9002
8973 8985
8973 9051
8974 9002
8974 8980
8974 9062
8974 9008
8975 9062
8975 9054
8975 9052
8975 9048
8975 9031
8975 9035
8976 9042
8976 9024
8976 9050
8976 9006
8977 9024
8977 9048
8977 8978
8977 9064
8977 9025
8977 9051
8977 9052
8977 9041
8977 9018
8977 9066
8978 9028
8978 9040
8978 9037
8978 8981
8979 9069
8980 8984
8980 9071
8980 9059
8981 9031
8981 9040
8981 9067
8981 9070
8982 9056
8982 8991
8982 9064
8983 8993
8983 9030
8983 9062
8983 9027
8984 9062
8984 9003
8984 9034
8985 8994
8985 9028
8986 9075
8986 9040
8986 9051
8987 9074
8987 8992
8987 9081
8987 9077
8987 9025
8988 9025
8988 9008
8988 9081
8989 9058
8989 9037
8989 9029
8989 9007
8990 9066
8990 9010
8991 9001
8991 9043
8991 9010
8991 9047
8991 9011
8991 8996
8992 9078
8992 9044
8992 9039
8992 9073
8992 9034
8992 9054
8993 9064
8993 9050
8994 9075
8994 9077
8994 9033
8995 9073
8995 9085
8995 9043
8995 9008
8995 9034
8996 8997
8997 9048
8997 9068
8997 9037
8997 9069
8997 9075
8997 9056
8997 9085
8998 9090
8998 9031
8998 9036
8999 9077
8999 9043
8999 9044
8999 9015
9000 9034
9000 9019
9001 9045
9001 9033
9001 9061
9002 9062
9002 9030
9004 9074
9005 9044
9006 9085
9006 9059
9006 9082
9006 9039
9006 9065
9006 9057
9006 9084
9007 9040
9007 9090
9008 9103
9008 9090
9008 9025
9008 9023
9009 9105
9009 9064
9010 9071
9010 9074
9010 9087
9010 9101
9011 9013
9011 9088
9012 9093
9013 9045
9013 9035
9013 9098
9013 9064
9014 9027
9014 9028
9014 9087
9014 9095
9015 9081
9016 9087
9016 9089
9016 9103
9016 9062
9016 9040
9017 9050
9017 9102
9017 9047
9017 9103
9018 9099
9019 9084
9019 9102
9019 9028
9020 9042
9020 9061
9021 9024
9021 9096
9022 9091
9022 9113
9023 9092
9023 9042
9023 9068
9023 9044
9024 9049
9024 9116
9024 9110
9024 9061
9024 9115
9024 9101
9024 9045
9026 9089
9027 9102
9027 9118
9027 9047
9027 9088
9027 9080
9028 9113
9028 9044
9029 9106
9030 9062
9030 9090
9031 9070
9031 9052
9031 9053
9031 9071
9031 9086
9031 9084
9032 9069
9032 9126
9032 9091
9032 9080
9032 9062
9032 9075
9033 9096
9033 9092
9035 9119
9035 9038
9035 9063
9036 9122
9036 9066
9036 9088
9037 9112
9037 9044
9038 9041
9038 9115
9038 9076
9038 9083
9038 9040
9038 9057
9039 9090
9039 9093
9039 9061
9040 9127
9040 9069
9040 9114
9040 9102
9041 9137
9041 9059
9041 9085
9041 9127
9042 9050
9042 9112
9042 9103
9042 9100
9042 9093
9043 9047
9043 9132
9043 9093
9044 9064
9044 9085
9045 9061
9045 9138
9045 9087
9045 9085
9046 9093
9046 9107
9046 9061
9046 9100
9047 9120
9047 9091
9047 9119
9047 9133
9048 9108
9049 9107
9049 9120
9049 9075
9049 9134
9049 9101
9050 9121
9051 9080
9051 9126
9051 9130
9051 9056
9051 9077
9051 9086
9051 9113
9052 9110
9053 9085
9053 9108
9053 9069
9053 9098
9054 9141
9055 9144
9055 9102
9056 9078
9056 9062
9056 9071
9056 9094
9057 9153
9057 9123
9057 9075
9057 9081
9058 9073
9059 9104
9059 9147
9059 9083
9059 9154
9059 9114
9059 9071
9060 9086
9060 9095
9060 9089
9060 9074
9061 9104
9061 9068
9061 9126
9061 9120
9062 9109
9062 9139
9063 9136
9063 9091
9064 9153
9064 9146
9065 9096
9066 9123
9066 9079
9066 9087
9066 9115
9066 9135
9067 9070
9067 9151
9067 9080
9067 9120
9067 9090
9068 9159
9068 9097
9068 9094
9068 9073
9069 9131
9069 9162
9069 9145
9069 9115
9070 9083
9070 9145
9071 9145
9071 9076
9071 9141
9072 9116
9072 9143
9072 9150
9072 9148
9072 9087
9073 9101
9073 9076
9073 9153
9075 9136
9075 9168
9075 9154
9076 9118
9076 9166
9077 9162
9078 9094
9078 9119
9078 9105
9078 9172
9078 9166
9078 9164
9078 9096
9078 9111
9079 9098
9079 9122
9079 9152
9079 9138
9080 9101
9080 9097
9081 9170
9081 9084
9082 9107
9082 9108
9083 9089
9083 9100
9084 9145
9084 9105
9084 9150
9085 9152
9085 9136
9086 9138
9087 9181
9088 9152
9088 9183
9088 9148
9089 9123
9089 9148
9089 9129
9089 9118
9090 9146
9090 9139
9091 9123
9091 9184
9092 9123
9092 9136
9092 9135
9092 9147
9092 9106
9092 9185
9092 9163
9093 9136
9093 9122
9093 9094
9093 9160
9094 9104
9094 9161
9094 9122
9094 9167
9094 9109
9094 9188
9095 9153
9095 9163
9096 9101
9096 9157
9097 9113
9097 9138
9097 9192
9098 9194
9098 9134
9098 9127
9099 9119
9099 9116
9100 9145
9100 9101
9101 9121
9101 9197
9101 9119
9101 9113
9101 9136
9102 9141
9103 9185
9103 9110
9104 9164
9104 9179
9104 9185
9104 9134
9105 9148
9105 9168
9105 9147
9105 9139
9105 9138
9106 9191
9106 9119
9107 9147
9107 9142
9107 9184
9108 9110
9108 9193
9109 9150
9109 9205
9109 9129
9109 9189
9109 9177
9109 9137
9109 9115
9110 9146
9110 9172
9111 9203
9112 9204
9112 9201
9112 9182
9112 9195
9112 9149
9114 9165
9114 9162
9114 9140
9115 9174
9115 9190
9115 9168
9115 9203
9115 9193
9115 9147
9116 9124
9116 9130
9116 9125
9116 9194
9117 9181
9117 9210
9118 9194
9118 9161
9119 9167
9119 9160
9119 9139
9119 9198
9119 9131
9119 9146
9119 9141
9119 9127
9120 9141
9120 9184
9120 9158
9120 9190
9120 9163
9120 9166
9121 9165
9121 9140
9121 9166
9121 9142
9121 9190
9122 9156
9122 9123
9122 9211
9122 9194
9123 9218
9123 9132
9123 9217
9123 9177
9124 9144
9124 9218
9124 9178
9125 9126
9125 9191
9125 9132
9125 9175
9125 9199
9126 9165
9126 9164
9126 9136
9127 9199
9127 9140
9127 9222
9127 9174
9127 9134
9127 9136
9128 9197
9128 9182
9128 9213
9128 9160
9128 9142
9129 9165
9129 9131
9130 9218
9130 9197
9130 9213
9131 9180
9131 9177
9133 9228
9133 9199
9134 9221
9135 9216
9136 9162
9136 9150
9136 9147
9136 9208
9137 9169
9137 9198
9137 9162
9137 9213
9138 9194
9138 9139
9138 9218
9138 9183
9139 9174
9139 9165
9139 9197
9139 9229
9140 9197
9140 9153
9141 9156
9141 9193
9142 9169
9143 9150
9144 9183
9144 9205
9144 9229
9144 9166
9144 9221
9145 9188
9146 9207
9146 9215
9146 9216
9147 9216
9147 9155
9147 9178
9148 9229
9148 9230
9148 9228
9148 9182
9149 9193
9149 9238
9149 9174
9150 9199
9151 9241
9151 9213
9152 9171
9152 9162
9153 9244
9153 9200
9153 9170
9154 9194
9155 9173
9155 9195
9155 9232
9156 9224
9156 9252
9156 9226
9156 9237
9157 9211
9158 9214
9158 9239
9158 9179
9158 9213
9159 9184
9160 9194
9160 9206
9160 9188
9161 9190
9161 9186
9161 9179
9162 9242
9163 9193
9163 9238
9164 9202
9164 9204
9165 9229
9165 9181
9165 9196
9165 9191
9165 9242
9166 9213
9166 9205
9167 9257
9167 9241
9167 9221
9167 9201
9167 9245
9167 9240
9168 9244
9168 9174
9169 9263
9169 9239
9169 9200
9170 9195
9170 9257
9170 9252
9170 9218
9170 9264
9170 9187
9170 9224
9171 9182
9171 9218
9172 9241
9172 9215
9173 9239
9173 9211
9173 9251
9173 9222
9173 9230
9173 9223
9175 9240
9175 9234
9175 9204
9176 9224
9176 9225
9176 9247
9177 9198
9179 9230
9179 9274
9179 9246
9179 9257
9180 9224
9180 9264
9180 9260
9180 9235
9180 9273
9180 9259
9181 9203
9182 9218
9182 9260
9182 9202
9183 9273
9183 9184
9183 9187
9183 9254
9183 9209
9183 9224
9184 9209
9185 9191
9185 9186
9186 9196
9186 9257
9187 9201
9187 9208
9188 9269
9188 9194
9188 9198
9188 9270
9189 9282
9189 9212
9189 9192
9189 9191
9190 9280
9190 9261
9190 9204
9190 9269
9191 9245
9191 9248
9192 9286
9192 9276
9192 9231
9192 9193
9192 9208
9193 9227
9193 9242
9193 9233
9193 9261
9193 9234
9193 9287
9193 9241
9194 9261
9194 9227
9195 9261
9195 9277
9195 9291
9196 9229
9196 9217
9196 9223
9196 9234
9197 9204
9198 9281
9199 9279
9199 9262
9200 9255
9200 9269
9201 9268
9201 9239
9201 9247
9201 9229
9202 9204
9202 9288
9202 9240
9202 9234
9202 9250
9203 9294
9203 9295
9204 9257
9204 9233
9204 9217
9205 9237
9205 9225
9205 9234
9206 9245
9207 9249
9207 9275
9207 9300
9207 9254
9208 9258
9208 9238
9208 9229
9208 9278
9208 9275
9208 9247
9209 9260
9209 9252
9209 9219
9210 9301
9210 9290
9210 9274
9211 9240
9211 9247
9212 9225
9213 9294
9213 9235
9213 9306
9213 9230
9213 9291
9214 9253
9214 9282
9214 9281
9214 9305
9214 9246
9215 9258
9216 9292
9216 9260
9216 9298
9216 9237
9216 9270
9217 9310
9217 9246
9217 9271
9217 9287
9218 9270
9218 9301
9219 9307
9219 9279
9219 9254
9219 9231
9219 9293
9219 9315
9219 9244
9220 9237
9221 9251
9222 9294
9222 9296
9222 9244
9222 9268
9222 9306
9222 9293
9223 9271
9223 9260
9223 9226
9223 9298
9224 9318
9224 9304
9224 9271
9225 9309
9225 9288
9225 9252
9226 9315
9226 9239
9227 9234
9227 9316
9227 9250
9228 9251
9228 9299
9229 9293
9229 9320
9229 9246
9231 9321
9231 9298
9232 9254
9232 9242
9232 9246
9232 9326
9232 9313
9233 9321
9233 9323
9233 9279
9233 9329
9234 9279
9234 9292
9235 9311
9236 9270
9236 9280
9237 9327
9237 9269
9237 9324
9237 9323
9237 9259
9238 9240
9238 9243
9238 9275
9239 9302
9239 9288
9240 9266
9241 9289
9241 9242
9241 9266
9241 9280
9244 9307
9244 9294
9245 9329
9245 9298
9245 9286
9246 9297
9246 9325
9246 9254
9247 9250
9247 9252
9247 9260
9248 9318
9248 9330
9249 9295
9249 9313
9249 9302
9249 9251
9249 9296
9250 9291
9251 9330
9251 9287
9251 9328
9251 9337
9251 9290
9251 9339
9252 9278
9252 9326
9252 9340
9252 9253
9253 9298
9253 9282
9254 9347
9254 9323
9254 9262
9256 9314
9256 9279
9257 9266
9257 9344
9257 9282
9257 9343
9257 9349
9257 9348
9257 9269
9257 9300
9257 9318
9258 9284
9258 9286
9258 9316
9259 9334
9259 9322
9259 9289
9259 9339
9259 9271
9260 9321
9260 9270
9260 9290
9260 9289
9261 9353
9261 9307
9261 9288
9262 9266
9262 9271
9262 9358
9262 9338
9262 9326
9263 9312
9263 9357
9263 9302
9264 9351
9264 9324
9264 9354
9264 9315
9265 9291
9265 9323
9265 9359
9266 9345
9266 9326
9266 9318
9267 9295
9267 9303
9267 9311
9267 9315
9267 9320
9267 9356
9267 9289
9267 9350
9268 9276
9268 9332
9268 9364
9269 9342
9269 9296
9269 9316
9269 9302
9269 9341
9269 9279
9270 9358
9270 9320
9270 9356
9270 9293
9271 9298
9271 9329
9272 9292
9272 9326
9273 9367
9273 9365
9273 9336
9273 9316
9273 9350
9274 9283
9274 9335
9274 9320
9274 9336
9275 9308
9275 9277
9275 9301
9275 9281
9275 9346
9275 9342
9276 9288
9276 9350
9276 9316
9276 9346
9276 9355
9276 9277
9277 9314
9277 9301
9277 9366
9277 9308
9278 9366
9278 9341
9278 9286
9279 9370
9279 9365
9279 9371
9280 9346
9280 9290
9281 9324
9281 9354
9282 9318
9282 9339
9283 9379
9283 9315
9283 9304
9284 9301
9284 9361
9284 9290
9285 9308
9285 9309
9286 9320
9287 9379
9288 9344
9288 9313
9288 9365
9288 9356
9288 9290
9289 9323
9289 9372
9289 9312
9289 9311
9290 9313
9290 9364
9291 9353
9291 9324
9291 9386
9292 9339
9292 9314
9292 9311
9292 9325
9292 9299
9293 9361
9293 9363
9293 9336
9293 9335
9293 9385
9294 9343
9294 9370
9295 9312
9295 9390
9295 9320
9295 9387
9295 9322
9296 9345
9296 9363
9297 9362
9298 9394
9298 9345
9298 9365
9299 9393
9299 9335
9299 9303
9299 9383
9299 9384
9300 9376
9300 9315
9300 9347
9300 9329
9301 9321
9301 9382
9302 9379
9302 9393
9303 9315
9303 9362
9303 9390
9303 9371
9303 9334
9303 9309
9303 9313
9304 9338
9304 9316
9304 9322
9304 9372
9305 9373
9305 9370
9305 9309
9306 9333
9307 9355
9307 9386
9307 9332
9307 9390
9307 9342
9307 9369
9307 9324
9307 9403
9308 9395
9308 9348
9309 9370
9309 9363
9309 9336
9309 9355
9309 9381
9309 9332
9310 9365
9310 9405
9310 9313
9311 9390
9311 9399
9311 9368
9312 9341
9312 9399
9312 9368
9312 9391
9312 9372
9313 9324
9314 9340
9314 9362
9314 9320
9315 9401
9315 9360
9315 9329
9315 9348
9316 9356
9316 9374
9316 9347
9317 9326
9317 9400
9317 9372
9317 9398
9318 9363
9318 9408
9318 9377
9318 9339
9319 9399
9319 9361
9319 9373
9319 9375
9319 9360
9319 9382
9320 9357
9320 9403
9320 9367
9320 9355
9321 9395
9321 9358
9321 9336
9322 9399
9322 9376
9322 9348
9322 9387
9323 9355
9323 9409
9323 9372
9324 9364
9324 9326
9325 9331
9325 9384
9325 9342
9326 9399
9326 9386
9326 9336
9327 9352
9327 9383
9327 9422
9328 9353
9328 9398
9328 9334
9329 9387
9329 9418
9329 9368
9329 9365
9329 9374
9329 9376
9330 9417
9330 9370
9331 9424
9331 9339
9331 9396
9331 9366
9332 9383
9334 9400
9334 9388
9334 9389
9335 9387
9336 9382
9336 9431
9336 9375
9336 9406
9337 9366
9337 9347
9337 9357
9337 9415
9337 9377
9337 9348
9337 9387
9338 9352
9339 9385
9339 9369
9340 9404
9340 9346
9340 9347
9340 9377
9341 9359
9342 9357
9342 9389
9343 9368
9343 9438
9343 9426
9344 9347
9344 9383
9347 9391
9348 9442
9349 9436
9349 9411
9349 9357
9349 9433
9350 9386
9350 9391
9350 9384
9350 9387
9351 9445
9351 9434
9351 9421
9351 9401
9351 9427
9352 9428
9353 9369
9353 9354
9353 9406
9353 9412
9353 9399
9353 9396
9354 9417
9354 9405
9354 9425
9354 9358
9355 9384
9355 9406
9355 9397
9355 9365
9355 9451
9356 9422
9356 9425
9356 9401
9356 9390
9357 9428
9358 9390
9358 9392
9358 9377
9359 9384
9360 9411
9360 9369
9360 9425
9360 9390
9361 9383
9361 9419
9361 9422
9361 9384
9362 9458
9362 9396
9362 9371
9363 9455
9363 9442
9364 9380
9364 9388
9365 9457
9365 9404
9366 9420
9366 9416
9366 9450
9367 9424
9368 9383
9368 9446
9368 9435
9368 9370
9368 9384
9368 9417
9369 9449
9369 9390
9369 9382
9370 9396
9370 9454
9371 9423
9372 9397
9372 9378
9373 9418
9373 9436
9373 9468
9373 9457
9374 9449
9374 9419
9374 9376
9374 9418
9375 9410
9375 9438
9376 9387
9376 9471
9377 9443
9378 9444
9378 9425
9378 9385
9378 9445
9379 9412
9379 9462
9379 9438
9380 9402
9382 9410
9382 9456
9382 9398
9382 9467
9383 9434
9383 9449
9383 9474
9383 9472
9383 9393
9384 9445
9384 9452
9386 9430
9386 9467
9386 9468
9386 9429
9386 9448
9387 9415
9387 9409
9387 9423
9387 9458
9388 9437
9388 9408
9388 9420
9388 9460
9389 9456
9389 9398
9390 9433
9390 9460
9391 9433
9391 9429
9391 9414
9391 9454
9391 9428
9392 9409
9392 9462
9393 9478
9394 9411
9394 9398
9394 9484
9394 9442
9395 9416
9396 9477
9396 9451
9396 9484
9397 9490
9397 9437
9398 9428
9398 9422
9398 9434
9398 9492
9398 9472
9398 9409
9399 9494
9399 9426
9400 9491
9400 9403
9400 9427
9400 9420
9400 9445
9401 9443
9401 9447
9401 9454
9402 9492
9402 9422
9402 9428
9403 9429
9403 9477
9403 9456
9404 9462
9404 9460
9407 9478
9407 9433
9408 9412
9408 9476
9408 9488
9408 9433
9408 9483
9409 9443
9409 9456
9409 9482
9410 9479
9410 9475
9410 9447
9411 9494
9415 9468
9415 9436
9416 9450
9416 9457
9417 9446
9417 9428
9417 9459
9417 9457
9417 9480
9417 9458
9417 9452
9418 9502
9418 9513
9418 9434
9418 9491
9419 9514
9419 9456
9419 9452
9419 9426
9420 9496
9420 9515
9420 9508
9420 9441
9420 9482
9421 9445
9423 9444
9424 9465
9424 9452
9424 9480
9425 9477
9425 9452
9425 9483
9425 9433
9426 9429
9426 9437
9426 9494
9426 9448
9427 9430
9427 9484
9427 9497
9428 9504
9428 9432
9428 9479
9429 9477
9429 9448
9429 9469
9430 9517
9430 9509
9430 9482
9430 9455
9431 9442
9431 9443
9432 9484
9432 9502
9432 9514
9433 9513
9433 9484
9433 9491
9434 9438
9434 9472
9434 9503
9434 9511
9434 9485
9434 9498
9434 9467
9435 9512
9435 9453
9435 9442
9435 9490
9436 9524
9436 9503
9436 9497
9436 9471
9436 9522
9438 9439
9439 9527
9439 9501
9439 9485
9439 9518
9439 9505
9440 9532
9440 9497
9441 9480
9441 9529
9441 9489
9441 9522
9442 9520
9442 9500
9443 9481
9443 9458
9443 9452
9443 9447
9444 9524
9444 9520
9444 9459
9445 9502
9445 9480
9446 9499
9446 9541
9446 9479
9447 9519
9447 9454
9447 9510
9448 9468
9448 9539
9448 9499
9449 9461
9450 9521
9450 9514
9450 9459
9451 9487
9451 9454
9451 9541
9452 9466
9452 9456
9452 9485
9452 9523
9452 9478
9452 9517
9453 9465
9453 9532
9453 9505
9453 9509
9453 9499
9454 9535
9454 9474
9455 9484
9455 9495
9455 9515
9456 9470
9456 9533
9456 9506
9457 9491
9457 9513
9457 9529
9457 9490
9458 9500
9459 9551
9459 9533
9459 9490
9459 9497
9461 9548
9461 9533
9461 9509
9462 9546
9462 9532
9463 9516
9463 9530
9463 9498
9463 9515
9464 9534
9465 9483
9465 9502
9465 9521
9465 9550
9465 9531
9465 9504
9466 9506
9466 9521
9468 9527
9468 9516
9468 9473
9468 9495
9469 9554
9469 9514
9469 9471
9469 9509
9470 9478
9470 9537
9471 9530
9471 9522
9472 9484
9472 9544
9472 9531
9473 9541
9473 9569
9474 9546
9474 9555
9474 9516
9474 9476
9475 9512
9475 9498
9475 9520
9475 9508
9476 9525
9476 9482
9476 9569
9476 9540
9477 9500
9477 9522
9478 9517
9478 9503
9478 9499
9479 9518
9479 9486
9479 9528
9479 9511
9479 9557
9480 9509
9481 9486
9481 9494
9481 9571
9481 9536
9481 9510
9482 9528
9482 9532
9482 9577
9483 9522
9483 9538
9484 9561
9484 9512
9484 9535
9484 9577
9484 9574
9484 9573
9485 9525
9485 9511
9486 9507
9486 9519
9486 9532
9486 9530
9487 9523
9488 9529
9488 9553
9488 9517
9489 9528
9489 9567
9489 9542
9490 9562
9491 9513
9492 9551
9492 9495
9492 9512
9493 9588
9493 9578
9494 9537
9494 9571
9494 9523
9494 9590
9495 9575
9495 9522
9495 9539
9495 9508
9496 9509
9496 9511
9496 9570
9496 9551
9497 9555
9497 9540
9497 9539
9498 9525
9498 9557
9498 9562
9498 9545
9498 9507
9498 9533
9499 9561
9499 9574
9499 9506
9500 9536
9500 9534
9500 9592
9500 9515
9500 9572
9500 9542
9501 9506
9501 9536
9502 9504
9502 9572
9502 9556
9502 9545
9502 9592
9503 9582
9503 9518
9503 9586
9503 9549
9504 9511
9504 9521
9504 9562
9504 9561
9505 9515
9505 9595
9505 9597
9506 9520
9506 9534
9506 9543
9506 9555
9506 9599
9507 9525
9507 9534
9507 9559
9507 9516
9507 9509
9508 9516
9508 9522
9508 9536
9508 9530
9508 9552
9508 9526
9509 9514
9509 9576
9509 9596
9510 9533
9510 9551
9510 9524
9510 9602
9511 9514
9511 9606
9511 9604
9511 9602
9512 9563
9512 9594
9513 9605
9514 9585
9514 9548
9514 9552
9514 9557
9515 9516
9515 9551
9515 9540
9515 9584
9515 9566
9516 9571
9517 9592
9517 9555
9518 9529
9518 9543
9518 9556
9519 9544
9519 9545
9520 9523
9520 9575
9520 9552
9520 9616
9520 9567
9521 9564
9521 9581
9521 9527
9522 9593
9522 9614
9522 9531
9523 9531
9523 9580
9523 9536
9523 9601
9523 9613
9524 9529
9524 9549
9524 9562
9524 9579
9525 9612
9525 9543
9525 9577
9526 9592
9526 9609
9526 9594
9526 9579
9526 9534
9526 9617
9526 9548
9527 9563
9527 9529
9527 9575
9527 9582
9527 9548
9528 9601
9529 9580
9529 9540
9530 9559
9530 9589
9530 9597
9530 9539
9530 9545
9531 9569
9531 9574
9531 9603
9531 9568
9532 9570
9532 9612
9532 9617
9532 9545
9532 9574
9533 9577
9534 9547
9534 9566
9534 9609
9534 9628
9535 9570
9535 9593
9536 9576
9536 9620
9536 9612
9538 9590
9538 9630
9538 9545
9539 9634
9539 9623
9540 9585
9540 9608
9541 9583
9541 9586
9541 9567
9541 9553
9541 9608
9542 9576
9543 9544
9543 9577
9544 9632
9544 9608
9545 9574
9546 9592
9547 9612
9547 9566
9548 9575
9548 9615
9548 9607
9548 9628
9548 9610
9548 9598
9549 9614
9549 9619
9549 9635
9550 9569
9550 9602
9550 9612
9550 9623
9550 9633
9551 9602
9551 9559
9551 9572
9551 9563
9552 9581
9553 9583
9553 9638
9553 9595
9553 9648
9554 9592
9554 9567
9555 9594
9555 9570
9556 9589
9556 9637
9556 9603
9556 9616
9557 9566
9557 9643
9558 9638
9559 9627
9560 9650
9560 9637
9560 9601
9560 9592
9560 9631
9561 9586
9561 9630
9561 9617
9561 9612
9561 9633
9561 9636
9561 9616
9561 9597
9562 9608
9562 9643
9562 9615
9562 9609
9562 9577
9562 9597
9563 9651
9563 9612
9563 9633
9563 9654
9563 9653
9564 9657
9564 9632
9564 9601
9564 9635
9564 9643
9564 9583
9564 9595
9565 9568
9565 9607
9566 9616
9566 9588
9566 9652
9566 9644
9567 9590
9567 9569
9568 9637
9568 9586
9569 9618
9569 9660
9569 9619
9570 9599
9570 9583
9570 9622
9571 9615
9571 9659
9571 9577
9571 9608
9572 9599
9574 9638
9574 9650
9574 9655
9574 9585
9574 9617
9574 9625
9575 9665
9575 9668
9576 9621
9576 9631
9577 9665
9577 9640
9577 9638
9577 9617
9578 9650
9578 9614
9578 9666
9579 9668
9579 9643
9579 9605
9579 9582
9580 9593
9580 9639
9580 9583
9581 9670
9581 9624
9581 9604
9581 9645
9582 9592
9582 9664
9582 9629
9583 9676
9584 9655
9585 9653
9585 9638
9585 9664
9585 9652
9585 9625
9585 9615
9585 9588
9586 9681
9586 9667
9586 9619
9587 9597
9587 9659
9589 9615
9589 9660
9589 9624
9589 9646
9590 9650
9590 9613
9590 9622
9591 9600
9591 9611
9591 9648
9592 9636
9592 9665
9592 9623
9592 9639
9592 9678
9593 9652
9594 9676
9594 9657
9594 9661
9595 9615
9595 9614
9595 9685
9596 9690
9596 9623
9596 9614
9596 9653
9597 9689
9598 9676
9598 9666
9598 9608
9598 9607
9598 9688
9598 9610
9598 9680
9599 9685
9599 9632
9599 9646
9599 9617
9599 9628
9600 9610
9600 9601
9601 9644
9602 9622
9602 9675
9602 9606
9602 9664
9602 9662
9603 9689
9603 9634
9604 9665
9604 9677
9604 9658
9604 9624
9604 9676
9605 9681
9605 9638
9606 9701
9606 9639
9607 9672
9607 9691
9607 9659
9608 9621
9608 9614
9609 9645
9609 9614
9609 9671
9609 9651
9609 9694
9610 9665
9610 9640
9611 9647
9611 9625
9612 9687
9612 9660
9612 9698
9612 9640
9612 9700
9613 9688
9613 9618
9613 9643
9613 9685
9613 9638
9614 9654
9614 9680
9615 9690
9615 9626
9616 9678
9616 9670
9617 9676
9617 9652
9618 9635
9618 9663
9618 9694
9619 9702
9619 9666
9619 9669
9620 9652
9620 9637
9620 9702
9620 9668
9621 9672
9621 9676
9621 9642
9622 9716
9622 9638
9622 9651
9622 9717
9624 9719
9625 9713
9626 9643
9626 9684
9626 9652
9626 9632
9627 9644
9627 9704
9627 9705
9628 9669
9628 9662
9629 9716
9629 9638
9629 9719
9629 9651
9631 9691
9631 9647
9631 9669
9632 9691
9632 9678
9633 9649
9633 9711
9634 9664
9634 9696
9634 9712
9634 9638
9636 9688
9636 9729
9636 9657
9636 9710
9636 9701
9636 9646
9637 9669
9637 9668
9637 9657
9637 9724
9638 9656
9638 9729
9639 9707
9639 9710
9640 9661
9641 9653
9641 9709
9641 9707
9643 9661
9643 9718
9643 9657
9643 9726
9644 9719
9644 9695
9644 9715
9645 9731
9645 9685
9646 9706
9646 9734
9646 9705
9647 9648
9648 9743
9648 9679
9648 9697
9648 9716
9649 9684
9649 9745
9649 9734
9649 9713
9649 9737
9650 9735
9650 9689
9650 9694
9650 9713
9651 9678
9651 9690
9651 9728
9652 9702
9652 9689
9653 9710
9653 9738
9653 9667
9654 9705
9654 9722
9656 9740
9656 9657
9657 9659
9657 9743
9658 9718
9658 9710
9658 9684
9658 9728
9658 9664
9658 9674
9658 9688
9659 9710
9659 9734
9659 9660
9659 9692
9660 9688
9660 9702
9660 9684
9661 9755
9662 9730
9662 9682
9662 9740
9662 9698
9663 9730
9663 9695
9664 9759
9664 9747
9664 9752
9665 9684
9665 9731
9665 9695
9666 9696
9666 9713
9666 9757
9667 9716
9667 9710
9668 9761
9668 9701
9668 9695
9668 9756
9668 9763
9669 9713
9670 9723
9671 9674
9671 9759
9671 9764
9672 9726
9672 9691
9672 9725
9672 9751
9672 9693
9673 9683
9673 9733
9673 9700
9673 9694
9673 9735
9673 9702
9674 9719
9675 9725
9676 9704
9676 9692
9676 9744
9676 9753
9676 9733
9676 9760
9676 9695
9677 9749
9677 9739
9677 9764
9677 9751
9677 9711
9677 9769
9677 9696
9678 9724
9678 9739
9678 9772
9678 9691
9680 9761
9680 9681
9680 9719
9680 9773
9680 9733
9680 9754
9680 9686
9681 9763
9681 9759
9682 9744
9682 9762
9682 9706
9682 9728
9682 9766
9683 9712
9683 9700
9683 9761
9683 9772
9683 9695
9683 9771
9684 9701
9684 9767
9685 9704
9685 9748
9685 9761
9685 9764
9686 9698
9686 9769
9686 9721
9688 9719
9688 9769
9690 9717
9690 9778
9690 9703
9691 9706
9691 9785
9692 9708
9692 9775
9694 9730
9694 9770
9694 9763
9694 9751
9694 9719
9695 9702
9695 9740
9695 9701
9696 9786
9696 9718
9697 9735
9697 9730
9697 9777
9697 9733
9698 9783
9698 9785
9698 9780
9699 9754
9699 9727
9699 9726
9699 9785
9699 9747
9700 9747
9700 9754
9700 9720
9700 9702
9700 9704
9701 9718
9701 9721
9701 9771
9701 9786
9702 9728
9702 9797
9702 9740
9702 9775
9702 9708
9703 9758
9703 9731
9703 9754
9704 9738
9704 9800
9704 9773
9705 9780
9705 9711
9705 9713
9706 9720
9706 9771
9706 9749
9707 9802
9708 9788
9708 9736
9708 9743
9708 9728
9709 9725
9709 9803
9710 9720
9711 9746
9711 9764
9712 9743
9712 9766
9712 9799
9712 9795
9713 9718
9713 9763
9714 9806
9714 9777
9714 9725
9714 9808
9715 9782
9715 9774
9715 9779
9715 9732
9715 9743
9715 9786
9716 9752
9717 9734
9717 9791
9717 9750
9717 9753
9718 9743
9718 9737
9718 9798
9718 9762
9718 9770
9718 9811
9718 9721
9720 9787
9720 9781
9721 9763
9721 9808
9722 9801
9722 9788
9723 9749
9723 9811
9723 9756
9723 9772
9723 9813
9724 9736
9724 9810
9724 9751
9725 9816
9725 9760
9726 9810
9726 9766
9727 9750
9727 9743
9728 9804
9728 9800
9728 9797
9728 9793
9728 9789
9729 9769
9730 9760
9730 9781
9730 9799
9731 9826
9732 9774
9732 9821
9732 9804
9732 9789
9733 9780
9733 9803
9733 9765
9733 9810
9733 9815
9735 9825
9735 9805
9735 9787
9735 9801
9735 9771
9735 9810
9736 9759
9736 9801
9736 9758
9736 9780
9736 9769
9736 9809
9736 9792
9737 9749
9737 9810
9737 9817
9738 9749
9738 9740
9738 9759
9738 9771
9738 9820
9739 9829
9739 9784
9739 9834
9739 9823
9739 9763
9740 9807
9740 9817
9740 9779
9741 9790
9741 9834
9741 9788
9741 9810
9741 9794
9742 9753
9742 9759
9742 9800
9742 9794
9742 9772
9742 9756
9743 9766
9743 9775
9743 9824
9743 9809
9743 9786
9743 9770
9744 9832
9744 9797
9744 9768
9744 9783
9744 9782
9745 9759
9745 9753
9746 9821
9746 9759
9746 9800
9747 9836
9747 9831
9747 9832
9747 9821
9748 9825
9748 9811
9748 9789
9749 9828
9750 9843
9750 9757
9750 9786
9751 9800
9751 9789
9752 9770
9752 9780
9753 9800
9753 9836
9753 9770
9753 9776
9754 9761
9754 9776
9754 9782
9755 9787
9755 9817
9756 9834
9757 9824
9757 9776
9757 9832
9758 9785
9758 9771
9758 9848
9758 9806
9758 9764
9759 9836
9759 9853
9759 9806
9759 9797
9759 9842
9760 9838
9760 9852
9761 9834
9761 9829
9761 9783
9761 9836
9761 9806
9762 9786
9762 9847
9763 9783
9764 9788
9764 9854
9764 9813
9764 9858
9765 9819
9765 9840
9765 9822
9765 9810
9765 9788
9765 9772
9766 9860
9766 9818
9766 9786
9769 9816
9769 9822
9769 9850
9770 9809
9770 9813
9770 9802
9772 9863
9772 9786
9772 9789
9773 9837
9773 9834
9774 9796
9774 9809
9774 9790
9774 9780
9775 9824
9776 9805
9777 9821
9778 9828
9778 9817
9778 9805
9778 9852
9778 9832
9779 9833
9779 9799
9780 9789
9780 9809
9780 9866
9780 9846
9780 9796
9781 9807
9781 9785
9782 9799
9782 9808
9783 9851
9783 9860
9783 9820
9784 9852
9784 9862
9785 9809
9785 9861
9787 9827
9787 9848
9787 9789
9787 9813
9788 9816
9788 9867
9788 9839
9788 9829
9788 9860
9789 9843
9789 9831
9790 9816
9790 9797
9790 9830
9790 9826
9790 9811
9790 9878
9791 9848
9792 9876
9792 9875
9792 9837
9792 9842
9792 9820
9793 9846
9794 9814
9794 9867
9794 9872
9794 9884
9795 9838
9795 9833
9795 9845
9795 9842
9797 9834
9797 9832
9797 9798
9797 9802
9797 9859
9797 9882
9798 9874
9798 9864
9798 9856
9799 9838
9800 9874
9800 9880
9800 9838
9800 9857
9800 9881
9801 9830
9801 9886
9803 9830
9803 9855
9803 9884
9803 9856
9803 9838
9804 9898
9804 9825
9804 9847
9804 9830
9804 9900
9805 9827
9805 9887
9805 9874
9806 9867
9806 9858
9806 9821
9807 9881
9807 9864
9807 9809
9808 9849
9809 9900
9809 9844
9809 9902
9809 9824
9809 9830
9809 9838
9810 9863
9810 9892
9810 9827
9810 9903
9811 9838
9811 9854
9811 9880
9812 9833
9812 9827
9812 9872
9813 9837
9813 9831
9814 9878
9814 9870
9814 9891
9814 9843
9814 9851
9814 9852
9814 9859
9815 9897
9816 9867
9816 9856
9816 9818
9816 9846
9817 9862
9817 9867
9817 9852
9818 9882
9818 9858
9818 9883
9818 9851
9819 9905
9819 9821
9819 9881
9819 9822
9820 9846
9820 9899
9821 9847
9821 9901
9822 9860
9822 9871
9822 9859
9822 9881
9822 9851
9823 9893
9823 9904
9824 9885
9824 9892
9824 9906
9825 9863
9826 9888
9826 9902
9827 9848
9827 9902
9827 9828
9827 9871
9827 9875
9827 9917
9828 9914
9828 9848
9829 9856
9829 9871
9830 9916
9830 9907
9831 9865
9831 9896
9831 9852
9831 9838
9831 9858
9832 9927
9832 9915
9832 9878
9832 9863
9833 9892
9834 9894
9834 9927
9834 9917
9834 9885
9834 9929
9835 9920
9836 9863
9836 9872
9836 9894
9836 9929
9837 9890
9837 9907
9837 9897
9837 9894
9838 9856
9838 9855
9838 9908
9839 9883
9839 9844
9839 9888
9839 9867
9840 9886
9840 9920
9840 9876
9840 9892
9840 9846
9840 9851
9841 9854
9841 9918
9841 9875
9842 9893
9842 9918
9845 9922
9846 9912
9846 9900
9846 9884
9846 9852
9846 9902
9848 9915
9848 9938
9848 9902
9848 9866
9849 9937
9849 9893
9851 9867
9851 9929
9851 9925
9851 9891
9851 9935
9852 9860
9853 9870
9853 9945
9854 9925
9854 9931
9854 9888
9855 9943
9855 9928
9855 9916
9855 9926
9855 9906
9855 9884
9857 9888
9857 9866
9858 9919
9858 9885
9858 9906
9858 9880
9859 9947
9860 9899
9861 9911
9862 9875
9862 9881
9863 9902
9863 9927
9863 9923
9863 9935
9863 9870
9864 9956
9865 9930
9866 9902
9866 9912
9866 9955
9866 9881
9866 9900
9867 9916
9867 9955
9867 9887
9867 9913
9869 9954
9869 9903
9869 9944
9869 9932
9869 9940
9871 9930
9872 9911
9872 9962
9872 9920
9873 9948
9873 9901
9873 9949
9873 9904
9873 9888
9873 9956
9873 9963
9873 9940
9873 9879
9875 9917
9876 9946
9876 9971
9877 9898
9877 9906
9878 9894
9878 9967
9879 9890
9879 9970
9879 9888
9879 9944
9880 9909
9880 9913
9880 9901
9881 9926
9881 9962
9882 9898
9882 9907
9882 9933
9882 9962
9882 9967
9883 9960
9883 9941
9884 9974
9884 9944
9884 9925
9884 9914
9884 9956
9885 9915
9885 9972
9886 9896
9886 9978
9887 9938
9887 9962
9887 9910
9887 9978
9887 9898
9887 9927
9887 9942
9888 9928
9888 9893
9888 9941
9889 9985
9889 9916
9890 9956
9890 9954
9891 9967
9892 9929
9893 9957
9893 9944
9893 9897
9893 9898
9893 9937
9893 9931
9894 9936
9894 9984
9894 9920
9895 9933
9896 9942
9897 9898
9897 9986
9897 9941
9898 9936
9898 9955
9898 9964
9899 9929
9899 9992
9899 9913
9899 9976
9900 9936
9901 9994
9901 9992
9901 9965
9901 9985
9901 9968
9902 9968
9902 9929
9903 9916
9903 9951
9904 9916
9904 9935
9904 9912
9905 9932
9905 9966
9906 10001
9906 9911
9906 9935
9906 9936
9907 9988
9907 9973
9907 9932
9908 9978
9908 9989
9910 9969
9910 9970
9910 9956
9911 9940
9911 9954
9911 9965
9911 9959
9912 9924
9913 9921
9913 10000
9913 9949
9914 9978
9914 9961
9914 9963
9915 9942
9915 9982
9916 9954
9916 9984
9916 9995
9916 9965
9916 9980
9916 9931
9917 9961
9917 10000
9917 9924
9917 9946
9917 10004
9917 9974
9918 9967
9918 9996
9918 9958
9920 10005
9920 9998
9921 9971
9921 9941
9921 10005
9921 9993
9922 9968
9922 9945
9923 10009
9923 9965
9923 9974
9924 10016
9924 9944
9925 9993
9925 10020
9925 9948
9926 9973
9926 10003
9926 10010
9926 9937
9926 10014
9927 10014
9927 9933
9927 9996
9927 9994
9928 9936
9928 10018
9928 9956
9929 10018
9929 9988
9929 9939
9929 9977
9930 10003
9930 10019
9930 9935
9932 10007
9932 9990
9933 9979
9933 10011
9933 9943
9933 9939
9934 9960
9936 9993
9936 10008
9936 9999
9936 10021
9937 10021
9937 9980
9938 9974
9938 9942
9938 9975
9938 9954
9938 10017
9939 9999
9939 9984
9939 9983
9939 9978
9940 9969
9940 9984
9940 9963
9940 10007
9941 10024
9942 9975
9942 9955
9942 10004
9942 9979
9943 10006
9943 10021
9943 10005
9943 9969
9944 10000
9945 9991
9945 9954
9945 10011
9946 10025
9946 10014
9947 9959
9947 9998
9947 10041
9948 10030
9948 9969
9948 9970
9948 9966
9948 10033
9948 10010
9949 9956
9949 9997
9949 9950
9949 9999
9950 10005
9950 10008
9951 9981
9951 9967
9951 10039
9952 10009
9953 9967
9953 10000
9954 9996
9954 9985
9954 10027
9955 10002
9955 10045
9956 9957
9956 10009
9956 9965
9957 10008
9957 10047
9957 9967
9957 9971
9958 9980
9958 10050
9958 10005
9958 10028
9959 9995
9959 9961
9959 9984
9960 9978
9960 10003
9960 10009
9960 10030
9960 10026
9961 10035
9961 10057
9961 10040
9962 9969
9962 9979
9962 10018
9962 9994
9962 10055
9963 10040
9963 10010
9964 9988
9964 9976
9965 10038
9965 9990
9965 10039
9965 9983
9965 10049
9966 10042
9966 10049
9966 10013
9967 10059
9967 10024
9968 10052
9968 10062
9968 10044
9969 9983
9969 9993
9970 10030
9970 9986
9970 9975
9970 10056
9971 10063
9971 9981
9971 10057
9972 9986
9972 10057
9972 10030
9973 9986
9973 10013
9973 10008
9974 9982
9974 10022
9975 10021
9975 10034
9975 10012
9975 10023
9975 10031
9976 10067
9976 10008
9976 10070
9976 10065
9977 9984
9977 9990
9977 10019
9978 9989
9978 10018
9978 10066
9979 10029
9979 9980
9979 10001
9979 10071
9979 9984
9981 9999
9981 10060
9981 10002
9981 10027
9982 9993
9982 10070
9984 9997
9984 9985
9985 10077
9985 10029
9985 10070
9985 10009
9985 10051
9986 10077
9986 10065
9986 10044
9986 10055
9987 9994
9987 10015
9987 10016
9987 10053
9988 9993
9988 10062
9988 10059
9988 10030
9988 10043
9989 10013
9989 10014
9990 10052
9990 10048
9990 10023
9990 10073
9990 10056
9990 10009
9990 9997
9991 10074
9991 10069
9991 10034
9991 10079
9991 10018
9992 10044
9992 9997
9992 10015
9992 10040
9992 10038
9994 10086
9994 10069
9994 10071
9994 10026
9994 10063
9994 10089
9995 10090
9995 10056
9995 10058
9995 10060
9995 10029
9996 10087
9996 10007
9996 10059
9998 10073
9999 10053
9999 10078
9999 10072
10000 10012
10000 10004
10001 10089
10001 10027
10001 10044
10001 10080
10003 10058
10003 10059
10003 10004
10003 10024
10003 10099
10003 10019
10004 10049
10004 10062
10004 10100
10004 10020
10005 10061
10005 10065
10005 10032
10005 10023
10005 10077
10005 10075
10006 10049
10006 10084
10006 10032
10006 10053
10007 10080
10007 10100
10007 10068
10007 10013
10008 10067
10008 10048
10008 10043
10009 10046
10009 10081
10009 10051
10009 10105
10010 10105
10011 10064
10011 10103
10011 10062
10011 10066
10012 10036
10013 10032
10013 10064
10014 10017
10014 10034
10014 10032
10015 10082
10015 10085
10016 10074
10016 10071
10016 10092
10017 10112
10017 10038
10018 10104
10018 10110
10019 10067
10019 10028
10020 10041
10020 10093
10022 10091
10022 10089
10022 10071
10023 10066
10023 10033
10023 10089
10023 10104
10023 10084
10024 10099
10024 10097
10024 10058
10025 10058
10025 10049
10025 10086
10025 10029
10026 10082
10027 10120
10027 10040
10028 10065
10028 10078
10028 10090
10028 10086
10029 10103
10030 10125
10030 10105
10030 10077
10031 10088
10032 10055
10032 10086
10032 10054
10033 10126
10033 10080
10033 10075
10033 10085
10033 10123
10033 10114
10033 10056
10033 10043
10033 10099
10033 10104
10034 10119
10034 10053
10034 10099
10034 10073
10035 10098
10035 10041
10035 10040
10035 10071
10036 10080
10038 10065
10038 10083
10039 10046
10039 10088
10040 10116
10040 10055
10040 10080
10040 10048
10041 10081
10041 10076
10041 10107
10042 10098
10043 10057
10043 10058
10043 10130
10044 10098
10044 10111
10044 10097
10044 10045
10044 10123
10045 10049
10045 10120
10045 10051
10045 10055
10046 10114
10046 10121
10046 10141
10047 10050
10047 10120
10047 10077
10048 10068
10048 10109
10049 10065
10049 10052
10049 10078
10049 10109
10049 10050
10049 10125
10050 10133
10050 10104
10050 10075
10050 10106
10050 10111
10051 10106
10051 10075
10051 10117
10051 10118
10052 10070
10052 10116
10053 10146
10053 10144
10054 10057
10054 10063
10054 10066
10054 10128
10054 10133
10055 10121
10055 10097
10056 10119
10056 10078
10056 10108
10056 10105
10056 10151
10056 10146
10057 10099
10057 10094
10057 10102
10057 10126
10057 10133
10057 10104
10057 10134
10058 10129
10059 10147
10059 10108
10060 10111
10060 10092
10060 10152
10061 10117
10063 10129
10063 10133
10064 10156
10064 10080
10064 10120
10064 10091
10065 10100
10065 10108
10065 10102
10066 10160
10066 10131
10066 10110
10066 10123
10067 10152
10067 10155
10067 10115
10068 10078
10068 10084
10068 10143
10068 10133
10068 10153
10069 10100
10069 10085
10070 10107
10071 10106
10071 10149
10071 10104
10072 10104
10072 10128
10072 10111
10072 10159
10072 10102
10073 10132
10074 10109
10074 10143
10074 10113
10075 10154
10075 10156
10076 10107
10076 10094
10076 10167
10076 10111
10076 10091
10076 10133
10076 10100
10077 10089
10077 10172
10077 10143
10077 10144
10078 10154
10078 10090
10078 10126
10079 10124
10079 10139
10079 10167
10080 10159
10080 10162
10080 10133
10080 10130
10080 10117
10080 10168
10081 10088
10081 10141
10081 10101
10082 10092
10082 10112
10083 10158
10083 10108
10083 10170
10083 10171
10083 10162
10084 10145
10084 10153
10085 10100
10085 10130
10085 10127
10085 10086
10085 10148
10086 10174
10086 10135
10086 10143
10086 10144
10087 10095
10087 10104
10088 10121
10088 10181
10088 10168
10089 10111
10089 10128
10090 10177
10090 10163
10090 10119
10091 10104
10092 10161
10092 10151
10092 10149
10093 10161
10093 10138
10093 10107
10094 10119
10094 10124
10094 10102
10095 10178
10095 10169
10096 10106
10096 10191
10096 10168
10096 10142
10096 10115
10097 10132
10097 10162
10097 10176
10097 10152
10097 10184
10098 10099
10098 10192
10098 10109
10098 10160
10098 10139
10098 10182
10098 10107
10098 10191
10099 10188
10099 10118
10099 10109
10099 10141
10100 10159
10100 10162
10100 10191
10100 10165
10101 10163
10101 10170
10103 10152
10103 10148
10104 10139
10104 10180
10104 10193
10104 10107
10105 10198
10105 10129
10105 10158
10106 10185
10107 10120
10107 10123
10107 10135
10107 10157
10108 10115
10108 10137
10108 10197
10110 10158
10111 10191
10112 10188
10112 10135
10113 10128
10113 10200
10113 10196
10113 10141
10113 10126
10114 10204
10114 10142
10115 10150
10115 10159
10115 10141
10116 10205
10117 10208
10117 10162
10117 10134
10117 10165
10117 10163
10118 10189
10118 10158
10120 10138
10120 10122
10121 10188
10121 10184
10122 10152
10122 10183
10122 10189
10122 10154
10123 10189
10123 10168
10123 10200
10123 10175
10123 10195
10125 10148
10125 10129
10125 10164
10125 10197
10125 10176
10126 10155
10126 10158
10126 10202
10126 10177
10126 10171
10126 10136
10127 10210
10127 10222
10127 10161
10128 10157
10129 10165
10129 10211
10129 10219
10130 10141
10131 10138
10131 10170
10131 10171
10131 10172
10132 10217
10133 10161
10133 10185
10133 10203
10134 10154
10134 10167
10134 10223
10134 10168
10135 10216
10135 10205
10136 10140
10136 10157
10136 10171
10136 10148
10136 10208
10137 10145
10137 10166
10138 10194
10138 10195
10138 10147
10138 10208
10139 10165
10140 10198
10140 10234
10140 10236
10140 10213
10141 10159
10141 10208
10142 10232
10143 10163
10143 10235
10143 10171
10143 10196
10143 10208
10144 10218
10145 10206
10145 10235
10146 10199
10146 10232
10146 10235
10147 10176
10148 10151
10148 10159
10148 10206
10148 10175
10148 10188
10149 10162
10150 10220
10150 10197
10150 10193
10150 10210
10150 10156
10150 10153
10151 10215
10151 10191
10151 10213
10151 10236
10152 10181
10153 10155
10153 10236
10153 10169
10154 10163
10154 10236
10154 10176
10154 10202
10155 10195
10155 10159
10155 10225
10155 10243
10156 10227
10156 10200
10156 10169
10157 10218
10157 10198
10157 10173
10158 10197
10158 10200
10158 10167
10158 10216
10159 10161
10161 10223
10161 10244
10162 10207
10162 10177
10162 10219
10162 10192
10163 10222
10164 10247
10164 10254
10165 10252
10165 10174
10165 10250
10165 10214
10165 10249
10166 10214
10166 10199
10166 10196
10166 10238
10166 10189
10166 10209
10167 10243
10167 10191
10167 10168
10167 10177
10168 10181
10168 10255
10168 10192
10168 10227
10169 10187
10169 10196
10170 10187
10171 10265
10172 10264
10173 10198
10173 10214
10173 10178
10173 10209
10174 10206
10174 10250
10174 10203
10174 10204
10174 10260
10175 10186
10175 10199
10175 10270
10176 10268
10176 10223
10176 10254
10177 10210
10177 10204
10177 10230
10178 10185
10178 10230
10178 10244
10178 10218
10179 10182
10179 10275
10179 10253
10180 10212
10180 10240
10180 10187
10180 10242
10180 10254
10180 10266
10181 10237
10182 10267
10182 10193
10182 10187
10182 10249
10183 10238
10183 10241
10183 10272
10183 10243
10183 10247
10185 10243
10186 10272
10186 10255
10187 10234
10187 10260
10187 10268
10187 10205
10188 10214
10190 10256
10190 10243
10190 10242
10190 10286
10190 10208
10193 10231
10193 10200
10193 10217
10193 10268
10193 10287
10193 10289
10193 10213
10194 10236
10194 10208
10194 10258
10194 10277
10194 10267
10194 10229
10195 10225
10195 10209
10195 10211
10195 10213
10195 10217
10195 10269
10197 10202
10197 10225
10198 10223
10199 10200
10200 10247
10200 10252
10200 10237
10200 10253
10201 10243
10201 10205
10201 10229
10202 10213
10202 10252
10202 10247
10202 10237
10203 10285
10203 10266
10203 10256
10203 10208
10203 10236
10204 10299
10205 10231
10205 10234
10206 10221
10207 10272
10207 10253
10208 10272
10208 10258
10209 10300
10209 10241
10210 10228
10210 10246
10210 10242
10211 10307
10211 10289
10212 10287
10212 10280
10212 10296
10212 10297
10213 10227
10213 10239
10213 10301
10213 10244
10213 10259
10214 10303
10214 10235
10214 10271
10214 10232
10215 10223
10215 10225
10215 10277
10216 10276
10217 10267
10217 10222
10217 10309
10217 10242
10218 10223
10218 10303
10218 10240
10218 10263
10219 10282
10219 10315
10219 10261
10219 10288
10220 10250
10220 10229
10221 10304
10221 10268
10221 10267
10222 10304
10222 10311
10223 10297
10223 10264
10224 10250
10224 10252
10224 10287
10225 10296
10226 10294
10226 10233
10227 10245
10227 10246
10227 10305
10227 10252
10228 10286
10228 10282
10229 10248
10229 10296
10229 10263
10229 10309
10229 10290
10229 10255
10230 10267
10230 10253
10230 10251
10230 10285
10231 10306
10231 10299
10231 10291
10231 10318
10232 10322
10232 10254
10232 10320
10232 10249
10233 10325
10234 10237
10234 10283
10234 10279
10235 10240
10235 10259
10236 10295
10236 10303
10236 10268
10236 10272
10238 10288
10240 10273
10240 10292
10240 10321
10241 10261
10241 10288
10242 10331
10243 10258
10243 10318
10243 10335
10243 10317
10244 10263
10244 10275
10244 10289
10244 10329
10244 10254
10245 10271
10245 10259
10245 10269
10246 10301
10246 10289
10247 10278
10248 10344
10248 10288
10248 10326
10249 10289
10249 10291
10249 10259
10249 10294
10250 10295
10251 10301
10251 10252
10251 10307
10251 10298
10251 10331
10252 10292
10252 10269
10253 10313
10253 10309
10253 10346
10254 10324
10254 10304
10254 10265
10254 10289
10254 10255
10255 10262
10255 10282
10255 10318
10255 10308
10256 10313
10256 10287
10256 10293
10257 10312
10257 10277
10257 10337
10257 10321
10257 10334
10257 10335
10257 10350
10258 10283
10258 10346
10258 10268
10258 10307
10258 10348
10259 10279
10259 10266
10260 10300
10261 10281
10261 10277
10261 10291
10262 10278
10262 10274
10262 10299
10262 10289
10262 10291
10263 10347
10264 10292
10264 10359
10264 10289
10264 10353
10265 10322
10265 10354
10265 10355
10265 10313
10266 10323
10266 10332
10267 10308
10267 10340
10267 10297
10267 10275
10268 10300
10268 10297
10268 10275
10268 10335
10268 10349
10268 10277
10270 10319
10270 10311
10270 10301
10270 10282
10270 10343
10270 10302
10271 10290
10272 10285
10272 10308
10272 10282
10272 10359
10272 10302
10273 10322
10273 10300
10273 10327
10274 10362
10275 10356
10275 10364
10275 10312
10276 10301
10276 10291
10276 10339
10276 10353
10276 10362
10277 10369
10277 10342
10277 10352
10278 10293
10278 10333
10278 10355
10279 10346
10279 10356
10279 10294
10279 10301
10280 10332
10280 10360
10281 10343
10282 10346
10282 10284
10282 10326
10282 10305
10282 10358
10282 10303
10283 10363
10283 10329
10283 10319
10283 10369
10283 10287
10283 10317
10283 10342
10284 10378
10284 10300
10284 10296
10285 10333
10286 10370
10286 10294
10286 10380
10287 10314
10287 10293
10287 10330
10287 10299
10287 10334
10287 10288
10288 10351
10288 10325
10288 10362
10288 10337
10288 10366
10288 10370
10289 10376
10289 10359
10289 10366
10289 10368
10290 10366
10290 10370
10290 10363
10291 10316
10291 10298
10291 10366
10292 10320
10293 10298
10293 10355
10294 10352
10294 10355
10294 10344
10294 10335
10295 10298
10295 10329
10295 10391
10295 10334
10295 10332
10296 10377
10296 10382
10296 10341
10297 10355
10297 10357
10298 10351
10298 10332
10298 10370
10298 10389
10298 10388
10299 10344
10299 10317
10300 10349
10300 10339
10300 10380
10300 10305
10300 10324
10300 10344
10300 10330
10300 10346
10300 10391
10301 10384
10301 10372
10303 10310
10303 10348
10303 10381
10303 10399
10304 10320
10304 10311
10305 10339
10305 10386
10305 10307
10305 10366
10305 10349
10306 10317
10306 10362
10306 10373
10306 10384
10306 10390
10306 10356
10307 10357
10307 10361
10307 10349
10308 10396
10308 10398
10309 10326
10309 10310
10309 10358
10310 10389
10310 10356
10310 10362
10311 10332
10311 10402
10311 10336
10311 10397
10312 10349
10313 10407
10313 10408
10314 10351
10314 10357
10315 10379
10315 10337
10315 10371
10317 10411
10318 10329
10318 10377
10318 10370
10318 10378
10318 10348
10319 10370
10320 10328
10320 10344
10321 10370
10321 10409
10321 10352
10321 10416
10322 10395
10322 10326
10322 10342
10323 10392
10323 10357
10323 10383
10323 10347
10324 10336
10324 10362
10325 10327
10326 10409
10326 10341
10326 10390
10326 10406
10326 10333
10326 10349
10326 10350
10327 10392
10328 10331
10328 10349
10329 10339
10329 10412
10330 10385
10330 10420
10330 10368
10332 10381
10332 10427
10333 10337
10333 10352
10333 10362
10334 10365
10334 10363
10335 10426
10335 10381
10335 10415
10336 10408
10336 10406
10336 10340
10336 10338
10337 10354
10337 10430
10337 10429
10337 10368
10337 10355
10338 10401
10338 10417
10338 10386
10339 10432
10339 10387
10339 10388
10339 10344
10339 10433
10339 10359
10340 10394
10340 10381
10340 10368
10340 10413
10340 10352
10341 10350
10341 10357
10341 10376
10341 10426
10341 10382
10341 10401
10341 10385
10342 10400
10342 10421
10342 10390
10342 10395
10342 10436
10343 10438
10344 10361
10344 10440
10344 10381
10344 10419
10345 10364
10345 10407
10346 10422
10346 10421
10346 10377
10347 10412
10347 10416
10347 10427
10347 10359
10347 10349
10348 10428
10348 10441
10348 10437
10348 10406
10348 10442
10348 10384
10348 10432
10349 10371
10349 10367
10349 10396
10349 10440
10349 10353
10349 10351
10349 10374
10350 10438
10350 10430
10350 10420
10350 10385
10350 10390
10350 10406
10351 10385
10351 10406
10352 10420
10352 10447
10354 10375
10354 10419
10354 10393
10355 10435
10356 10373
10356 10436
10357 10377
10357 10428
10357 10419
10359 10413
10359 10398
10359 10362
10360 10394
10360 10436
10360 10439
10360 10363
10360 10387
10360 10431
10361 10446
10361 10431
10361 10363
10362 10451
10362 10436
10363 10391
10363 10432
10363 10372
10363 10384
10364 10385
10364 10406
10364 10414
10364 10457
10365 10402
10365 10381
10365 10457
10365 10428
10366 10387
10366 10422
10366 10442
10366 10380
10366 10406
10366 10430
10367 10406
10367 10404
10367 10392
10367 10442
10368 10385
10368 10409
10368 10445
10368 10444
10369 10388
10369 10427
10369 10374
10369 10452
10369 10438
10371 10409
10371 10422
10371 10399
10371 10413
10371 10423
10371 10401
10372 10412
10372 10415
10372 10444
10372 10425
10373 10414
10373 10395
10374 10468
10374 10376
10374 10438
10374 10377
10375 10433
10376 10419
10376 10453
10376 10442
10376 10380
10377 10381
10377 10388
10377 10459
10377 10391
10378 10389
10378 10428
10378 10415
10378 10433
10378 10424
10378 10385
10379 10432
10379 10409
10380 10424
10380 10384
10380 10397
10380 10459
10382 10385
10382 10441
10382 10399
10382 10474
10383 10387
10384 10389
10384 10469
10385 10450
10385 10479
10385 10465
10385 10477
10386 10413
10386 10422
10387 10400
10388 10429
10389 10415
10390 10450
10390 10466
10390 10451
10390 10476
10391 10403
10391 10397
10391 10445
10391 10435
10392 10481
10392 10464
10392 10408
10393 10427
10393 10467
10393 10489
10393 10451
10394 10433
10394 10432
10394 10404
10394 10399
10394 10463
10395 10455
10395 10402
10395 10486
10396 10425
10396 10445
10396 10463
10396 10459
10397 10457
10397 10476
10397 10398
10397 10467
10397 10483
10397 10465
10398 10473
10398 10420
10398 10478
10398 10468
10399 10488
10399 10417
10400 10416
10400 10413
10401 10461
10401 10486
10401 10483
10401 10452
10402 10474
10403 10423
10403 10478
10403 10499
10404 10477
10404 10464
10404 10420
10405 10416
10405 10498
10405 10460
10406 10435
10406 10498
10406 10466
10406 10502
10407 10485
10407 10424
10407 10446
10407 10425
10409 10502
10409 10447
10409 10459
10409 10428
10410 10477
10410 10489
10411 10495
10411 10421
10411 10503
10412 10492
10412 10429
10413 10443
10413 10432
10413 10493
10413 10424
10414 10461
10414 10491
10415 10481
10415 10494
10415 10429
10416 10426
10416 10473
10417 10467
10417 10469
10417 10509
10417 10471
10417 10465
10418 10480
10418 10496
10419 10506
10419 10515
10419 10436
10419 10480
10419 10454
10419 10490
10419 10449
10420 10486
10421 10505
10421 10483
10422 10495
10422 10455
10422 10457
10422 10518
10424 10482
10424 10470
10424 10447
10424 10512
10425 10471
10425 10439
10425 10462
10425 10499
10425 10506
10426 10452
10426 10455
10426 10465
10427 10489
10427 10448
10427 10520
10428 10488
10428 10434
10429 10444
10429 10525
10429 10521
10429 10465
10429 10460
10429 10448
10430 10446
10431 10433
10432 10501
10433 10485
10433 10504
10433 10481
10434 10486
10434 10523
10434 10455
10434 10516
10434 10459
10435 10459
10435 10465
10436 10524
10436 10502
10436 10478
10436 10480
10436 10477
10437 10530
10437 10466
10438 10515
10438 10499
10438 10439
10439 10521
10439 10500
10439 10445
10440 10513
10441 10482
10441 10484
10441 10464
10442 10519
10442 10468
10442 10499
10442 10473
10443 10529
10444 10458
10444 10472
10445 10446
10445 10519
10445 10503
10445 10471
10446 10506
10447 10453
10447 10503
10448 10520
10448 10457
10448 10453
10448 10468
10449 10456
10450 10456
10450 10517
10451 10528
10451 10475
10452 10460
10452 10510
10452 10496
10452 10535
10452 10488
10452 10471
10453 10463
10453 10507
10454 10463
10455 10456
10455 10507
10455 10530
10455 10538
10456 10533
10456 10497
10457 10504
10457 10542
10457 10486
10457 10475
10458 10535
10458 10462
10458 10500
10458 10552
10459 10469
10459 10546
10459 10519
10460 10505
10460 10540
10460 10524
10460 10518
10461 10471
10461 10493
10461 10490
10461 10509
10461 10476
10461 10486
10461 10494
10462 10488
10462 10468
10462 10515
10462 10509
10462 10498
10462 10464
10463 10547
10464 10516
10465 10548
10465 10530
10465 10560
10465 10498
10466 10499
10466 10475
10466 10556
10467 10551
10467 10554
10467 10498
10467 10497
10468 10505
10468 10501
10468 10535
10469 10480
10470 10516
10470 10531
10470 10532
10470 10482
10471 10484
10471 10538
10471 10563
10471 10545
10471 10560
10472 10511
10472 10513
10472 10546
10473 10480
10473 10527
10473 10493
10473 10569
10474 10522
10474 10479
10475 10514
10475 10562
10475 10524
10476 10481
10477 10536
10477 10562
10477 10526
10477 10485
10477 10532
10477 10559
10478 10559
10478 10567
10478 10527
10478 10560
10478 10537
10480 10527
10480 10520
10480 10567
10481 10510
10481 10533
10481 10568
10482 10568
10482 10538
10482 10495
10482 10551
10482 10528
10482 10570
10483 10545
10483 10526
10483 10567
10484 10552
10484 10539
10484 10530
10485 10522
10485 10581
10485 10490
10486 10494
10486 10513
10486 10514
10486 10549
10486 10550
10486 10501
10487 10571
10488 10539
10488 10515
10488 10512
10488 10582
10489 10579
10490 10563
10490 10537
10490 10546
10490 10530
10491 10505
10491 10519
10491 10498
10492 10541
10492 10587
10492 10516
10493 10517
10493 10582
10493 10587
10493 10570
10493 10561
10493 10541
10493 10544
10494 10514
10494 10580
10495 10513
10495 10528
10495 10566
10496 10585
10496 10556
10497 10510
10498 10504
10499 10536
10499 10519
10500 10589
10500 10585
10500 10556
10500 10510
10501 10550
10501 10580
10501 10507
10501 10547
10502 10514
10502 10582
10502 10518
10502 10549
10503 10570
10503 10507
10503 10506
10504 10597
10504 10549
10505 10597
10505 10544
10506 10602
10506 10554
10506 10580
10507 10546
10507 10532
10507 10556
10508 10530
10508 10571
10508 10509
10508 10523
10508 10537
10509 10540
10510 10576
10510 10582
10510 10566
10510 10558
10510 10532
10510 10550
10510 10512
10510 10515
10510 10521
10511 10565
10511 10582
10511 10524
10511 10519
10511 10548
10511 10563
10511 10550
10513 10549
10513 10528
10514 10578
10514 10577
10514 10574
10514 10525
10515 10588
10515 10537
10515 10568
10515 10579
10516 10570
10516 10546
10517 10587
10517 10598
10517 10520
10518 10610
10519 10595
10519 10562
10519 10543
10520 10585
10521 10555
10522 10532
10523 10588
10523 10524
10523 10553
10523 10582
10523 10548
10523 10525
10524 10577
10524 10552
10524 10583
10525 10527
10525 10616
10526 10540
10526 10619
10526 10616
10526 10610
10526 10611
10527 10599
10527 10534
10528 10603
10528 10547
10528 10573
10528 10575
10528 10580
10528 10610
10528 10530
10528 10558
10529 10560
10529 10538
10529 10583
10529 10555
10530 10533
10530 10542
10530 10606
10530 10532
10530 10584
10531 10540
10531 10580
10531 10591
10531 10542
10532 10549
10533 10572
10533 10620
10534 10598
10534 10551
10534 10583
10534 10586
10535 10568
10535 10619
10535 10543
10535 10593
10536 10603
10536 10560
10536 10631
10537 10562
10537 10579
10538 10586
10538 10633
10539 10619
10539 10571
10539 10635
10539 10569
10539 10580
10540 10608
10540 10623
10540 10544
10540 10617
10540 10580
10540 10602
10540 10551
10541 10580
10542 10631
10542 10557
10542 10543
10543 10634
10544 10634
10544 10620
10544 10575
10544 10546
10544 10625
10545 10577
10545 10593
10545 10639
10546 10603
10546 10602
10546 10595
10546 10586
10546 10619
10547 10609
10549 10566
10549 10588
10549 10638
10549 10554
10550 10607
10550 10557
10550 10570
10550 10564
10550 10632
10550 10596
10551 10602
10551 10558
10552 10618
10552 10619
10552 10623
10552 10629
10553 10605
10553 10632
10553 10560
10553 10610
10554 10638
10555 10648
10555 10569
10555 10627
10556 10608
10556 10575
10556 10578
10556 10611
10556 10603
10557 10572
10557 10565
10557 10587
10557 10640
10557 10638
10558 10579
10558 10630
10558 10576
10558 10605
10558 10587
10560 10582
10560 10584
10560 10640
10560 10566
10560 10575
10560 10570
10560 10611
10560 10645
10561 10570
10561 10565
10561 10572
10561 10631
10562 10649
10562 10654
10562 10616
10562 10627
10562 10575
10563 10632
10563 10629
10564 10566
10564 10619
10564 10641
10565 10583
10565 10580
10565 10619
10565 10623
10566 10655
10566 10641
10566 10573
10566 10626
10567 10570
10568 10576
10569 10607
10569 10610
10569 10583
10570 10609
10570 10584
10570 10573
10571 10643
10572 10576
10572 10586
10573 10650
10573 10594
10573 10595
10573 10629
10573 10646
10574 10588
10574 10577
10574 10596
10575 10591
10575 10593
10576 10662
10576 10639
10576 10586
10577 10628
10577 10606
10577 10667
10577 10601
10579 10593
10579 10609
10580 10629
10580 10583
10580 10667
10581 10660
10581 10654
10581 10583
10582 10668
10582 10639
10583 10638
10583 10645
10583 10619
10583 10630
10584 10601
10584 10617
10585 10611
10586 10606
10586 10638
10587 10654
10588 10679
10588 10644
10588 10620
10589 10669
10589 10652
10589 10632
10589 10677
10589 10662
10590 10591
10590 10663
10591 10627
10591 10604
10592 10668
10592 10675
10592 10646
10592 10638
10593 10595
10595 10615
10595 10631
10596 10610
10596 10598
10596 10658
10597 10671
10597 10646
10597 10613
10598 10671
10598 10627
10598 10653
10598 10686
10599 10622
10599 10665
10599 10687
10600 10676
10600 10666
10601 10647
10601 10685
10602 10691
10602 10667
10602 10687
10603 10616
10603 10643
10603 10678
10603 10685
10603 10676
10603 10650
10604 10609
10604 10673
10605 10674
10606 10626
10606 10695
10606 10609
10607 10635
10607 10653
10607 10658
10607 10688
10608 10685
10608 10635
10608 10670
10608 10624
10610 10638
10610 10625
10610 10674
10610 10661
10611 10686
10611 10675
10612 10696
10612 10641
10612 10685
10613 10669
10614 10632
10614 10708
10614 10636
10614 10700
10614 10634
10614 10624
10615 10683
10615 10627
10615 10656
10615 10693
10615 10705
10615 10651
10615 10631
10615 10710
10615 10673
10616 10696
10616 10674
10616 10669
10616 10624
10617 10628
10617 10706
10617 10682
10617 10699
10617 10636
10617 10667
10618 10695
10618 10685
10618 10659
10618 10707
10618 10666
10618 10709
10618 10626
10618 10655
10619 10650
10619 10713
10620 10663
10620 10622
10620 10686
10621 10670
10621 10699
10621 10648
10621 10716
10621 10696
10621 10658
10622 10674
10622 10681
10622 10639
10622 10696
10623 10630
10623 10641
10623 10649
10625 10691
10625 10660
10625 10637
10626 10720
10626 10691
10626 10637
10626 10638
10626 10659
10628 10638
10628 10690
10629 10714
10629 10671
10629 10646
10630 10654
10630 10669
10630 10673
10630 10650
10630 10664
10630 10719
10631 10707
10631 10708
10632 10656
10632 10681
10632 10647
10632 10713
10633 10644
10633 10704
10633 10711
10634 10721
10634 10701
10634 10697
10635 10656
10635 10699
10635 10664
10635 10724
10636 10715
10637 10717
10637 10712
10637 10690
10638 10655
10639 10703
10639 10653
10639 10690
10639 10640
10640 10650
10640 10695
10640 10675
10641 10652
10641 10728
10641 10724
10641 10677
10642 10721
10642 10647
10642 10719
10643 10714
10643 10660
10644 10730
10644 10672
10644 10653
10644 10669
10644 10667
10645 10731
10645 10717
10645 10736
10645 10684
10646 10689
10646 10732
10646 10660
10647 10650
10648 10649
10648 10700
10648 10657
10648 10743
10649 10656
10649 10709
10649 10703
10649 10737
10650 10661
10650 10742
10651 10736
10651 10703
10651 10693
10651 10659
10652 10687
10652 10701
10652 10727
10652 10693
10652 10683
10652 10670
10653 10741
10653 10704
10653 10721
10653 10658
10654 10683
10654 10675
10654 10734
10654 10736
10654 10688
10654 10665
10655 10746
10655 10659
10656 10707
10656 10662
10656 10747
10656 10659
10656 10708
10656 10748
10656 10705
10656 10680
10656 10675
10657 10700
10657 10751
10658 10675
10659 10732
10660 10671
10660 10682
10660 10683
10661 10739
10662 10685
10662 10731
10662 10742
10662 10699
10663 10681
10663 10702
10664 10718
10664 10760
10664 10751
10664 10667
10665 10693
10666 10725
10667 10758
10667 10736
10668 10670
10669 10740
10669 10728
10669 10677
10672 10760
10672 10680
10672 10701
10672 10749
10672 10683
10672 10725
10673 10695
10673 10761
10674 10750
10674 10729
10675 10690
10675 10739
10675 10727
10676 10720
10676 10705
10678 10696
10678 10741
10678 10721
10679 10680
10679 10712
10680 10708
10680 10719
10680 10732
10681 10757
10681 10720
10682 10748
10683 10753
10683 10743
10684 10765
10684 10697
10685 10735
10685 10765
10685 10736
10686 10703
10686 10753
10686 10721
10687 10694
10687 10741
10687 10744
10687 10719
10688 10747
10689 10778
10689 10701
10689 10748
10690 10744
10690 10784
10690 10716
10691 10785
10691 10734
10691 10744
10691 10709
10691 10740
10692 10772
10693 10709
10694 10699
10694 10779
10694 10764
10694 10774
10695 10759
10695 10748
10695 10771
10695 10776
10696 10755
10696 10710
10696 10726
10696 10774
10697 10782
10697 10778
10697 10735
10697 10766
10697 10704
10698 10708
10698 10776
10698 10734
10698 10766
10699 10789
10700 10707
10700 10709
10700 10766
10700 10759
10701 10795
10701 10724
10701 10760
10701 10722
10701 10756
10702 10725
10702 10745
10702 10719
10702 10703
10703 10751
10703 10799
10703 10737
10704 10725
10704 10759
10704 10711
10705 10800
10705 10715
10705 10751
10705 10737
10705 10791
10705 10730
10706 10720
10706 10727
10707 10745
10707 10754
10708 10778
10708 10793
10708 10790
10709 10737
10709 10767
10709 10792
10710 10774
10710 10711
10710 10739
10711 10728
10711 10790
10712 10805
10713 10758
10713 10761
10713 10762
10713 10740
10714 10777
10714 10805
10714 10803
10714 10783
10715 10725
10715 10805
10715 10721
10715 10809
10716 10793
10717 10789
10717 10793
10718 10805
10718 10760
10718 10745
10718 10723
10718 10808
10718 10792
10718 10800
10718 10744
10718 10725
10719 10800
10719 10743
10719 10760
10719 10757
10719 10808
10719 10792
10720 10770
10720 10787
10720 10760
10720 10775
10721 10773
10721 10784
10721 10738
10722 10808
10722 10740
10722 10746
10722 10741
10723 10735
10724 10820
10724 10791
10724 10749
10725 10756
10726 10799
10726 10797
10727 10804
10728 10729
10729 10739
10729 10735
10729 10740
10729 10811
10730 10752
10730 10748
10730 10745
10731 10737
10731 10801
10731 10755
10731 10794
10731 10764
10731 10760
10732 10806
10732 10800
10732 10799
10732 10741
10733 10759
10733 10764
10733 10807
10733 10804
10733 10805
10734 10783
10735 10822
10735 10806
10735 10740
10735 10784
10736 10808
10736 10807
10737 10774
10737 10741
10737 10794
10737 10782
10738 10820
10738 10794
10738 10742
10738 10804
10738 10748
10738 10822
10738 10821
10739 10829
10739 10745
10739 10814
10740 10755
10740 10825
10741 10780
10741 10787
10741 10783
10741 10790
10741 10796
10742 10764
10742 10837
10742 10769
10742 10754
10743 10748
10743 10761
10743 10758
10744 10813
10744 10772
10744 10827
10745 10747
10745 10757
10746 10828
10746 10804
10746 10770
10747 10825
10747 10814
10747 10750
10747 10822
10748 10831
10748 10811
10749 10783
10749 10830
10749 10836
10749 10816
10750 10759
10750 10814
10751 10815
10751 10819
10751 10766
10751 10833
10752 10790
10752 10786
10753 10788
10753 10801
10753 10780
10754 10836
10754 10775
10755 10787
10755 10848
10755 10843
10756 10792
10756 10796
10756 10798
10757 10759
10757 10779
10758 10769
10758 10822
10758 10764
10759 10849
10759 10812
10759 10820
10759 10789
10759 10798
10760 10816
10761 10838
10761 10835
10762 10812
10763 10848
10763 10842
10763 10784
10763 10798
10763 10813
10764 10810
10764 10785
10765 10796
10765 10801
10765 10781
10765 10768
10765 10786
10765 10860
10766 10830
10766 10858
10767 10819
10767 10777
10768 10840
10768 10771
10768 10778
10769 10825
10769 10835
10770 10826
10770 10810
10770 10815
10770 10796
10771 10839
10771 10801
10772 10864
10772 10809
10773 10836
10773 10795
10773 10849
10773 10828
10773 10811
10773 10851
10774 10866
10774 10832
10774 10787
10774 10820
10774 10856
10775 10800
10775 10843
10776 10804
10776 10861
10776 10833
10777 10786
10777 10837
10778 10800
10778 10830
10778 10817
10779 10857
10779 10836
10779 10835
10779 10807
10779 10868
10780 10807
10780 10863
10780 10842
10780 10801
10780 10834
10781 10804
10782 10859
10782 10872
10782 10816
10783 10846
10783 10860
10783 10849
10783 10828
10784 10831
10784 10858
10784 10788
10784 10786
10785 10815
10785 10875
10786 10794
10786 10823
10786 10820
10786 10854
10786 10866
10786 10852
10786 10841
10787 10811
10788 10843
10788 10790
10789 10861
10789 10801
10789 10839
10790 10815
10790 10807
10790 10856
10790 10812
10790 10794
10791 10838
10792 10803
10792 10798
10792 10859
10793 10880
10793 10815
10793 10869
10793 10870
10794 10811
10795 10876
10795 10868
10795 10870
10796 10811
10796 10812
10796 10828
10796 10848
10797 10869
10797 10890
10797 10809
10798 10817
10799 10862
10799 10853
10799 10828
10800 10817
10800 10818
10801 10866
10801 10869
10801 10895
10802 10846
10802 10874
10802 10824
10802 10847
10803 10863
10803 10878
10803 10891
10803 10848
10804 10852
10804 10814
10804 10896
10804 10837
10804 10815
10805 10831
10805 10849
10806 10860
10806 10823
10806 10811
10806 10845
10806 10838
10806 10839
10806 10858
10806 10883
10807 10858
10807 10869
10808 10828
10808 10818
10809 10832
10809 10815
10809 10859
10809 10885
10809 10887
10809 10872
10810 10853
10810 10832
10811 10906
10811 10891
10811 10882
10811 10885
10811 10834
10813 10858
10813 10845
10813 10909
10813 10856
10813 10828
10814 10878
10814 10824
10814 10856
10815 10852
10815 10889
10816 10830
10816 10879
10816 10900
10816 10850
10817 10875
10817 10831
10818 10901
10818 10844
10818 10827
10818 10829
10818 10824
10818 10888
10818 10903
10818 10895
10819 10857
10819 10881
10820 10911
10820 10836
10820 10872
10821 10852
10822 10891
10822 10840
10822 10835
10822 10861
10822 10918
10823 10912
10823 10843
10823 10840
10823 10834
10823 10862
10824 10856
10824 10859
10824 10853
10824 10846
10824 10829
10825 10920
10825 10917
10825 10912
10826 10922
10826 10832
10826 10865
10827 10881
10828 10844
10828 10832
10829 10914
10829 10860
10829 10901
10830 10882
10830 10885
10831 10888
10831 10927
10831 10836
10833 10863
10834 10864
10834 10888
10834 10847
10835 10867
10835 10837
10836 10858
10836 10860
10838 10857
10838 10925
10838 10855
10839 10884
10839 10928
10840 10918
10840 10913
10840 10936
10842 10920
10842 10913
10842 10933
10842 10935
10843 10925
10843 10845
10843 10909
10843 10859
10844 10853
10844 10900
10845 10853
10845 10891
10846 10888
10846 10883
10847 10928
10848 10851
10848 10934
10848 10918
10848 10935
10849 10918
10849 10859
10849 10881
10849 10868
10850 10916
10850 10915
10851 10897
10851 10893
10851 10916
10852 10885
10852 10925
10852 10941
10852 10896
10853 10899
10853 10914
10854 10883
10855 10940
10855 10872
10855 10948
10855 10877
10856 10857
10857 10887
10857 10947
10858 10921
10858 10925
10858 10923
10858 10896
10858 10922
10859 10906
10860 10905
10860 10874
10861 10936
10861 10882
10862 10915
10862 10957
10862 10868
10862 10930
10862 10874
10862 10916
10862 10900
10863 10884
10863 10889
10863 10896
10864 10956
10865 10867
10865 10868
10865 10957
10866 10930
10866 10884
10867 10938
10867 10873
10868 10911
10869 10896
10869 10937
10870 10878
10870 10899
10870 10914
10870 10962
10871 10900
10871 10912
10871 10959
10871 10931
10873 10934
10873 10911
10873 10878
10873 10925
10874 10944
10874 10962
10874 10876
10874 10879
10874 10961
10875 10908
10875 10968
10875 10900
10875 10937
10876 10945
10876 10941
10876 10904
10876 10947
10877 10966
10878 10933
10878 10967
10878 10896
10878 10908
10878 10880
10878 10946
10879 10965
10879 10930
10879 10947
10879 10899
10880 10909
10880 10895
10880 10974
10880 10932
10880 10962
10880 10954
10881 10955
10881 10929
10882 10951
10882 10959
10882 10976
10883 10888
10883 10940
10885 10912
10885 10893
10885 10903
10885 10926
10885 10961
10886 10914
10886 10974
10886 10934
10887 10899
10888 10908
10888 10910
10889 10960
10889 10983
10892 10988
10892 10950
10892 10900
10893 10915
10893 10974
10893 10978
10893 10896
10894 10980
10894 10971
10894 10908
10895 10921
10895 10951
10895 10914
10895 10934
10896 10921
10896 10992
10896 10950
10896 10989
10896 10977
10896 10909
10896 10900
10896 10923
10897 10907
10898 10921
10898 10977
10898 10906
10898 10962
10898 10950
10899 10972
10899 10932
10899 10953
10899 10979
10900 10968
10900 10971
10901 10914
10901 10994
10901 10942
10901 10982
10901 10908
10902 10904
10902 10908
10902 10984
10902 10983
10902 10934
10902 10978
10903 10973
10903 10959
10903 10948
10903 10955
10904 10954
10906 10942
10906 10963
10906 10946
10906 10984
10907 10945
10908 10992
10908 10922
10908 10940
10908 10993
10909 11005
10909 10962
10909 10992
10910 10940
10910 10985
10910 10943
10910 10984
10911 10981
10911 10948
10912 10968
10912 10951
10912 10918
10912 10946
10912 10972
10912 11002
10913 10967
10913 10932
10915 10989
10915 10960
10916 10939
10917 10991
10917 10956
10917 10953
10918 10993
10918 10930
10919 10955
10919 10975
10920 10942
10920 10950
10920 10954
10921 10990
10921 10963
10921 10977
10922 10961
10922 10946
10922 10964
10922 11015
10922 10979
10922 11010
10922 10969
10922 10982
10923 10941
10923 10987
10923 10927
10923 10972
10924 11018
10924 10940
10925 10935
10925 11020
10925 11006
10926 10964
10926 11015
10926 10935
10926 10979
10927 10981
10927 10975
10927 10962
10928 11022
10928 10933
10928 10969
10928 10976
10929 10931
10929 10979
10929 10938
10929 10983
10930 10942
10930 10939
10930 11012
10931 11002
10931 11023
10932 10966
10932 11016
10932 11001
10932 10982
10933 10973
10934 10939
10934 10949
10935 11001
10935 10978
10935 10993
10936 10974
10936 10967
10936 10969
10936 10989
10936 11030
10936 11014
10936 10993
10936 11010
10937 11032
10937 11014
10937 11017
10937 11027
10938 11003
10938 11008
10938 11020
10938 10939
10938 10947
10940 11018
10941 11022
10941 10989
10941 10992
10941 10980
10942 10990
10942 10974
10943 10995
10943 10952
10944 10949
10944 11027
10944 11025
10944 10976
10944 11026
10944 11021
10945 11026
10945 11000
10946 10980
10947 10959
10947 11042
10947 10966
10948 10977
10948 11015
10948 10995
10949 10957
10949 10953
10949 11022
10950 11037
10951 11012
10951 10995
10951 10963
10951 11041
10951 11039
10952 11023
10952 10967
10952 11038
10952 11016
10952 11011
10952 11025
10953 11034
10953 11029
10954 10986
10954 11048
10954 10983
10955 11048
10956 10973
10956 10999
10956 11008
10956 10988
10957 10971
10957 11053
10957 11052
10957 11008
10958 10975
10958 10999
10958 11042
10959 11040
10960 10974
10961 10974
10961 11029
10961 11053
10962 11045
10962 11041
10963 10984
10963 10965
10963 10976
10963 11054
10963 11021
10963 11032
10965 11030
10965 11027
10965 10994
10965 11029
10965 11039
10965 11019
10966 11044
10966 10974
10966 11035
10967 11058
10967 11021
10967 10982
10968 10982
10968 10974
10969 11003
10970 11060
10970 11032
10970 11015
10970 10993
10971 11031
10971 11063
10972 11065
10972 11054
10973 11041
10973 11029
10974 11002
10974 11058
10974 11000
10974 11069
10976 11056
10976 11026
10976 11041
10976 11039
10976 11057
10976 11053
10976 11031
10976 11044
10977 11001
10977 10985
10977 11051
10977 11069
10977 11063
10977 11029
10978 10991
10978 11049
10978 11058
10979 10998
10979 11034
10979 10996
10980 10989
10980 11024
10980 11043
10980 11011
10981 11017
10981 11043
10982 11018
10982 11036
10982 11068
10982 11057
10982 11077
10983 11015
10983 11004
10984 11051
10984 11026
10985 11006
10985 11067
10985 11076
10985 11079
10986 10993
10986 11050
10986 11060
10986 11052
10986 11046
10986 11032
10986 11065
10986 11037
10987 11014
10987 11016
10987 11057
10987 11018
10988 11025
10988 11056
10988 11050
10989 11061
10989 11079
10990 11014
10990 11032
10991 11028
10992 11031
10992 11012
10992 11058
10992 10993
10993 11067
10993 11016
10994 11087
10994 11059
10994 11000
10995 11023
10995 11012
10995 11045
10996 11086
10996 11008
10996 11088
10997 11024
10998 11086
10998 11040
10998 11047
10998 11019
10999 11094
10999 11077
10999 11062
10999 11050
11000 11028
11000 11093
11000 11040
11000 11001
11000 11043
11001 11052
11001 11095
11001 11002
11002 11028
11002 11046
11002 11007
11002 11022
11002 11064
11002 11092
11003 11085
11003 11040
11003 11048
11004 11066
11004 11089
11004 11078
11005 11072
11006 11077
11006 11086
11007 11074
11007 11025
11007 11048
11007 11072
11007 11083
11007 11029
11008 11041
11008 11034
11008 11043
11009 11035
11010 11020
11010 11076
11011 11106
11011 11105
11012 11047
11012 11030
11012 11033
11013 11096
11013 11069
11013 11109
11013 11048
11014 11075
11014 11061
11014 11069
11016 11081
11017 11029
11017 11030
11017 11061
11017 11080
11017 11074
11018 11110
11018 11092
11018 11088
11019 11097
11019 11055
11020 11068
11020 11034
11020 11073
11020 11076
11020 11084
11021 11041
11022 11052
11023 11059
11025 11084
11025 11115
11025 11045
11025 11086
11025 11102
11026 11051
11027 11048
11028 11063
11028 11040
11028 11073
11028 11064
11029 11046
11029 11107
11030 11109
11030 11043
11031 11111
11031 11102
11032 11115
11032 11079
11032 11033
11033 11064
11033 11035
11033 11114
11033 11104
11034 11038
11035 11073
11036 11074
11036 11088
11036 11064
11037 11108
11038 11067
11039 11069
11039 11098
11039 11105
11040 11067
11041 11108
11041 11067
11041 11123
11041 11083
11042 11097
11042 11125
11042 11105
11042 11096
11042 11130
11042 11073
11043 11079
11043 11077
11044 11062
11044 11077
11044 11132
11044 11051
11044 11137
11045 11078
11045 11047
11045 11101
11046 11095
11046 11100
11046 11068
11046 11127
11047 11136
11047 11061
11048 11058
11048 11139
11049 11056
11049 11076
11050 11125
11050 11080
11051 11058
11052 11118
11052 11139
11053 11063
11053 11120
11053 11116
11054 11136
11054 11103
11055 11088
11055 11131
11056 11138
11056 11137
11056 11118
11056 11114
11056 11109
11056 11058
11056 11120
11057 11147
11057 11137
11058 11142
11058 11110
11058 11127
11059 11131
11059 11152
11060 11062
11060 11090
11060 11143
11060 11126
11060 11128
11060 11083
11061 11093
11061 11076
11061 11153
11062 11127
11062 11150
11063 11135
11063 11121
11064 11106
11064 11157
11064 11068
11064 11124
11064 11117
11064 11076
11066 11116
11066 11088
11067 11104
11067 11106
11067 11142
11068 11076
11068 11090
11068 11099
11068 11122
11068 11159
11069 11095
11069 11130
11069 11125
11069 11076
11069 11084
11069 11158
11069 11096
11070 11084
11070 11072
11070 11111
11071 11167
11071 11117
11071 11075
11071 11152
11071 11145
11072 11149
11073 11150
11076 11093
11076 11128
11077 11158
11077 11161
11077 11108
11078 11111
11078 11108
11079 11175
11079 11150
11079 11124
11079 11128
11079 11123
11080 11122
11081 11132
11081 11142
11081 11173
11082 11101
11082 11093
11082 11096
11083 11132
11083 11128
11083 11160
11083 11085
11084 11150
11084 11121
11084 11090
11084 11100
11084 11122
11085 11132
11086 11135
11086 11109
11086 11174
11087 11132
11087 11166
11087 11123
11088 11107
11088 11154
11088 11176
11089 11146
11089 11152
11089 11161
11089 11141
11089 11169
11090 11148
11090 11136
11090 11178
11090 11180
11090 11158
11091 11134
11091 11146
11092 11184
11092 11095
11092 11173
11092 11170
11092 11162
11092 11127
11093 11152
11094 11129
11094 11189
11094 11116
11094 11182
11095 11158
11095 11172
11096 11130
11096 11175
11096 11111
11096 11176
11097 11134
11097 11154
11097 11111
11097 11127
11097 11166
11098 11193
11098 11134
11098 11135
11099 11182
11099 11181
11099 11152
11100 11196
11100 11114
11100 11138
11100 11169
11100 11113
11102 11121
11103 11154
11103 11179
11103 11158
11103 11119
11104 11174
11105 11140
11106 11195
11106 11167
11106 11144
11106 11152
11107 11163
11107 11113
11107 11175
11107 11168
11107 11145
11107 11138
11108 11182
11108 11109
11108 11188
11108 11149
11108 11147
11108 11155
11109 11132
11109 11111
11110 11138
11110 11151
11111 11159
11111 11145
11112 11190
11113 11163
11114 11173
11114 11183
11114 11200
11115 11144
11115 11154
11115 11145
11115 11176
11116 11129
11116 11183
11116 11173
11117 11193
11117 11135
11117 11204
11118 11147
11118 11211
11118 11159
11118 11194
11118 11169
11119 11187
11119 11167
11119 11198
11120 11175
11120 11156
11121 11216
11121 11171
11121 11130
11121 11191
11122 11209
11122 11145
11122 11138
11123 11134
11123 11197
11124 11141
11124 11166
11124 11126
11124 11184
11124 11144
11125 11160
11125 11153
11126 11149
11126 11209
11126 11137
11126 11211
11126 11143
11127 11223
11127 11159
11127 11218
11127 11144
11127 11189
11128 11147
11128 11201
11129 11200
11129 11212
11129 11162
11129 11166
11130 11213
11130 11218
11130 11152
11130 11187
11131 11223
11131 11194
11131 11167
11131 11169
11131 11212
11131 11185
11132 11164
11132 11145
11132 11181
11132 11144
11133 11164
11133 11195
11134 11209
11134 11154
11134 11153
11134 11192
11134 11135
11134 11180
11134 11219
11134 11207
11135 11222
11135 11149
11135 11169
11136 11196
11136 11218
11136 11228
11136 11209
11137 11194
11137 11219
11137 11199
11137 11232
11138 11150
11139 11213
11140 11235
11141 11183
11141 11173
11142 11161
11142 11164
11142 11205
11143 11149
11143 11152
11144 11210
11145 11207
11145 11173
11145 11158
11146 11158
11146 11241
11147 11183
11147 11174
11147 11166
11147 11205
11147 11158
11148 11214
11148 11188
11148 11237
11149 11200
11149 11214
11149 11163
11149 11173
11149 11164
11150 11206
11150 11182
11150 11211
11150 11162
11150 11213
11150 11200
11151 11222
11151 11180
11151 11183
11151 11231
11152 11184
11152 11201
11152 11216
11153 11202
11154 11171
11154 11218
11154 11203
11155 11193
11155 11159
11156 11169
11156 11201
11156 11252
11158 11200
11158 11247
11158 11238
11159 11255
11159 11210
11160 11168
11160 11226
11160 11162
11160 11251
11160 11194
11162 11255
11162 11245
11162 11224
11162 11178
11162 11233
11163 11208
11164 11195
11164 11201
11164 11188
11164 11187
11164 11239
11165 11183
11165 11254
11165 11259
11165 11255
11166 11211
11166 11231
11166 11169
11166 11253
11166 11174
11167 11218
11167 11255
11168 11194
11168 11218
11168 11180
11168 11215
11168 11227
11169 11218
11169 11244
11169 11242
11170 11176
11171 11204
11172 11190
11172 11235
11173 11216
11173 11247
11174 11241
11174 11207
11174 11243
11174 11250
11174 11191
11175 11199
11175 11216
11176 11230
11176 11214
11177 11240
11177 11261
11179 11202
11179 11269
11180 11245
11180 11208
11180 11271
11180 11187
11180 11247
11180 11209
11181 11207
11181 11195
11182 11210
11182 11190
11182 11274
11182 11266
11182 11273
11183 11194
11183 11204
11183 11240
11184 11270
11184 11232
11184 11215
11184 11212
11184 11266
11184 11210
11184 11223
11185 11192
11185 11224
11186 11213
11187 11205
11187 11274
11188 11281
11188 11249
11189 11253
11189 11199
11190 11240
11190 11254
11190 11269
11191 11205
11191 11261
11192 11275
11192 11220
11192 11222
11192 11245
11192 11286
11192 11195
11193 11230
11193 11212
11193 11262
11193 11275
11193 11268
11194 11247
11194 11245
11194 11238
11195 11274
11195 11225
11196 11258
11197 11244
11197 11265
11197 11221
11198 11215
11198 11235
11199 11259
11199 11274
11199 11219
11199 11243
11199 11232
11200 11229
11200 11286
11201 11278
11201 11280
11201 11284
11201 11297
11201 11254
11201 11256
11201 11206
11201 11213
11202 11270
11202 11253
11202 11287
11203 11277
11203 11266
11203 11248
11204 11246
11204 11290
11204 11254
11205 11298
11205 11239
11206 11258
11206 11254
11206 11286
11206 11279
11206 11221
11207 11275
11207 11298
11207 11222
11208 11230
11208 11255
11209 11274
11209 11223
11210 11302
11210 11221
11210 11305
11210 11239
11211 11241
11211 11303
11211 11212
11212 11304
11212 11245
11213 11286
11213 11247
11214 11251
11214 11286
11214 11225
11214 11255
11215 11225
11215 11257
11215 11230
11215 11282
11216 11282
11216 11242
11217 11222
11217 11284
11217 11294
11217 11272
11218 11261
11218 11226
11219 11300
11219 11269
11219 11293
11221 11265
11221 11290
11221 11250
11221 11300
11222 11298
11222 11314
11223 11244
11224 11285
11225 11243
11226 11284
11226 11246
11226 11277
11226 11285
11227 11310
11228 11258
11229 11301
11230 11301
11231 11245
11231 11237
11231 11243
11231 11326
11231 11291
11231 11325
11231 11303
11232 11287
11232 11237
11232 11257
11233 11299
11233 11303
11234 11275
11235 11296
11235 11281
11235 11321
11236 11281
11236 11332
11237 11254
11238 11334
11238 11245
11238 11256
11239 11240
11239 11333
11239 11309
11239 11248
11240 11299
11240 11272
11240 11329
11240 11280
11241 11270
11241 11256
11242 11245
11243 11338
11243 11318
11243 11314
11243 11244
11243 11268
11244 11260
11244 11317
11244 11337
11244 11313
11245 11252
11245 11294
11246 11285
11247 11340
11247 11326
11247 11311
11248 11299
11248 11293
11249 11293
11249 11320
11250 11331
11250 11278
11250 11309
11250 11313
11251 11320
11251 11331
11251 11344
11251 11280
11251 11255
11251 11314
11251 11337
11251 11332
11251 11322
11251 11319
11252 11295
11252 11264
11252 11322
11253 11321
11253 11330
11253 11315
11253 11300
11254 11282
11254 11342
11254 11259
11254 11326
11255 11291
11255 11345
11255 11322
11255 11333
11256 11342
11257 11283
11257 11332
11257 11350
11258 11278
11258 11338
11259 11311
11259 11281
11259 11348
11259 11302
11259 11320
11260 11350
11260 11303
11260 11342
11260 11327
11260 11284
11260 11276
11260 11329
11261 11300
11262 11341
11262 11307
11262 11301
11262 11298
11262 11309
11263 11297
11263 11285
11263 11301
11264 11350
11264 11295
11264 11354
11265 11359
11265 11298
11265 11310
11265 11327
11265 11273
11265 11352
11265 11272
11266 11290
11266 11272
11266 11313
11267 11328
11267 11279
11267 11278
11268 11307
11268 11269
11268 11272
11269 11332
11269 11296
11270 11359
11270 11301
11271 11292
11272 11290
11272 11320
11273 11360
11273 11312
11273 11347
11274 11323
11274 11276
11274 11334
11274 11279
11275 11317
11275 11345
11275 11326
11275 11294
11275 11305
11275 11280
11276 11357
11276 11336
11277 11372
11277 11335
11277 11315
11277 11314
11279 11330
11279 11302
11279 11319
11280 11365
11280 11350
11280 11291
11280 11327
11281 11328
11281 11368
11281 11312
11281 11350
11282 11315
11282 11283
11282 11307
11282 11328
11282 11332
11283 11285
11284 11296
11284 11324
11284 11342
11285 11316
11285 11367
11285 11331
11286 11346
11286 11323
11286 11363
11286 11353
11286 11298
11286 11326
11287 11376
11287 11357
11287 11358
11288 11331
11288 11301
11289 11367
11290 11335
11290 11365
11290 11325
11290 11330
11290 11353
11291 11304
11292 11364
11292 11363
11292 11313
11292 11304
11292 11319
11292 11314
11293 11309
11293 11314
11294 11333
11295 11380
11297 11353
11297 11331
11298 11327
11298 11348
11298 11308
11299 11315
11299 11377
11300 11344
11300 11341
11300 11343
11301 11332
11301 11393
11301 11350
11302 11329
11302 11365
11302 11328
11302 11373
11303 11344
11303 11313
11303 11346
11304 11351
11304 11343
11304 11393
11304 11400
11305 11309
11305 11367
11305 11373
11306 11356
11306 11315
11306 11387
11307 11338
11307 11327
11307 11314
11307 11371
11308 11372
11308 11359
11309 11400
11309 11362
11310 11331
11311 11407
11312 11317
11312 11344
11312 11385
11312 11370
11312 11330
11312 11390
11312 11349
11313 11323
11313 11332
11314 11385
11314 11328
11316 11387
11316 11405
11316 11399
11316 11358
11317 11326
11317 11388
11318 11390
11318 11399
11318 11319
11318 11359
11319 11368
11319 11354
11320 11333
11320 11402
11320 11361
11320 11325
11321 11389
11321 11338
11321 11405
11322 11326
11322 11394
11323 11408
11323 11353
11323 11379
11323 11331
11324 11399
11324 11372
11324 11380
11324 11406
11325 11340
11325 11394
11325 11359
11325 11414
11325 11374
11326 11363
11326 11393
11327 11348
11327 11344
11328 11347
11329 11408
11329 11398
11329 11362
11329 11357
11330 11417
11330 11361
11330 11406
11330 11392
11330 11396
11330 11349
11331 11345
11331 11381
11332 11341
11332 11428
11332 11349
11332 11397
11333 11428
11333 11338
11334 11403
11334 11418
11334 11367
11334 11396
11335 11349
11335 11412
11335 11338
11336 11390
11336 11405
11336 11370
11337 11369
11337 11377
11337 11402
11337 11344
11337 11368
11338 11419
11338 11374
11338 11343
11339 11423
11339 11391
11340 11383
11340 11389
11341 11432
11342 11374
11342 11438
11342 11396
11343 11395
11343 11402
11343 11380
11343 11370
11343 11420
11344 11411
11344 11349
11344 11394
11344 11397
11345 11359
11345 11376
11345 11404
11345 11351
11346 11350
11347 11410
11347 11419
11347 11391
11348 11389
11348 11440
11348 11425
11349 11434
11350 11416
11350 11364
11351 11412
11351 11391
11351 11362
11351 11438
11351 11396
11351 11444
11352 11445
11353 11367
11354 11448
11354 11377
11354 11368
11355 11366
11356 11437
11356 11434
11357 11452
11357 11402
11358 11395
11358 11392
11358 11411
11358 11391
11359 11429
11359 11413
11360 11432
11360 11434
11360 11440
11360 11389
11360 11374
11360 11369
11361 11407
11361 11380
11361 11441
11362 11399
11362 11366
11363 11449
11364 11430
11364 11458
11364 11373
11364 11377
11365 11380
11365 11414
11365 11434
11366 11458
11366 11435
11366 11420
11367 11410
11367 11400
11367 11425
11367 11424
11368 11384
11368 11424
11368 11393
11368 11388
11369 11370
11369 11379
11370 11455
11370 11391
11370 11422
11370 11460
11370 11396
11371 11391
11371 11414
11371 11420
11371 11459
11371 11446
11372 11409
11373 11430
11373 11415
11374 11388
11375 11431
11375 11414
11375 11404
11376 11440
11376 11383
11376 11423
11376 11395
11376 11455
11377 11432
11377 11436
11377 11465
11377 11468
11378 11384
11378 11466
11379 11475
11379 11458
11379 11398
11380 11395
11380 11467
11380 11433
11380 11469
11381 11424
11381 11475
11381 11395
11382 11395
11382 11416
11382 11459
11382 11430
11382 11431
11383 11429
11383 11418
11383 11446
11385 11390
11385 11460
11385 11461
11386 11409
11386 11421
11386 11394
11387 11396
11388 11406
11388 11413
11388 11430
11388 11481
11389 11404
11389 11428
11390 11462
11390 11448
11391 11477
11392 11436
11393 11438
11393 11421
11393 11442
11394 11416
11394 11453
11394 11468
11395 11480
11395 11490
11396 11417
11396 11459
11396 11449
11396 11470
11396 11431
11397 11422
11398 11424
11398 11459
11398 11489
11398 11404
11398 11420
11399 11435
11399 11457
11399 11462
11399 11424
11400 11496
11400 11452
11401 11462
11401 11415
11402 11447
11403 11417
11403 11481
11404 11449
11405 11489
11405 11480
11405 11477
11405 11424
11405 11416
11406 11489
11407 11479
11407 11443
11407 11484
11407 11492
11408 11491
11409 11440
11409 11479
11409 11468
11410 11463
11410 11434
11411 11454
11411 11498
11411 11420
11411 11440
11411 11484
11412 11477
11412 11460
11412 11467
11413 11464
11413 11422
11413 11444
11413 11435
11413 11480
11414 11496
11414 11461
11414 11436
11414 11478
11415 11437
11415 11448
11415 11440
11415 11471
11416 11489
11416 11496
11416 11431
11416 11465
11416 11455
11417 11469
11417 11468
11418 11453
11418 11421
11418 11458
11419 11467
11419 11430
11419 11466
11420 11438
11421 11426
11421 11506
11422 11450
11422 11429
11422 11471
11422 11446
11423 11428
11423 11484
11423 11512
11424 11448
11424 11461
11425 11507
11425 11480
11425 11486
11426 11449
11426 11467
11426 11438
11426 11481
11426 11498
11426 11507
11426 11454
11427 11480
11427 11436
11427 11488
11427 11503
11428 11511
11428 11519
11428 11491
11429 11488
11429 11511
11430 11460
11430 11482
11430 11521
11430 11464
11430 11520
11431 11459
11431 11504
11431 11437
11432 11473
11432 11442
11432 11499
11433 11442
11434 11492
11434 11479
11434 11526
11434 11453
11434 11500
11435 11451
11435 11491
11436 11502
11436 11465
11436 11457
11436 11487
11437 11521
11437 11522
11437 11453
11437 11524
11438 11517
11438 11518
11438 11466
11438 11441
11438 11501
11438 11464
11439 11505
11439 11442
11440 11506
11440 11458
11440 11464
11441 11462
11441 11476
11441 11465
11442 11503
11442 11445
11442 11443
11442 11466
11443 11499
11443 11521
11443 11519
11444 11524
11444 11457
11444 11525
11445 11500
11445 11475
11445 11541
11446 11484
11446 11500
11446 11539
11447 11485
11447 11500
11448 11503
11448 11474
11448 11519
11449 11475
11449 11495
11449 11534
11449 11514
11450 11477
11450 11530
11450 11498
11450 11460
11451 11484
11451 11489
11451 11501
11452 11507
11453 11522
11453 11478
11454 11501
11454 11534
11454 11537
11454 11491
11455 11502
11455 11546
11457 11547
11457 11496
11457 11494
11457 11536
11458 11530
11459 11461
11459 11470
11460 11526
11460 11552
11461 11529
11462 11535
11462 11525
11462 11552
11462 11527
11462 11493
11462 11522
11463 11477
11463 11535
11463 11538
11464 11503
11464 11519
11464 11510
11464 11504
11465 11485
11465 11514
11465 11558
11466 11529
11467 11515
11467 11473
11467 11498
11467 11542
11468 11555
11468 11525
11468 11499
11469 11565
11469 11533
11470 11492
11470 11564
11470 11485
11471 11478
11472 11554
11472 11490
11472 11543
11472 11514
11473 11501
11473 11565
11473 11493
11474 11522
11474 11485
11475 11540
11475 11488
11475 11477
11475 11501
11475 11534
11475 11527
11476 11478
11476 11486
11477 11537
11477 11505
11478 11556
11478 11483
11478 11507
11478 11512
11478 11565
11478 11542
11479 11532
11479 11573
11480 11509
11480 11531
11480 11482
11480 11539
11480 11547
11481 11487
11481 11565
11481 11504
11481 11538
11481 11493
11482 11564
11483 11496
11483 11520
11483 11518
11483 11535
11483 11502
11483 11570
11484 11546
11484 11576
11484 11487
11485 11507
11485 11519
11485 11568
11486 11558
11486 11490
11486 11573
11486 11549
11487 11517
11487 11523
11487 11507
11488 11529
11488 11566
11488 11569
11488 11570
11488 11513
11489 11561
11490 11491
11491 11524
11491 11578
11491 11544
11491 11549
11492 11550
11492 11509
11493 11495
11493 11521
11493 11579
11493 11547
11493 11527
11494 11573
11494 11513
11494 11556
11494 11586
11495 11533
11495 11496
11495 11522
11496 11583
11496 11541
11496 11551
11496 11577
11496 11513
11497 11518
11498 11536
11498 11504
11499 11516
11499 11595
11499 11553
11499 11587
11500 11519
11502 11598
11502 11551
11503 11510
11503 11533
11503 11556
11503 11519
11503 11565
11503 11589
11503 11538
11504 11590
11505 11591
11505 11506
11506 11550
11506 11578
11506 11563
11507 11516
11507 11508
11507 11596
11507 11521
11508 11574
11508 11529
11508 11536
11509 11581
11509 11527
11509 11555
11510 11534
11511 11596
11511 11590
11511 11523
11511 11549
11512 11573
11512 11569
11512 11608
11513 11525
11513 11558
11514 11550
11514 11531
11515 11536
11515 11586
11515 11549
11515 11593
11516 11534
11516 11540
11516 11529
11516 11565
11517 11532
11517 11545
11517 11558
11518 11605
11518 11584
11518 11586
11518 11557
11518 11613
11518 11590
11518 11558
11518 11540
11519 11563
11519 11522
11519 11531
11520 11546
11520 11573
11520 11529
11521 11554
11521 11547
11521 11523
11522 11546
11522 11597
11522 11586
11522 11567
11522 11618
11523 11566
11523 11538
11523 11575
11523 11525
11523 11547
11523 11572
11524 11560
11524 11553
11524 11612
11524 11525
11524 11567
11524 11552
11524 11533
11524 11561
11525 11546
11525 11542
11525 11604
11525 11556
11525 11580
11526 11587
11526 11573
11526 11593
11527 11600
11527 11532
11527 11544
11528 11600
11529 11556
11529 11572
11529 11547
11529 11611
11530 11578
11530 11612
11531 11603
11532 11604
11532 11539
11532 11559
11532 11587
11532 11576
11532 11611
11533 11546
11533 11610
11533 11568
11533 11586
11533 11561
11534 11604
11534 11564
11534 11566
11535 11577
11536 11592
11537 11541
11537 11579
11537 11605
11537 11616
11538 11587
11538 11541
11539 11554
11539 11611
11539 11600
11540 11635
11540 11622
11540 11594
11542 11587
11542 11571
11542 11550
11543 11566
11543 11585
11543 11588
11544 11566
11544 11604
11545 11634
11545 11569
11545 11584
11545 11603
11547 11551
11547 11599
11547 11594
11548 11613
11548 11635
11548 11550
11549 11615
11550 11613
11550 11601
11551 11588
11551 11624
11552 11628
11552 11608
11552 11566
11552 11557
11552 11633
11552 11581
11552 11583
11553 11575
11553 11587
11553 11590
11553 11580
11553 11572
11553 11618
11553 11634
11554 11650
11554 11575
11554 11574
11554 11602
11555 11593
11555 11637
11556 11594
11556 11582
11556 11569
11557 11590
11558 11601
11558 11588
11558 11586
11558 11638
11558 11574
11559 11597
11559 11631
11559 11633
11560 11628
11560 11583
11560 11610
11561 11638
11561 11576
11561 11641
11561 11578
11561 11631
11562 11575
11562 11649
11562 11605
11563 11568
11564 11610
11564 11571
11564 11614
11565 11642
11565 11587
11565 11617
11566 11636
11566 11568
11566 11600
11566 11615
11566 11637
11566 11642
11567 11643
11567 11610
11567 11652
11568 11581
11568 11635
11568 11574
11568 11602
11569 11655
11569 11570
11569 11656
11570 11653
11570 11597
11570 11649
11571 11597
11571 11591
11571 11575
11571 11630
11571 11665
11571 11617
11572 11662
11572 11626
11572 11583
11572 11593
11572 11601
11572 11641
11572 11595
11572 11597
11573 11638
11573 11658
11573 11661
11573 11610
11573 11584
11575 11605
11575 11591
11575 11604
11575 11624
11576 11663
11576 11632
11577 11596
11577 11601
11578 11644
11578 11597
11578 11583
11578 11667
11578 11621
11578 11642
11580 11638
11581 11624
11581 11645
11581 11640
11581 11651
11581 11632
11581 11656
11582 11649
11582 11593
11582 11650
11582 11671
11582 11592
11583 11646
11583 11624
11583 11666
11583 11589
11583 11620
11584 11666
11584 11603
11585 11594
11585 11657
11586 11661
11586 11642
11587 11600
11587 11602
11587 11681
11588 11676
11588 11646
11589 11680
11589 11597
11590 11607
11590 11614
11590 11654
11590 11636
11590 11618
11590 11599
11591 11685
11591 11629
11592 11597
11592 11624
11593 11643
11593 11621
11593 11655
11594 11668
11594 11616
11595 11622
11595 11684
11596 11668
11597 11629
11597 11671
11597 11650
11597 11628
11598 11631
11598 11614
11599 11639
11599 11682
11599 11654
11600 11618
11601 11608
11601 11613
11601 11616
11601 11634
11601 11689
11602 11695
11602 11692
11603 11639
11603 11686
11604 11626
11604 11623
11605 11638
11605 11694
11605 11677
11605 11626
11606 11621
11606 11652
11606 11653
11606 11672
11606 11693
11607 11670
11608 11636
11608 11672
11608 11693
11609 11703
11609 11687
11609 11628
11610 11674
11611 11652
11611 11693
11612 11623
11612 11632
11612 11692
11612 11676
11612 11641
11612 11618
11613 11672
11613 11676
11615 11633
11615 11692
11617 11645
11617 11629
11617 11668
11617 11650
11618 11626
11618 11661
11618 11645
11619 11640
11620 11674
11620 11652
11620 11716
11621 11690
11621 11625
11621 11708
11621 11673
11622 11636
11622 11640
11622 11628
11622 11695
11622 11656
11623 11670
11623 11698
11623 11673
11623 11680
11624 11628
11624 11687
11624 11656
11624 11702
11627 11722
11627 11638
11627 11697
11627 11690
11627 11673
11627 11699
11627 11702
11627 11632
11628 11723
11628 11653
11628 11686
11628 11656
11629 11643
11630 11659
11630 11710
11630 11694
11630 11660
11630 11646
11631 11657
11631 11727
11631 11714
11632 11707
11632 11697
11632 11666
11632 11648
11633 11710
11633 11660
11633 11664
11633 11720
11633 11674
11633 11634
11633 11704
11633 11658
11634 11660
11634 11714
11634 11717
11634 11663
11634 11639
11634 11649
11635 11695
11635 11720
11635 11642
11635 11672
11636 11720
11636 11700
11636 11699
11637 11671
11637 11643
11637 11673
11637 11719
11638 11712
11638 11709
11639 11693
11639 11648
11639 11714
11640 11656
11640 11725
11641 11649
11641 11705
11641 11713
11642 11728
11643 11737
11643 11721
11643 11674
11643 11718
11643 11644
11643 11654
11644 11656
11644 11711
11644 11653
11644 11655
11644 11667
11644 11716
11644 11734
11645 11693
11645 11668
11646 11730
11647 11688
11647 11718
11647 11715
11647 11661
11648 11675
11648 11743
11648 11673
11648 11687
11648 11711
11648 11705
11649 11691
11649 11654
11649 11721
11649 11703
11650 11692
11650 11713
11651 11663
11652 11740
11653 11709
11653 11686
11653 11671
11654 11685
11654 11747
11654 11665
11655 11748
11655 11705
11655 11703
11655 11677
11656 11747
11656 11665
11656 11660
11656 11745
11657 11718
11657 11720
11657 11701
11657 11710
11657 11712
11658 11723
11658 11751
11658 11714
11658 11750
11658 11674
11658 11748
11658 11709
11658 11730
11659 11743
11659 11688
11660 11684
11660 11694
11660 11750
11660 11661
11661 11722
11661 11710
11661 11697
11661 11754
11661 11707
11661 11674
11661 11740
11662 11741
11662 11692
11662 11716
11662 11714
11663 11669
11663 11736
11663 11667
11664 11754
11664 11710
11664 11686
11665 11679
11665 11678
11665 11721
11666 11712
11666 11758
11667 11696
11667 11763
11667 11691
11667 11718
11668 11764
11668 11693
11668 11718
11668 11702
11668 11676
11669 11747
11669 11760
11669 11714
11669 11702
11669 11698
11670 11738
11670 11711
11671 11678
11672 11742
11672 11722
11672 11763
11673 11691
11673 11729
11673 11765
11674 11725
11674 11758
11674 11728
11674 11762
11674 11709
11675 11678
11675 11736
11675 11750
11675 11753
11676 11759
11676 11749
11676 11710
11677 11742
11677 11699
11678 11747
11678 11683
11678 11723
11679 11764
11679 11732
11680 11690
11680 11767
11680 11708
11681 11684
11681 11744
11681 11761
11683 11764
11683 11704
11683 11778
11683 11747
11683 11716
11683 11684
11684 11746
11684 11707
11684 11774
11684 11709
11685 11729
11685 11741
11685 11730
11685 11721
11685 11772
11685 11715
11685 11781
11685 11723
11686 11698
11686 11733
11686 11740
11686 11748
11686 11731
11686 11704
11687 11711
11687 11742
11687 11767
11687 11735
11687 11692
11687 11697
11688 11748
11688 11727
11688 11771
11688 11718
11688 11697
11689 11721
11689 11732
11690 11739
11690 11731
11690 11763
11691 11731
11691 11703
11691 11763
11691 11769
11692 11770
11692 11728
11693 11740
11693 11773
11693 11729
11693 11763
11694 11723
11694 11782
11694 11717
11695 11774
11696 11725
11696 11770
11697 11768
11697 11703
11698 11725
11698 11762
11698 11733
11699 11793
11699 11740
11699 11718
11700 11724
11700 11736
11700 11730
11700 11701
11700 11728
11702 11784
11702 11743
11702 11717
11702 11783
11702 11768
11702 11712
11703 11732
11703 11722
11704 11766
11704 11741
11704 11718
11704 11710
11704 11757
11705 11777
11705 11788
11705 11735
11705 11716
11706 11757
11706 11744
11706 11763
11707 11779
11707 11782
11707 11774
11709 11760
11709 11804
11709 11733
11709 11792
11710 11759
11710 11802
11710 11746
11710 11798
11710 11762
11710 11742
11711 11775
11711 11797
11711 11755
11712 11722
11712 11803
11713 11767
11713 11736
11713 11743
11713 11794
11713 11751
11714 11796
11714 11808
11714 11774
11715 11778
11715 11773
11715 11785
11715 11811
11716 11735
11716 11736
11716 11793
11717 11723
11717 11787
11717 11727
11718 11754
11718 11766
11719 11784
11719 11742
11719 11795
11719 11783
11719 11740
11720 11742
11720 11776
11720 11734
11720 11732
11721 11746
11721 11754
11722 11814
11722 11739
11723 11744
11723 11766
11723 11749
11723 11757
11724 11773
11725 11778
11726 11791
11726 11789
11726 11786
11726 11775
11726 11796
11726 11744
11727 11784
11727 11817
11727 11728
11727 11805
11727 11776
11728 11746
11728 11799
11728 11755
11729 11787
11729 11807
11729 11818
11729 11822
11729 11777
11730 11770
11730 11802
11731 11821
11731 11773
11731 11788
11731 11733
11732 11768
11732 11773
11732 11767
11732 11765
11732 11794
11733 11779
11734 11802
11734 11747
11734 11811
11734 11775
11734 11798
11734 11820
11734 11740
11735 11825
11735 11753
11736 11808
11736 11767
11737 11818
11737 11764
11737 11820
11738 11800
11738 11833
11738 11804
11738 11790
11738 11758
11739 11743
11739 11818
11739 11800
11739 11740
11739 11807
11740 11785
11740 11825
11740 11789
11740 11830
11741 11795
11741 11798
11741 11787
11741 11796
11741 11804
11742 11769
11742 11760
11742 11789
11742 11803
11743 11796
11743 11749
11743 11756
11743 11837
11743 11751
11744 11769
11745 11755
11745 11785
11745 11753
11745 11794
11745 11757
11745 11838
11746 11787
11746 11799
11746 11832
11746 11752
11747 11814
11747 11805
11747 11817
11747 11822
11748 11820
11748 11825
11748 11788
11749 11776
11749 11783
11750 11840
11750 11757
11750 11781
11750 11794
11751 11773
11752 11777
11752 11837
11752 11760
11753 11810
11753 11764
11753 11793
11753 11811
11755 11820
11755 11787
11756 11839
11756 11770
11756 11798
11756 11850
11756 11804
11756 11799
11758 11794
11758 11769
11758 11798
11758 11832
11759 11826
11759 11784
11760 11762
11760 11792
11761 11794
11761 11825
11761 11803
11761 11842
11762 11850
11762 11802
11763 11835
11763 11824
11764 11800
11764 11834
11764 11806
11765 11838
11765 11788
11765 11830
11766 11844
11766 11809
11767 11776
11767 11860
11767 11784
11768 11814
11768 11815
11768 11795
11769 11806
11769 11773
11770 11851
11770 11807
11770 11856
11771 11859
11772 11819
11772 11791
11773 11823
11773 11815
11773 11837
11774 11842
11774 11860
11774 11798
11774 11804
11775 11871
11775 11829
11775 11811
11776 11803
11776 11854
11776 11840
11777 11803
11777 11856
11777 11818
11778 11842
11778 11800
11778 11844
11778 11830
11779 11791
11779 11851
11779 11840
11780 11873
11780 11867
11780 11848
11780 11812
11780 11870
11780 11874
11781 11798
11781 11810
11781 11834
11782 11786
11782 11811
11782 11793
11783 11877
11784 11788
11784 11824
11784 11828
11784 11880
11784 11814
11787 11818
11787 11883
11788 11807
11788 11814
11789 11791
11789 11884
11789 11855
11790 11821
11790 11843
11791 11832
11792 11829
11792 11802
11792 11879
11792 11842
11792 11833
11792 11871
11792 11878
11793 11831
11794 11861
11795 11837
11795 11886
11796 11845
11796 11803
11797 11852
11797 11885
11797 11892
11798 11889
11798 11838
11798 11846
11799 11891
11799 11821
11800 11833
11800 11855
11800 11886
11801 11816
11801 11821
11801 11882
11803 11898
11803 11886
11805 11865
11805 11888
11806 11821
11806 11882
11806 11866
11807 11879
11807 11891
11808 11892
11808 11880
11809 11862
11809 11829
11809 11811
11810 11840
11811 11857
11811 11826
11811 11868
11811 11846
11812 11818
11812 11869
11812 11841
11812 11895
11814 11831
11815 11877
11815 11908
11815 11876
11816 11826
11817 11887
11817 11884
11817 11885
11818 11824
11818 11837
11818 11877
11818 11882
11819 11848
11819 11857
11820 11831
11820 11856
11820 11872
11821 11906
11821 11911
11821 11864
11822 11825
11822 11898
11822 11836
11823 11916
11823 11915
11823 11868
11824 11836
11824 11832
11824 11837
11824 11847
11825 11844
11825 11895
11825 11866
11825 11908
11825 11849
11825 11856
11826 11853
11826 11836
11827 11911
11827 11921
11827 11875
11827 11830
11827 11873
11828 11844
11828 11834
11828 11921
11829 11836
11829 11847
11830 11854
11830 11887
11830 11916
11830 11853
11830 11886
11831 11886
11831 11842
11831 11918
11831 11924
11832 11915
11832 11863
11832 11911
11833 11871
11833 11904
11833 11888
11833 11848
11834 11866
11834 11913
11835 11843
11835 11924
11835 11887
11835 11865
11835 11896
11836 11889
11836 11872
11836 11882
11837 11861
11837 11842
11837 11841
11838 11848
11838 11864
11839 11921
11839 11892
11840 11923
11840 11911
11840 11883
11841 11842
11841 11915
11841 11894
11841 11865
11842 11906
11842 11898
11842 11887
11842 11853
11843 11911
11843 11878
11843 11864
11843 11927
11843 11880
11843 11885
11844 11920
11844 11934
11844 11882
11844 11879
11844 11894
11845 11894
11845 11938
11845 11880
11845 11865
11846 11894
11846 11922
11846 11918
11846 11911
11846 11865
11846 11868
11846 11880
11847 11870
11848 11902
11848 11881
11848 11913
11849 11889
11849 11940
11849 11893
11849 11901
11849 11885
11849 11898
11850 11886
11850 11909
11851 11889
11851 11911
11851 11935
11852 11907
11852 11944
11852 11866
11853 11860
11854 11940
11854 11903
11855 11857
11855 11883
11855 11938
11855 11922
11855 11944
11856 11876
11856 11897
11856 11951
11856 11888
11857 11859
11858 11923
11858 11901
11858 11871
11858 11927
11858 11891
11860 11918
11861 11928
11861 11886
11862 11940
11862 11949
11862 11935
11862 11871
11862 11903
11863 11874
11863 11922
11863 11868
11864 11896
11864 11879
11864 11937
11865 11901
11865 11887
11866 11908
11867 11888
11867 11892
11867 11956
11868 11957
11868 11872
11868 11896
11868 11923
11868 11929
11868 11926
11869 11873
11869 11947
11869 11952
11869 11931
11869 11875
11870 11953
11870 11899
11871 11887
11871 11960
11871 11903
11871 11917
11871 11872
11871 11933
11872 11887
11872 11945
11873 11887
11874 11893
11874 11965
11874 11879
11875 11876
11875 11882
11875 11970
11875 11923
11875 11964
11875 11929
11876 11963
11877 11882
11878 11898
11878 11956
11878 11927
11879 11914
11880 11900
11880 11952
11880 11907
11880 11976
11881 11965
11881 11975
11882 11900
11882 11909
11883 11906
11883 11978
11884 11948
11885 11943
11885 11970
11885 11901
11885 11935
11885 11975
11885 11932
11885 11938
11886 11947
11886 11962
11886 11905
11886 11975
11886 11954
11887 11904
11887 11914
11887 11947
11887 11950
11887 11917
11888 11969
11888 11933
11888 11944
11888 11927
11889 11983
11889 11974
11889 11895
11890 11924
11890 11896
11891 11935
11891 11956
11891 11912
11893 11912
11894 11941
11894 11947
11894 11927
11894 11977
11894 11911
11894 11902
11894 11898
11894 11909
11894 11965
11895 11907
11895 11922
11897 11916
11897 11914
11897 11975
11898 11913
11898 11935
11899 11942
11899 11963
11899 11946
11899 11975
11899 11953
11900 11992
11900 11989
11900 11957
11901 11988
11901 11996
11902 11932
11902 11958
11902 11964
11903 11913
11904 11982
11904 11918
11905 11955
11905 11936
11905 11949
11906 11933
11906 11974
11906 11909
11908 11938
11908 11972
11908 11922
11908 11980
11908 11909
11908 11949
11909 11917
11910 11966
11910 11952
11910 11934
11910 11983
11910 11972
11911 11960
11911 11966
11911 11972
11911 11937
11912 11931
11912 11965
11912 11950
11912 11951
11912 11980
11912 11978
11912 11987
11912 11947
11913 11972
11913 11997
11913 11920
11913 11984
11914 11961
11915 11996
11915 12006
11916 11951
11916 12002
11916 11940
11916 11975
11917 12001
11918 11992
11918 12003
11918 11954
11918 11999
11919 12006
11919 11922
11919 11931
11919 11982
11919 11966
11920 11926
11920 12001
11921 12008
11921 11974
11921 11993
11922 11991
11922 11971
11922 11983
11922 11973
11922 12007
11922 11954
11922 12018
11923 11972
11923 11958
11923 11999
11924 12015
11924 12010
11925 11975
11925 12021
11925 11970
11926 11984
11926 11931
11926 11939
11927 11967
11927 11937
11928 12010
11928 11958
11929 11935
11929 11982
11929 11973
11930 12005
11930 11933
11930 11931
11930 11957
11931 11965
11931 11933
11931 12000
11931 11956
11932 12028
11932 12010
11932 11952
11932 11954
11933 11956
11933 11979
11933 11986
11933 11965
11933 11991
11933 12011
11934 12007
11934 11961
11934 12013
11934 11975
11935 11970
11935 11989
11936 11945
11936 12019
11936 11941
11937 11951
11937 12025
11937 11980
11938 11972
11938 11947
11938 11993
11938 11950
11939 11983
11939 11966
11939 11942
11940 11982
11940 12031
11940 11991
11940 11948
11940 12028
11940 11952
11941 11978
11941 11977
11941 11976
11941 11965
11942 12004
11942 11964
11942 11967
11943 12009
11943 11969
11943 11978
11943 12003
11943 12029
11943 12035
11944 12031
11944 11972
11944 12036
11945 12028
11945 12002
11945 11963
11945 11958
11946 12012
11946 11953
11947 11987
11947 11990
11947 11975
11948 11992
11948 11972
11948 12032
11948 11996
11949 11991
11949 12030
11949 11977
11949 11974
11950 12043
11950 11998
11951 11970
11952 11953
11952 11995
11952 11962
11952 11954
11952 12007
11953 11961
11953 11997
11953 12031
11954 12007
11954 11983
11954 12025
11955 12050
11956 11975
11956 11961
11956 11983
11956 11992
11956 12017
11957 12047
11957 12022
11958 11996
11958 11959
11958 11993
11959 11970
11959 12044
11959 11984
11960 11982
11960 12041
11960 12004
11960 11996
11960 12035
11960 12052
11961 12045
11961 12028
11961 11996
11961 11972
11961 12041
11962 12003
11962 11964
11962 12017
11963 11965
11963 12004
11963 12051
11964 12052
11964 12002
11964 12039
11964 11971
11964 11993
11964 11966
11964 12047
11965 12002
11965 11971
11966 11968
11966 12003
11967 12045
11967 11991
11967 12003
11968 12058
11968 12019
11969 11986
11970 12033
11970 12012
11970 12053
11970 12050
11970 12052
11970 11996
11971 12046
11971 12010
11971 12035
11971 11985
11971 12011
11972 12051
11972 12049
11972 11976
11972 12020
11972 12038
11973 12017
11973 12031
11973 12011
11973 11978
11973 12039
11974 12006
11974 12043
11974 11997
11975 11999
11975 12015
11975 11989
11976 11988
11976 12057
11976 12040
11976 12065
11976 11982
11976 12035
11977 12000
11977 11986
11978 12026
11978 12054
11978 11986
11978 12056
11979 11985
11979 12039
11979 12027
11980 12063
11980 12059
11982 12064
11983 12076
11983 12046
11984 12014
11984 11998
11985 12069
11985 12081
11985 12027
11985 12019
11986 12043
11986 12081
11986 12062
11986 12061
11986 12063
11987 12077
11988 11999
11988 12007
11988 12076
11988 12047
11988 12046
11989 12065
11989 12028
11990 12037
11990 12064
11990 12058
11991 12015
11991 12001
11992 11993
11992 12081
11992 12025
11992 12075
11992 12040
11992 12011
11993 12060
11993 11995
11993 11994
11993 12081
11993 12029
11993 12015
11993 12024
11995 12036
11995 12001
11996 12005
11996 12028
11996 12006
11996 12012
11996 12037
11996 12091
11997 12024
11997 12068
11997 12031
11997 12088
11998 12012
11998 12060
11998 12009
11998 12071
11998 12032
11999 12036
12000 12021
12001 12055
12001 12078
12001 12023
12001 12042
12002 12048
12002 12065
12002 12027
12002 12069
12003 12029
12004 12079
12004 12075
12004 12071
12006 12024
12006 12021
12006 12086
12006 12036
12006 12081
12007 12050
12007 12040
12007 12089
12008 12074
12008 12098
12008 12030
12008 12065
12009 12043
12009 12015
12009 12035
12009 12071
12009 12022
12009 12097
12009 12094
12010 12017
12010 12080
12010 12031
12010 12041
12010 12094
12011 12098
12011 12072
12011 12075
12011 12078
12011 12016
12012 12091
12012 12025
12012 12061
12012 12071
12013 12042
12013 12087
12014 12047
12014 12097
12014 12067
12014 12071
12015 12063
12016 12086
12017 12050
12017 12105
12017 12111
12017 12077
12017 12025
12018 12078
12019 12038
12019 12076
12019 12050
12019 12064
12019 12105
12019 12108
12020 12047
12021 12067
12021 12071
12021 12047
12022 12110
12022 12105
12022 12086
12023 12118
12023 12044
12024 12100
12024 12116
12024 12102
12024 12111
12025 12092
12025 12106
12025 12028
12025 12030
12025 12081
12026 12119
12027 12077
12027 12040
12027 12053
12027 12112
12028 12069
12028 12091
12028 12066
12028 12064
12028 12089
12029 12098
12029 12050
12030 12082
12030 12103
12030 12040
12031 12069
12031 12052
12031 12089
12031 12053
12033 12075
12033 12035
12033 12122
12033 12077
12034 12080
12035 12118
12035 12123
12035 12049
12035 12052
12036 12049
12036 12053
12036 12098
12036 12047
12036 12069
12037 12068
12037 12097
12038 12073
12039 12059
12040 12077
12040 12124
12042 12105
12042 12125
12042 12090
12043 12124
12043 12102
12044 12080
12044 12103
12044 12076
12045 12132
12045 12115
12045 12095
12045 12116
12045 12058
12046 12055
12046 12054
12046 12115
12046 12080
12046 12108
12047 12095
12047 12107
12047 12078
12047 12061
12047 12142
12047 12055
12048 12094
12048 12117
12049 12110
12049 12068
12049 12055
12050 12095
12050 12098
12050 12142
12051 12101
12051 12067
12051 12135
12051 12083
12051 12128
12052 12067
12052 12111
12053 12066
12053 12081
12053 12059
12053 12131
12054 12084
12054 12094
12054 12055
12054 12082
12055 12150
12056 12147
12056 12095
12057 12136
12057 12092
12057 12081
12057 12063
12058 12140
12058 12126
12058 12129
12059 12112
12059 12144
12059 12072
12059 12122
12059 12093
12059 12116
12061 12068
12061 12070
12061 12111
12061 12148
12062 12087
12063 12136
12063 12090
12063 12105
12063 12149
12065 12118
12065 12127
12066 12094
12066 12137
12067 12072
12067 12068
12067 12124
12068 12099
12069 12102
12069 12082
12069 12072
12069 12158
12070 12166
12070 12155
12070 12132
12070 12092
12071 12114
12071 12094
12071 12163
12072 12074
12072 12161
12072 12092
12072 12108
12073 12115
12075 12151
12076 12125
12076 12104
12076 12164
12076 12166
12076 12144
12077 12080
12077 12132
12078 12161
12078 12155
12078 12125
12078 12158
12078 12116
12078 12142
12079 12103
12079 12134
12079 12125
12079 12090
12079 12102
12079 12092
12080 12147
12081 12094
12081 12085
12081 12168
12082 12155
12082 12109
12082 12120
12082 12123
12083 12119
12083 12096
12083 12090
12083 12108
12083 12111
12083 12115
12084 12115
12084 12104
12085 12176
12085 12148
12085 12169
12085 12128
12085 12174
12085 12092
12085 12143
12085 12149
12085 12111
12085 12095
12086 12141
12087 12140
12087 12092
12088 12117
12088 12093
12088 12096
12089 12132
12089 12140
12089 12162
12090 12131
12090 12176
12090 12120
12091 12137
12091 12142
12091 12120
12091 12108
12092 12177
12092 12131
12092 12094
12092 12143
12092 12180
12093 12112
12094 12131
12094 12120
12094 12117
12094 12139
12095 12157
12095 12099
12095 12161
12095 12115
12095 12152
12095 12106
12096 12099
12096 12159
12096 12153
12097 12115
12097 12124
12097 12108
12098 12131
12099 12190
12099 12127
12099 12139
12099 12182
12099 12189
12099 12121
12100 12176
12100 12180
12100 12170
12100 12183
12100 12108
12101 12136
12101 12189
12102 12174
12103 12151
12103 12116
12103 12139
12104 12175
12104 12126
12104 12113
12104 12185
12105 12156
12105 12179
12106 12123
12106 12164
12106 12180
12107 12109
12107 12137
12108 12111
12109 12129
12109 12177
12110 12202
12110 12135
12110 12129
12111 12134
12111 12205
12111 12191
12112 12158
12112 12187
12112 12204
12112 12163
12112 12189
12112 12142
12115 12208
12115 12198
12116 12182
12116 12166
12116 12134
12117 12213
12117 12122
12117 12160
12117 12182
12117 12168
12118 12165
12118 12139
12119 12127
12119 12214
12119 12193
12120 12172
12120 12206
12121 12162
12121 12190
12121 12202
12122 12164
12122 12200
12122 12170
12122 12156
12122 12212
12123 12181
12123 12127
12123 12199
12123 12151
12123 12189
12124 12193
12126 12182
12126 12139
12126 12159
12127 12203
12127 12219
12127 12204
12128 12179
12128 12177
12128 12217
12128 12175
12129 12199
12129 12219
12130 12138
12130 12172
12130 12215
12131 12212
12131 12155
12131 12192
12131 12161
12132 12192
12132 12224
12132 12213
12133 12170
12133 12174
12133 12226
12134 12161
12134 12210
12134 12168
12134 12135
12134 12146
12135 12203
12136 12207
12136 12149
12137 12154
12137 12142
12138 12154
12138 12148
12139 12202
12139 12180
12140 12177
12140 12231
12141 12214
12141 12202
12142 12233
12142 12229
12142 12219
12142 12148
12143 12220
12143 12180
12144 12208
12144 12238
12144 12185
12145 12216
12145 12152
12145 12148
12145 12163
12145 12225
12146 12166
12146 12214
12147 12162
12147 12181
12148 12202
12148 12190
12148 12162
12149 12216
12149 12172
12149 12167
12150 12180
12150 12156
12151 12156
12152 12228
12152 12236
12153 12216
12153 12223
12153 12229
12153 12193
12153 12244
12154 12225
12155 12249
12155 12209
12155 12236
12156 12205
12156 12197
12158 12243
12158 12242
12158 12168
12159 12205
12159 12249
12159 12176
12159 12234
12160 12182
12160 12232
12160 12191
12161 12191
12161 12193
12161 12201
12161 12257
12161 12227
12162 12182
12163 12164
12163 12225
12163 12169
12164 12254
12164 12242
12165 12200
12166 12219
12166 12208
12167 12204
12167 12242
12168 12262
12168 12215
12168 12251
12168 12249
12170 12220
12170 12262
12170 12253
12170 12249
12170 12236
12170 12250
12172 12183
12172 12192
12172 12208
12173 12224
12173 12250
12173 12181
12173 12186
12174 12248
12174 12222
12174 12247
12175 12232
12175 12256
12175 12204
12176 12235
12176 12242
12176 12180
12176 12239
12176 12190
12176 12271
12177 12178
12177 12197
12177 12193
12177 12243
12178 12190
12178 12262
12179 12207
12179 12275
12179 12217
12180 12242
12180 12251
12180 12221
12181 12267
12181 12272
12181 12209
12181 12208
12181 12269
12182 12218
12182 12231
12182 12224
12182 12265
12182 12209
12183 12189
12184 12203
12184 12210
12185 12226
12185 12223
12185 12269
12185 12256
12186 12242
12186 12191
12186 12215
12187 12196
12187 12221
12188 12227
12188 12255
12188 12265
12188 12239
12188 12238
12189 12251
12189 12232
12189 12197
12190 12267
12191 12274
12191 12197
12191 12226
12191 12285
12192 12230
12192 12200
12192 12276
12192 12259
12192 12212
12193 12197
12193 12266
12194 12229
12194 12255
12194 12272
12195 12202
12195 12200
12195 12220
12195 12281
12195 12254
12195 12228
12195 12276
12195 12214
12196 12238
12196 12265
12196 12212
12196 12275
12197 12257
12197 12244
12197 12200
12197 12284
12198 12213
12199 12245
12199 12260
12200 12267
12200 12201
12200 12293
12201 12293
12201 12296
12204 12285
12204 12220
12204 12267
12204 12296
12205 12245
12205 12243
12205 12300
12205 12275
12205 12232
12206 12255
12206 12286
12206 12227
12207 12222
12207 12213
12208 12234
12208 12270
12208 12224
12209 12290
12209 12278
12209 12238
12210 12306
12210 12268
12210 12247
12210 12245
12210 12263
12211 12262
12211 12281
12211 12272
12212 12292
12212 12250
12212 12264
12212 12240
12212 12283
12212 12295
12213 12255
12214 12289
12215 12302
12215 12290
12215 12309
12215 12310
12215 12250
12215 12260
12216 12284
12216 12308
12216 12270
12217 12280
12217 12299
12217 12254
12217 12298
12217 12238
12217 12301
12218 12288
12218 12301
12218 12280
12219 12301
12219 12248
12219 12239
12220 12271
12221 12245
12221 12289
12222 12285
12222 12313
12222 12297
12222 12272
12223 12256
12223 12308
12223 12302
12224 12318
12224 12233
12224 12225
12224 12257
12224 12305
12224 12272
12225 12269
12225 12259
12225 12237
12225 12317
12225 12281
12226 12228
12226 12231
12226 12322
12226 12280
12226 12320
12226 12265
12226 12253
12226 12269
12226 12295
12227 12236
12228 12296
12228 12302
12229 12240
12229 12306
12229 12309
12230 12239
12230 12283
12230 12293
12230 12268
12231 12240
12231 12236
12232 12269
12232 12258
12233 12248
12233 12309
12235 12257
12235 12259
12235 12305
12235 12320
12236 12290
12236 12267
12237 12321
12237 12273
12237 12245
12237 12251
12237 12329
12238 12278
12238 12316
12238 12329
12239 12263
12239 12282
12239 12291
12240 12248
12241 12321
12241 12265
12241 12259
12241 12295
12241 12304
12242 12301
12242 12313
12243 12291
12243 12297
12243 12276
12243 12317
12243 12300
12244 12328
12244 12245
12244 12330
12245 12336
12245 12279
12246 12294
12246 12342
12246 12289
12247 12325
12247 12302
12247 12274
12247 12270
12247 12273
12247 12248
12248 12304
12248 12343
12248 12282
12249 12285
12249 12274
12249 12323
12250 12324
12250 12264
12250 12309
12251 12316
12251 12294
12251 12307
12251 12302
12252 12313
12253 12314
12254 12322
12254 12292
12255 12297
12255 12309
12255 12282
12256 12320
12256 12339
12256 12345
12256 12327
12256 12350
12257 12328
12257 12338
12258 12289
12258 12303
12258 12338
12259 12341
12259 12331
12260 12304
12260 12326
12260 12327
12261 12267
12262 12271
12262 12282
12262 12304
12263 12319
12263 12345
12263 12353
12263 12286
12264 12306
12264 12339
12264 12291
12264 12305
12264 12351
12264 12300
12265 12272
12265 12340
12265 12284
12266 12318
12266 12319
12266 12281
12267 12344
12267 12289
12268 12326
12268 12288
12268 12311
12268 12301
12269 12272
12269 12294
12269 12296
12270 12337
12270 12280
12270 12287
12271 12360
12271 12306
12271 12350
12271 12283
12271 12316
12272 12290
12272 12302
12272 12340
12272 12343
12273 12295
12273 12365
12274 12317
12274 12315
12275 12313
12276 12357
12276 12342
12276 12307
12276 12365
12277 12296
12277 12287
12278 12369
12278 12341
12278 12299
12279 12312
12279 12357
12280 12289
12280 12344
12280 12292
12280 12351
12280 12294
12281 12284
12282 12326
12282 12370
12282 12358
12283 12347
12283 12312
12284 12380
12284 12331
12284 12303
12284 12313
12284 12321
12285 12374
12285 12351
12286 12306
12286 12300
12287 12377
12287 12300
12288 12360
12288 12304
12288 12361
12289 12294
12289 12293
12289 12327
12289 12316
12289 12329
12289 12374
12290 12369
12290 12321
12290 12354
12290 12335
12290 12327
12291 12387
12293 12341
12293 12352
12293 12379
12293 12324
12294 12299
12294 12362
12294 12320
12294 12377
12294 12357
12295 12329
12296 12320
12296 12331
12296 12303
12296 12333
12296 12302
12296 12308
12297 12390
12297 12376
12297 12314
12298 12382
12298 12352
12298 12361
12299 12338
12299 12379
12300 12323
12300 12391
12300 12340
12301 12381
12302 12368
12302 12349
12302 12316
12304 12389
12304 12356
12304 12384
12305 12313
12305 12363
12306 12341
12307 12400
12309 12365
12309 12361
12309 12326
12309 12387
12309 12327
12309 12399
12309 12381
12310 12357
12310 12322
12311 12346
12312 12335
12312 12395
12313 12366
12313 12340
12313 12368
12314 12329
12314 12320
12314 12334
12314 12353
12314 12350
12314 12340
12315 12381
12315 12366
12315 12335
12315 12377
12316 12332
12316 12343
12317 12382
12317 12405
12318 12327
12319 12380
12320 12375
12320 12390
12320 12356
12320 12321
12320 12334
12320 12371
12321 12347
12321 12408
12321 12389
12322 12351
12322 12387
12322 12372
12323 12417
12324 12330
12324 12329
12324 12333
12324 12344
12325 12377
12325 12354
12326 12332
12326 12393
12327 12360
12328 12373
12328 12336
12329 12363
12329 12386
12329 12374
12329 12400
12330 12393
12330 12347
12330 12424
12330 12337
12330 12359
12330 12351
12331 12370
12331 12364
12331 12394
12332 12413
12332 12333
12333 12345
12333 12348
12333 12356
12334 12354
12335 12410
12335 12400
12335 12350
12335 12413
12336 12346
12336 12344
12336 12360
12337 12354
12337 12387
12338 12382
12338 12432
12339 12379
12339 12404
12339 12344
12340 12432
12340 12374
12340 12430
12340 12435
12340 12361
12340 12390
12341 12409
12341 12355
12341 12383
12341 12435
12341 12397
12341 12349
12342 12346
12342 12396
12342 12344
12343 12389
12343 12413
12344 12428
12344 12403
12344 12389
12344 12373
12345 12380
12345 12359
12346 12422
12346 12378
12347 12433
12347 12382
12347 12412
12348 12367
12348 12390
12348 12369
12349 12366
12349 12362
12349 12424
12350 12367
12350 12419
12350 12385
12351 12414
12351 12434
12352 12438
12353 12439
12354 12360
12355 12384
12355 12364
12355 12375
12355 12390
12355 12379
12356 12363
12356 12384
12357 12417
12357 12434
12357 12389
12357 12426
12358 12429
12358 12426
12358 12378
12358 12376
12358 12406
12359 12431
12359 12413
12359 12373
12360 12441
12361 12415
12361 12374
12361 12433
12362 12451
12362 12387
12362 12385
12363 12427
12363 12421
12364 12460
12364 12367
12366 12439
12366 12369
12367 12426
12367 12381
12367 12407
12368 12451
12369 12381
12369 12399
12369 12404
12369 12440
12369 12411
12370 12389
12370 12424
12370 12391
12371 12413
12371 12406
12372 12383
12372 12467
12373 12374
12373 12389
12374 12469
12375 12441
12375 12396
12376 12399
12376 12453
12377 12464
12377 12388
12377 12422
12379 12475
12379 12404
12379 12408
12380 12456
12380 12449
12380 12391
12381 12410
12381 12418
12382 12387
12383 12442
12384 12398
12384 12449
12384 12435
12385 12397
12385 12392
12385 12391
12385 12418
12385 12405
12385 12452
12386 12461
12386 12420
12386 12460
12386 12472
12386 12445
12387 12479
12388 12467
12388 12456
12388 12410
12388 12453
12388 12441
12388 12428
12389 12483
12390 12401
12390 12449
12390 12412
12391 12393
12391 12474
12392 12476
12392 12436
12392 12451
12392 12450
12393 12442
12393 12468
12394 12434
12394 12441
12394 12466
12394 12438
12395 12475
12396 12463
12397 12468
12397 12445
12398 12492
12398 12469
12399 12426
12399 12490
12400 12456
12400 12458
12401 12448
12401 12417
12401 12444
12401 12467
12401 12419
12401 12423
12403 12489
12403 12453
12403 12493
12403 12457
12403 12446
12404 12493
12404 12415
12404 12457
12404 12489
12406 12458
12406 12421
12406 12450
12407 12455
12408 12440
12408 12502
12408 12482
12410 12423
12412 12505
12412 12443
12412 12438
12412 12472
12412 12486
12413 12474
12413 12490
12414 12502
12414 12446
12415 12472
12415 12455
12415 12462
12415 12445
12415 12494
12416 12506
12416 12471
12416 12492
12416 12458
12417 12463
12417 12508
12417 12448
12417 12466
12417 12423
12418 12423
12419 12467
12419 12445
12419 12508
12420 12500
12420 12483
12420 12432
12420 12473
12420 12468
12421 12466
12421 12461
12421 12471
12421 12444
12422 12450
12422 12517
12422 12482
12422 12461
12422 12457
12423 12465
12423 12484
12424 12490
12424 12457
12424 12497
12424 12503
12425 12489
12425 12500
12425 12437
12425 12475
12425 12429
12426 12514
12426 12481
12427 12441
12427 12438
12427 12516
12428 12478
12429 12456
12430 12434
12430 12452
12431 12519
12431 12491
12431 12435
12432 12485
12432 12449
12433 12506
12434 12496
12434 12450
12434 12439
12434 12472
12434 12481
12434 12440
12435 12444
12436 12501
12436 12447
12436 12453
12436 12517
12437 12477
12437 12481
12437 12527
12437 12457
12437 12480
12438 12503
12438 12516
12439 12498
12439 12450
12439 12520
12439 12487
12439 12457
12439 12519
12440 12461
12440 12468
12440 12462
12440 12509
12441 12526
12441 12477
12441 12459
12442 12453
12443 12450
12443 12462
12443 12461
12443 12508
12443 12506
12443 12522
12443 12481
12443 12536
12444 12535
12444 12499
12444 12460
12444 12465
12444 12456
12445 12519
12445 12456
12445 12470
12445 12534
12446 12447
12446 12502
12446 12448
12446 12540
12447 12508
12447 12457
12447 12481
12447 12525
12447 12453
12448 12475
12448 12495
12448 12463
12448 12512
12449 12515
12449 12537
12450 12539
12450 12509
12450 12530
12451 12535
12453 12513
12454 12478
12454 12507
12454 12486
12455 12506
12455 12491
12455 12489
12455 12458
12456 12466
12456 12542
12456 12550
12456 12511
12456 12513
12456 12469
12457 12525
12457 12538
12457 12510
12457 12542
12457 12529
12457 12479
12457 12471
12457 12478
12459 12511
12459 12484
12459 12521
12460 12555
12461 12484
12462 12491
12462 12544
12463 12555
12463 12468
12464 12524
12464 12509
12464 12496
12464 12498
12464 12548
12465 12519
12465 12505
12465 12472
12465 12485
12466 12538
12466 12495
12466 12551
12466 12547
12466 12521
12466 12471
12467 12542
12467 12508
12467 12474
12467 12515
12467 12516
12468 12494
12468 12501
12468 12478
12468 12476
12468 12564
12468 12540
12469 12488
12469 12486
12469 12560
12470 12495
12470 12538
12470 12520
12470 12544
12470 12566
12471 12567
12471 12556
12471 12477
12471 12526
12471 12492
12471 12515
12472 12481
12472 12556
12472 12568
12472 12515
12472 12516
12473 12480
12473 12505
12473 12485
12473 12499
12473 12484
12473 12565
12473 12559
12474 12560
12474 12536
12474 12529
12475 12508
12476 12500
12476 12501
12476 12547
12476 12537
12476 12481
12477 12504
12477 12505
12477 12534
12478 12564
12478 12539
12478 12520
12479 12542
12479 12557
12479 12480
12480 12547
12480 12522
12480 12494
12481 12564
12482 12558
12482 12552
12482 12514
12482 12496
12482 12504
12482 12573
12483 12569
12483 12575
12483 12544
12484 12500
12485 12487
12485 12512
12485 12537
12485 12504
12486 12538
12486 12487
12486 12577
12486 12563
12486 12570
12486 12519
12487 12507
12487 12549
12487 12522
12488 12502
12488 12522
12488 12551
12488 12550
12488 12506
12489 12575
12489 12543
12489 12565
12489 12518
12489 12524
12490 12564
12490 12495
12490 12537
12491 12509
12491 12552
12491 12505
12492 12575
12492 12576
12492 12503
12493 12582
12493 12567
12493 12565
12494 12549
12494 12570
12494 12542
12495 12497
12496 12580
12496 12533
12497 12591
12497 12551
12497 12515
12498 12537
12498 12532
12498 12506
12498 12558
12499 12588
12499 12559
12499 12530
12499 12522
12500 12525
12500 12571
12500 12532
12501 12511
12501 12525
12501 12524
12501 12504
12502 12540
12502 12582
12503 12550
12503 12579
12503 12594
12504 12590
12504 12597
12504 12566
12505 12592
12506 12598
12506 12537
12506 12520
12506 12575
12506 12602
12507 12525
12507 12565
12508 12556
12509 12532
12510 12515
12510 12592
12511 12601
12511 12602
12511 12592
12511 12518
12511 12523
12511 12534
12512 12568
12512 12555
12513 12604
12514 12543
12514 12572
12514 12594
12514 12527
12515 12551
12515 12581
12515 12537
12516 12592
12516 12524
12516 12535
12516 12611
12516 12608
12516 12610
12516 12552
12516 12607
12517 12532
12517 12547
12518 12572
12518 12586
12520 12589
12520 12560
12520 12583
12521 12542
12521 12529
12521 12579
12521 12590
12522 12528
12522 12548
12522 12553
12523 12527
12523 12569
12523 12588
12523 12602
12523 12524
12524 12579
12524 12545
12525 12576
12525 12573
12525 12600
12525 12579
12525 12548
12525 12556
12525 12526
12526 12584
12526 12613
12527 12575
12528 12547
12528 12622
12529 12561
12529 12580
12530 12572
12530 12597
12530 12602
12531 12588
12532 12593
12532 12552
12533 12597
12533 12560
12533 12569
12534 12560
12534 12607
12534 12570
12534 12623
12535 12555
12535 12578
12535 12557
12535 12599
12535 12564
12536 12587
12536 12576
12536 12599
12537 12552
12538 12613
12538 12632
12539 12542
12539 12554
12539 12604
12540 12626
12540 12548
12540 12577
12541 12566
12541 12557
12541 12550
12541 12579
12542 12579
12542 12556
12543 12568
12543 12570
12543 12566
12544 12560
12544 12587
12545 12596
12545 12576
12545 12587
12545 12558
12546 12625
12546 12605
12546 12626
12546 12610
12546 12618
12547 12632
12547 12642
12547 12624
12547 12572
12548 12568
12548 12602
12548 12580
12548 12561
12549 12633
12549 12574
12550 12576
12550 12625
12550 12629
12551 12555
12551 12564
12551 12614
12551 12559
12552 12586
12552 12601
12552 12617
12552 12638
12552 12576
12552 12593
12552 12563
12553 12587
12553 12563
12553 12626
12553 12644
12553 12629
12553 12576
12554 12611
12554 12616
12555 12604
12555 12597
12556 12652
12556 12619
12556 12586
12556 12626
12556 12646
12556 12603
12557 12631
12558 12648
12558 12615
12559 12630
12561 12651
12561 12568
12561 12653
12561 12599
12561 12589
12562 12653
12562 12575
12562 12574
12562 12627
12563 12616
12563 12575
12564 12658
12565 12655
12565 12650
12565 12611
12566 12659
12566 12579
12566 12593
12567 12617
12567 12627
12568 12644
12568 12657
12568 12658
12568 12653
12569 12647
12570 12618
12570 12626
12570 12587
12570 12578
12570 12654
12570 12605
12571 12623
12571 12604
12571 12625
12571 12598
12571 12617
12571 12601
12571 12611
12572 12610
12573 12603
12573 12662
12573 12658
12573 12649
12574 12577
12574 12612
12574 12579
12574 12613
12574 12604
12574 12620
12575 12659
12575 12623
12575 12602
12576 12608
12576 12628
12577 12593
12577 12641
12577 12647
12578 12628
12578 12602
12578 12638
12578 12640
12578 12586
12579 12640
12579 12654
12579 12606
12579 12613
12580 12660
12580 12626
12581 12611
12581 12659
12582 12616
12582 12610
12582 12600
12582 12590
12583 12670
12583 12665
12584 12591
12584 12646
12584 12619
12584 12609
12584 12632
12584 12677
12585 12617
12586 12626
12587 12664
12587 12623
12587 12595
12587 12617
12587 12642
12588 12642
12588 12668
12588 12620
12588 12613
12589 12639
12589 12619
12590 12598
12590 12639
12590 12626
12590 12602
12591 12668
12591 12644
12592 12675
12592 12647
12592 12596
12593 12670
12593 12644
12593 12661
12593 12680
12593 12686
12594 12614
12594 12678
12594 12636
12594 12689
12595 12640
12595 12666
12595 12624
12596 12625
12596 12669
12596 12627
12597 12631
12597 12598
12597 12649
12597 12666
12598 12605
12598 12650
12599 12617
12599 12643
12600 12615
12600 12695
12600 12654
12600 12642
12601 12607
12601 12626
12601 12675
12601 12670
12602 12618
12602 12671
12602 12697
12602 12657
12603 12695
12603 12655
12604 12644
12604 12635
12605 12614
12605 12633
12606 12632
12606 12655
12606 12682
12606 12622
12606 12678
12607 12631
12607 12657
12607 12689
12607 12671
12608 12614
12608 12659
12608 12633
12609 12657
12609 12705
12609 12655
12609 12680
12610 12676
12611 12657
12611 12704
12611 12630
12611 12626
12611 12669
12612 12637
12612 12629
12612 12646
12612 12624
12612 12694
12613 12648
12613 12646
12613 12626
12613 12615
12613 12657
12614 12702
12615 12628
12615 12625
12615 12650
12616 12686
12616 12655
12617 12628
12617 12695
12617 12651
12617 12683
12618 12677
12618 12713
12618 12694
12618 12656
12619 12635
12619 12698
12620 12668
12620 12622
12621 12633
12622 12649
12622 12674
12622 12661
12622 12702
12622 12642
12623 12650
12623 12695
12624 12666
12624 12645
12626 12698
12626 12637
12626 12644
12627 12635
12627 12669
12627 12670
12629 12679
12629 12641
12629 12664
12630 12717
12630 12676
12630 12700
12630 12689
12631 12668
12631 12725
12632 12682
12632 12656
12632 12702
12633 12678
12633 12643
12634 12714
12634 12707
12634 12640
12634 12683
12634 12688
12634 12651
12635 12690
12635 12670
12636 12698
12636 12712
12637 12719
12637 12723
12638 12656
12638 12645
12638 12730
12639 12726
12639 12735
12639 12710
12640 12654
12640 12685
12640 12733
12641 12705
12641 12728
12641 12714
12641 12687
12642 12712
12642 12690
12644 12725
12644 12706
12645 12734
12645 12676
12645 12658
12645 12708
12645 12655
12645 12729
12646 12649
12646 12663
12646 12733
12647 12723
12647 12713
12647 12707
12648 12662
12648 12694
12648 12686
12648 12723
12649 12703
12649 12738
12649 12708
12649 12722
12649 12697
12649 12691
12650 12728
12650 12689
12650 12738
12650 12662
12650 12672
12651 12658
12651 12694
12651 12688
12651 12724
12651 12742
12651 12665
12651 12723
12652 12682
12652 12733
12653 12687
12653 12730
12653 12672
12653 12703
12653 12673
12654 12708
12654 12669
12655 12748
12656 12722
12656 12746
12656 12687
12656 12696
12656 12736
12657 12661
12657 12712
12657 12679
12658 12711
12658 12672
12658 12708
12658 12704
12658 12674
12659 12682
12661 12666
12661 12677
12662 12726
12662 12747
12663 12753
12663 12703
12663 12718
12664 12754
12665 12675
12665 12670
12665 12760
12665 12697
12665 12673
12666 12743
12666 12754
12666 12723
12666 12748
12666 12750
12667 12693
12668 12752
12668 12758
12668 12759
12668 12723
12668 12735
12669 12727
12669 12728
12669 12761
12669 12683
12670 12694
12670 12752
12670 12681
12670 12742
12670 12700
12671 12756
12671 12729
12671 12700
12671 12736
12672 12714
12672 12764
12672 12755
12672 12766
12672 12711
12672 12730
12673 12696
12674 12726
12674 12699
12674 12704
12675 12739
12675 12715
12675 12763
12676 12742
12676 12770
12677 12705
12677 12750
12677 12688
12679 12713
12679 12699
12679 12756
12680 12728
12680 12741
12681 12706
12681 12697
12681 12748
12682 12738
12682 12778
12682 12728
12683 12760
12683 12755
12683 12747
12684 12761
12684 12715
12685 12746
12685 12728
12685 12770
12685 12756
12686 12775
12686 12731
12687 12696
12687 12767
12687 12735
12688 12700
12688 12739
12689 12713
12689 12725
12689 12716
12690 12776
12690 12766
12690 12706
12690 12765
12690 12751
12690 12722
12691 12746
12691 12785
12691 12745
12691 12712
12692 12720
12692 12698
12693 12754
12693 12767
12693 12698
12693 12730
12694 12731
12694 12744
12695 12742
12695 12754
12695 12724
12695 12778
12696 12734
12696 12774
12696 12721
12697 12755
12697 12747
12698 12703
12698 12780
12698 12702
12698 12707
12698 12755
12699 12736
12699 12753
12699 12752
12700 12736
12700 12727
12700 12722
12700 12790
12701 12702
12701 12703
12701 12728
12701 12725
12702 12779
12702 12723
12702 12715
12702 12740
12703 12775
12703 12770
12704 12771
12704 12786
12704 12747
12704 12777
12705 12762
12705 12765
12705 12747
12706 12750
12706 12757
12706 12730
12707 12770
12707 12783
12707 12731
12707 12758
12708 12719
12708 12795
12708 12732
12708 12725
12709 12788
12709 12736
12709 12711
12710 12783
12710 12763
12710 12747
12711 12798
12711 12769
12711 12745
12712 12735
12713 12789
12713 12729
12713 12784
12714 12782
12714 12718
12714 12804
12714 12772
12715 12723
12715 12762
12715 12738
12715 12754
12715 12803
12715 12767
12716 12792
12717 12758
12717 12725
12717 12740
12717 12783
12717 12743
12717 12763
12718 12742
12718 12755
12718 12780
12719 12781
12719 12726
12719 12795
12720 12770
12721 12802
12721 12741
12722 12806
12722 12781
12722 12737
12722 12732
12723 12814
12723 12739
12725 12748
12725 12749
12725 12729
12725 12766
12725 12821
12726 12757
12726 12739
12726 12819
12727 12817
12727 12751
12727 12734
12728 12740
12728 12794
12728 12824
12728 12822
12728 12766
12728 12801
12728 12808
12728 12805
12729 12768
12729 12770
12729 12788
12730 12816
12730 12793
12730 12785
12731 12772
12731 12780
12731 12753
12732 12804
12732 12822
12732 12758
12732 12741
12732 12771
12733 12741
12733 12746
12734 12790
12734 12748
12735 12825
12735 12760
12735 12789
12735 12767
12736 12792
12737 12802
12738 12780
12738 12762
12738 12803
12738 12748
12739 12779
12739 12757
12739 12750
12740 12776
12741 12751
12741 12825
12741 12755
12741 12822
12742 12826
12742 12806
12742 12834
12743 12820
12744 12754
12744 12811
12744 12783
12745 12830
12745 12777
12745 12819
12747 12815
12747 12780
12748 12764
12748 12754
12749 12788
12749 12836
12750 12773
12750 12828
12750 12764
12750 12816
12750 12814
12751 12822
12751 12809
12752 12784
12752 12802
12752 12840
12753 12834
12753 12803
12753 12781
12753 12770
12753 12779
12753 12805
12754 12818
12755 12792
12756 12762
12756 12839
12756 12771
12757 12840
12757 12810
12757 12847
12758 12805
12758 12804
12758 12762
12759 12761
12759 12827
12760 12812
12761 12851
12761 12769
12762 12832
12762 12846
12762 12775
12762 12829
12762 12815
12763 12799
12764 12830
12764 12784
12764 12851
12764 12797
12766 12854
12767 12850
12768 12814
12768 12822
12768 12829
12769 12818
12769 12774
12769 12858
12770 12794
12770 12844
12770 12827
12770 12781
12770 12862
12770 12808
12771 12799
12772 12795
12772 12773
12772 12797
12773 12854
12774 12833
12774 12860
12774 12839
12775 12848
12776 12791
12776 12826
12776 12816
12777 12790
12777 12806
12777 12784
12777 12863
12778 12809
12778 12873
12778 12864
12778 12819
12778 12851
12778 12845
12778 12782
12778 12814
12778 12827
12780 12830
12781 12787
12781 12790
12781 12859
12781 12833
12781 12784
12782 12793
12783 12851
12783 12804
12784 12870
12784 12842
12784 12794
12784 12817
12784 12797
12785 12819
12785 12881
12785 12786
12785 12792
12785 12815
12785 12818
12786 12862
12786 12848
12786 12851
12787 12817
12787 12822
12787 12844
12787 12852
12788 12880
12788 12820
12788 12854
12788 12823
12788 12801
12789 12793
12789 12810
12789 12868
12789 12794
12790 12880
12790 12818
12791 12864
12791 12860
12791 12835
12791 12886
12792 12843
12793 12856
12794 12883
12794 12846
12794 12876
12795 12803
12795 12816
12795 12871
12795 12854
12795 12812
12796 12874
12796 12856
12796 12820
12796 12818
12796 12827
12797 12884
12797 12828
12797 12876
12797 12823
12797 12804
12797 12827
12798 12878
12799 12814
12799 12872
12799 12834
12800 12863
12800 12884
12800 12869
12800 12886
12800 12812
12800 12826
12800 12822
12801 12825
12801 12851
12801 12804
12802 12813
12802 12844
12802 12893
12803 12885
12804 12894
12804 12870
12804 12891
12804 12862
12804 12885
12805 12865
12805 12894
12806 12827
12807 12878
12807 12838
12807 12847
12808 12827
12808 12902
12809 12818
12809 12855
12809 12866
12809 12882
12809 12875
12810 12825
12810 12898
12810 12863
12811 12853
12813 12853
12813 12822
12814 12821
12814 12820
12814 12815
12814 12828
12815 12816
12816 12895
12816 12837
12816 12879
12816 12828
12816 12833
12816 12892
12817 12818
12817 12879
12818 12908
12818 12863
12818 12909
12819 12843
12819 12876
12819 12831
12819 12904
12819 12891
12820 12904
12820 12883
12820 12828
12820 12849
12820 12827
12820 12874
12821 12838
12822 12852
12822 12889
12822 12829
12822 12913
12822 12839
12822 12855
12823 12875
12823 12830
12823 12888
12823 12833
12823 12824
12824 12832
12824 12831
12825 12900
12825 12886
12826 12849
12827 12906
12827 12852
12827 12833
12827 12846
12828 12915
12828 12898
12828 12887
12828 12851
12829 12842
12830 12889
12830 12894
12831 12923
12831 12905
12831 12872
12831 12875
12831 12851
12831 12903
12832 12916
12832 12833
12832 12855
12832 12880
12833 12897
12833 12845
12833 12893
12833 12902
12834 12883
12834 12924
12834 12895
12834 12857
12834 12902
12834 12887
12834 12853
12835 12838
12836 12841
12836 12858
12838 12864
12838 12914
12838 12841
12839 12877
12839 12844
12840 12898
12840 12878
12841 12886
12841 12868
12841 12877
12842 12927
12842 12878
12842 12866
12842 12913
12842 12898
12842 12922
12842 12895
12842 12877
12843 12924
12844 12921
12844 12914
12844 12907
12845 12907
12846 12895
12846 12848
12846 12936
12846 12920
12847 12939
12847 12856
12847 12910
12847 12931
12847 12923
12848 12878
12848 12918
12848 12864
12848 12944
12848 12849
12849 12911
12849 12917
12850 12942
12850 12937
12850 12878
12850 12908
12850 12928
12851 12853
12851 12863
12851 12911
12851 12935
12851 12939
12851 12866
12852 12930
12852 12921
12852 12858
12852 12883
12853 12946
12854 12861
12855 12916
12856 12903
12857 12905
12857 12915
12857 12872
12858 12915
12858 12898
12858 12868
12858 12893
12858 12903
12858 12928
12858 12910
12859 12906
12860 12940
12860 12900
12860 12951
12860 12949
12860 12901
12861 12880
12861 12926
12861 12881
12862 12919
12862 12912
12863 12872
12863 12871
12864 12910
12864 12887
12864 12906
12864 12900
12864 12947
12864 12889
12865 12883
12866 12908
12866 12880
12866 12868
12866 12873
12868 12934
12868 12873
12868 12929
12869 12919
12869 12925
12869 12945
12870 12963
12871 12935
12871 12885
12872 12934
12872 12943
12873 12893
12873 12937
12873 12882
12873 12927
12873 12930
12874 12924
12874 12914
12876 12916
12877 12909
12877 12880
12877 12948
12877 12883
12878 12893
12879 12905
12880 12963
12880 12884
12880 12943
12881 12945
12881 12932
12881 12965
12881 12944
12882 12939
12882 12899
12882 12930
12882 12956
12882 12924
12883 12933
12883 12932
12883 12912
12883 12927
12884 12950
12884 12960
12884 12898
12884 12917
12885 12932
12885 12927
12885 12912
12886 12980
12886 12918
12886 12976
12886 12945
12886 12938
12887 12929
12887 12980
12887 12906
12887 12944
12887 12919
12888 12905
12888 12953
12889 12935
12889 12914
12890 12940
12890 12971
12891 12911
12891 12940
12891 12959
12892 12986
12892 12933
12892 12980
12892 12931
12892 12964
12893 12942
12893 12967
12893 12972
12893 12922
12894 12937
12894 12981
12894 12986
12894 12982
12895 12934
12896 12923
12896 12910
12896 12899
12896 12985
12897 12964
12897 12905
12897 12980
12897 12925
12897 12959
12898 12933
12898 12989
12898 12916
12898 12910
12900 12995
12900 12972
12900 12963
12901 12938
12902 12981
12902 12962
12902 12939
12902 12989
12902 12917
12902 12950
12903 12926
12903 12941
12903 12981
12903 12968
12903 12994
12903 12934
12903 12924
12904 12959
12904 12926
12904 12950
12905 12932
12905 12977
12905 12969
12905 12999
12905 12930
12905 12949
12906 12954
12906 12958
12907 12967
12908 12922
12908 12976
12908 12910
12909 12949
12909 12962
12909 12919
12911 12954
12911 12931
12911 12951
12911 12965
12911 12953
12912 12917
12912 12954
12913 12996
12914 12924
12914 12969
12914 12954
12914 12918
12914 13003
12914 12983
12914 12991
12914 12956
12915 12935
12915 12979
12915 12936
12915 12919
12917 12999
12917 13001
12918 12924
12919 12943
12920 12975
12920 12967
12920 12955
12920 12998
12920 12928
12920 12945
12920 12929
12921 12973
12921 12983
12921 12935
12921 12925
12922 12925
12922 12923
12922 13016
12922 12954
12922 12933
12922 12985
12923 13012
12923 12984
12924 13020
12924 12991
12925 13012
12925 12961
12925 12927
12926 12930
12926 12986
12926 12993
12926 12973
12927 12930
12927 13022
12927 12946
12927 12982
12927 12979
12927 12984
12928 12994
12928 12968
12929 12942
12929 12956
12929 13008
12930 13020
12930 13007
12931 13000
12931 12952
12931 12944
12931 12973
12931 12977
12931 13010
12932 12975
12932 12986
12932 12982
12933 12963
12933 13017
12933 13029
12934 12983
12935 12945
12935 13020
12935 12982
12936 12958
12936 12954
12936 12994
12936 12973
12937 12985
12937 13028
12937 12979
12938 12962
12938 12948
12938 13014
12938 13012
12939 13015
12939 13021
12939 12962
12939 12999
12940 12987
12941 13013
12941 12957
12941 12950
12941 12967
12942 13020
12942 13006
12942 13026
12942 12973
12942 12978
12943 13030
12943 13011
12943 12956
12944 12966
12944 12987
12945 12991
12945 12964
12946 12974
12946 13038
12946 12977
12946 12960
12947 12958
12947 13017
12947 12980
12947 12992
12949 13043
12949 12974
12950 13038
12950 12963
12950 12981
12951 12960
12951 13012
12952 12983
12952 13040
12952 13005
12952 13032
12953 13012
12953 12996
12953 12979
12953 12973
12954 13004
12955 12979
12955 13037
12955 13013
12956 13009
12957 13009
12957 13052
12957 13017
12957 13037
12958 13027
12958 13006
12958 12994
12959 13020
12959 13055
12960 13034
12960 12978
12960 13014
12961 13051
12961 13009
12963 13043
12963 13025
12963 13017
12963 12998
12964 13004
12964 12993
12964 12974
12965 13042
12965 13037
12965 13035
12967 12979
12967 12973
12967 13054
12968 12975
12969 12977
12970 13054
12971 12988
12971 12975
12972 12992
12972 13041
12972 12974
12973 13037
12973 13061
12973 13004
12974 13005
12975 12977
12976 13014
12976 13051
12977 12990
12977 13016
12977 13051
12977 13006
12978 13054
12978 13045
12978 13056
12979 13012
12979 12996
12979 13069
12980 13029
12980 13068
12981 13036
12981 13045
12981 13044
12981 13063
12981 13055
12981 13071
12982 12995
12982 12989
12983 13012
12983 12993
12984 13015
12984 13065
12985 13021
12985 13033
12985 13071
12986 13032
12986 13023
12986 13067
12986 12997
12987 13056
12987 13054
12987 13046
12987 13057
12988 13034
12988 13068
12988 13061
12988 13051
12989 13007
12989 13003
12989 13077
12990 13027
12990 13059
12990 13004
12991 13085
12991 13041
12992 13019
12992 13022
12992 13026
12993 13059
12993 13081
12993 13021
12993 13082
12994 13033
12995 13041
12995 13091
12995 13088
12995 13018
12996 13035
12996 13062
12997 13013
12997 13009
12998 13003
12998 13082
12998 13089
12998 13006
12998 12999
12999 13077
12999 13075
12999 13078
13001 13047
13001 13077
13002 13025
13002 13070
13002 13082
13002 13004
13003 13021
13003 13041
13003 13023
13003 13028
13004 13095
13004 13056
13004 13015
13004 13020
13004 13032
13004 13009
13006 13064
13006 13040
13006 13046
13006 13069
13007 13021
13008 13091
13008 13095
13008 13051
13008 13026
13008 13067
13009 13012
13009 13053
13009 13088
13009 13097
13009 13036
13009 13023
13009 13054
13009 13017
13010 13090
13010 13023
13011 13102
13012 13051
13012 13087
13013 13044
13013 13085
13013 13077
13013 13023
13013 13045
13014 13061
13014 13034
13014 13052
13014 13024
13014 13071
13015 13097
13015 13065
13016 13059
13016 13053
13017 13090
13017 13071
13017 13047
13017 13093
13017 13087
13018 13041
13018 13025
13018 13057
13018 13042
13019 13058
13020 13041
13020 13080
13020 13050
13020 13090
13020 13112
13021 13116
13021 13083
13021 13047
13022 13082
13022 13117
13022 13071
13022 13099
13022 13115
13023 13118
13023 13037
13024 13109
13024 13105
13024 13085
13025 13029
13026 13032
13026 13027
13026 13049
13026 13105
13027 13097
13027 13064
13027 13075
13027 13032
13028 13035
13028 13097
13028 13098
13028 13032
13028 13036
13028 13124
13029 13045
13029 13064
13029 13036
13029 13052
13029 13047
13030 13033
13030 13086
13030 13119
13030 13042
13030 13120
13031 13052
13031 13082
13032 13066
13032 13094
13032 13128
13032 13107
13033 13056
13033 13089
13034 13035
13035 13070
13035 13082
13035 13043
13036 13067
13037 13040
13037 13050
13037 13130
13038 13133
13038 13089
13039 13122
13040 13045
13040 13085
13040 13073
13041 13087
13041 13066
13041 13064
13042 13064
13042 13102
13042 13070
13042 13093
13042 13057
13042 13081
13043 13069
13043 13067
13043 13086
13043 13073
13043 13125
13044 13050
13044 13125
13044 13065
13045 13114
13045 13065
13045 13107
13046 13131
13046 13096
13046 13106
13047 13120
13048 13117
13048 13072
13048 13059
13048 13073
13048 13084
13049 13056
13049 13097
13050 13101
13050 13051
13050 13140
13050 13052
13051 13122
13051 13067
13051 13065
13051 13063
13052 13100
13052 13074
13053 13094
13053 13089
13053 13129
13054 13116
13054 13070
13054 13102
13055 13073
13055 13075
13057 13090
13057 13136
13057 13135
13058 13121
13059 13074
13060 13145
13060 13119
13060 13117
13061 13078
13061 13115
13064 13146
13064 13096
13064 13137
13065 13109
13066 13093
13066 13120
13066 13112
13066 13109
13067 13161
13068 13140
13068 13141
13068 13138
13068 13133
13069 13126
13069 13103
13069 13109
13070 13121
13070 13101
13070 13150
13071 13092
13072 13134
13072 13157
13072 13130
13072 13148
13072 13129
13072 13145
13073 13094
13073 13093
13073 13126
13073 13089
13073 13152
13074 13095
13074 13117
13075 13155
13076 13108
13076 13124
13077 13081
13077 13098
13077 13124
13077 13166
13077 13086
13078 13114
13078 13099
13080 13163
13080 13101
13080 13112
13081 13164
13081 13168
13081 13137
13082 13163
13082 13146
13082 13125
13082 13103
13082 13119
13082 13134
13083 13174
13083 13143
13083 13101
13084 13149
13084 13150
13085 13160
13085 13180
13085 13168
13086 13087
13086 13096
13087 13130
13087 13143
13087 13128
13088 13165
13089 13095
13089 13156
13089 13118
13090 13109
13090 13103
13090 13102
13090 13159
13091 13115
13091 13107
13091 13179
13091 13122
13092 13179
13092 13096
13094 13112
13094 13104
13095 13134
13095 13119
13096 13166
13097 13169
13097 13167
13097 13191
13097 13099
13098 13182
13098 13180
13098 13123
13098 13102
13099 13178
13100 13178
13100 13134
13100 13145
13100 13190
13100 13116
13101 13132
13101 13152
13101 13138
13102 13165
13103 13166
13103 13119
13103 13182
13104 13181
13104 13168
13104 13162
13105 13134
13105 13154
13105 13129
13106 13169
13106 13160
13106 13141
13106 13168
13107 13193
13108 13131
13108 13174
13108 13148
13108 13130
13108 13160
13109 13158
13109 13190
13109 13113
13110 13148
13111 13117
13112 13181
13112 13152
13112 13178
13112 13155
13112 13193
13113 13166
13113 13172
13113 13147
13113 13127
13113 13181
13113 13195
13114 13190
13114 13191
13114 13144
13114 13143
13115 13153
13115 13189
13115 13145
13115 13195
13115 13162
13116 13209
13116 13177
13116 13118
13116 13212
13117 13172
13117 13153
13118 13137
13118 13120
13118 13173
13118 13176
13119 13129
13119 13214
13119 13152
13121 13208
13121 13148
13122 13161
13122 13126
13122 13166
13123 13218
13124 13219
13124 13201
13124 13198
13124 13140
13124 13158
13124 13218
13126 13162
13127 13137
13127 13162
13128 13214
13128 13167
13129 13183
13130 13172
13130 13195
13130 13156
13130 13176
13131 13188
13131 13159
13132 13183
13132 13133
13133 13157
13134 13165
13134 13167
13135 13163
13135 13182
13135 13196
13136 13183
13136 13174
13136 13212
13136 13214
13137 13223
13137 13197
13138 13161
13138 13176
13138 13198
13138 13211
13138 13196
13138 13224
13139 13161
13139 13219
13139 13150
13139 13221
13139 13170
13139 13149
13139 13151
13140 13190
13140 13161
13140 13195
13141 13146
13141 13155
13142 13210
13142 13199
13142 13149
13142 13184
13143 13158
13143 13167
13143 13169
13143 13227
13144 13238
13145 13241
13145 13226
13145 13183
13145 13222
13146 13183
13146 13238
13146 13197
13146 13231
13147 13181
13147 13231
13147 13193
13148 13196
13148 13212
13148 13234
13148 13203
13149 13193
13149 13181
13149 13192
13150 13246
13150 13229
13150 13220
13151 13164
13151 13172
13152 13161
13152 13204
13152 13222
13152 13156
13153 13240
13153 13154
13153 13159
13153 13170
13154 13237
13154 13203
13155 13189
13155 13242
13155 13191
13155 13186
13155 13248
13156 13176
13156 13180
13156 13182
13156 13184
13157 13230
13157 13239
13157 13184
13157 13199
13157 13183
13157 13179
13158 13192
13158 13167
13158 13232
13159 13167
13159 13236
13159 13163
13159 13240
13161 13194
13161 13212
13162 13196
13162 13250
13162 13251
13163 13180
13163 13186
13163 13219
13163 13165
13164 13190
13164 13220
13164 13172
13166 13187
13167 13251
13167 13193
13168 13171
13168 13214
13168 13173
13168 13262
13169 13225
13169 13229
13170 13194
13170 13180
13170 13197
13171 13239
13171 13252
13171 13209
13171 13202
13171 13225
13171 13185
13171 13210
13172 13247
13172 13214
13172 13257
13173 13211
13174 13176
13174 13202
13174 13257
13174 13214
13176 13195
13176 13218
13176 13208
13176 13200
13176 13181
13176 13232
13177 13269
13178 13227
13178 13226
13178 13205
13179 13262
13179 13252
13179 13200
13180 13211
13180 13270
13180 13247
13181 13255
13181 13211
13182 13194
13182 13203
13182 13220
13183 13236
13183 13275
13183 13276
13184 13247
13184 13227
13184 13216
13184 13243
13184 13208
13185 13258
13185 13279
13185 13203
13185 13186
13186 13188
13186 13274
13186 13230
13187 13199
13187 13271
13187 13204
13187 13198
13188 13239
13188 13195
13188 13214
13188 13242
13188 13234
13188 13277
13189 13262
13189 13245
13189 13285
13189 13240
13189 13269
13189 13259
13190 13208
13190 13210
13190 13254
13191 13276
13191 13250
13192 13194
13193 13231
13193 13242
13193 13246
13193 13266
13193 13245
13194 13254
13194 13240
13194 13223
13194 13237
13194 13271
13194 13241
13195 13289
13196 13204
13196 13269
13197 13220
13198 13285
13198 13258
13198 13241
13199 13288
13200 13245
13200 13272
13200 13208
13200 13287
13200 13212
13200 13259
13200 13209
13200 13219
13201 13231
13201 13265
13201 13256
13202 13270
13202 13292
13203 13287
13204 13206
13205 13240
13205 13232
13206 13226
13207 13292
13207 13258
13207 13254
13208 13293
13209 13247
13209 13245
13209 13235
13209 13215
13210 13213
13210 13220
13210 13270
13211 13264
13211 13304
13211 13245
13211 13212
13211 13285
13212 13240
13212 13304
13212 13305
13212 13242
13212 13222
13213 13308
13213 13280
13214 13228
13215 13290
13215 13297
13215 13232
13215 13219
13216 13287
13216 13301
13216 13232
13216 13266
13216 13242
13217 13293
13217 13233
13217 13280
13217 13295
13217 13252
13217 13257
13217 13228
13217 13235
13217 13245
13218 13245
13218 13267
13219 13230
13220 13309
13220 13240
13220 13316
13221 13303
13221 13298
13221 13265
13221 13274
13222 13286
13222 13296
13222 13305
13222 13312
13223 13319
13223 13281
13224 13243
13224 13308
13224 13269
13224 13226
13225 13282
13225 13264
13225 13306
13225 13239
13226 13273
13226 13263
13226 13310
13227 13312
13227 13230
13227 13254
13227 13242
13227 13313
13227 13236
13229 13308
13229 13324
13229 13293
13229 13305
13230 13231
13230 13310
13230 13293
13230 13274
13232 13233
13232 13298
13233 13316
13235 13283
13236 13269
13236 13330
13236 13312
13236 13288
13237 13330
13238 13277
13238 13306
13238 13302
13238 13301
13238 13320
13239 13264
13240 13333
13240 13258
13241 13320
13242 13309
13242 13318
13242 13312
13242 13294
13242 13254
13242 13286
13243 13247
13243 13258
13243 13281
13244 13310
13244 13316
13244 13247
13244 13248
13245 13261
13246 13254
13246 13262
13246 13265
13247 13276
13247 13314
13247 13312
13247 13298
13247 13261
13248 13340
13249 13325
13249 13345
13249 13338
13249 13273
13249 13275
13249 13281
13249 13297
13250 13263
13250 13328
13250 13335
13251 13263
13252 13325
13252 13321
13252 13295
13253 13262
13253 13276
13255 13315
13256 13321
13256 13286
13257 13297
13257 13331
13257 13268
13257 13274
13258 13307
13258 13336
13258 13348
13258 13354
13258 13320
13258 13325
13259 13354
13260 13351
13260 13283
13260 13320
13260 13328
13261 13335
13261 13303
13261 13343
13262 13338
13262 13266
13263 13296
13263 13359
13264 13347
13264 13340
13264 13296
13264 13338
13264 13282
13265 13327
13265 13355
13266 13338
13266 13316
13266 13317
13266 13270
13266 13347
13266 13295
13267 13359
13267 13275
13267 13357
13268 13334
13268 13284
13269 13311
13269 13318
13269 13303
13269 13365
13269 13357
13270 13328
13270 13307
13270 13358
13270 13311
13271 13305
13271 13343
13271 13304
13272 13304
13272 13321
13273 13359
13273 13275
13273 13354
13274 13357
13274 13355
13274 13276
13274 13346
13274 13367
13275 13359
13275 13366
13275 13356
13276 13345
13276 13327
13277 13353
13277 13327
13277 13343
13277 13329
13277 13326
13278 13300
13278 13306
13279 13339
13279 13304
13279 13346
13279 13300
13279 13296
13279 13316
13279 13345
13279 13354
13280 13343
13280 13303
13280 13308
13281 13299
13281 13341
13281 13354
13281 13309
13281 13364
13282 13305
13282 13372
13282 13319
13283 13308
13283 13366
13283 13328
13284 13357
13284 13303
13284 13331
13285 13370
13285 13355
13285 13340
13285 13305
13286 13287
13287 13294
13287 13365
13288 13323
13288 13306
13289 13362
13289 13374
13289 13326
13290 13307
13290 13346
13290 13310
13291 13356
13291 13302
13291 13321
13291 13379
13292 13338
13292 13356
13292 13317
13294 13301
13294 13354
13295 13363
13295 13312
13295 13368
13296 13334
13296 13327
13296 13336
13296 13300
13296 13346
13296 13330
13297 13384
13297 13310
13297 13356
13298 13317
13298 13310
13299 13355
13299 13360
13300 13358
13302 13396
13302 13346
13302 13312
13302 13337
13303 13312
13303 13350
13303 13309
13303 13386
13303 13362
13304 13381
13304 13367
13305 13330
13305 13316
13306 13389
13306 13396
13306 13392
13306 13384
13306 13400
13307 13332
13307 13358
13307 13378
13308 13338
13308 13352
13308 13399
13308 13358
13308 13311
13309 13367
13310 13322
13310 13358
13310 13354
13311 13330
13311 13407
13311 13346
13311 13324
13311 13339
13311 13336
13312 13364
13312 13359
13312 13384
13312 13333
13312 13394
13312 13366
13313 13381
13313 13384
13313 13374
13313 13319
13313 13321
13313 13343
13314 13318
13315 13380
13315 13407
13315 13398
13315 13321
13315 13374
13316 13395
13317 13396
13317 13372
13319 13400
13320 13371
13320 13355
13321 13414
13321 13404
13322 13346
13322 13417
13322 13393
13323 13415
13324 13406
13324 13335
13324 13341
13324 13332
13324 13399
13325 13355
13325 13403
13325 13397
13325 13337
13325 13410
13326 13380
13326 13387
13326 13414
13326 13376
13326 13400
13327 13404
13328 13384
13328 13392
13328 13387
13329 13389
13329 13408
13329 13332
13329 13350
13330 13390
13330 13337
13330 13391
13330 13412
13330 13339
13331 13354
13331 13399
13331 13407
13332 13360
13332 13350
13332 13381
13332 13398
13332 13337
13333 13421
13333 13392
13333 13387
13333 13348
13334 13363
13334 13347
13334 13370
13334 13360
13335 13382
13336 13411
13336 13386
13336 13371
13337 13343
13337 13399
13337 13354
13337 13405
13337 13352
13337 13419
13338 13389
13338 13413
13338 13426
13338 13374
13338 13428
13339 13384
13339 13367
13339 13433
13339 13372
13340 13350
13340 13402
13341 13363
13341 13414
13341 13410
13342 13364
13342 13435
13342 13419
13343 13345
13343 13375
13343 13397
13343 13403
13344 13404
13344 13354
13344 13351
13344 13395
13345 13392
13345 13402
13345 13348
13346 13367
13346 13388
13346 13372
13346 13351
13347 13429
13347 13378
13347 13380
13347 13366
13348 13417
13348 13377
13349 13382
13349 13365
13350 13403
13350 13440
13351 13405
13351 13393
13351 13413
13351 13352
13351 13400
13352 13377
13352 13422
13353 13410
13354 13401
13354 13418
13354 13442
13354 13426
13355 13364
13355 13410
13356 13380
13356 13419
13356 13436
13356 13381
13356 13389
13357 13425
13357 13445
13357 13378
13358 13439
13358 13376
13358 13441
13359 13450
13359 13435
13359 13397
13359 13406
13359 13384
13360 13422
13360 13433
13360 13421
13361 13422
13361 13370
13362 13402
13362 13412
13364 13372
13364 13392
13364 13429
13367 13391
13367 13383
13367 13424
13368 13412
13369 13370
13369 13441
13369 13440
13370 13452
13370 13439
13370 13398
13370 13386
13370 13388
13370 13422
13371 13400
13371 13414
13371 13435
13371 13464
13372 13449
13372 13398
13373 13451
13374 13470
13375 13447
13376 13462
13377 13414
13378 13454
13378 13413
13378 13419
13379 13386
13379 13381
13379 13464
13380 13434
13381 13436
13381 13425
13381 13448
13381 13468
13382 13439
13382 13433
13382 13420
13382 13384
13383 13413
13383 13404
13384 13405
13384 13413
13384 13456
13384 13428
13387 13435
13387 13479
13387 13480
13387 13426
13388 13473
13388 13424
13388 13456
13388 13430
13389 13418
13389 13449
13389 13427
13389 13470
13389 13447
13390 13480
13390 13421
13390 13438
13391 13465
13392 13464
13392 13454
13392 13400
13392 13407
13392 13467
13393 13401
13393 13478
13393 13462
13394 13403
13394 13468
13394 13423
13394 13402
13394 13400
13394 13399
13394 13409
13395 13449
13395 13452
13395 13456
13395 13396
13395 13450
13396 13451
13396 13432
13397 13484
13397 13446
13397 13492
13397 13453
13398 13476
13398 13424
13398 13430
13398 13479
13399 13412
13399 13481
13399 13441
13400 13466
13401 13481
13401 13444
13401 13409
13402 13430
13402 13479
13402 13483
13402 13489
13402 13444
13403 13498
13404 13456
13404 13415
13404 13439
13404 13414
13404 13425
13405 13417
13405 13473
13405 13476
13405 13459
13405 13422
13406 13422
13406 13448
13407 13426
13407 13408
13407 13417
13408 13449
13408 13426
13409 13486
13409 13481
13409 13460
13410 13453
13410 13492
13410 13440
13410 13447
13410 13471
13411 13475
13412 13422
13412 13436
13412 13494
13413 13489
13413 13455
13413 13448
13414 13494
13414 13464
13414 13509
13415 13508
13415 13484
13415 13471
13415 13434
13416 13466
13417 13488
13417 13496
13417 13483
13417 13477
13417 13489
13418 13507
13418 13512
13418 13458
13418 13510
13418 13425
13418 13438
13419 13426
13419 13486
13419 13498
13419 13451
13419 13449
13420 13471
13420 13435
13421 13426
13421 13487
13421 13502
13421 13456
13422 13460
13422 13451
13422 13490
13422 13487
13423 13494
13424 13434
13424 13493
13424 13515
13424 13441
13425 13517
13426 13436
13427 13435
13427 13460
13427 13442
13428 13466
13428 13484
13429 13500
13429 13453
13429 13448
13430 13473
13430 13450
13430 13434
13431 13451
13431 13480
13431 13442
13432 13442
13432 13458
13432 13481
13432 13524
13432 13525
13433 13520
13434 13480
13434 13490
13434 13506
13434 13444
13434 13516
13434 13528
13435 13529
13436 13463
13437 13439
13437 13483
13437 13462
13438 13514
13438 13485
13438 13515
13439 13514
13441 13527
13442 13512
13442 13477
13443 13502
13443 13447
13443 13516
13443 13469
13444 13460
13444 13514
13444 13459
13444 13469
13444 13502
13445 13507
13445 13510
13445 13530
13445 13504
13446 13497
13446 13519
13446 13477
13447 13538
13448 13514
13448 13544
13448 13449
13449 13476
13449 13509
13450 13454
13450 13539
13450 13504
13450 13466
13451 13499
13451 13528
13451 13507
13451 13543
13452 13463
13452 13519
13454 13455
13454 13544
13455 13524
13457 13516
13457 13517
13457 13513
13457 13506
13457 13497
13458 13469
13458 13491
13458 13552
13458 13522
13458 13513
13458 13498
13458 13486
13459 13547
13459 13472
13460 13538
13461 13523
13461 13473
13461 13504
13461 13557
13461 13485
13462 13544
13462 13500
13462 13478
13462 13547
13463 13492
13463 13518
13465 13468
13465 13488
13466 13491
13466 13475
13467 13517
13468 13514
13468 13509
13468 13518
13469 13526
13469 13524
13470 13559
13470 13554
13470 13498
13471 13494
13472 13474
13472 13488
13472 13530
13473 13526
13474 13499
13474 13538
13474 13513
13475 13510
13475 13552
13475 13540
13475 13529
13476 13480
13476 13498
13476 13506
13476 13547
13477 13497
13477 13516
13477 13533
13478 13495
13478 13573
13479 13561
13479 13497
13479 13506
13479 13488
13479 13524
13480 13524
13480 13542
13480 13501
13481 13527
13482 13524
13482 13570
13482 13577
13482 13483
13483 13539
13483 13559
13485 13501
13485 13528
13485 13527
13485 13574
13485 13521
13485 13511
13485 13556
13485 13544
13486 13556
13486 13577
13486 13562
13486 13547
13487 13553
13488 13542
13488 13581
13488 13548
13489 13572
13489 13540
13489 13583
13490 13520
13490 13571
13490 13542
13491 13494
13491 13502
13491 13559
13491 13519
13492 13559
13492 13531
13492 13521
13492 13578
13492 13501
13493 13511
13493 13528
13493 13498
13493 13560
13495 13540
13495 13542
13495 13550
13496 13527
13496 13508
13496 13497
13496 13541
13497 13501
13497 13522
13498 13557
13498 13538
13498 13509
13498 13589
13499 13586
13499 13564
13499 13524
13499 13535
13499 13558
13500 13580
13500 13537
13501 13554
13501 13537
13501 13591
13502 13574
13502 13583
13502 13561
13502 13512
13503 13541
13503 13553
13503 13572
13503 13534
13504 13525
13504 13531
13505 13519
13505 13565
13505 13571
13505 13514
13506 13573
13506 13601
13506 13507
13506 13570
13506 13539
13507 13577
13507 13563
13507 13588
13507 13596
13508 13532
13508 13517
13508 13515
13509 13561
13510 13578
13510 13542
13511 13539
13511 13553
13512 13541
13512 13545
13512 13565
13512 13517
13512 13543
13512 13580
13513 13582
13513 13521
13514 13525
13514 13524
13514 13585
13514 13555
13515 13555
13515 13596
13516 13566
13516 13523
13516 13597
13517 13548
13518 13520
13518 13558
13518 13586
13519 13549
13519 13611
13519 13615
13520 13545
13521 13523
13521 13544
13522 13572
13522 13567
13522 13564
13522 13568
13523 13546
13523 13553
13523 13582
13524 13559
13524 13607
13524 13582
13525 13611
13525 13560
13525 13582
13525 13610
13526 13621
13526 13594
13526 13583
13526 13558
13527 13542
13528 13554
13529 13530
13529 13565
13529 13558
13529 13539
13529 13624
13529 13562
13529 13541
13530 13620
13530 13625
13530 13622
13530 13543
13530 13615
13532 13578
13532 13603
13532 13555
13533 13534
13533 13585
13533 13609
13533 13556
13533 13583
13534 13627
13535 13563
13535 13597
13535 13615
13535 13601
13536 13580
13536 13596
13536 13566
13537 13604
13537 13594
13538 13624
13538 13559
13539 13621
13539 13628
13539 13610
13540 13554
13540 13635
13540 13559
13540 13597
13541 13565
13541 13621
13541 13585
13541 13569
13541 13581
13542 13599
13542 13574
13542 13621
13543 13564
13543 13615
13544 13614
13545 13559
13545 13583
13546 13612
13546 13631
13546 13627
13547 13623
13547 13612
13547 13574
13547 13643
13548 13627
13548 13632
13548 13626
13548 13596
13548 13633
13549 13638
13549 13590
13549 13584
13549 13611
13549 13592
13550 13627
13550 13631
13550 13581
13550 13585
13550 13591
13551 13575
13551 13593
13552 13612
13552 13623
13552 13588
13553 13620
13554 13619
13554 13559
13554 13564
13554 13635
13554 13648
13554 13574
13554 13650
13555 13625
13555 13558
13555 13599
13555 13572
13555 13590
13556 13579
13556 13560
13556 13617
13557 13624
13557 13614
13558 13617
13558 13633
13558 13614
13559 13574
13560 13590
13560 13652
13560 13567
13561 13592
13562 13639
13562 13601
13563 13596
13564 13577
13565 13640
13565 13612
13566 13596
13566 13591
13567 13663
13567 13619
13567 13585
13568 13602
13568 13598
13568 13619
13569 13641
13569 13648
13570 13653
13570 13624
13571 13592
13571 13605
13571 13600
13571 13606
13571 13638
13572 13657
13573 13648
13573 13635
13573 13594
13573 13583
13574 13640
13574 13669
13574 13645
13574 13666
13574 13609
13575 13619
13575 13578
13576 13646
13576 13606
13576 13661
13577 13647
13578 13669
13578 13598
13578 13661
13578 13622
13579 13642
13579 13622
13579 13590
13580 13673
13581 13643
13581 13630
13581 13609
13582 13595
13582 13655
13582 13613
13583 13615
13583 13614
13583 13663
13583 13624
13584 13647
13584 13651
13584 13663
13584 13675
13585 13677
13585 13624
13586 13615
13587 13639
13587 13679
13588 13617
13588 13676
13588 13655
13589 13608
13589 13601
13590 13598
13590 13597
13590 13643
13591 13670
13591 13678
13591 13614
13591 13656
13591 13598
13591 13649
13591 13624
13592 13611
13592 13622
13592 13648
13592 13629
13593 13671
13593 13605
13593 13606
13594 13627
13595 13683
13596 13636
13596 13678
13596 13623
13596 13652
13597 13623
13598 13636
13598 13649
13599 13641
13599 13658
13599 13692
13599 13609
13600 13602
13600 13604
13600 13651
13600 13627
13600 13695
13600 13652
13601 13611
13601 13663
13601 13638
13602 13661
13603 13615
13603 13687
13603 13657
13604 13607
13604 13694
13604 13629
13604 13624
13606 13680
13606 13688
13607 13671
13608 13626
13608 13666
13608 13671
13609 13690
13609 13692
13609 13618
13609 13653
13610 13646
13610 13687
13610 13654
13610 13632
13610 13674
13610 13696
13611 13651
13611 13646
13611 13693
13612 13704
13613 13651
13614 13707
13614 13652
13615 13652
13615 13671
13615 13701
13615 13699
13615 13624
13616 13635
13616 13651
13617 13711
13618 13660
13619 13708
13619 13678
13619 13700
13620 13642
13620 13658
13620 13643
13621 13663
13621 13647
13622 13625
13622 13697
13622 13681
13622 13626
13622 13708
13622 13685
13623 13667
13624 13654
13624 13657
13625 13642
13625 13680
13626 13710
13626 13711
13627 13680
13627 13688
13627 13646
13628 13658
13628 13695
13628 13701
13629 13669
13629 13646
13629 13661
13629 13679
13630 13655
13630 13723
13630 13656
13630 13665
13631 13665
13631 13706
13631 13710
13631 13701
13631 13724
13632 13677
13632 13713
13633 13685
13633 13670
13634 13647
13634 13651
13635 13652
13635 13673
13635 13678
13635 13701
13635 13729
13635 13639
13635 13720
13636 13723
13636 13684
13636 13699
13638 13645
13638 13651
13638 13707
13639 13685
13639 13657
13639 13640
13639 13672
13640 13664
13640 13677
13640 13666
13640 13704
13641 13642
13641 13693
13641 13724
13642 13645
13642 13703
13642 13643
13642 13680
13642 13725
13643 13672
13643 13678
13644 13732
13644 13668
13645 13657
13645 13658
13645 13664
13645 13662
13645 13683
13646 13672
13647 13694
13647 13743
13648 13728
13648 13680
13649 13732
13649 13675
13649 13716
13650 13688
13650 13706
13650 13746
13650 13718
13652 13729
13652 13706
13653 13736
13653 13746
13653 13661
13654 13697
13654 13673
13655 13703
13655 13677
13655 13699
13656 13701
13656 13721
13657 13688
13657 13745
13657 13732
13658 13700
13658 13754
13659 13680
13659 13721
13659 13727
13660 13727
13660 13701
13660 13672
13660 13740
13660 13746
13660 13755
13661 13755
13661 13734
13661 13686
13662 13707
13662 13677
13663 13713
13663 13741
13663 13717
13664 13699
13665 13713
13665 13676
13665 13687
13665 13724
13665 13690
13666 13673
13666 13746
13666 13757
13666 13683
13667 13712
13667 13690
13667 13717
13668 13733
13668 13677
13669 13685
13669 13750
13670 13685
13670 13714
13670 13755
13670 13680
13671 13680
13671 13748
13672 13730
13673 13742
13674 13702
13674 13696
13674 13735
13674 13731
13675 13762
13675 13751
13676 13734
13676 13733
13676 13754
13676 13690
13677 13723
13677 13686
13677 13694
13678 13722
13678 13755
13678 13680
13678 13768
13679 13701
13679 13726
13679 13747
13680 13683
13680 13732
13680 13686
13681 13711
13681 13763
13683 13748
13683 13726
13683 13733
13683 13728
13683 13721
13684 13757
13684 13750
13684 13700
13684 13704
13685 13726
13685 13720
13685 13762
13685 13709
13687 13737
13687 13703
13687 13718
13687 13716
13687 13769
13688 13693
13688 13759
13689 13757
13689 13720
13690 13785
13690 13732
13690 13733
13690 13724
13693 13750
13693 13701
13693 13776
13693 13761
13693 13716
13693 13705
13695 13706
13695 13732
13695 13704
13696 13720
13696 13709
13697 13743
13697 13747
13697 13710
13697 13764
13697 13777
13698 13734
13698 13788
13698 13766
13699 13794
13699 13781
13699 13738
13699 13773
13700 13718
13700 13772
13700 13728
13700 13702
13700 13721
13701 13729
13701 13779
13701 13742
13702 13772
13702 13723
13702 13759
13703 13758
13704 13711
13704 13779
13704 13789
13705 13753
13707 13776
13708 13777
13708 13780
13708 13770
13709 13730
13709 13751
13709 13781
13709 13720
13710 13795
13711 13793
13711 13720
13711 13804
13712 13740
13712 13789
13712 13788
13712 13742
13713 13781
13713 13754
13713 13727
13713 13722
13713 13769
13714 13730
13714 13797
13714 13725
13714 13770
13715 13777
13715 13720
13715 13792
13716 13730
13716 13719
13717 13792
13717 13810
13718 13728
13718 13761
13718 13808
13718 13809
13719 13733
13719 13782
13719 13742
13719 13721
13720 13810
13720 13748
13720 13752
13720 13724
13720 13806
13720 13745
13721 13766
13722 13790
13722 13750
13722 13736
13722 13758
13722 13780
13722 13768
13722 13785
13724 13770
13724 13796
13725 13783
13725 13752
13725 13795
13725 13744
13725 13758
13726 13813
13726 13812
13726 13802
13727 13789
13727 13790
13727 13798
13727 13812
13727 13732
13727 13769
13727 13805
13727 13746
13727 13779
13728 13814
13728 13762
13728 13793
13728 13775
13729 13761
13729 13768
13729 13734
13730 13767
13730 13772
13730 13790
13730 13788
13730 13770
13731 13735
13731 13758
13732 13825
13732 13799
13732 13734
13732 13740
13733 13741
13733 13748
13733 13784
13733 13770
13733 13822
13733 13817
13733 13753
13733 13765
13733 13773
13734 13789
13734 13792
13734 13748
13734 13827
13735 13743
13735 13766
13736 13763
13737 13818
13737 13792
13737 13747
13738 13743
13738 13758
13739 13756
13740 13806
13740 13810
13740 13826
13740 13832
13740 13765
13741 13790
13741 13766
13741 13789
13741 13820
13741 13809
13741 13808
13742 13743
13742 13821
13743 13771
13743 13761
13743 13751
13743 13752
13744 13750
13745 13815
13746 13777
13746 13754
13746 13804
13746 13802
13747 13792
13747 13838
13748 13757
13748 13816
13748 13753
13748 13795
13749 13755
13750 13785
13750 13843
13750 13801
13750 13760
13751 13757
13751 13770
13751 13784
13751 13839
13752 13763
13752 13756
13753 13807
13753 13812
13753 13783
13753 13821
13754 13836
13754 13761
13754 13779
13754 13818
13754 13816
13754 13783
13754 13800
13755 13768
13755 13786
13756 13793
13756 13772
13757 13807
13757 13850
13757 13761
13757 13823
13759 13801
13759 13767
13759 13855
13760 13775
13760 13824
13761 13772
13761 13814
13761 13789
13761 13841
13761 13779
13761 13844
13762 13845
13762 13836
13763 13786
13763 13837
13764 13765
13765 13806
13765 13843
13765 13774
13765 13781
13765 13780
13765 13831
13766 13769
13766 13860
13766 13820
13766 13794
13767 13777
13767 13806
13767 13842
13768 13800
13768 13858
13768 13770
13769 13840
13769 13853
13769 13821
13769 13797
13769 13855
13770 13851
13770 13804
13770 13772
13771 13833
13771 13846
13771 13854
13772 13868
13772 13846
13773 13850
13773 13845
13773 13798
13773 13812
13774 13793
13774 13825
13774 13858
13774 13815
13774 13800
13775 13800
13775 13840
13775 13857
13777 13802
13777 13796
13778 13869
13778 13858
13778 13806
13779 13831
13779 13813
13780 13818
13780 13850
13780 13793
13780 13844
13781 13799
13781 13804
13781 13840
13781 13855
13782 13848
13782 13839
13783 13852
13784 13873
13785 13815
13785 13841
13785 13824
13785 13866
13786 13878
13786 13879
13786 13816
13786 13789
13788 13860
13788 13852
13790 13818
13791 13831
13791 13873
13792 13802
13792 13834
13793 13860
13793 13832
13794 13833
13794 13886
13794 13874
13794 13817
13795 13813
13795 13824
13795 13812
13795 13832
13795 13848
13795 13820
13796 13880
13797 13827
13797 13803
13797 13865
13797 13809
13797 13888
13798 13820
13798 13804
13798 13829
13798 13854
13799 13846
13799 13817
13799 13829
13800 13873
13800 13894
13801 13874
13802 13846
13803 13838
13804 13881
13804 13875
13804 13820
13804 13876
13805 13836
13805 13810
13805 13843
13805 13896
13805 13889
13805 13830
13806 13855
13806 13850
13806 13888
13807 13871
13807 13812
13807 13844
13808 13856
13809 13851
13809 13885
13810 13890
13810 13826
13811 13907
13811 13863
13811 13843
13812 13843
13812 13862
13812 13891
13812 13872
13813 13886
13813 13821
13813 13833
13813 13874
13813 13831
13814 13840
13814 13875
13814 13817
13814 13877
13815 13846
13815 13842
13815 13907
13815 13817
13815 13834
13816 13884
13816 13905
13817 13886
13818 13857
13818 13847
13819 13892
13819 13828
13819 13832
13820 13895
13820 13862
13820 13841
13821 13908
13821 13886
13821 13906
13821 13904
13821 13909
13821 13900
13821 13831
13822 13872
13822 13883
13823 13830
13823 13841
13824 13907
13824 13866
13824 13839
13824 13838
13824 13829
13824 13887
13825 13832
13826 13919
13826 13845
13826 13891
13826 13916
13827 13846
13828 13906
13828 13837
13829 13881
13829 13921
13829 13852
13830 13880
13830 13834
13830 13855
13830 13894
13831 13915
13831 13885
13831 13849
13831 13880
13831 13896
13832 13893
13832 13867
13832 13921
13833 13839
13833 13903
13833 13859
13833 13838
13833 13909
13833 13902
13834 13864
13835 13877
13835 13850
13836 13889
13836 13903
13836 13862
13836 13865
13836 13890
13837 13918
13837 13895
13838 13923
13839 13887
13839 13894
13839 13845
13839 13901
13840 13874
13840 13849
13840 13846
13841 13884
13841 13900
13841 13869
13841 13875
13841 13904
13842 13923
13842 13873
13843 13934
13843 13923
13843 13912
13844 13862
13844 13851
13844 13861
13844 13874
13845 13894
13845 13877
13845 13882
13845 13931
13845 13870
13845 13936
13846 13904
13846 13870
13847 13907
13847 13894
13847 13910
13848 13850
13848 13928
13848 13883
13848 13893
13849 13857
13849 13862
13849 13878
13849 13898
13849 13925
13850 13904
13850 13897
13850 13909
13850 13899
13850 13903
13850 13928
13850 13915
13851 13862
13851 13902
13851 13901
13851 13917
13851 13859
13852 13910
13852 13942
13852 13931
13853 13900
13853 13937
13854 13879
13854 13870
13854 13922
13855 13931
13855 13924
13855 13941
13855 13932
13855 13918
13855 13909
13856 13939
13856 13934
13856 13911
13857 13918
13857 13931
13857 13903
13858 13911
13858 13915
13858 13945
13859 13892
13860 13874
13860 13867
13860 13944
13861 13873
13861 13877
13861 13899
13861 13885
13861 13890
13862 13866
13863 13864
13863 13949
13863 13901
13864 13917
13864 13883
13864 13911
13864 13866
13865 13918
13865 13923
13866 13902
13866 13901
13866 13883
13866 13919
13867 13957
13867 13904
13867 13911
13868 13911
13868 13949
13868 13948
13868 13923
13869 13904
13869 13875
13869 13935
13869 13934
13870 13934
13870 13880
13870 13888
13870 13954
13871 13923
13871 13881
13871 13874
13871 13959
13872 13954
13872 13893
13872 13910
13873 13928
13873 13906
13874 13922
13874 13902
13874 13905
13874 13883
13875 13934
13875 13887
13876 13904
13876 13969
13876 13964
13876 13938
13877 13896
13877 13883
13877 13966
13878 13933
13879 13897
13880 13928
13880 13946
13880 13914
13880 13931
13880 13882
13881 13917
13881 13919
13882 13888
13882 13896
13883 13886
13883 13903
13883 13895
13883 13918
13883 13928
13884 13931
13884 13910
13884 13932
13885 13897
13885 13946
13885 13914
13885 13967
13886 13950
13886 13946
13886 13944
13886 13923
13886 13935
13887 13906
13887 13895
13887 13925
13888 13928
13889 13922
13890 13938
13890 13967
13890 13946
13890 13966
13890 13941
13891 13933
13892 13936
13892 13958
13892 13935
13892 13895
13892 13988
13892 13979
13893 13958
13893 13960
13893 13969
13893 13981
13893 13974
13894 13961
13894 13957
13894 13920
13895 13901
13895 13942
13896 13985
13896 13934
13896 13965
13896 13930
13896 13946
13896 13968
13896 13991
13896 13933
13898 13914
13899 13925
13899 13928
13899 13917
13899 13971
13899 13936
13899 13934
13899 13958
13900 13959
13901 13918
13901 13980
13902 13908
13902 13976
13903 13967
13903 13923
13903 13948
13903 13913
13903 13925
13903 13939
13904 13919
13904 13977
13905 13908
13905 13940
13905 13994
13905 13987
13906 13913
13906 13948
13906 13988
13906 13939
13907 13953
13907 13936
13907 13959
13907 13934
13908 13935
13909 13918
13910 13990
13910 13955
13910 13969
13911 14000
13911 13928
13912 13938
13912 13949
13912 13951
13912 13939
13912 13955
13912 13953
13913 13947
13913 13970
13913 13981
13913 14006
13913 13925
13913 13996
13914 13954
13914 13992
13914 13936
13914 13972
13914 13918
13914 13935
13914 13983
13914 13960
13915 13985
13915 13937
13915 13949
13915 13993
13915 13933
13916 13946
13916 13960
13917 13933
13917 13967
13917 13935
13918 13985
13918 13954
13919 13949
13919 13921
13919 13961
13920 14013
13921 13975
13922 13990
13922 13965
13922 14001
13922 13958
13925 14017
13925 14013
13925 13960
13925 13971
13925 14009
13926 13958
13927 13928
13927 13965
13927 14015
13927 14004
13928 13933
13928 13996
13928 13976
13929 13943
13929 13990
13930 13992
13930 13934
13931 13965
13931 14019
13932 14006
13932 13991
13932 13951
13932 13995
13932 13978
13932 13943
13933 13958
13933 13938
13934 14019
13934 14023
13934 13944
13934 14025
13935 14022
13935 13941
13935 13942
13936 13952
13936 13946
13937 14005
13937 13973
13938 13987
13938 13949
13938 13976
13938 13993
13939 13975
13939 14013
13939 13997
13940 13945
13940 13991
13940 14034
13940 13975
13940 13994
13940 13997
13941 13953
13941 13998
13941 13991
13941 13985
13942 13980
13942 13961
13943 13981
13943 14001
13943 13975
13943 13968
13944 14004
13944 14018
13944 14025
13944 13963
13945 14041
13945 14021
13946 13985
13946 13971
13946 13977
13946 13949
13948 13965
13948 13989
13949 13980
13949 14010
13949 14034
13949 14018
13949 14041
13950 14013
13950 13952
13950 14001
13951 14045
13951 14024
13951 13979
13951 14013
13951 13999
13952 14048
13952 14020
13952 13995
13952 13998
13953 14049
13954 14028
13954 13972
13955 14044
13955 14025
13956 14047
13956 14030
13956 14034
13956 13977
13956 13959
13956 14022
13957 14015
13957 14009
13958 14023
13958 13984
13958 14048
13958 13997
13959 14004
13959 14043
13959 14036
13959 14008
13959 14054
13959 14041
13960 14048
13960 14004
13960 14032
13961 13967
13961 13964
13961 13999
13962 13991
13962 14047
13962 14032
13963 14004
13963 13989
13963 14034
13964 14027
13965 13982
13965 14048
13965 14011
13965 14055
13965 13966
13965 14030
13965 14012
13965 14052
13966 14030
13967 14002
13967 14052
13968 14058
13968 13979
13969 13978
13969 13999
13969 13992
13970 14049
13970 13978
13970 13997
13971 14044
13971 14027
13971 14035
13971 14036
13971 13985
13972 14038
13972 13995
13972 13983
13973 13991
13973 14034
13973 14002
13974 14013
13974 14000
13974 13985
13974 14040
13974 13983
13975 14059
13975 14041
13975 13992
13976 14014
13976 14037
13977 14008
13978 13986
13978 14031
13978 14021
13978 14004
13979 14049
13979 14057
13980 13987
13980 13988
13982 14033
13982 14019
13982 14017
13983 14044
13983 14054
13985 14025
13985 14050
13985 14062
13986 14041
13986 14058
13986 14001
13987 14062
13987 14077
13988 14082
13988 14064
13988 14071
13988 14073
13988 14009
13989 13990
13989 14053
13990 14080
13991 14031
13991 14076
13992 14074
13992 13999
13992 14059
13994 14023
13994 14056
13994 14039
13995 14011
13995 14054
13996 14073
13996 14012
13996 14044
13996 14009
13996 13997
13997 14069
13998 14032
13999 14074
13999 14000
13999 14055
14000 14011
14000 14033
14001 14004
14001 14088
14002 14050
14002 14066
14002 14017
14003 14059
14003 14079
14003 14080
14003 14049
14004 14076
14004 14084
14005 14017
14005 14008
14005 14033
14006 14010
14006 14065
14006 14093
14008 14044
14008 14023
14009 14032
14010 14045
14010 14086
14011 14088
14011 14089
14012 14040
14012 14075
14012 14025
14013 14056
14013 14048
14013 14107
14014 14056
14014 14090
14014 14079
14014 14018
14014 14068
14014 14083
14015 14077
14015 14058
14015 14046
14015 14079
14015 14062
14015 14104
14016 14017
14016 14029
14016 14043
14016 14058
14016 14098
14017 14094
14017 14037
14017 14089
14017 14068
14017 14019
14017 14053
14017 14079
14018 14069
14019 14080
14019 14050
14020 14116
14020 14035
14020 14067
14020 14046
14020 14062
14020 14063
14021 14045
14021 14088
14021 14040
14022 14105
14022 14072
14022 14076
14023 14065
14023 14079
14024 14082
14025 14054
14025 14105
14026 14078
14026 14115
14026 14117
14027 14070
14027 14040
14027 14100
14027 14073
14027 14119
14028 14048
14028 14033
14028 14079
14028 14103
14029 14114
14029 14041
14030 14039
14030 14040
14031 14084
14032 14034
14032 14106
14032 14125
14032 14113
14033 14052
14033 14116
14033 14092
14033 14127
14034 14052
14034 14101
14034 14043
14035 14056
14035 14109
14035 14036
14036 14070
14036 14106
14036 14074
14036 14101
14037 14045
14038 14134
14038 14113
14038 14107
14038 14100
14038 14099
14039 14089
14039 14131
14039 14068
14039 14117
14040 14127
14040 14046
14042 14103
14043 14125
14043 14049
14044 14103
14044 14106
14044 14080
14045 14062
14045 14075
14045 14102
14045 14094
14046 14127
14046 14130
14046 14069
14046 14101
14046 14131
14046 14053
14047 14133
14047 14091
14047 14072
14047 14075
14047 14142
14047 14107
14047 14055
14048 14112
14049 14094
14049 14085
14049 14132
14049 14066
14049 14084
14049 14140
14049 14124
14051 14129
14051 14127
14051 14108
14052 14118
14052 14130
14052 14079
14052 14086
14052 14127
14052 14069
14052 14078
14052 14102
14053 14121
14053 14068
14053 14101
14054 14098
14054 14061
14054 14111
14055 14128
14055 14071
14055 14087
14055 14056
14055 14113
14057 14147
14057 14116
14058 14067
14059 14147
14061 14157
14061 14150
14061 14107
14061 14084
14061 14082
14061 14069
14063 14121
14064 14132
14064 14131
14064 14072
14065 14106
14065 14110
14065 14142
14065 14089
14065 14090
14065 14140
14065 14086
14065 14093
14065 14151
14066 14075
14067 14104
14067 14103
14067 14095
14067 14075
14068 14158
14068 14132
14068 14083
14069 14080
14069 14118
14070 14150
14070 14112
14070 14140
14070 14095
14071 14102
14071 14161
14071 14128
14072 14164
14072 14150
14072 14130
14073 14118
14073 14117
14073 14160
14074 14087
14075 14135
14075 14112
14075 14099
14075 14160
14076 14077
14076 14109
14076 14114
14076 14139
14076 14113
14077 14125
14077 14107
14077 14153
14077 14135
14078 14112
14078 14123
14078 14081
14078 14138
14078 14141
14079 14168
14079 14148
14080 14167
14080 14109
14081 14089
14081 14086
14081 14100
14082 14137
14082 14178
14083 14171
14083 14142
14084 14170
14085 14134
14085 14177
14085 14165
14085 14149
14085 14128
14085 14101
14086 14165
14086 14132
14086 14095
14087 14167
14087 14159
14087 14165
14087 14099
14088 14105
14088 14142
14088 14114
14088 14156
14088 14129
14089 14109
14090 14170
14090 14094
14090 14172
14091 14185
14092 14155
14092 14187
14092 14143
14093 14174
14093 14122
14094 14120
14094 14161
14095 14129
14096 14145
14096 14129
14096 14119
14097 14193
14097 14181
14097 14139
14098 14155
14098 14128
14098 14191
14098 14135
14099 14176
14099 14115
14099 14119
14099 14123
14099 14150
14099 14186
14099 14112
14099 14141
14100 14151
14100 14103
14100 14127
14102 14134
14102 14159
14102 14116
14102 14105
14102 14183
14102 14168
14103 14167
14103 14136
14103 14166
14104 14114
14104 14112
14104 14193
14104 14157
14104 14107
14104 14152
14105 14131
14105 14136
14106 14154
14106 14111
14106 14187
14107 14114
14107 14122
14107 14193
14107 14113
14108 14138
14108 14133
14108 14199
14109 14164
14109 14112
14109 14117
14110 14202
14110 14139
14111 14120
14111 14143
14111 14133
14111 14178
14112 14136
14112 14127
14112 14204
14113 14123
14113 14131
14113 14195
14114 14157
14114 14141
14114 14194
14115 14191
14116 14158
14116 14153
14116 14127
14116 14121
14117 14178
14117 14212
14117 14123
14118 14202
14119 14208
14119 14184
14120 14195
14121 14189
14121 14126
14121 14133
14122 14166
14122 14139
14122 14147
14122 14133
14122 14181
14122 14206
14122 14155
14122 14180
14122 14199
14122 14129
14123 14144
14123 14170
14123 14149
14123 14192
14124 14161
14124 14179
14124 14193
14125 14201
14125 14136
14125 14153
14125 14186
14125 14213
14126 14153
14126 14130
14127 14162
14127 14128
14128 14196
14128 14179
14128 14139
14130 14199
14130 14174
14130 14194
14131 14207
14131 14137
14131 14173
14131 14195
14132 14204
14132 14157
14132 14142
14133 14164
14133 14176
14133 14203
14134 14165
14134 14218
14135 14140
14135 14211
14135 14217
14135 14204
14135 14210
14136 14162
14136 14208
14136 14218
14136 14171
14137 14147
14138 14140
14138 14222
14138 14220
14138 14151
14139 14176
14139 14150
14139 14163
14140 14162
14140 14214
14141 14224
14141 14178
14141 14221
14142 14160
14142 14226
14144 14161
14144 14218
14144 14165
14144 14181
14145 14156
14145 14169
14145 14237
14145 14153
14146 14200
14147 14216
14147 14148
14147 14241
14148 14231
14148 14175
14148 14151
14148 14233
14149 14192
14149 14228
14149 14190
14149 14153
14151 14161
14151 14155
14151 14167
14151 14226
14152 14157
14152 14220
14153 14204
14153 14188
14154 14247
14154 14189
14155 14243
14155 14231
14156 14215
14156 14212
14156 14160
14157 14231
14158 14190
14159 14251
14160 14237
14161 14201
14162 14243
14162 14210
14163 14247
14163 14186
14163 14183
14164 14241
14164 14216
14164 14165
14164 14253
14165 14248
14165 14166
14165 14211
14165 14175
14166 14182
14167 14261
14167 14188
14168 14190
14169 14230
14169 14237
14169 14188
14169 14232
14170 14223
14170 14249
14170 14264
14170 14244
14170 14208
14171 14266
14171 14176
14171 14183
14171 14262
14172 14228
14172 14197
14173 14196
14173 14190
14173 14223
14174 14250
14175 14253
14175 14223
14175 14252
14175 14244
14176 14236
14176 14219
14176 14186
14177 14220
14177 14194
14177 14218
14177 14240
14177 14230
14177 14190
14178 14249
14178 14271
14178 14247
14178 14234
14179 14193
14179 14188
14181 14195
14181 14206
14181 14184
14182 14253
14182 14248
14182 14195
14183 14268
14184 14244
14184 14237
14184 14253
14185 14274
14185 14270
14186 14240
14186 14270
14186 14192
14187 14235
14187 14237
14187 14195
14188 14197
14188 14257
14188 14189
14188 14260
14188 14228
14189 14209
14189 14262
14189 14206
14189 14191
14189 14239
14190 14252
14190 14236
14192 14285
14194 14274
14194 14246
14194 14219
14195 14201
14195 14232
14196 14287
14197 14261
14197 14280
14198 14277
14198 14263
14198 14220
14198 14278
14198 14242
14199 14205
14199 14214
14199 14271
14200 14296
14200 14283
14200 14243
14200 14238
14200 14277
14201 14205
14201 14212
14201 14260
14201 14261
14202 14214
14203 14254
14203 14244
14203 14231
14204 14259
14204 14223
14205 14277
14205 14229
14205 14209
14205 14222
14205 14215
14206 14207
14206 14286
14206 14291
14207 14262
14207 14258
14207 14230
14207 14292
14208 14301
14208 14232
14208 14297
14208 14211
14209 14225
14209 14215
14209 14250
14210 14232
14210 14281
14210 14299
14211 14252
14211 14282
14212 14248
14212 14244
14212 14283
14212 14228
14213 14304
14213 14280
14213 14298
14213 14252
14213 14218
14214 14259
14214 14293
14214 14223
14215 14236
14215 14281
14215 14271
14215 14224
14216 14267
14216 14295
14216 14253
14216 14294
14216 14285
14217 14248
14217 14290
14218 14250
14218 14300
14218 14226
14218 14268
14219 14275
14219 14294
14219 14223
14219 14225
14219 14229
14219 14313
14220 14234
14220 14245
14220 14288
14221 14274
14221 14262
14222 14306
14223 14266
14223 14226
14224 14271
14224 14226
14224 14261
14224 14269
14225 14320
14225 14296
14226 14278
14226 14289
14226 14261
14227 14237
14227 14244
14228 14268
14228 14302
14228 14301
14229 14249
14229 14320
14229 14319
14229 14312
14229 14256
14230 14281
14230 14247
14231 14290
14231 14270
14231 14278
14232 14298
14232 14252
14232 14265
14232 14288
14233 14319
14234 14246
14234 14296
14234 14297
14234 14242
14234 14269
14234 14293
14235 14327
14235 14300
14236 14315
14236 14247
14236 14328
14237 14327
14237 14321
14237 14240
14237 14285
14237 14255
14238 14286
14239 14249
14239 14300
14239 14284
14239 14321
14239 14282
14240 14276
14240 14245
14241 14294
14241 14295
14242 14333
14242 14303
14243 14254
14243 14277
14244 14312
14244 14336
14245 14308
14245 14252
14245 14265
14245 14246
14245 14255
14247 14335
14247 14287
14248 14299
14248 14284
14248 14326
14249 14343
14249 14318
14250 14295
14250 14323
14250 14340
14250 14296
14250 14317
14251 14336
14251 14304
14251 14326
14251 14286
14252 14281
14252 14340
14253 14278
14253 14290
14253 14287
14253 14332
14254 14338
14255 14299
14256 14305
14256 14263
14256 14338
14256 14274
14256 14292
14256 14317
14258 14275
14258 14269
14258 14319
14258 14348
14258 14283
14259 14340
14259 14293
14259 14351
14259 14353
14260 14300
14260 14266
14260 14285
14260 14318
14261 14320
14261 14348
14262 14293
14262 14317
14262 14267
14262 14316
14264 14297
14264 14276
14264 14356
14264 14316
14265 14306
14265 14276
14265 14344
14266 14343
14266 14269
14266 14298
14266 14273
14266 14344
14267 14304
14267 14336
14267 14355
14269 14351
14270 14311
14271 14344
14271 14301
14271 14297
14272 14273
14272 14368
14273 14310
14273 14301
14273 14294
14274 14354
14274 14288
14274 14316
14274 14302
14274 14297
14275 14342
14275 14328
14275 14314
14275 14288
14275 14365
14276 14351
14276 14356
14276 14334
14276 14310
14277 14336
14277 14331
14277 14288
14277 14362
14278 14287
14278 14303
14278 14374
14279 14309
14279 14314
14279 14304
14279 14306
14280 14340
14280 14360
14280 14312
14281 14360
14281 14327
14282 14322
14283 14377
14283 14328
14283 14312
14285 14300
14285 14293
14286 14352
14286 14296
14286 14357
14286 14349
14287 14297
14287 14300
14287 14337
14287 14365
14288 14327
14288 14337
14288 14347
14288 14290
14288 14354
14288 14366
14289 14381
14289 14298
14289 14292
14289 14372
14290 14312
14290 14322
14290 14361
14290 14309
14291 14357
14291 14309
14292 14314
14292 14294
14292 14369
14293 14311
14294 14333
14294 14351
14294 14329
14294 14344
14295 14323
14295 14303
14295 14369
14296 14345
14296 14390
14296 14336
14296 14314
14297 14373
14297 14392
14297 14302
14298 14340
14299 14357
14299 14394
14299 14375
14299 14379
14299 14395
14299 14374
14299 14303
14300 14327
14300 14367
14300 14370
14301 14302
14301 14348
14302 14361
14302 14394
14303 14349
14303 14348
14303 14390
14304 14340
14305 14401
14305 14314
14305 14316
14306 14395
14307 14311
14308 14354
14308 14389
14308 14368
14308 14369
14309 14400
14309 14403
14309 14355
14309 14311
14310 14370
14310 14389
14310 14332
14310 14328
14310 14383
14310 14403
14311 14342
14311 14360
14311 14378
14312 14385
14312 14393
14313 14374
14313 14373
14313 14349
14313 14359
14313 14356
14314 14367
14314 14368
14315 14402
14315 14317
14316 14328
14316 14387
14317 14387
14318 14378
14318 14372
14319 14346
14319 14407
14319 14370
14319 14390
14320 14381
14320 14362
14320 14416
14320 14323
14320 14372
14320 14353
14322 14388
14322 14343
14322 14346
14322 14407
14322 14358
14322 14340
14322 14349
14323 14414
14323 14366
14323 14378
14324 14363
14325 14383
14325 14396
14326 14408
14326 14382
14326 14357
14326 14422
14327 14383
14327 14363
14327 14332
14328 14373
14328 14400
14328 14332
14329 14379
14329 14342
14330 14386
14330 14349
14331 14348
14331 14362
14332 14380
14332 14385
14332 14398
14332 14340
14333 14380
14333 14398
14334 14351
14334 14419
14334 14355
14335 14400
14335 14385
14336 14391
14337 14339
14337 14413
14337 14367
14338 14434
14338 14362
14338 14381
14338 14369
14338 14379
14338 14363
14338 14344
14339 14386
14339 14405
14339 14372
14339 14390
14339 14425
14340 14376
14340 14404
14341 14386
14341 14360
14342 14377
14342 14421
14344 14439
14344 14360
14344 14408
14344 14366
14346 14358
14346 14356
14346 14431
14347 14368
14347 14402
14348 14359
14348 14364
14349 14417
14349 14441
14349 14443
14349 14410
14350 14385
14350 14353
14351 14390
14351 14417
14352 14425
14352 14360
14352 14394
14353 14355
14353 14410
14353 14407
14353 14381
14354 14442
14355 14444
14356 14433
14357 14428
14357 14366
14357 14372
14357 14444
14357 14371
14358 14370
14358 14379
14358 14446
14358 14408
14359 14419
14359 14409
14359 14455
14359 14438
14360 14379
14360 14365
14360 14434
14360 14383
14360 14413
14360 14429
14361 14396
14361 14367
14361 14454
14361 14400
14361 14395
14361 14375
14362 14395
14362 14456
14363 14394
14363 14386
14364 14404
14364 14376
14364 14377
14365 14382
14365 14399
14365 14391
14366 14439
14366 14421
14366 14375
14366 14454
14366 14453
14367 14386
14367 14399
14367 14444
14367 14459
14367 14420
14367 14460
14368 14414
14368 14399
14368 14389
14369 14382
14369 14370
14370 14443
14371 14465
14372 14397
14373 14458
14373 14399
14373 14421
14374 14406
14375 14453
14375 14452
14375 14445
14375 14378
14376 14443
14376 14464
14377 14432
14377 14459
14377 14423
14378 14448
14379 14385
14379 14384
14379 14462
14380 14414
14380 14415
14380 14394
14381 14398
14382 14400
14382 14425
14382 14467
14383 14418
14384 14418
14384 14433
14384 14425
14384 14419
14384 14479
14384 14402
14384 14441
14385 14399
14385 14460
14386 14412
14387 14400
14388 14467
14388 14481
14388 14458
14391 14470
14391 14471
14392 14407
14392 14412
14393 14441
14393 14438
14393 14462
14394 14416
14394 14445
14395 14469
14395 14420
14396 14437
14396 14491
14396 14474
14396 14436
14397 14424
14397 14407
14397 14444
14398 14437
14398 14444
14399 14420
14399 14495
14399 14459
14400 14461
14400 14436
14400 14443
14400 14440
14401 14411
14401 14439
14401 14465
14401 14429
14401 14495
14402 14454
14403 14490
14403 14492
14403 14465
14404 14472
14404 14449
14405 14425
14405 14472
14406 14420
14406 14419
14406 14489
14406 14496
14407 14452
14407 14457
14407 14477
14407 14428
14407 14480
14408 14464
14409 14457
14409 14417
14409 14486
14410 14469
14410 14497
14410 14418
14410 14434
14411 14447
14412 14467
14412 14494
14412 14423
14413 14438
14413 14506
14414 14455
14414 14497
14414 14482
14414 14448
14414 14458
14414 14441
14415 14493
14415 14476
14417 14475
14417 14461
14417 14436
14417 14433
14418 14506
14419 14505
14419 14489
14419 14436
14419 14450
14420 14447
14420 14444
14420 14494
14420 14481
14421 14423
14421 14516
14421 14430
14421 14509
14421 14453
14422 14440
14423 14494
14423 14511
14423 14491
14423 14514
14424 14504
14424 14466
14424 14437
14424 14456
14426 14516
14426 14507
14426 14435
14426 14470
14426 14490
14427 14441
14427 14457
14429 14458
14429 14476
14429 14519
14429 14512
14429 14482
14429 14469
14430 14467
14430 14449
14431 14496
14431 14505
14432 14439
14432 14463
14432 14492
14432 14502
14432 14453
14433 14521
14433 14449
14434 14460
14434 14506
14434 14523
14434 14468
14435 14489
14435 14515
14435 14516
14435 14479
14437 14444
14437 14515
14437 14456
14437 14467
14437 14521
14438 14446
14438 14516
14439 14489
14439 14515
14440 14524
14440 14459
14441 14490
14441 14535
14442 14495
14442 14449
14442 14516
14442 14467
14442 14501
14443 14477
14443 14539
14444 14526
14444 14453
14445 14488
14445 14511
14445 14499
14446 14462
14446 14479
14446 14459
14446 14500
14446 14533
14446 14512
14447 14504
14447 14532
14447 14458
14448 14481
14448 14535
14448 14510
14448 14523
14448 14539
14448 14540
14449 14522
14449 14477
14449 14512
14449 14511
14450 14502
14450 14477
14450 14492
14450 14516
14450 14456
14451 14469
14451 14497
14452 14522
14452 14488
14453 14497
14453 14458
14453 14479
14453 14472
14454 14487
14454 14504
14454 14537
14455 14517
14455 14479
14456 14458
14456 14464
14456 14476
14456 14519
14456 14473
14457 14537
14457 14459
14457 14473
14457 14520
14458 14537
14458 14494
14459 14504
14459 14493
14460 14486
14460 14466
14460 14479
14460 14542
14461 14519
14462 14537
14463 14512
14463 14484
14463 14529
14463 14527
14464 14508
14465 14500
14465 14481
14466 14555
14466 14480
14466 14518
14467 14493
14467 14473
14468 14475
14468 14525
14468 14477
14468 14485
14469 14471
14469 14475
14469 14522
14469 14487
14469 14554
14469 14550
14470 14538
14470 14520
14470 14556
14470 14497
14470 14502
14471 14550
14471 14477
14471 14508
14471 14480
14472 14528
14472 14479
14473 14500
14473 14478
14473 14476
14474 14559
14475 14493
14475 14533
14476 14510
14476 14514
14477 14499
14478 14485
14479 14533
14479 14535
14479 14520
14480 14532
14480 14484
14480 14505
14481 14542
14481 14486
14482 14516
14482 14542
14483 14501
14483 14538
14483 14533
14484 14526
14484 14498
14485 14510
14485 14543
14485 14502
14486 14577
14487 14539
14487 14499
14487 14504
14487 14558
14487 14541
14489 14533
14489 14519
14489 14543
14489 14514
14490 14517
14490 14558
14490 14561
14490 14509
14491 14556
14492 14542
14492 14545
14492 14567
14492 14537
14494 14498
14495 14581
14496 14537
14497 14557
14497 14577
14497 14571
14498 14517
14498 14521
14498 14513
14499 14567
14499 14539
14499 14577
14499 14566
14499 14504
14500 14526
14501 14590
14501 14516
14501 14575
14501 14532
14501 14536
14501 14559
14502 14577
14502 14581
14502 14579
14502 14508
14502 14574
14503 14568
14503 14527
14504 14567
14504 14530
14505 14551
14505 14539
14505 14570
14506 14527
14506 14534
14507 14568
14508 14532
14508 14561
14509 14554
14509 14535
14509 14582
14509 14560
14510 14551
14510 14578
14511 14554
14511 14520
14511 14541
14511 14560
14511 14540
14513 14588
14513 14556
14513 14525
14515 14601
14515 14531
14515 14596
14515 14563
14515 14543
14516 14558
14516 14599
14516 14602
14516 14580
14517 14524
14517 14527
14517 14553
14518 14523
14518 14563
14518 14567
14518 14602
14519 14558
14519 14587
14519 14600
14519 14524
14519 14560
14519 14554
14519 14551
14519 14580
14519 14544
14521 14556
14522 14581
14522 14533
14523 14528
14524 14594
14525 14549
14525 14569
14525 14587
14526 14549
14527 14621
14527 14604
14528 14603
14528 14609
14528 14610
14528 14602
14530 14553
14530 14599
14530 14538
14530 14583
14531 14599
14532 14610
14532 14543
14532 14549
14533 14567
14533 14579
14533 14554
14534 14574
14534 14547
14534 14537
14535 14559
14535 14581
14536 14602
14536 14607
14536 14547
14536 14601
14537 14592
14538 14590
14538 14546
14538 14580
14539 14622
14540 14579
14540 14576
14540 14612
14541 14547
14542 14593
14542 14562
14543 14557
14543 14614
14544 14639
14545 14617
14546 14594
14546 14609
14547 14586
14547 14550
14547 14581
14547 14554
14548 14573
14548 14641
14549 14631
14549 14551
14549 14602
14549 14600
14549 14620
14550 14636
14550 14608
14550 14621
14551 14563
14551 14627
14551 14606
14551 14623
14552 14632
14552 14564
14552 14613
14553 14607
14553 14602
14553 14591
14553 14590
14554 14572
14554 14650
14554 14604
14554 14611
14554 14584
14555 14631
14556 14590
14556 14642
14557 14566
14557 14574
14559 14562
14559 14587
14559 14567
14559 14620
14560 14606
14561 14602
14561 14631
14562 14574
14562 14639
14562 14590
14563 14616
14563 14591
14563 14659
14564 14608
14564 14586
14564 14605
14564 14609
14565 14649
14565 14616
14566 14583
14567 14603
14567 14660
14568 14570
14568 14654
14569 14635
14571 14664
14571 14635
14572 14573
14572 14608
14572 14599
14572 14637
14572 14610
14574 14587
14574 14661
14575 14591
14575 14656
14575 14667
14575 14668
14576 14637
14576 14591
14576 14600
14576 14624
14578 14649
14578 14611
14578 14624
14578 14622
14578 14633
14579 14629
14579 14597
14580 14631
14580 14649
14580 14618
14582 14645
14582 14600
14582 14652
14583 14624
14583 14648
14583 14610
14583 14643
14584 14628
14584 14595
14584 14629
14585 14632
14585 14642
14586 14623
14587 14635
14587 14642
14587 14596
14587 14633
14588 14660
14588 14668
14588 14657
14589 14606
14589 14596
14589 14622
14590 14613
14590 14661
14591 14674
14591 14681
14592 14638
14592 14632
14592 14665
14593 14626
14593 14612
14595 14676
14595 14615
14595 14687
14595 14674
14595 14640
14595 14661
14595 14675
14597 14621
14597 14675
14597 14682
14598 14650
14598 14667
14599 14635
14599 14685
14599 14601
14599 14628
14599 14647
14601 14616
14601 14663
14601 14604
14602 14686
14602 14673
14602 14651
14603 14605
14605 14609
14605 14608
14606 14666
14606 14649
14606 14683
14607 14679
14607 14653
14607 14626
14607 14615
14608 14642
14609 14620
14609 14678
14609 14656
14609 14629
14610 14613
14610 14659
14610 14639
14610 14648
14611 14700
14611 14684
14611 14671
14611 14625
14611 14689
14612 14701
14612 14667
14612 14692
14612 14621
14612 14665
14613 14686
14613 14648
14613 14623
14614 14640
14614 14629
14614 14622
14614 14685
14615 14697
14615 14711
14615 14671
14615 14695
14616 14651
14616 14700
14616 14694
14616 14680
14617 14632
14618 14700
14618 14701
14619 14709
14619 14680
14619 14684
14620 14639
14620 14687
14621 14691
14621 14679
14622 14624
14622 14674
14622 14626
14623 14683
14623 14637
14623 14635
14623 14703
14623 14719
14623 14709
14624 14675
14624 14665
14624 14682
14624 14707
14625 14663
14625 14676
14625 14637
14625 14683
14625 14649
14625 14647
14625 14693
14626 14705
14626 14668
14626 14702
14626 14643
14626 14675
14627 14682
14627 14675
14627 14666
14627 14637
14627 14706
14627 14660
14628 14642
14628 14686
14629 14671
14629 14631
14629 14719
14629 14647
14629 14675
14629 14710
14630 14642
14630 14635
14630 14666
14631 14710
14631 14645
14631 14689
14632 14680
14632 14727
14632 14650
14633 14672
14633 14649
14633 14699
14633 14662
14633 14682
14633 14640
14634 14668
14634 14714
14634 14708
14634 14651
14635 14712
14635 14717
14635 14699
14635 14679
14636 14706
14636 14647
14636 14674
14636 14653
14636 14640
14636 14664
14637 14669
14637 14701
14638 14650
14638 14688
14638 14640
14639 14655
14639 14701
14639 14713
14640 14718
14640 14641
14640 14707
14641 14676
14641 14720
14641 14686
14641 14680
14642 14721
14643 14709
14643 14678
14645 14661
14645 14669
14645 14714
14645 14711
14645 14651
14646 14652
14646 14680
14646 14709
14646 14733
14647 14740
14647 14669
14647 14667
14647 14705
14647 14664
14648 14666
14648 14713
14648 14670
14648 14725
14648 14681
14648 14695
14649 14733
14650 14693
14650 14682
14650 14716
14650 14673
14651 14745
14651 14734
14651 14679
14652 14686
14652 14711
14652 14680
14653 14747
14653 14737
14654 14703
14654 14685
14655 14693
14655 14725
14656 14677
14656 14749
14656 14704
14657 14727
14657 14695
14657 14670
14657 14723
14658 14663
14658 14743
14658 14693
14658 14698
14659 14709
14659 14698
14659 14663
14660 14665
14660 14683
14660 14685
14660 14751
14660 14711
14660 14710
14660 14670
14661 14742
14661 14673
14662 14719
14662 14753
14662 14682
14663 14725
14663 14744
14663 14670
14664 14665
14664 14734
14665 14711
14665 14693
14665 14677
14665 14696
14665 14759
14665 14753
14665 14749
14665 14725
14665 14695
14666 14736
14666 14737
14667 14725
14668 14704
14668 14747
14668 14687
14669 14710
14669 14676
14669 14739
14669 14688
14670 14693
14670 14739
14670 14740
14670 14762
14670 14758
14671 14752
14671 14756
14671 14716
14672 14717
14672 14756
14672 14677
14673 14732
14673 14727
14673 14687
14673 14730
14674 14702
14674 14682
14674 14763
14674 14721
14675 14767
14675 14699
14675 14735
14675 14686
14676 14711
14676 14698
14676 14767
14676 14749
14677 14768
14677 14693
14677 14706
14677 14730
14678 14757
14678 14714
14679 14684
14679 14682
14679 14728
14679 14688
14680 14773
14681 14739
14681 14684
14681 14725
14682 14737
14682 14716
14683 14713
14683 14742
14684 14733
14684 14726
14684 14704
14684 14760
14685 14716
14685 14692
14685 14740
14685 14730
14686 14751
14686 14741
14686 14748
14686 14737
14687 14697
14688 14734
14688 14703
14690 14757
14690 14740
14690 14714
14690 14770
14691 14728
14691 14743
14692 14709
14692 14739
14692 14722
14692 14697
14693 14746
14693 14730
14694 14781
14694 14759
14694 14782
14695 14702
14695 14724
14695 14725
14695 14788
14696 14713
14696 14697
14697 14761
14697 14789
14697 14716
14698 14704
14698 14733
14698 14721
14698 14791
14698 14751
14698 14700
14698 14779
14699 14783
14700 14783
14700 14749
14700 14752
14701 14770
14701 14734
14701 14795
14701 14785
14702 14771
14703 14750
14703 14735
14703 14748
14704 14790
14704 14784
14704 14712
14704 14758
14704 14707
14705 14722
14706 14740
14706 14775
14706 14758
14707 14773
14708 14743
14708 14782
14708 14739
14708 14779
14709 14757
14710 14797
14710 14721
14710 14802
14711 14790
14711 14801
14711 14771
14712 14802
14712 14778
14713 14771
14713 14742
14714 14742
14714 14771
14715 14764
14715 14788
14715 14752
14715 14735
14715 14742
14715 14797
14715 14748
14716 14786
14716 14747
14717 14718
14717 14798
14717 14753
14718 14742
14718 14736
14719 14750
14719 14723
14719 14767
14720 14795
14720 14763
14721 14799
14721 14777
14721 14736
14722 14791
14722 14745
14722 14761
14722 14749
14722 14809
14723 14764
14723 14812
14723 14769
14724 14758
14724 14768
14724 14783
14725 14767
14725 14749
14726 14779
14727 14756
14727 14759
14727 14805
14727 14792
14727 14753
14728 14729
14728 14791
14728 14813
14728 14779
14729 14762
14729 14789
14729 14783
14730 14733
14730 14812
14730 14767
14730 14792
14731 14762
14731 14811
14731 14817
14731 14739
14731 14760
14732 14821
14732 14734
14732 14767
14732 14793
14733 14775
14733 14786
14733 14825
14734 14801
14735 14744
14735 14747
14737 14748
14737 14764
14738 14803
14738 14817
14738 14784
14738 14747
14739 14810
14739 14783
14739 14789
14739 14767
14739 14796
14739 14781
14740 14776
14741 14781
14742 14752
14742 14770
14742 14769
14743 14836
14744 14758
14744 14823
14745 14840
14746 14788
14746 14801
14747 14829
14747 14794
14748 14780
14748 14832
14748 14749
14749 14759
14749 14827
14750 14821
14750 14839
14750 14778
14750 14841
14751 14786
14751 14811
14752 14814
14752 14820
14752 14757
14752 14826
14752 14793
14753 14757
14753 14808
14753 14848
14753 14763
14754 14840
14754 14796
14755 14818
14755 14769
14756 14799
14757 14830
14757 14761
14758 14805
14758 14807
14758 14808
14759 14815
14759 14848
14760 14779
14760 14787
14760 14796
14760 14765
14760 14815
14761 14811
14761 14842
14761 14762
14762 14785
14762 14836
14762 14810
14762 14827
14762 14817
14763 14829
14763 14766
14763 14789
14764 14820
14765 14847
14765 14795
14765 14791
14766 14774
14766 14792
14766 14769
14766 14844
14766 14813
14767 14832
14767 14807
14767 14792
14767 14835
14767 14854
14768 14777
14768 14830
14768 14783
14769 14839
14769 14826
14769 14863
14770 14790
14770 14831
14771 14837
14771 14799
14771 14794
14771 14813
14771 14858
14771 14845
14771 14781
14772 14795
14772 14844
14773 14792
14773 14801
14773 14844
14773 14813
14773 14822
14773 14814
14773 14797
14773 14865
14774 14830
14774 14783
14774 14845
14774 14787
14774 14848
14774 14866
14774 14793
14774 14790
14775 14819
14775 14780
14775 14847
14776 14830
14777 14854
14777 14800
14777 14781
14777 14792
14777 14782
14778 14826
14778 14815
14778 14860
14779 14867
14779 14827
14779 14789
14779 14852
14780 14817
14780 14822
14780 14865
14780 14837
14780 14814
14780 14785
14780 14861
14781 14848
14781 14855
14781 14827
14781 14807
14781 14785
14781 14863
14782 14847
14782 14846
14783 14825
14783 14785
14783 14827
14784 14866
14784 14829
14784 14796
14784 14854
14785 14870
14785 14807
14785 14843
14786 14876
14786 14798
14787 14881
14788 14877
14788 14849
14788 14844
14789 14857
14789 14831
14789 14828
14790 14874
14790 14825
14790 14794
14790 14841
14790 14855
14791 14814
14791 14812
14791 14854
14791 14847
14791 14797
14793 14840
14793 14867
14793 14818
14794 14861
14795 14878
14795 14817
14795 14802
14796 14818
14796 14847
14797 14813
14797 14836
14797 14863
14798 14815
14798 14818
14798 14881
14799 14828
14799 14892
14799 14888
14800 14816
14800 14856
14800 14820
14800 14815
14801 14823
14801 14850
14801 14805
14802 14894
14803 14898
14803 14811
14803 14841
14803 14899
14803 14859
14803 14854
14803 14824
14803 14807
14804 14843
14804 14856
14804 14884
14805 14899
14806 14846
14806 14860
14807 14842
14808 14813
14808 14863
14808 14839
14810 14856
14810 14901
14811 14830
14811 14855
14812 14843
14812 14823
14812 14871
14813 14889
14813 14831
14814 14890
14815 14895
14815 14842
14815 14850
14816 14835
14817 14858
14817 14847
14818 14888
14818 14843
14818 14836
14818 14869
14819 14856
14819 14868
14819 14838
14819 14874
14820 14889
14820 14885
14820 14879
14820 14902
14820 14876
14820 14860
14820 14880
14821 14857
14821 14864
14822 14908
14822 14911
14823 14889
14823 14834
14823 14857
14823 14903
14823 14863
14823 14902
14823 14883
14824 14826
14824 14845
14824 14839
14825 14852
14825 14845
14826 14888
14827 14883
14827 14906
14828 14893
14828 14857
14828 14884
14829 14849
14829 14876
14829 14837
14829 14895
14830 14897
14831 14885
14833 14855
14833 14914
14833 14885
14833 14896
14833 14915
14833 14922
14833 14913
14835 14903
14835 14914
14835 14898
14836 14895
14836 14932
14837 14916
14837 14858
14837 14898
14837 14913
14838 14852
14838 14923
14839 14920
14839 14917
14839 14846
14840 14928
14841 14856
14841 14855
14841 14899
14841 14847
14842 14862
14842 14843
14842 14927
14842 14918
14842 14914
14843 14924
14843 14862
14844 14869
14844 14906
14844 14864
14844 14861
14844 14916
14845 14934
14845 14924
14846 14887
14847 14863
14847 14869
14847 14860
14847 14930
14847 14938
14847 14894
14847 14928
14848 14849
14848 14891
14848 14860
14848 14903
14849 14944
14849 14867
14849 14932
14851 14937
14851 14857
14852 14915
14852 14918
14852 14925
14852 14927
14852 14900
14853 14881
14853 14895
14853 14864
14853 14945
14853 14858
14854 14919
14854 14928
14855 14883
14855 14916
14855 14920
14856 14939
14856 14925
14856 14884
14857 14901
14857 14859
14857 14930
14857 14926
14858 14943
14858 14929
14859 14946
14859 14936
14859 14949
14859 14930
14859 14933
14859 14926
14860 14929
14860 14898
14860 14904
14861 14940
14861 14878
14861 14887
14861 14937
14862 14880
14862 14885
14863 14941
14863 14919
14864 14920
14865 14888
14865 14920
14865 14943
14865 14921
14865 14952
14866 14912
14866 14875
14866 14908
14866 14887
14867 14925
14867 14940
14867 14869
14867 14959
14867 14958
14868 14909
14869 14885
14869 14890
14870 14966
14870 14963
14870 14958
14871 14910
14871 14919
14871 14940
14871 14936
14871 14941
14871 14893
14871 14925
14872 14942
14872 14879
14872 14897
14872 14931
14873 14894
14873 14899
14873 14938
14873 14956
14873 14930
14874 14914
14874 14878
14875 14957
14875 14889
14876 14896
14876 14969
14876 14916
14876 14935
14876 14877
14877 14967
14877 14904
14877 14965
14877 14955
14878 14952
14878 14939
14878 14918
14878 14907
14879 14955
14879 14934
14879 14905
14880 14901
14880 14967
14880 14941
14881 14889
14881 14973
14882 14964
14882 14929
14882 14893
14882 14978
14882 14935
14882 14967
14883 14955
14883 14961
14884 14902
14884 14885
14885 14968
14885 14943
14886 14964
14886 14979
14886 14982
14886 14927
14887 14977
14887 14896
14887 14966
14888 14974
14888 14955
14888 14956
14888 14890
14888 14917
14889 14958
14889 14947
14889 14945
14889 14931
14889 14969
14890 14943
14890 14975
14890 14940
14890 14932
14891 14948
14892 14953
14892 14923
14892 14932
14893 14929
14893 14907
14893 14944
14894 14981
14894 14918
14895 14985
14895 14901
14895 14959
14895 14972
14896 14922
14896 14897
14896 14960
14897 14938
14897 14915
14897 14928
14898 14962
14898 14954
14899 14957
14899 14956
14899 14902
14899 14950
14900 14961
14901 14976
14901 14958
14901 14945
14902 14973
14902 14913
14902 14931
14902 14925
14903 14941
14903 14995
14903 14975
14903 14977
14904 14968
14904 14928
14904 14975
14905 14949
14906 14948
14906 14945
14906 14925
14906 14982
14907 14995
14908 14923
14909 14980
14910 14926
14910 14920
14911 14983
14911 14942
14911 14986
14911 15006
14912 14938
14912 14921
14912 14984
14913 14996
14913 14992
14913 14967
14913 14965
14914 14930
14916 14949
14916 14918
14917 14965
14917 14974
14917 14998
14917 14980
14917 14955
14919 14971
14919 15001
14921 14978
14921 14953
14921 15014
14921 14933
14922 14969
14922 14952
14923 15014
14923 14952
14923 15006
14923 14926
14923 14944
14923 14954
14924 14999
14924 15008
14925 14972
14925 14943
14925 14980
14925 14959
14926 14986
14926 14950
14926 15021
14927 14963
14927 14962
14927 14975
14928 14996
14928 14950
14928 14963
14929 14984
14929 14971
14929 14991
14929 14955
14929 14936
14929 15007
14929 14939
14929 14952
14930 15021
14930 14976
14931 15012
14931 15027
14932 14949
14932 14980
14933 15027
14933 15006
14933 14951
14934 15009
14935 14994
14935 14995
14935 14967
14937 14970
14937 15015
14937 15026
14938 15007
14938 14944
14939 14956
14939 14996
14940 14996
14940 15018
14940 14964
14941 14948
14941 15029
14941 15032
14942 15000
14942 15007
14942 14958
14942 15013
14944 15032
14944 14949
14944 14983
14945 14959
14945 14975
14945 14976
14945 15026
14946 14979
14947 15012
14947 14963
14947 15028
14948 14952
14949 14959
14949 14996
14949 15020
14949 15038
14950 15040
14950 14956
14950 14982
14950 15002
14951 14982
14951 14999
14951 14953
14952 15046
14952 14975
14952 14956
14952 15000
14953 14963
14953 15027
14953 15048
14953 15001
14954 15029
14954 15028
14955 15030
14955 15008
14956 14996
14956 15018
14956 14985
14957 14986
14957 15053
14957 15033
14957 15000
14957 14972
14957 14996
14957 14962
14957 15001
14958 15035
14958 15027
14958 14986
14958 14960
14959 15017
14959 14992
14959 15022
14959 15001
14961 14982
14961 15013
14961 15026
14961 15025
14962 14967
14963 15051
14963 15032
14963 15047
14964 15008
14965 15006
14965 14986
14965 15061
14966 15060
14966 15035
14966 14982
14966 15016
14968 15047
14968 14999
14968 15042
14969 15020
14970 15042
14970 14988
14971 15056
14971 15019
14971 15028
14972 14997
14972 14983
14974 15064
14975 15067
14975 15037
14975 15023
14976 15050
14976 15063
14977 14984
14977 14986
14977 15014
14978 15008
14979 15010
14979 15014
14980 14995
14980 15053
14981 15041
14981 15040
14981 15073
14981 15038
14982 15033
14982 15064
14982 15020
14983 14987
14983 15034
14983 15079
14983 15009
14983 15075
14984 15027
14985 15071
14985 15042
14985 14990
14986 15061
14986 15016
14987 15060
14987 15050
14988 15054
14988 14989
14989 15044
14990 15026
14990 15037
14990 15010
14991 15086
14991 14996
14992 15087
14992 15069
14992 15024
14992 15033
14993 14998
14993 15038
14993 15083
14993 15088
14993 15049
14994 15018
14994 15007
14995 15036
14995 15055
14996 15023
14996 15075
14996 15017
14996 15052
14997 15082
14997 15085
14997 15021
14998 15010
14998 15039
14999 15030
14999 15034
14999 15038
15000 15067
15000 15048
15000 15056
15001 15075
15001 15017
15001 15077
15001 15024
15001 15079
15001 15094
15001 15095
15002 15016
15002 15015
15003 15087
15003 15097
15004 15091
15005 15068
15005 15029
15005 15014
15005 15039
15006 15095
15006 15053
15006 15010
15007 15093
15007 15098
15007 15064
15008 15042
15008 15060
15008 15072
15008 15087
15010 15082
15011 15107
15011 15040
15011 15032
15011 15030
15011 15087
15011 15105
15011 15100
15012 15019
15013 15072
15013 15091
15013 15033
15013 15060
15013 15065
15014 15044
15014 15089
15014 15098
15014 15100
15014 15049
15014 15095
15015 15098
15015 15043
15015 15074
15015 15064
15015 15019
15016 15038
15016 15053
15017 15030
15018 15053
15018 15080
15018 15059
15018 15022
15018 15112
15018 15072
15018 15101
15019 15060
15019 15046
15020 15060
15020 15024
15020 15101
15020 15066
15022 15102
15023 15098
15023 15047
15023 15107
15024 15040
15024 15075
15024 15111
15024 15025
15024 15029
15024 15070
15025 15052
15025 15078
15025 15106
15026 15117
15026 15039
15026 15099
15026 15077
15026 15101
15027 15066
15027 15030
15027 15053
15028 15079
15028 15065
15028 15081
15029 15096
15029 15065
15029 15067
15029 15073
15030 15046
15030 15073
15030 15117
15031 15060
15031 15057
15031 15086
15032 15116
15032 15044
15032 15109
15033 15103
15033 15106
15033 15102
15034 15121
15034 15109
15034 15125
15034 15064
15035 15115
15036 15055
15036 15100
15037 15059
15037 15074
15037 15067
15037 15075
15038 15041
15038 15058
15038 15039
15038 15129
15038 15128
15038 15054
15039 15042
15039 15055
15040 15109
15040 15082
15040 15080
15040 15053
15040 15085
15040 15073
15040 15100
15041 15128
15041 15067
15042 15090
15043 15058
15043 15126
15044 15133
15044 15135
15044 15050
15044 15114
15045 15048
15045 15070
15045 15072
15046 15047
15046 15115
15047 15082
15047 15089
15047 15069
15048 15065
15048 15052
15048 15050
15048 15069
15048 15063
15048 15105
15048 15124
15049 15088
15049 15126
15049 15097
15050 15145
15050 15112
15050 15114
15051 15105
15051 15131
15051 15097
15051 15079
15052 15087
15052 15143
15052 15127
15052 15082
15052 15104
15052 15147
15053 15145
15053 15064
15054 15066
15054 15140
15054 15143
15054 15116
15054 15087
15054 15091
15054 15076
15055 15142
15055 15083
15055 15069
15055 15145
15055 15063
15056 15109
15056 15113
15057 15106
15057 15118
15057 15068
15057 15058
15057 15081
15057 15138
15058 15076
15058 15110
15058 15114
15059 15140
15059 15074
15059 15061
15059 15077
15060 15140
15060 15117
15060 15141
15060 15115
15061 15125
15061 15098
15061 15142
15061 15062
15062 15137
15062 15158
15062 15149
15063 15091
15063 15073
15063 15076
15064 15131
15064 15146
15064 15069
15064 15097
15064 15089
15064 15084
15064 15142
15065 15154
15065 15142
15065 15136
15066 15152
15066 15139
15067 15068
15067 15071
15067 15091
15067 15077
15068 15086
15069 15102
15069 15145
15069 15103
15069 15163
15070 15120
15070 15140
15070 15090
15070 15147
15071 15113
15071 15118
15071 15142
15071 15133
15072 15137
15072 15136
15072 15074
15072 15075
15073 15122
15073 15082
15073 15150
15073 15104
15074 15094
15074 15138
15075 15116
15075 15169
15076 15087
15076 15107
15076 15094
15076 15118
15076 15115
15076 15168
15077 15162
15077 15091
15077 15145
15077 15146
15077 15101
15078 15133
15078 15162
15078 15154
15078 15087
15078 15122
15078 15096
15079 15146
15079 15130
15079 15085
15079 15103
15079 15118
15081 15096
15081 15150
15081 15084
15081 15148
15081 15097
15082 15143
15083 15135
15083 15117
15083 15102
15083 15099
15084 15155
15084 15172
15084 15146
15084 15144
15084 15174
15085 15131
15086 15145
15086 15167
15086 15134
15086 15118
15087 15160
15088 15095
15088 15163
15088 15175
15088 15113
15088 15141
15088 15136
15088 15109
15090 15106
15090 15140
15090 15163
15090 15152
15090 15145
15092 15188
15092 15170
15092 15140
15093 15154
15093 15108
15093 15157
15094 15140
15095 15098
15095 15130
15095 15096
15096 15173
15096 15117
15097 15167
15097 15182
15098 15164
15098 15173
15099 15135
15099 15141
15099 15123
15099 15159
15100 15142
15100 15123
15100 15145
15101 15184
15101 15118
15101 15111
15102 15185
15102 15114
15102 15103
15103 15192
15103 15153
15103 15115
15104 15125
15104 15175
15104 15167
15104 15158
15106 15142
15106 15197
15106 15180
15106 15145
15107 15188
15107 15161
15107 15121
15108 15116
15108 15166
15109 15176
15109 15165
15110 15193
15110 15194
15110 15169
15110 15192
15111 15138
15112 15167
15112 15160
15113 15122
15113 15181
15113 15204
15113 15196
15114 15210
15114 15200
15114 15166
15114 15145
15116 15196
15116 15176
15116 15156
15116 15209
15116 15168
15116 15133
15116 15163
15116 15148
15117 15173
15117 15163
15117 15205
15117 15130
15117 15166
15117 15213
15118 15189
15118 15131
15119 15146
15119 15142
15119 15123
15120 15193
15120 15167
15120 15142
15120 15158
15121 15208
15121 15198
15121 15180
15122 15143
15122 15142
15122 15178
15122 15181
15123 15170
15123 15209
15124 15210
15125 15197
15125 15168
15125 15139
15126 15173
15126 15158
15126 15208
15126 15201
15126 15146
15126 15219
15127 15148
15127 15211
15127 15172
15127 15164
15128 15142
15128 15202
15129 15185
15129 15183
15129 15135
15129 15219
15129 15151
15129 15174
15129 15168
15129 15175
15130 15175
15130 15185
15130 15182
15131 15186
15131 15194
15131 15201
15132 15196
15132 15223
15133 15181
15133 15218
15134 15171
15134 15217
15134 15147
15134 15183
15134 15182
15135 15155
15135 15154
15135 15162
15136 15166
15136 15220
15137 15158
15137 15161
15137 15195
15137 15148
15138 15171
15138 15196
15138 15142
15139 15155
15139 15172
15139 15230
15140 15214
15142 15224
15142 15171
15143 15183
15143 15150
15143 15181
15144 15205
15144 15238
15145 15175
15145 15205
15145 15196
15145 15151
15146 15240
15146 15183
15146 15157
15146 15199
15146 15174
15147 15165
15147 15201
15148 15153
15148 15187
15148 15193
15148 15163
15148 15227
15149 15169
15149 15153
15150 15171
15151 15165
15151 15181
15151 15170
15153 15194
15154 15203
15154 15188
15154 15210
15154 15172
15155 15216
15155 15248
15156 15210
15156 15227
15156 15245
15156 15157
15156 15161
15156 15219
15156 15249
15156 15181
15156 15231
15156 15239
15156 15180
15156 15226
15157 15166
15158 15246
15158 15191
15158 15217
15158 15171
15158 15179
15158 15234
15159 15175
15159 15239
15160 15249
15161 15164
15162 15215
15162 15184
15162 15164
15162 15249
15163 15254
15164 15255
15164 15205
15165 15257
15165 15174
15165 15230
15165 15187
15165 15228
15166 15209
15167 15211
15167 15221
15168 15208
15170 15243
15170 15189
15170 15261
15170 15225
15170 15182
15170 15209
15170 15266
15171 15228
15172 15252
15172 15248
15172 15259
15172 15227
15173 15225
15173 15252
15174 15265
15174 15215
15174 15234
15174 15228
15174 15204
15174 15212
15174 15198
15175 15209
15175 15268
15175 15225
15176 15262
15176 15215
15176 15261
15176 15209
15176 15204
15177 15267
15177 15182
15178 15187
15178 15268
15178 15227
15178 15210
15180 15205
15182 15223
15182 15242
15182 15268
15183 15211
15184 15225
15184 15205
15184 15214
15186 15271
15187 15197
15187 15254
15187 15252
15187 15210
15187 15262
15188 15249
15188 15268
15188 15190
15189 15249
15189 15221
15190 15280
15190 15249
15190 15192
15190 15240
15191 15222
15191 15234
15192 15271
15192 15205
15192 15231
15193 15257
15193 15243
15193 15282
15193 15205
15194 15214
15194 15198
15194 15289
15194 15284
15195 15229
15195 15218
15195 15248
15195 15201
15196 15252
15196 15285
15197 15221
15197 15226
15197 15264
15197 15260
15197 15205
15197 15218
15197 15208
15197 15231
15197 15198
15198 15253
15198 15225
15198 15277
15198 15275
15198 15229
15198 15261
15200 15204
15200 15251
15200 15234
15201 15269
15201 15258
15201 15289
15201 15209
15203 15291
15203 15289
15203 15206
15203 15288
15204 15257
15204 15246
15204 15248
15204 15212
15204 15262
15204 15207
15205 15286
15205 15208
15205 15252
15205 15263
15205 15254
15206 15298
15206 15234
15206 15241
15207 15240
15208 15295
15208 15272
15208 15211
15208 15232
15209 15299
15209 15213
15210 15281
15210 15230
15210 15247
15211 15287
15211 15269
15211 15263
15211 15270
15211 15252
15212 15299
15213 15304
15214 15259
15214 15245
15214 15233
15214 15256
15215 15248
15216 15294
15217 15305
15217 15245
15217 15309
15218 15230
15218 15296
15219 15309
15219 15245
15219 15256
15219 15295
15219 15240
15219 15294
15219 15261
15220 15308
15220 15230
15220 15291
15220 15313
15220 15223
15221 15277
15221 15256
15221 15264
15221 15250
15222 15256
15222 15241
15222 15282
15223 15241
15223 15230
15223 15310
15223 15275
15223 15306
15224 15301
15224 15289
15225 15270
15225 15262
15225 15237
15225 15321
15226 15250
15226 15291
15226 15293
15227 15275
15227 15321
15227 15305
15227 15309
15228 15267
15229 15319
15229 15253
15229 15281
15229 15315
15229 15311
15229 15303
15230 15249
15230 15253
15230 15268
15231 15301
15231 15308
15232 15244
15232 15236
15232 15282
15232 15241
15233 15242
15233 15318
15233 15236
15233 15234
15233 15276
15233 15304
15234 15300
15236 15239
15236 15281
15237 15255
15237 15256
15237 15310
15237 15277
15237 15238
15237 15283
15237 15328
15237 15316
15238 15324
15238 15248
15239 15295
15239 15273
15239 15259
15240 15313
15241 15292
15241 15334
15241 15335
15241 15307
15242 15287
15242 15296
15243 15321
15243 15303
15243 15336
15243 15324
15243 15328
15244 15261
15244 15307
15244 15250
15245 15252
15245 15340
15245 15261
15246 15300
15246 15292
15246 15334
15247 15297
15248 15314
15248 15271
15249 15305
15249 15293
15249 15326
15250 15335
15250 15303
15251 15275
15251 15308
15251 15335
15251 15253
15252 15337
15252 15340
15252 15348
15252 15338
15252 15273
15252 15292
15253 15277
15253 15316
15254 15313
15254 15273
15254 15269
15255 15300
15255 15327
15256 15270
15256 15286
15257 15351
15258 15343
15258 15303
15258 15333
15258 15278
15258 15260
15258 15346
15258 15266
15258 15331
15259 15315
15260 15291
15260 15310
15260 15280
15260 15264
15261 15319
15262 15326
15263 15318
15263 15352
15263 15350
15263 15345
15264 15299
15264 15327
15264 15304
15265 15317
15265 15348
15266 15320
15266 15269
15266 15348
15266 15338
15267 15335
15267 15360
15268 15329
15268 15358
15269 15292
15269 15353
15269 15319
15269 15314
15269 15308
15270 15343
15270 15355
15270 15313
15270 15332
15270 15318
15270 15336
15271 15332
15272 15301
15272 15280
15273 15355
15273 15294
15273 15338
15273 15308
15274 15297
15274 15296
15274 15315
15275 15333
15275 15320
15275 15332
15275 15349
15275 15304
15276 15359
15276 15335
15276 15349
15276 15357
15276 15322
15277 15313
15277 15326
15277 15333
15278 15344
15278 15360
15279 15323
15280 15311
15280 15297
15280 15353
15280 15289
15281 15347
15281 15323
15281 15350
15281 15367
15281 15344
15282 15344
15282 15345
15282 15326
15282 15293
15282 15307
15282 15297
15283 15289
15283 15348
15283 15324
15283 15291
15284 15337
15284 15374
15285 15338
15285 15300
15286 15306
15287 15289
15287 15322
15288 15374
15288 15352
15288 15308
15289 15341
15289 15293
15289 15338
15289 15297
15290 15349
15290 15344
15290 15305
15290 15368
15291 15317
15291 15294
15292 15334
15293 15349
15294 15338
15294 15347
15294 15315
15295 15301
15295 15310
15296 15360
15296 15386
15297 15331
15297 15362
15297 15313
15297 15305
15298 15370
15298 15386
15298 15330
15299 15354
15300 15351
15300 15355
15300 15378
15300 15363
15300 15365
15301 15351
15301 15359
15301 15304
15302 15374
15303 15353
15303 15326
15303 15389
15303 15338
15303 15306
15303 15361
15303 15349
15303 15313
15304 15351
15304 15306
15305 15332
15305 15371
15305 15367
15305 15375
15305 15401
15307 15325
15307 15355
15308 15332
15308 15397
15308 15326
15308 15340
15308 15337
15308 15366
15309 15395
15310 15312
15310 15320
15311 15315
15311 15397
15311 15337
15311 15370
15312 15356
15312 15361
15312 15401
15312 15358
15313 15349
15313 15340
15313 15314
15314 15386
15314 15323
15315 15402
15315 15410
15315 15354
15315 15390
15315 15352
15315 15330
15315 15400
15316 15365
15316 15319
15317 15346
15317 15363
15317 15349
15317 15409
15317 15361
15317 15365
15317 15387
15318 15326
15319 15387
15320 15405
15320 15365
15320 15414
15320 15402
15321 15362
15322 15418
15322 15355
15322 15389
15322 15324
15322 15415
15322 15357
15323 15411
15323 15353
15323 15358
15323 15325
15325 15386
15325 15349
15326 15330
15326 15332
15326 15420
15326 15340
15327 15414
15327 15406
15328 15377
15328 15372
15328 15394
15328 15404
15328 15376
15329 15425
15330 15399
15331 15427
15332 15377
15332 15413
15332 15378
15332 15404
15333 15349
15333 15342
15333 15369
15333 15384
15334 15388
15336 15413
15337 15393
15337 15387
15337 15354
15337 15346
15337 15406
15337 15411
15337 15341
15338 15386
15338 15399
15338 15341
15339 15427
15339 15358
15339 15391
15339 15413
15339 15396
15340 15434
15341 15357
15341 15390
15341 15347
15341 15386
15341 15371
15342 15404
15342 15418
15343 15408
15343 15368
15344 15368
15344 15405
15345 15382
15345 15376
15345 15404
15345 15371
15346 15418
15347 15348
15347 15410
15347 15433
15348 15431
15349 15424
15349 15355
15350 15380
15350 15361
15350 15424
15352 15425
15352 15437
15352 15368
15352 15434
15353 15392
15353 15410
15353 15431
15353 15414
15354 15416
15354 15448
15354 15387
15354 15403
15354 15407
15355 15441
15355 15418
15355 15419
15355 15396
15356 15394
15356 15401
15356 15365
15357 15366
15358 15453
15358 15436
15358 15375
15359 15368
15360 15430
15360 15403
15361 15400
15361 15412
15361 15406
15361 15441
15361 15408
15362 15432
15362 15394
15362 15433
15363 15427
15363 15411
15363 15446
15363 15406
15364 15425
15364 15371
15364 15422
15364 15406
15364 15381
15365 15397
15365 15424
15365 15456
15366 15392
15366 15441
15366 15457
15366 15384
15367 15443
15367 15398
15368 15417
15368 15382
15368 15406
15368 15449
15369 15430
15369 15403
15370 15434
15371 15422
15371 15447
15371 15378
15371 15386
15372 15383
15372 15463
15373 15467
15374 15457
15375 15387
15375 15392
15376 15395
15376 15387
15376 15432
15376 15379
15376 15411
15376 15448
15376 15438
15376 15444
15377 15460
15378 15382
15378 15474
15378 15444
15378 15401
15379 15405
15379 15387
15380 15454
15380 15470
15380 15464
15381 15387
15381 15428
15381 15450
15381 15469
15381 15452
15381 15399
15381 15396
15382 15459
15382 15417
15383 15476
15383 15392
15383 15384
15384 15432
15384 15411
15384 15444
15385 15476
15385 15390
15385 15470
15385 15414
15386 15451
15386 15390
15387 15434
15388 15468
15388 15471
15389 15439
15389 15394
15389 15435
15389 15417
15389 15398
15389 15475
15390 15463
15391 15422
15391 15395
15391 15444
15391 15438
15391 15469
15392 15446
15392 15411
15392 15481
15392 15404
15393 15431
15393 15439
15393 15475
15394 15466
15394 15402
15394 15418
15395 15483
15395 15403
15397 15472
15397 15407
15397 15411
15397 15430
15397 15427
15399 15438
15399 15411
15400 15404
15400 15469
15401 15497
15401 15413
15401 15456
15401 15410
15401 15439
15401 15487
15402 15416
15402 15497
15402 15430
15402 15458
15403 15439
15403 15443
15403 15422
15404 15486
15404 15411
15404 15473
15404 15492
15405 15461
15405 15415
15405 15458
15405 15460
15406 15477
15406 15437
15406 15492
15406 15471
15406 15484
15406 15458
15406 15407
15407 15499
15407 15503
15408 15429
15408 15425
15408 15417
15408 15453
15409 15429
15409 15472
15409 15426
15409 15493
15410 15433
15410 15477
15410 15436
15410 15504
15410 15488
15412 15425
15413 15428
15413 15416
15413 15499
15414 15459
15414 15497
15414 15490
15415 15510
15415 15483
15416 15432
15416 15444
15417 15448
15417 15475
15417 15462
15417 15449
15417 15423
15417 15453
15418 15499
15418 15495
15418 15473
15418 15487
15418 15424
15418 15488
15419 15431
15420 15474
15420 15481
15420 15430
15420 15506
15421 15434
15421 15450
15422 15508
15422 15506
15422 15496
15423 15505
15423 15469
15424 15428
15424 15519
15424 15507
15424 15435
15424 15461
15425 15465
15425 15441
15425 15521
15426 15502
15426 15472
15426 15511
15426 15464
15426 15506
15427 15465
15427 15478
15427 15469
15427 15462
15427 15464
15427 15481
15428 15452
15428 15488
15428 15470
15428 15458
15429 15496
15429 15523
15430 15497
15430 15448
15430 15433
15430 15436
15430 15507
15431 15448
15431 15509
15431 15494
15431 15472
15432 15478
15432 15490
15433 15515
15433 15441
15433 15446
15434 15498
15434 15522
15434 15445
15434 15466
15434 15497
15435 15462
15435 15436
15435 15522
15435 15511
15435 15452
15436 15520
15436 15465
15437 15464
15437 15478
15438 15483
15438 15441
15439 15445
15440 15473
15441 15469
15441 15498
15441 15487
15442 15459
15442 15462
15442 15512
15443 15474
15443 15484
15443 15539
15443 15455
15444 15459
15444 15457
15444 15467
15444 15475
15445 15497
15445 15465
15446 15469
15446 15501
15446 15458
15447 15534
15447 15457
15447 15519
15447 15514
15448 15472
15448 15480
15448 15496
15449 15452
15449 15524
15449 15529
15449 15479
15449 15462
15449 15498
15449 15453
15449 15528
15449 15480
15450 15513
15450 15468
15450 15480
15450 15528
15451 15492
15451 15507
15451 15473
15451 15518
15452 15490
15453 15482
15453 15512
15454 15480
15455 15542
15455 15495
15455 15482
15455 15547
15455 15475
15456 15480
15457 15498
15457 15492
15457 15529
15457 15496
15458 15502
15458 15494
15458 15537
15459 15509
15459 15517
15459 15486
15459 15463
15460 15520
15460 15504
15461 15524
15461 15513
15461 15465
15461 15535
15463 15538
15463 15483
15464 15510
15464 15526
15464 15476
15464 15508
15464 15525
15465 15501
15465 15523
15465 15498
15467 15523
15467 15534
15468 15480
15468 15526
15468 15562
15469 15480
15469 15524
15469 15505
15470 15535
15470 15481
15470 15542
15471 15517
15471 15490
15471 15533
15471 15511
15471 15536
15471 15472
15472 15533
15472 15525
15472 15548
15472 15552
15473 15507
15473 15488
15474 15530
15474 15499
15474 15487
15474 15562
15475 15563
15475 15483
15475 15553
15475 15565
15475 15525
15475 15570
15476 15517
15476 15504
15477 15496
15477 15559
15477 15563
15478 15546
15478 15552
15478 15547
15479 15556
15479 15546
15479 15572
15480 15524
15480 15546
15480 15542
15482 15550
15482 15534
15482 15531
15482 15572
15483 15489
15484 15497
15484 15559
15484 15558
15485 15502
15485 15568
15485 15546
15485 15564
15485 15512
15486 15570
15487 15501
15487 15530
15487 15547
15487 15580
15487 15494
15488 15572
15489 15555
15489 15554
15489 15538
15490 15554
15490 15523
15491 15531
15491 15559
15492 15587
15492 15578
15492 15562
15492 15575
15492 15513
15492 15515
15492 15551
15493 15533
15493 15562
15493 15569
15494 15496
15494 15546
15494 15533
15494 15567
15494 15520
15495 15520
15496 15506
15496 15590
15497 15547
15497 15509
15497 15526
15497 15532
15498 15507
15498 15571
15498 15505
15499 15579
15499 15589
15499 15548
15499 15552
15500 15507
15501 15503
15501 15563
15501 15549
15502 15516
15503 15524
15503 15542
15504 15535
15505 15525
15505 15591
15505 15554
15506 15558
15506 15516
15506 15573
15506 15569
15506 15563
15506 15557
15506 15576
15506 15565
15507 15572
15508 15526
15508 15512
15509 15528
15509 15582
15509 15570
15510 15529
15510 15567
15511 15553
15511 15565
15511 15588
15512 15533
15512 15575
15512 15521
15512 15555
15512 15576
15512 15565
15512 15560
15513 15580
15514 15561
15514 15542
15514 15606
15515 15555
15515 15557
15516 15561
15516 15529
15516 15534
15517 15523
15517 15538
15517 15556
15517 15522
15517 15600
15518 15563
15519 15570
15519 15537
15520 15534
15520 15535
15520 15549
15521 15602
15522 15568
15522 15603
15522 15554
15523 15603
15523 15557
15523 15580
15523 15594
15523 15592
15523 15587
15524 15597
15525 15570
15525 15597
15525 15546
15526 15541
15526 15588
15526 15601
15527 15547
15528 15544
15528 15552
15528 15560
15528 15564
15529 15570
15529 15530
15530 15589
15530 15556
15530 15609
15530 15570
15531 15537
15531 15609
15531 15606
15531 15542
15531 15617
15532 15615
15532 15550
15533 15553
15534 15569
15534 15542
15535 15568
15535 15586
15535 15550
15535 15587
15536 15605
15536 15632
15536 15616
15537 15604
15538 15600
15538 15544
15538 15604
15538 15574
15538 15627
15538 15632
15538 15571
15539 15574
15539 15560
15539 15617
15539 15587
15539 15564
15540 15633
15540 15615
15540 15575
15540 15569
15541 15594
15541 15574
15542 15587
15542 15595
15543 15550
15543 15590
15543 15616
15543 15605
15543 15612
15543 15628
15543 15613
15544 15608
15544 15609
15545 15634
15546 15626
15546 15557
15546 15554
15546 15639
15547 15640
15547 15614
15547 15549
15547 15596
15547 15563
15548 15620
15548 15615
15549 15557
15549 15559
15549 15582
15550 15623
15551 15604
15552 15599
15552 15637
15552 15630
15552 15585
15553 15639
15554 15630
15554 15558
15554 15563
15554 15645
15554 15616
15555 15629
15555 15592
15556 15581
15556 15595
15556 15567
15557 15624
15557 15594
15557 15647
15558 15625
15558 15602
15558 15593
15558 15572
15559 15607
15559 15561
15560 15583
15560 15608
15560 15591
15560 15616
15560 15585
15560 15596
15561 15582
15561 15654
15561 15605
15561 15607
15562 15608
15562 15609
15562 15589
15562 15658
15562 15563
15562 15631
15562 15578
15563 15606
15563 15579
15564 15617
15564 15581
15565 15584
15565 15647
15565 15626
15566 15594
15566 15648
15566 15603
15566 15644
15567 15622
15567 15606
15568 15645
15568 15664
15568 15624
15568 15656
15568 15621
15568 15577
15569 15577
15570 15658
15570 15602
15571 15582
15571 15646
15571 15666
15571 15652
15572 15588
15573 15583
15573 15656
15574 15644
15575 15651
15576 15628
15576 15656
15576 15616
15577 15664
15577 15612
15577 15650
15578 15613
15578 15631
15578 15632
15579 15622
15579 15621
15579 15650
15581 15595
15581 15583
15581 15664
15581 15658
15582 15600
15583 15627
15583 15659
15583 15615
15583 15608
15583 15643
15583 15612
15583 15610
15583 15632
15584 15646
15585 15634
15586 15648
15586 15625
15586 15663
15586 15659
15586 15608
15587 15637
15587 15672
15587 15680
15588 15677
15588 15643
15589 15638
15589 15633
15589 15660
15591 15655
15591 15681
15592 15688
15592 15611
15592 15679
15592 15617
15592 15624
15592 15665
15592 15662
15592 15606
15593 15662
15593 15605
15593 15651
15593 15642
15593 15669
15593 15655
15594 15687
15594 15671
15595 15637
15595 15675
15595 15636
15595 15627
15595 15676
15596 15616
15596 15598
15597 15678
15597 15679
15597 15615
15597 15663
15597 15604
15597 15639
15597 15629
15598 15650
15598 15613
15599 15634
15599 15613
15599 15630
15600 15606
15600 15625
15600 15677
15600 15632
15600 15688
15601 15608
15601 15663
15601 15659
15601 15668
15601 15693
15602 15679
15602 15672
15602 15681
15603 15670
15603 15610
15603 15624
15603 15683
15603 15694
15604 15638
15604 15672
15605 15657
15605 15643
15605 15688
15605 15659
15606 15646
15606 15635
15606 15680
15607 15671
15607 15610
15607 15609
15607 15688
15607 15657
15609 15617
15609 15679
15610 15647
15610 15635
15610 15612
15611 15629
15611 15707
15611 15655
15611 15688
15611 15648
15612 15633
15612 15649
15612 15657
15612 15656
15613 15689
15614 15679
15614 15648
15615 15644
15615 15630
15616 15678
15616 15626
15616 15679
15617 15683
15617 15661
15617 15681
15617 15650
15618 15620
15619 15662
15619 15703
15619 15699
15620 15688
15620 15692
15621 15689
15621 15692
15621 15632
15621 15625
15621 15637
15621 15670
15621 15669
15622 15657
15622 15691
15622 15681
15622 15627
15623 15638
15623 15649
15623 15687
15625 15699
15625 15664
15625 15665
15625 15704
15625 15641
15625 15640
15626 15691
15626 15696
15626 15650
15626 15689
15627 15674
15627 15636
15628 15674
15628 15722
15629 15632
15629 15675
15629 15701
15629 15710
15630 15632
15630 15647
15630 15679
15631 15662
15632 15702
15632 15709
15632 15668
15632 15651
15632 15710
15632 15673
15632 15711
15633 15657
15633 15665
15633 15709
15633 15666
15633 15691
15634 15719
15634 15644
15634 15658
15635 15699
15635 15668
15635 15655
15635 15716
15635 15656
15635 15692
15636 15651
15636 15652
15637 15665
15637 15728
15638 15704
15640 15666
15640 15647
15640 15658
15641 15652
15641 15661
15641 15737
15641 15672
15641 15664
15642 15691
15642 15707
15642 15655
15642 15647
15643 15673
15643 15648
15643 15691
15644 15722
15644 15700
15645 15728
15645 15717
15645 15683
15645 15737
15646 15734
15646 15739
15647 15706
15647 15726
15648 15734
15648 15724
15648 15690
15648 15696
15649 15684
15649 15719
15650 15736
15650 15743
15651 15668
15651 15684
15651 15664
15651 15709
15651 15723
15651 15662
15652 15661
15652 15713
15652 15747
15652 15748
15653 15740
15653 15690
15655 15715
15655 15741
15655 15751
15655 15681
15656 15709
15656 15724
15657 15749
15657 15681
15657 15724
15657 15703
15658 15685
15658 15665
15658 15705
15658 15667
15658 15676
15660 15670
15660 15681
15661 15706
15661 15749
15662 15702
15662 15677
15662 15725
15663 15692
15663 15720
15663 15669
15663 15699
15663 15739
15663 15673
15663 15686
15664 15734
15664 15724
15664 15669
15664 15667
15665 15687
15665 15743
15665 15730
15666 15754
15666 15693
15666 15749
15666 15682
15666 15739
15666 15756
15667 15736
15667 15669
15667 15698
15667 15757
15667 15737
15667 15731
15668 15743
15668 15714
15668 15705
15668 15700
15668 15724
15668 15712
15668 15736
15670 15744
15670 15745
15670 15765
15671 15728
15671 15716
15671 15723
15671 15695
15671 15761
15672 15694
15672 15715
15672 15692
15672 15752
15672 15724
15672 15719
15672 15704
15672 15698
15672 15755
15672 15686
15672 15691
15673 15763
15673 15718
15673 15683
15673 15740
15673 15749
15674 15696
15674 15731
15675 15708
15676 15700
15676 15687
15676 15724
15676 15715
15677 15733
15677 15714
15677 15729
15678 15768
15678 15730
15678 15762
15678 15707
15679 15730
15681 15696
15681 15751
15682 15718
15682 15698
15682 15778
15683 15714
15683 15742
15683 15756
15683 15764
15683 15688
15684 15733
15684 15714
15685 15737
15685 15736
15685 15721
15685 15719
15685 15749
15685 15774
15686 15711
15686 15707
15686 15721
15686 15748
15687 15767
15687 15783
15687 15773
15688 15710
15688 15731
15688 15749
15689 15777
15690 15736
15690 15708
15691 15765
15691 15740
15691 15761
15691 15719
15691 15716
15691 15779
15691 15700
15691 15753
15692 15783
15692 15785
15693 15774
15693 15772
15693 15709
15693 15705
15694 15741
15694 15775
15694 15708
15695 15786
15695 15759
15695 15712
15696 15735
15696 15713
15696 15747
15697 15707
15697 15779
15697 15701
15698 15730
15698 15717
15698 15741
15698 15755
15699 15765
15700 15727
15701 15795
15701 15764
15702 15715
15702 15705
15702 15765
15703 15718
15704 15721
15704 15736
15704 15752
15704 15729
15704 15793
15705 15768
15705 15798
15705 15766
15706 15800
15706 15732
15706 15766
15706 15785
15707 15799
15707 15795
15708 15718
15708 15724
15708 15780
15708 15786
15709 15796
15710 15736
15710 15778
15711 15762
15711 15794
15711 15714
15712 15782
15712 15748
15712 15724
15712 15802
15713 15791
15713 15728
15714 15792
15714 15747
15715 15750
15715 15763
15715 15756
15715 15811
15716 15792
15716 15797
15716 15730
15716 15809
15717 15752
15717 15811
15717 15749
15717 15766
15718 15765
15718 15812
15719 15814
15719 15761
15719 15780
15719 15745
15719 15786
15719 15757
15719 15806
15720 15807
15720 15812
15720 15726
15720 15724
15720 15777
15721 15787
15721 15729
15721 15744
15721 15780
15721 15761
15721 15806
15721 15737
15722 15799
15722 15728
15723 15749
15723 15753
15723 15765
15723 15754
15724 15796
15724 15784
15724 15767
15724 15764
15724 15808
15724 15816
15725 15739
15725 15787
15725 15758
15725 15775
15726 15822
15727 15753
15728 15782
15728 15785
15730 15762
15731 15754
15731 15789
15731 15768
15731 15753
15732 15809
15732 15766
15733 15815
15733 15800
15733 15768
15733 15752
15734 15818
15734 15784
15735 15747
15735 15805
15735 15828
15735 15807
15736 15797
15736 15814
15736 15748
15736 15788
15736 15759
15736 15741
15737 15772
15737 15746
15737 15750
15737 15783
15738 15768
15738 15765
15738 15798
15738 15807
15739 15794
15739 15819
15740 15762
15741 15790
15741 15815
15741 15797
15741 15774
15741 15778
15741 15802
15741 15809
15742 15777
15742 15819
15742 15782
15743 15778
15743 15773
15743 15818
15743 15805
15743 15745
15744 15773
15744 15832
15744 15746
15745 15836
15745 15751
15745 15811
15745 15754
15745 15831
15745 15757
15746 15807
15746 15839
15746 15810
15746 15835
15746 15815
15747 15799
15747 15826
15747 15806
15748 15819
15748 15809
15749 15779
15749 15761
15749 15796
15750 15790
15750 15819
15750 15838
15750 15833
15750 15846
15750 15800
15751 15754
15751 15756
15752 15838
15752 15798
15752 15794
15753 15794
15753 15821
15753 15761
15753 15787
15754 15760
15754 15768
15754 15798
15755 15800
15755 15796
15756 15847
15756 15769
15757 15773
15757 15803
15757 15823
15758 15763
15758 15812
15758 15815
15759 15843
15759 15783
15759 15827
15760 15772
15761 15830
15761 15777
15761 15768
15761 15821
15762 15806
15762 15766
15762 15782
15762 15777
15763 15798
15763 15836
15763 15777
15764 15786
15764 15823
15764 15774
15764 15825
15764 15765
15765 15844
15765 15821
15765 15771
15766 15812
15766 15824
15766 15808
15766 15779
15767 15804
15767 15809
15767 15813
15768 15788
15769 15827
15769 15784
15769 15844
15770 15819
15770 15784
15771 15859
15772 15786
15772 15785
15773 15781
15773 15810
15773 15819
15774 15780
15774 15819
15774 15836
15775 15802
15775 15797
15775 15807
15775 15784
15776 15810
15776 15841
15777 15841
15778 15783
15778 15850
15779 15830
15779 15844
15779 15782
15780 15802
15781 15810
15781 15841
15781 15806
15781 15785
15781 15786
15782 15798
15783 15849
15783 15823
15783 15868
15783 15804
15784 15833
15784 15853
15784 15858
15785 15818
15785 15823
15785 15801
15785 15819
15785 15881
15785 15822
15785 15844
15786 15839
15786 15844
15787 15843
15787 15791
15787 15829
15787 15849
15787 15863
15787 15844
15788 15793
15788 15865
15788 15828
15788 15840
15789 15839
15790 15845
15790 15857
15790 15796
15790 15826
15790 15866
15791 15860
15791 15818
15791 15887
15792 15869
15792 15858
15792 15879
15793 15853
15793 15877
15794 15883
15794 15840
15794 15827
15795 15811
15795 15844
15795 15864
15795 15891
15795 15825
15795 15868
15796 15808
15796 15836
15796 15848
15796 15819
15797 15843
15797 15816
15798 15845
15798 15802
15800 15832
15800 15843
15800 15808
15801 15888
15801 15887
15801 15874
15802 15855
15802 15885
15802 15836
15802 15858
15803 15817
15803 15867
15803 15840
15805 15845
15805 15832
15805 15889
15805 15892
15805 15899
15805 15831
15806 15898
15807 15826
15807 15898
15807 15861
15807 15866
15808 15863
15809 15829
15809 15858
15810 15868
15810 15889
15810 15904
15810 15891
15811 15894
15811 15826
15812 15885
15812 15862
15812 15869
15814 15895
15814 15862
15814 15873
15814 15834
15815 15865
15815 15900
15815 15823
15815 15893
15815 15882
15816 15870
15817 15839
15817 15820
15817 15878
15818 15855
15818 15856
15818 15829
15818 15825
15819 15855
15819 15904
15819 15901
15819 15868
15819 15872
15820 15908
15821 15865
15821 15914
15821 15901
15822 15871
15823 15869
15823 15911
15823 15833
15824 15891
15825 15903
15825 15895
15826 15905
15826 15879
15827 15840
15827 15921
15827 15908
15828 15881
15828 15837
15829 15878
15829 15847
15829 15840
15829 15908
15829 15864
15830 15900
15830 15889
15830 15871
15830 15923
15830 15883
15830 15865
15830 15926
15830 15921
15831 15863
15832 15901
15832 15868
15832 15920
15833 15891
15833 15892
15833 15907
15833 15896
15833 15874
15834 15910
15834 15836
15835 15837
15835 15878
15836 15906
15836 15896
15836 15897
15836 15849
15836 15917
15837 15908
15837 15865
15838 15840
15838 15875
15839 15930
15839 15900
15840 15905
15840 15897
15840 15857
15841 15876
15841 15890
15841 15880
15842 15931
15842 15858
15842 15915
15842 15878
15842 15882
15842 15905
15843 15855
15843 15915
15844 15913
15844 15869
15845 15912
15845 15891
15846 15886
15846 15912
15846 15909
15847 15857
15847 15850
15847 15890
15848 15893
15848 15858
15848 15931
15848 15861
15848 15904
15849 15850
15850 15924
15850 15855
15851 15879
15851 15880
15851 15854
15852 15872
15852 15944
15852 15909
15852 15890
15852 15857
15853 15855
15853 15878
15853 15877
15853 15859
15853 15856
15853 15917
15854 15883
15854 15923
15854 15941
15854 15924
15856 15939
15856 15895
15856 15858
15857 15886
15857 15892
15857 15923
15857 15880
15858 15891
15858 15929
15858 15873
15858 15918
15858 15869
15858 15870
15859 15894
15859 15866
15859 15940
15860 15879
15860 15861
15860 15921
15861 15876
15861 15908
15861 15910
15862 15940
15862 15864
15862 15887
15862 15952
15862 15895
15862 15888
15862 15897
15862 15915
15863 15892
15863 15954
15863 15882
15863 15886
15864 15933
15864 15876
15864 15898
15864 15889
15864 15884
15865 15941
15865 15909
15865 15923
15865 15884
15866 15960
15866 15883
15867 15962
15867 15868
15867 15907
15868 15889
15868 15941
15868 15882
15868 15897
15868 15883
15869 15921
15869 15912
15869 15923
15869 15884
15870 15947
15871 15953
15872 15943
15873 15885
15873 15941
15874 15932
15874 15893
15874 15929
15874 15896
15875 15934
15875 15971
15876 15944
15876 15918
15877 15961
15877 15970
15877 15964
15877 15886
15878 15934
15878 15942
15878 15956
15878 15959
15878 15970
15879 15910
15880 15936
15880 15948
15880 15924
15880 15945
15881 15936
15881 15939
15881 15968
15881 15930
15881 15933
15882 15934
15882 15901
15883 15944
15884 15916
15884 15962
15885 15917
15885 15921
15885 15919
15885 15956
15886 15933
15887 15933
15888 15950
15888 15941
15889 15963
15890 15945
15890 15982
15890 15899
15890 15967
15890 15953
15890 15896
15890 15936
15891 15898
15891 15926
15891 15931
15891 15936
15891 15987
15892 15973
15892 15949
15893 15921
15893 15900
15893 15976
15893 15920
15894 15985
15894 15918
15894 15957
15894 15986
15894 15905
15895 15956
15895 15897
15896 15974
15896 15949
15896 15938
15896 15907
15897 15936
15897 15908
15898 15960
15898 15927
15898 15955
15899 15940
15899 15913
15899 15950
15900 15980
15901 15940
15902 15976
15902 15969
15903 15981
15903 15965
15904 15916
15904 15918
15905 15925
15905 15924
15906 15989
15906 15932
15907 15941
15908 15952
15908 15992
15909 15931
15910 15974
15910 15993
15911 15912
15912 15993
15912 15965
15913 16001
15913 16005
15914 16010
15914 15989
15914 15998
15915 15967
15915 15959
15915 16011
15915 15984
15915 15919
15916 15922
15916 16012
15917 15986
15918 15994
15918 15945
15918 15924
15918 15988
15918 16002
15919 15921
15919 15989
15920 15957
15920 15964
15920 16012
15920 15973
15921 15966
15921 16001
15921 15971
15921 15934
15921 15944
15922 15988
15922 15984
15923 15934
15923 15966
15923 15985
15923 15972
15924 16012
15924 15954
15924 15969
15924 16017
15924 15981
15925 15977
15925 15987
15925 15936
15926 16003
15926 15945
15926 16015
15927 15945
15927 15949
15927 15930
15928 15943
15928 15959
15928 15968
15929 15964
15929 15996
15931 16004
15932 15949
15932 16028
15932 15933
15932 15994
15933 15949
15933 15962
15933 15969
15933 15955
15933 16019
15934 15999
15934 16015
15934 16024
15935 15974
15936 15941
15936 16016
15936 16013
15937 15964
15937 15999
15937 15942
15937 15973
15938 15990
15939 15960
15939 15944
15939 15975
15939 15945
15940 15971
15940 15975
15940 16027
15940 15979
15940 16018
15940 15998
15941 16016
15941 15993
15941 16022
15941 16027
15942 16012
15942 16011
15942 15972
15944 16007
15944 15949
15945 16005
15945 16039
15945 15984
15945 16030
15945 15990
15946 15948
15946 16010
15947 16013
15947 15980
15948 15978
15949 16023
15951 16000
15951 16010
15951 15993
15951 16047
15951 16025
15952 16048
15952 16009
15953 16022
15953 16020
15953 15986
15953 15967
15953 16013
15953 16015
15953 16048
15954 16049
15954 15964
15954 16014
15955 16004
15955 16000
15956 16019
15957 16028
15957 16047
15959 15993
15959 16011
15959 16024
15960 16014
15960 16034
15960 16029
15960 16043
15961 15976
15961 15991
15961 16055
15961 15980
15962 15974
15962 16001
15962 15968
15962 16019
15963 16056
15963 16005
15963 16041
15963 16012
15963 16040
15963 16057
15964 15998
15964 15975
15964 16022
15965 15969
15965 15995
15965 16057
15965 16042
15965 15985
15965 16007
15965 16021
15966 15979
15966 15976
15967 16010
15967 16052
15967 15979
15968 15971
15968 15996
15969 16007
15970 15985
15970 16059
15971 16051
15971 16038
15971 16034
15972 16006
15972 15976
15972 15975
15973 16018
15973 16054
15973 16036
15974 15995
15974 16038
15974 16007
15974 16011
15975 15985
15975 16029
15975 15996
15976 16017
15976 16034
15976 16020
15977 16023
15977 15978
15977 15990
15977 16015
15978 16071
15978 15980
15978 15994
15979 16004
15980 16011
15980 16007
15980 15981
15980 15985
15980 16020
15981 15993
15981 15986
15982 16078
15982 16058
15982 16029
15982 15990
15982 16017
15982 16075
15982 15991
15982 16060
15983 16072
15983 15995
15983 15989
15984 16014
15985 15986
15985 16015
15985 16041
15985 16066
15985 16037
15986 16052
15986 16063
15986 16024
15986 16018
15987 16050
15987 16068
15987 16040
15987 16021
15987 15991
15987 16075
15988 16045
15988 16013
15989 16011
15989 16005
15990 16074
15990 15991
15990 16019
15991 16049
15991 16033
15992 16068
15993 16036
15993 16047
15993 16040
15993 16033
15994 16010
15994 16081
15996 16061
15996 16074
15996 16033
15997 16084
15997 16073
15998 16059
15999 16005
16000 16021
16000 16080
16000 16034
16000 16026
16001 16066
16001 16011
16002 16086
16002 16034
16002 16042
16003 16076
16003 16096
16003 16049
16004 16017
16004 16051
16005 16055
16005 16058
16005 16097
16005 16009
16005 16016
16006 16016
16007 16039
16007 16014
16007 16042
16007 16033
16007 16010
16008 16013
16008 16100
16008 16018
16008 16088
16008 16014
16009 16064
16010 16050
16010 16089
16010 16051
16012 16019
16013 16076
16013 16058
16014 16064
16014 16092
16014 16097
16014 16095
16014 16036
16015 16087
16015 16040
16015 16049
16015 16075
16016 16055
16016 16019
16016 16101
16017 16111
16017 16040
16017 16074
16018 16080
16018 16105
16018 16043
16018 16052
16019 16063
16019 16047
16020 16026
16020 16046
16020 16071
16021 16099
16021 16109
16021 16067
16021 16041
16022 16111
16022 16083
16025 16054
16025 16062
16025 16107
16026 16095
16026 16093
16026 16088
16027 16077
16027 16107
16027 16029
16028 16038
16028 16057
16028 16058
16028 16122
16029 16100
16029 16054
16029 16069
16029 16071
16029 16097
16029 16044
16030 16074
16031 16123
16031 16118
16032 16041
16032 16080
16032 16056
16033 16061
16033 16092
16033 16059
16033 16080
16034 16091
16034 16053
16034 16063
16035 16084
16035 16083
16036 16109
16036 16047
16036 16123
16037 16089
16037 16076
16037 16116
16038 16089
16038 16088
16038 16064
16039 16084
16039 16085
16039 16068
16039 16094
16040 16048
16040 16075
16040 16095
16041 16048
16041 16045
16041 16057
16041 16070
16041 16108
16041 16116
16042 16074
16042 16083
16042 16116
16042 16052
16044 16045
16044 16052
16044 16057
16045 16074
16045 16088
16046 16131
16046 16091
16046 16057
16046 16111
16046 16082
16046 16052
16047 16127
16048 16068
16048 16124
16049 16079
16049 16110
16049 16072
16050 16103
16050 16123
16052 16111
16052 16070
16053 16060
16053 16058
16054 16107
16055 16117
16056 16086
16056 16072
16056 16105
16056 16150
16056 16089
16058 16143
16058 16152
16058 16086
16059 16088
16059 16115
16059 16144
16060 16129
16060 16134
16061 16149
16061 16080
16061 16118
16061 16071
16062 16151
16062 16065
16063 16117
16063 16096
16063 16138
16063 16088
16064 16137
16064 16090
16064 16086
16064 16136
16064 16076
16066 16097
16066 16082
16066 16156
16068 16087
16069 16138
16069 16090
16069 16140
16069 16075
16070 16073
16070 16124
16071 16112
16071 16142
16071 16113
16071 16124
16072 16156
16073 16118
16073 16100
16073 16083
16073 16148
16073 16082
16073 16114
16073 16160
16074 16137
16074 16168
16074 16114
16074 16159
16075 16143
16076 16088
16076 16118
16076 16154
16076 16142
16077 16147
16077 16083
16077 16123
16078 16157
16078 16124
16078 16094
16079 16147
16079 16149
16079 16174
16079 16167
16079 16080
16079 16141
16080 16153
16080 16144
16080 16171
16080 16151
16080 16154
16080 16119
16080 16093
16080 16124
16080 16129
16081 16154
16081 16159
16081 16123
16081 16092
16081 16137
16082 16178
16082 16101
16083 16115
16083 16096
16084 16159
16084 16110
16084 16169
16085 16115
16085 16107
16086 16099
16086 16121
16086 16087
16087 16122
16087 16166
16087 16125
16088 16090
16088 16101
16088 16162
16088 16114
16088 16089
16089 16094
16090 16170
16090 16157
16091 16171
16091 16179
16091 16123
16092 16123
16092 16139
16093 16115
16093 16100
16094 16186
16094 16190
16094 16184
16094 16134
16094 16176
16095 16148
16095 16116
16095 16105
16096 16148
16096 16151
16097 16165
16097 16108
16098 16138
16098 16186
16098 16161
16098 16142
16099 16154
16099 16135
16099 16140
16099 16193
16100 16126
16100 16155
16101 16158
16101 16153
16101 16163
16101 16103
16101 16178
16102 16192
16102 16127
16102 16108
16103 16128
16103 16161
16104 16120
16104 16136
16106 16201
16106 16170
16106 16129
16106 16175
16106 16160
16107 16146
16108 16175
16108 16202
16108 16136
16108 16173
16108 16185
16109 16128
16110 16148
16110 16180
16110 16202
16111 16167
16111 16158
16111 16127
16111 16192
16111 16189
16111 16185
16112 16148
16112 16170
16112 16174
16112 16189
16113 16124
16113 16173
16113 16127
16113 16190
16114 16150
16114 16143
16114 16177
16115 16165
16115 16204
16115 16163
16116 16189
16117 16173
16117 16187
16117 16132
16117 16121
16117 16162
16117 16182
16118 16147
16118 16182
16118 16194
16119 16176
16119 16155
16120 16152
16120 16193
16120 16200
16121 16131
16121 16142
16121 16141
16121 16124
16121 16167
16121 16138
16122 16210
16123 16169
16123 16143
16123 16182
16125 16216
16125 16197
16125 16187
16126 16204
16126 16197
16126 16146
16126 16219
16127 16182
16127 16158
16128 16192
16128 16223
16128 16201
16128 16211
16129 16144
16129 16215
16130 16183
16131 16199
16132 16191
16132 16180
16132 16225
16132 16179
16132 16143
16133 16199
16133 16168
16134 16225
16134 16180
16135 16193
16135 16174
16135 16154
16136 16153
16136 16201
16137 16197
16137 16199
16137 16156
16137 16188
16138 16228
16138 16149
16138 16213
16138 16177
16138 16209
16139 16143
16139 16145
16139 16177
16140 16148
16140 16167
16140 16197
16141 16149
16142 16166
16142 16199
16143 16216
16143 16151
16143 16165
16143 16230
16143 16177
16143 16200
16144 16168
16144 16216
16144 16192
16145 16179
16145 16158
16145 16218
16147 16213
16148 16159
16148 16215
16148 16179
16148 16195
16148 16213
16148 16240
16149 16225
16149 16195
16149 16235
16150 16233
16150 16193
16151 16245
16151 16174
16151 16212
16152 16207
16152 16177
16152 16167
16152 16180
16152 16221
16153 16172
16153 16205
16153 16202
16153 16180
16154 16230
16154 16207
16155 16186
16155 16171
16155 16188
16155 16190
16155 16225
16156 16223
16156 16179
16156 16168
16157 16183
16157 16252
16157 16239
16157 16220
16158 16247
16158 16250
16158 16209
16158 16179
16158 16188
16159 16173
16159 16255
16160 16252
16160 16191
16160 16225
16161 16228
16162 16208
16163 16250
16163 16179
16163 16236
16163 16212
16164 16197
16164 16165
16164 16255
16165 16246
16167 16189
16167 16257
16168 16263
16168 16222
16168 16249
16168 16238
16169 16249
16169 16199
16169 16254
16169 16207
16170 16261
16170 16255
16170 16186
16170 16218
16171 16232
16171 16223
16171 16243
16173 16186
16173 16246
16173 16265
16174 16200
16175 16203
16175 16264
16176 16223
16177 16214
16177 16192
16177 16194
16178 16208
16178 16270
16178 16243
16178 16272
16179 16220
16179 16244
16179 16211
16180 16232
16180 16242
16180 16274
16181 16252
16181 16213
16181 16236
16181 16207
16181 16222
16181 16261
16182 16187
16182 16229
16182 16192
16183 16244
16184 16217
16184 16213
16184 16219
16185 16238
16185 16252
16186 16238
16186 16240
16187 16254
16187 16212
16187 16247
16187 16210
16187 16226
16188 16213
16188 16208
16188 16262
16188 16200
16189 16193
16189 16194
16189 16239
16190 16215
16190 16223
16190 16207
16191 16217
16191 16286
16192 16209
16192 16272
16192 16194
16192 16229
16192 16217
16193 16205
16194 16245
16196 16266
16197 16261
16197 16244
16197 16224
16197 16238
16197 16202
16197 16232
16198 16227
16198 16203
16198 16239
16199 16213
16199 16229
16200 16260
16200 16268
16200 16256
16200 16257
16200 16285
16200 16235
16201 16202
16201 16224
16201 16291
16201 16203
16201 16275
16202 16223
16202 16222
16203 16229
16203 16251
16203 16224
16204 16279
16204 16242
16206 16284
16206 16230
16206 16257
16207 16298
16207 16268
16207 16269
16208 16248
16209 16224
16209 16303
16209 16212
16210 16289
16210 16214
16211 16269
16211 16264
16212 16224
16212 16283
16213 16308
16213 16248
16213 16231
16213 16253
16213 16258
16214 16245
16214 16247
16214 16262
16214 16301
16214 16270
16214 16236
16214 16257
16215 16237
16215 16277
16215 16244
16217 16258
16217 16257
16217 16252
16218 16230
16218 16247
16218 16238
16218 16286
16219 16257
16219 16307
16219 16302
16219 16311
16220 16258
16220 16230
16220 16288
16221 16300
16221 16236
16221 16306
16222 16269
16222 16258
16222 16286
16222 16249
16222 16275
16223 16285
16223 16309
16224 16297
16225 16299
16225 16321
16226 16295
16226 16238
16227 16232
16227 16294
16227 16284
16227 16303
16228 16259
16228 16252
16228 16257
16229 16297
16229 16236
16230 16248
16230 16277
16231 16293
16231 16258
16232 16277
16232 16291
16232 16283
16232 16307
16232 16276
16233 16274
16234 16256
16234 16287
16235 16314
16235 16330
16235 16280
16235 16320
16235 16324
16236 16239
16236 16258
16237 16282
16237 16320
16238 16299
16238 16321
16238 16300
16238 16307
16238 16298
16238 16293
16239 16245
16240 16300
16240 16277
16241 16277
16241 16255
16241 16244
16241 16279
16242 16270
16242 16321
16242 16302
16242 16254
16242 16338
16243 16312
16243 16322
16243 16276
16244 16284
16244 16260
16244 16269
16244 16327
16245 16267
16245 16297
16245 16252
16246 16332
16246 16248
16246 16273
16246 16256
16247 16329
16247 16318
16247 16302
16247 16277
16248 16309
16248 16272
16248 16267
16248 16258
16248 16287
16248 16311
16249 16259
16249 16279
16249 16280
16250 16318
16251 16263
16251 16341
16251 16288
16252 16269
16252 16320
16252 16339
16253 16293
16253 16298
16253 16315
16253 16339
16253 16269
16253 16276
16254 16338
16254 16330
16254 16344
16256 16313
16257 16324
16257 16300
16257 16327
16257 16331
16258 16318
16258 16332
16258 16319
16258 16349
16259 16289
16259 16330
16260 16297
16260 16298
16261 16274
16261 16302
16261 16351
16262 16300
16263 16310
16263 16329
16263 16355
16263 16350
16264 16274
16264 16325
16265 16300
16265 16286
16265 16271
16266 16318
16267 16297
16267 16276
16268 16345
16268 16272
16269 16319
16270 16279
16270 16347
16270 16309
16271 16308
16271 16282
16271 16350
16271 16305
16272 16324
16272 16343
16273 16314
16273 16350
16274 16321
16274 16335
16274 16292
16275 16313
16275 16283
16275 16371
16275 16326
16276 16299
16277 16280
16278 16315
16278 16279
16278 16331
16278 16306
16278 16302
16278 16312
16279 16355
16279 16356
16279 16323
16279 16284
16279 16324
16280 16314
16280 16357
16280 16317
16281 16340
16281 16362
16281 16361
16281 16299
16282 16312
16282 16350
16283 16342
16283 16371
16284 16315
16284 16288
16284 16338
16285 16379
16285 16316
16286 16372
16287 16324
16287 16303
16287 16365
16288 16341
16288 16368
16289 16360
16289 16322
16289 16306
16289 16314
16290 16316
16290 16303
16290 16353
16291 16323
16291 16331
16291 16352
16291 16367
16292 16350
16292 16345
16292 16360
16292 16387
16292 16369
16293 16328
16294 16296
16294 16376
16295 16300
16295 16353
16295 16308
16296 16386
16296 16330
16296 16383
16297 16386
16297 16304
16297 16318
16297 16392
16297 16370
16297 16335
16298 16331
16298 16335
16298 16351
16298 16385
16299 16316
16299 16329
16299 16366
16299 16306
16299 16386
16299 16340
16300 16372
16300 16318
16300 16362
16300 16386
16302 16370
16302 16362
16303 16375
16303 16357
16304 16399
16304 16362
16304 16307
16304 16397
16305 16341
16305 16349
16305 16315
16305 16376
16306 16393
16306 16380
16306 16326
16306 16344
16307 16318
16307 16382
16307 16398
16307 16325
16308 16361
16308 16328
16309 16397
16310 16377
16310 16339
16310 16368
16310 16400
16310 16343
16310 16354
16311 16400
16311 16362
16311 16404
16312 16389
16312 16325
16312 16400
16313 16362
16313 16355
16314 16370
16314 16390
16314 16404
16314 16348
16314 16408
16314 16344
16315 16335
16315 16398
16315 16353
16315 16355
16316 16334
16316 16347
16316 16345
16317 16411
16317 16412
16318 16386
16318 16347
16318 16336
16319 16330
16319 16380
16319 16373
16319 16331
16320 16353
16320 16370
16321 16384
16321 16393
16321 16324
16321 16322
16322 16402
16322 16380
16322 16337
16322 16404
16323 16347
16323 16406
16323 16362
16323 16371
16323 16398
16324 16345
16324 16341
16324 16363
16324 16383
16325 16335
16325 16349
16325 16416
16325 16397
16326 16342
16326 16328
16326 16407
16327 16328
16329 16345
16329 16335
16329 16348
16329 16414
16330 16366
16330 16363
16330 16411
16331 16416
16331 16405
16331 16343
16331 16367
16332 16418
16332 16380
16332 16375
16333 16396
16333 16370
16333 16391
16334 16354
16334 16397
16334 16372
16334 16363
16334 16353
16335 16343
16335 16411
16335 16359
16335 16367
16336 16413
16337 16401
16338 16362
16338 16399
16338 16425
16338 16392
16338 16377
16339 16376
16339 16346
16340 16356
16340 16379
16341 16392
16341 16365
16341 16389
16342 16433
16343 16417
16343 16404
16343 16359
16344 16353
16344 16386
16344 16411
16344 16401
16344 16427
16344 16420
16344 16372
16344 16419
16344 16371
16345 16380
16345 16429
16345 16382
16345 16423
16346 16352
16347 16378
16347 16411
16347 16410
16347 16427
16347 16426
16348 16369
16348 16379
16348 16381
16349 16425
16349 16415
16349 16368
16350 16357
16350 16367
16350 16351
16350 16394
16350 16370
16351 16360
16352 16381
16352 16367
16352 16364
16353 16375
16354 16376
16355 16400
16355 16439
16355 16412
16356 16417
16356 16434
16356 16375
16356 16449
16356 16377
16356 16447
16356 16362
16356 16408
16357 16434
16357 16369
16358 16403
16358 16412
16358 16367
16358 16441
16358 16408
16359 16428
16360 16430
16360 16362
16361 16370
16361 16427
16361 16371
16361 16442
16361 16443
16362 16437
16362 16432
16363 16451
16363 16393
16363 16449
16364 16375
16364 16374
16364 16421
16365 16394
16367 16368
16367 16426
16368 16435
16368 16404
16368 16405
16368 16426
16369 16413
16370 16386
16370 16371
16370 16448
16370 16392
16370 16416
16371 16431
16373 16410
16373 16409
16373 16460
16373 16430
16373 16379
16374 16380
16374 16407
16374 16422
16374 16436
16375 16459
16376 16406
16376 16472
16376 16435
16376 16421
16376 16448
16376 16417
16377 16432
16377 16392
16377 16407
16378 16395
16379 16395
16379 16438
16379 16405
16379 16418
16379 16408
16380 16443
16381 16477
16382 16447
16382 16392
16382 16394
16382 16455
16382 16418
16382 16397
16383 16423
16383 16409
16383 16430
16383 16424
16383 16438
16384 16385
16384 16469
16384 16427
16384 16449
16385 16397
16385 16387
16386 16448
16386 16460
16386 16474
16387 16391
16387 16416
16387 16426
16387 16436
16387 16401
16387 16404
16388 16422
16388 16420
16388 16474
16388 16396
16388 16453
16389 16444
16389 16439
16390 16420
16390 16484
16390 16441
16390 16404
16391 16463
16392 16425
16392 16471
16392 16395
16392 16410
16393 16459
16393 16469
16394 16483
16394 16410
16394 16434
16396 16409
16396 16420
16397 16405
16397 16412
16397 16432
16398 16429
16398 16428
16399 16487
16399 16468
16399 16449
16400 16413
16401 16478
16401 16487
16401 16460
16402 16409
16403 16425
16404 16428
16405 16474
16405 16442
16405 16447
16406 16421
16406 16455
16406 16417
16407 16434
16408 16482
16408 16415
16408 16491
16408 16456
16408 16465
16409 16445
16409 16499
16410 16422
16411 16415
16411 16489
16411 16505
16411 16452
16411 16492
16411 16424
16411 16484
16411 16455
16411 16470
16412 16475
16412 16449
16412 16453
16412 16459
16412 16461
16412 16464
16412 16499
16412 16483
16412 16503
16413 16435
16413 16470
16413 16449
16413 16451
16413 16508
16414 16488
16414 16445
16414 16467
16414 16471
16415 16499
16415 16420
16415 16500
16415 16471
16415 16428
16415 16494
16415 16458
16416 16501
16416 16506
16417 16441
16417 16467
16418 16462
16418 16474
16419 16435
16419 16433
16419 16466
16419 16449
16420 16488
16420 16491
16421 16516
16421 16451
16421 16474
16422 16512
16423 16430
16423 16508
16423 16445
16423 16484
16424 16517
16424 16478
16424 16498
16424 16437
16424 16476
16424 16519
16425 16470
16425 16436
16425 16486
16425 16501
16425 16490
16426 16453
16426 16455
16426 16428
16426 16517
16427 16472
16427 16497
16427 16438
16427 16454
16427 16434
16427 16442
16427 16469
16428 16509
16429 16465
16429 16436
16430 16467
16430 16446
16430 16506
16431 16497
16431 16465
16431 16504
16431 16435
16431 16514
16432 16510
16432 16441
16432 16481
16432 16440
16433 16508
16433 16461
16433 16485
16434 16523
16434 16499
16434 16469
16435 16529
16435 16509
16435 16511
16436 16477
16436 16443
16436 16440
16437 16478
16437 16526
16437 16492
16437 16532
16438 16451
16438 16527
16438 16469
16438 16450
16438 16494
16438 16489
16439 16517
16439 16446
16440 16452
16440 16520
16441 16454
16442 16531
16442 16454
16443 16513
16443 16506
16443 16505
16444 16497
16444 16529
16444 16477
16444 16491
16445 16478
16445 16456
16445 16526
16446 16460
16447 16522
16447 16455
16447 16523
16447 16506
16448 16507
16448 16508
16449 16493
16449 16526
16449 16544
16450 16509
16450 16500
16450 16452
16450 16495
16452 16476
16453 16489
16453 16455
16453 16482
16453 16514
16454 16490
16454 16524
16454 16525
16454 16519
16455 16534
16455 16501
16455 16481
16455 16550
16455 16532
16456 16484
16456 16531
16456 16465
16457 16534
16457 16509
16458 16461
16458 16538
16458 16463
16459 16470
16459 16520
16460 16540
16460 16546
16460 16526
16460 16467
16461 16463
16461 16553
16462 16504
16462 16533
16462 16511
16462 16501
16463 16510
16464 16521
16464 16543
16464 16540
16464 16494
16465 16478
16465 16558
16466 16471
16466 16468
16467 16515
16467 16481
16467 16480
16467 16526
16467 16544
16468 16481
16468 16507
16468 16518
16468 16486
16469 16509
16469 16503
16469 16523
16469 16489
16469 16493
16470 16566
16471 16477
16471 16505
16471 16475
16472 16503
16474 16546
16474 16528
16474 16557
16474 16570
16475 16492
16475 16537
16475 16511
16475 16533
16475 16554
16475 16507
16475 16523
16476 16498
16476 16543
16476 16483
16477 16552
16477 16491
16478 16506
16478 16529
16478 16515
16478 16550
16479 16539
16479 16563
16479 16488
16480 16544
16480 16545
16481 16522
16481 16573
16481 16571
16481 16572
16481 16497
16481 16488
16482 16507
16482 16568
16483 16500
16483 16494
16484 16516
16485 16531
16485 16525
16485 16550
16487 16557
16487 16579
16488 16536
16488 16575
16488 16556
16488 16551
16489 16553
16489 16580
16489 16547
16489 16574
16489 16525
16490 16565
16490 16541
16491 16584
16491 16492
16492 16579
16493 16535
16493 16497
16493 16570
16494 16532
16494 16576
16495 16515
16495 16505
16495 16514
16496 16540
16496 16556
16496 16573
16497 16520
16498 16525
16498 16527
16498 16568
16498 16543
16499 16537
16499 16521
16499 16518
16500 16511
16500 16556
16500 16508
16500 16522
16501 16579
16501 16585
16501 16513
16502 16553
16502 16510
16502 16572
16502 16506
16502 16554
16502 16563
16503 16505
16503 16556
16504 16594
16504 16568
16504 16555
16504 16563
16505 16584
16506 16551
16507 16554
16507 16532
16507 16509
16508 16604
16508 16578
16509 16514
16509 16601
16509 16589
16510 16521
16510 16600
16511 16583
16511 16512
16511 16548
16511 16542
16511 16519
16512 16537
16512 16597
16513 16521
16513 16579
16513 16547
16515 16549
16515 16590
16515 16546
16516 16606
16516 16605
16516 16597
16517 16531
16517 16597
16517 16535
16517 16554
16518 16547
16518 16612
16518 16584
16518 16528
16518 16566
16519 16539
16519 16604
16520 16537
16520 16610
16520 16586
16520 16593
16521 16604
16522 16590
16523 16595
16523 16584
16523 16541
16523 16586
16524 16618
16524 16578
16525 16565
16526 16576
16526 16544
16526 16606
16526 16598
16526 16595
16526 16534
16526 16586
16527 16576
16527 16542
16527 16594
16529 16583
16529 16549
16529 16596
16529 16577
16529 16601
16529 16611
16530 16588
16530 16549
16530 16589
16530 16561
16530 16580
16531 16577
16531 16566
16531 16587
16532 16598
16532 16572
16532 16608
16532 16595
16532 16624
16532 16561
16532 16618
16533 16573
16533 16583
16534 16580
16534 16622
16534 16613
16535 16590
16535 16566
16535 16556
16535 16627
16535 16549
16535 16587
16536 16628
16536 16609
16536 16569
16536 16578
16536 16543
16536 16619
16537 16620
16537 16559
16537 16544
16537 16551
16537 16552
16538 16572
16538 16634
16538 16559
16538 16548
16538 16631
16539 16624
16539 16597
16539 16544
16540 16600
16541 16545
16541 16592
16541 16584
16541 16576
16541 16608
16542 16637
16542 16545
16542 16591
16543 16565
16543 16606
16543 16629
16543 16593
16543 16632
16544 16581
16544 16571
16545 16583
16546 16594
16546 16608
16547 16574
16547 16553
16548 16605
16548 16578
16548 16549
16549 16629
16549 16582
16550 16570
16550 16595
16551 16618
16551 16613
16552 16562
16552 16578
16552 16620
16552 16568
16553 16583
16555 16634
16555 16580
16555 16620
16555 16565
16556 16574
16556 16631
16556 16584
16557 16598
16557 16622
16557 16638
16558 16646
16559 16641
16559 16636
16559 16627
16560 16583
16561 16637
16562 16608
16562 16632
16563 16590
16563 16595
16565 16592
16566 16656
16566 16608
16566 16587
16566 16621
16567 16611
16567 16624
16567 16601
16567 16663
16568 16626
16568 16593
16569 16603
16569 16612
16569 16572
16570 16610
16570 16652
16570 16630
16570 16582
16571 16652
16571 16665
16572 16589
16572 16592
16574 16663
16574 16585
16574 16670
16574 16612
16575 16639
16575 16626
16576 16585
16577 16673
16577 16664
16577 16662
16577 16667
16577 16666
16577 16628
16578 16589
16578 16611
16578 16665
16578 16607
16579 16646
16579 16619
16579 16629
16580 16668
16580 16599
16581 16641
16581 16627
16581 16675
16582 16599
16582 16588
16582 16661
16582 16663
16583 16594
16583 16619
16584 16654
16584 16616
16584 16661
16584 16630
16585 16589
16586 16656
16586 16662
16586 16674
16586 16612
16586 16630
16587 16680
16587 16594
16588 16632
16588 16631
16588 16656
16589 16651
16590 16643
16591 16660
16591 16645
16591 16620
16591 16666
16592 16653
16592 16667
16592 16635
16592 16656
16593 16597
16593 16636
16593 16602
16593 16606
16594 16660
16594 16599
16594 16665
16595 16648
16595 16599
16595 16666
16596 16672
16597 16606
16597 16638
16597 16675
16598 16654
16598 16628
16598 16617
16598 16664
16598 16602
16599 16672
16599 16608
16599 16636
16600 16695
16600 16641
16600 16604
16601 16619
16602 16622
16602 16698
16602 16657
16602 16681
16603 16619
16603 16639
16605 16634
16606 16613
16606 16624
16606 16652
16607 16674
16607 16611
16607 16701
16608 16624
16608 16612
16608 16675
16608 16646
16608 16640
16608 16672
16609 16624
16609 16694
16609 16656
16610 16646
16611 16660
16611 16704
16611 16685
16611 16637
16611 16697
16612 16668
16612 16625
16613 16628
16613 16677
16613 16703
16614 16666
16614 16622
16615 16616
16615 16707
16616 16664
16616 16676
16618 16645
16618 16673
16619 16712
16619 16657
16619 16623
16619 16652
16619 16687
16619 16710
16619 16698
16620 16627
16620 16629
16621 16709
16621 16670
16621 16685
16622 16627
16622 16699
16622 16658
16624 16635
16624 16637
16625 16709
16625 16691
16625 16650
16625 16645
16625 16690
16625 16661
16625 16684
16626 16700
16626 16670
16626 16685
16626 16691
16626 16715
16627 16671
16627 16721
16627 16680
16628 16723
16628 16718
16628 16686
16628 16630
16628 16672
16630 16636
16630 16664
16630 16671
16631 16662
16631 16688
16632 16716
16632 16638
16633 16726
16633 16698
16634 16703
16634 16691
16635 16721
16635 16673
16635 16714
16636 16692
16636 16718
16637 16681
16637 16686
16638 16677
16638 16642
16638 16699
16638 16668
16639 16657
16639 16713
16639 16689
16639 16648
16639 16714
16639 16654
16640 16648
16640 16693
16640 16710
16641 16705
16641 16713
16641 16714
16641 16731
16642 16720
16642 16697
16642 16686
16642 16728
16642 16687
16642 16657
16642 16683
16643 16734
16643 16658
16643 16660
16643 16712
16643 16654
16644 16676
16644 16691
16644 16656
16644 16732
16645 16690
16645 16733
16645 16724
16645 16723
16645 16738
16645 16728
16646 16680
16646 16662
16646 16700
16646 16668
16647 16661
16647 16729
16648 16705
16648 16657
16649 16744
16649 16741
16650 16743
16650 16674
16650 16697
16651 16742
16651 16716
16651 16723
16652 16653
16652 16726
16652 16694
16653 16726
16653 16725
16653 16722
16653 16668
16653 16716
16654 16721
16654 16687
16654 16673
16654 16728
16655 16751
16655 16714
16656 16717
16656 16701
16657 16733
16657 16739
16658 16726
16659 16696
16659 16731
16660 16695
16660 16742
16660 16728
16660 16727
16661 16733
16661 16705
16661 16724
16661 16740
16662 16705
16662 16706
16662 16745
16662 16746
16662 16696
16662 16744
16662 16703
16663 16717
16663 16680
16663 16737
16663 16749
16663 16729
16664 16710
16664 16683
16665 16696
16665 16720
16666 16677
16666 16692
16666 16760
16666 16684
16666 16722
16667 16685
16667 16710
16668 16737
16668 16713
16668 16675
16668 16734
16669 16710
16669 16745
16669 16707
16669 16695
16669 16715
16671 16688
16671 16740
16671 16689
16671 16734
16672 16765
16673 16753
16673 16759
16674 16767
16674 16751
16675 16753
16675 16751
16675 16687
16676 16743
16676 16714
16677 16683
16677 16728
16677 16748
16677 16722
16677 16715
16677 16692
16677 16731
16677 16705
16678 16756
16678 16681
16678 16690
16678 16729
16679 16696
16679 16700
16680 16770
16680 16730
16680 16693
16681 16753
16682 16754
16682 16705
16682 16719
16683 16689
16683 16718
16684 16753
16685 16775
16685 16702
16685 16686
16685 16772
16685 16715
16686 16731
16687 16694
16687 16759
16687 16736
16687 16692
16687 16774
16687 16703
16688 16755
16688 16782
16688 16751
16689 16718
16689 16713
16689 16730
16689 16737
16690 16757
16690 16761
16690 16753
16690 16727
16691 16717
16691 16765
16691 16707
16691 16718
16692 16695
16692 16742
16692 16774
16692 16779
16693 16701
16693 16703
16693 16718
16694 16733
16694 16715
16694 16734
16694 16714
16694 16722
16695 16731
16695 16737
16695 16713
16696 16710
16696 16735
16696 16785
16696 16778
16696 16708
16697 16766
16697 16785
16697 16755
16697 16742
16698 16781
16698 16727
16699 16760
16699 16762
16699 16752
16699 16706
16700 16771
16700 16711
16700 16793
16701 16754
16701 16736
16701 16707
16701 16710
16702 16788
16702 16724
16702 16796
16702 16760
16703 16756
16703 16748
16703 16744
16703 16739
16704 16733
16704 16778
16704 16794
16705 16766
16705 16717
16706 16760
16706 16716
16707 16732
16707 16771
16708 16778
16708 16802
16709 16728
16709 16712
16709 16751
16710 16756
16710 16771
16710 16738
16711 16719
16711 16785
16712 16754
16713 16782
16714 16770
16714 16746
16715 16798
16715 16763
16715 16738
16715 16790
16715 16807
16715 16791
16715 16761
16716 16753
16716 16768
16716 16782
16717 16785
16717 16768
16717 16800
16717 16720
16717 16751
16717 16806
16717 16803
16717 16776
16718 16774
16718 16757
16718 16760
16719 16725
16719 16758
16719 16759
16720 16794
16720 16807
16720 16795
16721 16783
16721 16739
16722 16787
16722 16805
16722 16758
16722 16782
16722 16813
16723 16795
16723 16755
16723 16772
16725 16783
16725 16786
16725 16811
16726 16750
16727 16822
16727 16771
16727 16777
16727 16746
16727 16802
16728 16741
16728 16770
16728 16757
16729 16741
16729 16788
16729 16821
16729 16778
16729 16824
16730 16733
16731 16826
16732 16743
16732 16771
16732 16786
16732 16762
16733 16750
16733 16735
16733 16784
16734 16789
16734 16786
16734 16800
16734 16818
16735 16803
16736 16793
16736 16796
16736 16830
16736 16797
16736 16826
16736 16741
16736 16801
16736 16760
16736 16829
16737 16753
16738 16822
16738 16740
16738 16775
16739 16824
16739 16796
16739 16783
16739 16818
16740 16768
16740 16806
16741 16829
16741 16793
16741 16803
16741 16789
16741 16831
16742 16751
16742 16831
16742 16813
16743 16802
16743 16816
16743 16757
16743 16793
16743 16795
16744 16807
16744 16795
16745 16769
16745 16770
16745 16767
16745 16782
16745 16754
16746 16814
16746 16766
16746 16833
16746 16836
16747 16816
16747 16752
16748 16841
16748 16793
16749 16789
16749 16752
16749 16751
16749 16768
16749 16772
16750 16828
16751 16759
16751 16765
16752 16795
16752 16765
16752 16779
16752 16806
16752 16767
16752 16793
16752 16839
16753 16755
16753 16838
16753 16804
16754 16806
16755 16769
16755 16838
16755 16802
16756 16849
16756 16824
16756 16850
16757 16843
16757 16832
16757 16769
16758 16785
16758 16783
16759 16775
16759 16828
16759 16813
16759 16836
16759 16786
16760 16818
16760 16797
16760 16808
16760 16844
16760 16784
16761 16779
16761 16814
16761 16843
16762 16817
16762 16813
16762 16793
16762 16786
16763 16807
16763 16836
16763 16828
16763 16852
16764 16771
16764 16773
16764 16780
16764 16819
16765 16783
16765 16850
16765 16847
16765 16784
16765 16768
16766 16801
16766 16853
16767 16784
16768 16811
16768 16843
16768 16863
16769 16797
16769 16806
16769 16815
16769 16776
16769 16804
16770 16779
16770 16861
16770 16866
16771 16841
16771 16857
16771 16805
16771 16783
16771 16785
16771 16836
16771 16807
16772 16854
16772 16862
16772 16865
16773 16855
16773 16854
16773 16787
16774 16805
16774 16842
16774 16862
16774 16870
16774 16775
16775 16809
16775 16829
16775 16799
16775 16837
16776 16862
16776 16777
16777 16862
16777 16836
16777 16796
16777 16789
16777 16839
16777 16801
16779 16793
16779 16863
16779 16836
16779 16805
16779 16862
16780 16816
16780 16798
16781 16869
16781 16838
16781 16851
16782 16868
16782 16827
16782 16837
16783 16814
16783 16878
16783 16841
16783 16873
16784 16856
16784 16788
16785 16847
16785 16823
16786 16877
16786 16872
16786 16859
16786 16788
16787 16816
16787 16806
16787 16821
16787 16857
16788 16884
16788 16847
16788 16869
16788 16817
16789 16799
16789 16859
16789 16851
16789 16817
16790 16842
16790 16837
16790 16861
16790 16817
16790 16859
16790 16867
16790 16822
16791 16885
16791 16861
16792 16858
16792 16821
16792 16888
16792 16853
16793 16880
16794 16832
16795 16846
16795 16817
16795 16865
16795 16802
16795 16891
16795 16810
16796 16865
16796 16883
16796 16798
16796 16842
16796 16805
16796 16837
16797 16892
16797 16862
16797 16871
16797 16867
16798 16835
16798 16834
16801 16808
16802 16813
16802 16851
16802 16814
16802 16848
16802 16879
16802 16862
16802 16861
16803 16814
16803 16889
16803 16860
16804 16859
16804 16876
16804 16840
16805 16875
16805 16898
16805 16808
16805 16892
16805 16824
16806 16839
16806 16901
16806 16867
16807 16903
16807 16862
16808 16821
16808 16867
16808 16839
16808 16812
16809 16869
16809 16856
16809 16874
16809 16816
16809 16833
16809 16841
16810 16898
16811 16818
16811 16874
16811 16847
16812 16864
16812 16825
16813 16867
16813 16814
16813 16838
16813 16895
16814 16879
16814 16889
16814 16885
16815 16835
16815 16865
16815 16908
16816 16911
16817 16871
16817 16863
16817 16818
16817 16846
16818 16830
16818 16896
16818 16836
16818 16822
16818 16910
16818 16832
16818 16825
16820 16904
16820 16838
16821 16904
16822 16878
16822 16825
16822 16861
16823 16837
16823 16843
16823 16885
16823 16908
16824 16850
16824 16833
16824 16826
16824 16866
16825 16885
16825 16838
16825 16913
16825 16864
16825 16860
16826 16852
16826 16854
16826 16910
16826 16860
16827 16884
16827 16828
16827 16908
16829 16864
16830 16868
16830 16872
16830 16860
16831 16898
16831 16891
16831 16880
16831 16893
16832 16873
16832 16836
16832 16862
16832 16842
16833 16874
16833 16852
16834 16912
16834 16842
16834 16926
16834 16905
16835 16843
16836 16902
16836 16906
16836 16860
16837 16855
16837 16894
16838 16890
16838 16881
16839 16885
16839 16912
16839 16884
16839 16860
16840 16908
16840 16875
16841 16844
16843 16916
16843 16887
16843 16866
16844 16850
16844 16923
16845 16862
16846 16883
16846 16877
16847 16903
16847 16864
16847 16927
16847 16936
16847 16877
16848 16893
16848 16942
16849 16902
16849 16889
16849 16893
16849 16899
16849 16862
16850 16892
16851 16863
16851 16903
16851 16933
16852 16901
16853 16920
16853 16885
16854 16928
16854 16925
16854 16916
16854 16868
16854 16869
16855 16939
16855 16869
16855 16879
16856 16935
16857 16921
16857 16923
16857 16891
16858 16930
16858 16859
16858 16873
16859 16860
16859 16891
16860 16924
16860 16938
16860 16881
16860 16946
16860 16879
16861 16898
16861 16954
16862 16932
16862 16942
16862 16943
16862 16878
16862 16941
16862 16907
16862 16927
16863 16873
16863 16919
16864 16923
16864 16959
16864 16878
16864 16925
16864 16948
16865 16908
16865 16923
16865 16896
16865 16891
16865 16873
16865 16881
16865 16931
16866 16869
16866 16891
16867 16938
16867 16945
16868 16916
16868 16930
16868 16943
16868 16951
16869 16948
16869 16906
16869 16878
16869 16881
16870 16883
16870 16895
16870 16941
16871 16956
16871 16892
16872 16960
16872 16875
16872 16925
16872 16942
16873 16929
16873 16900
16873 16930
16873 16917
16874 16919
16874 16959
16874 16963
16874 16910
16874 16938
16874 16884
16875 16905
16875 16943
16876 16953
16876 16880
16876 16952
16877 16886
16878 16972
16878 16940
16878 16956
16879 16904
16879 16936
16879 16924
16879 16960
16879 16966
16880 16939
16880 16971
16880 16909
16880 16955
16881 16913
16882 16907
16884 16964
16884 16958
16885 16950
16885 16981
16885 16901
16885 16895
16885 16897
16886 16887
16887 16890
16887 16893
16887 16938
16887 16895
16888 16977
16888 16973
16888 16926
16889 16964
16889 16965
16889 16921
16890 16969
16890 16916
16891 16898
16892 16978
16893 16919
16894 16929
16894 16940
16894 16945
16895 16960
16896 16923
16896 16920
16896 16939
16896 16988
16896 16901
16897 16936
16897 16933
16897 16989
16898 16944
16898 16975
16899 16928
16899 16988
16899 16913
16900 16912
16900 16963
16902 16914
16902 16964
16902 16948
16902 16934
16903 16952
16903 16974
16903 16906
16903 16934
16903 16932
16904 16912
16904 16994
16904 16951
16904 16950
16904 16934
16904 16952
16904 16911
16906 16977
16906 16952
16906 16980
16906 16976
16906 16972
16906 16943
16906 16957
16906 16974
16907 16922
16907 17002
16908 16943
16909 16963
16909 16933
16909 16995
16909 16935
16909 16965
16910 17003
16910 16952
16911 16927
16911 16984
16912 16918
16912 17008
16912 16948
16912 16959
16913 16993
16913 16966
16914 16961
16914 16966
16915 16999
16915 17000
16915 17003
16916 16931
16916 16920
16917 16975
16917 16944
16918 16919
16918 17008
16918 17006
16918 16936
16920 17010
16921 16948
16921 16941
16921 16931
16922 16940
16922 16962
16922 16937
16922 16925
16922 16979
16923 16975
16923 16972
16923 16965
16924 16963
16924 16998
16925 16934
16925 17013
16925 16975
16926 16955
16926 16987
16927 16962
16928 16936
16928 16954
16928 17019
16928 16989
16928 17006
16929 16990
16929 16980
16930 16991
16930 16971
16930 17009
16930 16995
16931 17024
16931 16974
16931 16947
16931 16985
16932 16949
16932 16939
16932 17025
16932 16943
16933 16941
16933 17027
16933 16952
16934 16957
16934 16966
16934 16965
16934 16961
16935 16947
16935 16996
16935 16961
16935 17010
16936 17008
16936 16964
16936 16988
16936 17000
16936 17019
16938 16940
16938 17034
16938 16985
16938 16990
16938 17001
16939 17028
16939 16957
16939 16986
16939 17000
16940 16952
16940 16996
16941 16971
16942 17026
16943 17024
16943 16965
16943 17029
16944 16965
16944 16975
16944 17001
16944 16948
16945 16991
16945 17011
16945 16950
16945 16986
16945 17020
16946 17024
16946 17025
16946 16982
16947 16990
16948 17042
16948 16983
16948 17037
16949 17034
16949 17013
16949 16965
16950 17029
16950 16979
16950 16985
16951 16974
16951 16987
16951 16962
16951 16996
16951 16997
16951 17042
16951 17041
16951 17031
16951 17030
16952 16964
16952 17025
16952 16973
16952 17027
16952 17030
16953 16995
16953 17003
16954 17034
16954 16958
16954 16988
16954 17037
16955 16999
16955 16975
16955 16981
16955 17009
16955 16988
16956 16982
16956 16995
16957 16979
16957 16996
16957 17035
16958 17012
16958 17031
16958 16960
16959 16988
16959 17044
16959 16973
16959 17047
16960 17003
16960 17020
16960 16969
16961 17025
16961 16971
16961 17004
16961 17017
16962 17006
16962 16963
16963 16986
16964 16970
16965 17055
16965 16967
16965 17007
16965 17016
16966 17002
16966 17018
16967 17043
16967 16995
16967 17031
16968 17015
16968 16981
16969 17037
16969 17006
16969 17004
16969 17046
16969 17026
16970 16978
16970 17023
16970 17025
16970 17015
16970 17002
16971 16985
16971 16993
16971 17001
16971 16989
16972 17044
16973 17038
16973 17066
16973 16983
16974 17069
16975 17037
16977 17011
16977 16994
16977 17051
16977 17046
16978 16990
16979 16997
16979 16993
16979 16981
16979 16999
16979 17007
16979 16986
16980 17075
16980 16988
16980 17062
16980 17018
16981 17070
16982 17042
16982 17006
16982 17009
16982 17025
16983 17013
16983 17073
16984 17073
16984 17020
16985 17043
16985 16989
16985 17002
16985 17064
16986 17019
16986 16998
16987 17013
16988 17084
16988 17043
16988 17070
16989 17033
16989 17041
16989 17045
16990 17053
16990 17001
16991 16996
16992 16999
16993 17038
16993 17074
16993 17042
16994 17038
16994 17005
16994 17045
16994 17073
16994 17058
16995 17011
16995 17076
16995 17073
16995 17040
16996 17029
16996 17067
16996 17087
16996 17075
16997 17056
16997 17018
16997 17092
16998 17094
16998 17066
16999 17054
16999 17015
16999 17017
16999 17037
16999 17009
17000 17056
17000 17094
17000 17072
17002 17055
17002 17016
17002 17095
17003 17044
17003 17091
17003 17088
17004 17016
17004 17039
17004 17085
17004 17033
17004 17056
17005 17082
17005 17037
17005 17040
17006 17018
17006 17025
17006 17056
17006 17017
17007 17021
17007 17018
17008 17093
17008 17053
17008 17070
17009 17058
17009 17050
17009 17060
17009 17091
17010 17064
17011 17025
17011 17036
17011 17012
17012 17061
17012 17013
17012 17029
17012 17080
17012 17023
17012 17082
17013 17040
17013 17070
17013 17090
17014 17050
17014 17039
17014 17081
17014 17104
17014 17088
17015 17092
17015 17056
17016 17105
17016 17018
17016 17044
17016 17101
17017 17052
17017 17035
17018 17097
17018 17053
17018 17041
17019 17099
17019 17106
17020 17083
17020 17105
17021 17041
17021 17030
17021 17077
17023 17026
17023 17099
17024 17113
17024 17051
17025 17036
17026 17069
17026 17112
17027 17081
17027 17033
17028 17043
17028 17064
17028 17098
17028 17058
17028 17124
17029 17088
17029 17041
17029 17105
17030 17060
17030 17044
17030 17047
17030 17058
17030 17098
17031 17069
17032 17034
17032 17056
17032 17092
17032 17048
17032 17076
17032 17066
17033 17074
17034 17116
17034 17089
17034 17043
17034 17067
17035 17058
17036 17118
17036 17086
17037 17120
17038 17069
17038 17126
17038 17119
17038 17133
17039 17071
17039 17076
17039 17069
17039 17099
17039 17092
17040 17114
17040 17120
17040 17067
17040 17042
17040 17136
17041 17131
17042 17102
17042 17068
17043 17052
17043 17127
17043 17077
17043 17131
17043 17104
17043 17047
17044 17077
17044 17095
17044 17058
17045 17094
17045 17131
17046 17059
17046 17122
17046 17125
17046 17133
17046 17077
17046 17130
17047 17052
17047 17130
17047 17054
17047 17137
17047 17092
17048 17130
17048 17098
17049 17122
17049 17091
17049 17080
17049 17104
17050 17077
17050 17092
17050 17099
17051 17112
17051 17083
17051 17065
17052 17095
17052 17120
17052 17099
17052 17108
17053 17105
17054 17092
17054 17150
17055 17062
17055 17106
17055 17090
17055 17079
17056 17076
17057 17122
17057 17149
17057 17120
17057 17058
17057 17143
17058 17102
17058 17152
17058 17142
17058 17125
17058 17146
17059 17125
17060 17156
17061 17084
17061 17141
17061 17068
17061 17074
17062 17158
17063 17128
17063 17101
17063 17153
17064 17112
17064 17099
17064 17104
17064 17109
17065 17151
17065 17142
17065 17160
17066 17068
17066 17078
17067 17153
17067 17148
17068 17139
17069 17126
17069 17114
17070 17093
17070 17163
17070 17156
17070 17149
17071 17084
17071 17110
17072 17168
17073 17138
17073 17111
17073 17163
17073 17080
17073 17087
17074 17095
17074 17080
17074 17121
17075 17137
17075 17081
17075 17159
17076 17149
17076 17098
17077 17092
17077 17169
17077 17136
17077 17116
17077 17132
17077 17103
17078 17166
17078 17103
17079 17107
17080 17095
17080 17152
17080 17135
17080 17113
17081 17157
17081 17128
17081 17155
17081 17139
17083 17154
17083 17112
17083 17138
17083 17119
17084 17122
17084 17100
17085 17100
17085 17103
17086 17101
17086 17179
17086 17109
17086 17088
17086 17092
17086 17098
17087 17092
17087 17151
17087 17111
17087 17119
17087 17099
17088 17146
17089 17164
17090 17179
17090 17160
17090 17118
17091 17164
17091 17135
17091 17101
17091 17097
17091 17154
17092 17143
17093 17137
17093 17155
17093 17149
17094 17160
17094 17179
17095 17116
17095 17120
17095 17104
17095 17141
17095 17121
17097 17190
17097 17138
17097 17161
17097 17167
17098 17174
17098 17121
17099 17168
17099 17189
17099 17133
17100 17133
17100 17162
17100 17149
17100 17132
17100 17124
17100 17134
17101 17187
17101 17196
17101 17186
17101 17189
17101 17130
17101 17185
17102 17108
17102 17131
17103 17143
17103 17123
17103 17122
17103 17157
17103 17115
17103 17169
17104 17115
17104 17168
17104 17120
17104 17165
17105 17153
17105 17106
17105 17194
17106 17134
17106 17202
17107 17200
17107 17138
17108 17128
17108 17138
17108 17167
17108 17159
17109 17182
17109 17198
17110 17167
17110 17201
17110 17172
17111 17194
17111 17137
17111 17155
17111 17195
17111 17143
17111 17169
17112 17174
17112 17131
17112 17135
17112 17182
17113 17205
17113 17122
17113 17155
17113 17126
17114 17133
17114 17187
17114 17171
17115 17163
17115 17175
17115 17170
17115 17169
17115 17129
17115 17144
17116 17150
17116 17131
17116 17175
17117 17182
17117 17146
17118 17197
17118 17124
17118 17179
17118 17156
17119 17157
17119 17212
17120 17141
17120 17134
17120 17138
17121 17158
17121 17140
17121 17212
17121 17185
17121 17135
17121 17157
17122 17195
17122 17160
17123 17212
17123 17214
17123 17190
17124 17167
17124 17198
17125 17203
17125 17156
17126 17140
17126 17174
17126 17198
17126 17193
17127 17174
17127 17194
17127 17217
17128 17177
17129 17194
17129 17162
17130 17191
17130 17210
17130 17157
17130 17165
17130 17156
17131 17227
17131 17223
17132 17222
17133 17179
17133 17177
17133 17143
17134 17182
17134 17206
17134 17162
17135 17220
17135 17182
17135 17198
17135 17154
17135 17230
17135 17205
17136 17170
17136 17164
17137 17217
17137 17164
17138 17178
17138 17213
17139 17176
17139 17221
17139 17231
17139 17191
17139 17140
17139 17178
17139 17220
17140 17228
17140 17164
17141 17195
17141 17212
17141 17151
17142 17179
17142 17168
17143 17163
17143 17198
17144 17167
17144 17214
17144 17146
17144 17150
17144 17218
17144 17240
17145 17212
17145 17176
17145 17164
17145 17155
17145 17204
17146 17170
17146 17167
17146 17219
17146 17237
17146 17153
17146 17216
17147 17192
17147 17207
17148 17219
17148 17197
17148 17237
17148 17205
17148 17203
17148 17195
17149 17162
17149 17154
17149 17161
17149 17182
17149 17214
17149 17184
17149 17156
17149 17245
17150 17207
17150 17194
17150 17195
17150 17185
17151 17242
17151 17212
17153 17211
17153 17232
17153 17201
17154 17237
17154 17206
17154 17185
17154 17181
17156 17228
17156 17217
17156 17176
17157 17220
17157 17174
17157 17181
17157 17240
17157 17246
17158 17235
17158 17236
17159 17160
17160 17200
17160 17253
17160 17164
17160 17192
17160 17224
17160 17247
17161 17247
17161 17179
17161 17172
17162 17239
17162 17184
17162 17191
17162 17171
17163 17207
17163 17175
17163 17184
17163 17224
17163 17246
17166 17183
17166 17239
17166 17178
17167 17190
17168 17214
17168 17205
17168 17246
17168 17247
17169 17173
17169 17216
17170 17266
17170 17220
17170 17254
17170 17239
17170 17212
17170 17180
17170 17182
17171 17265
17171 17254
17172 17265
17172 17223
17172 17216
17172 17234
17172 17183
17172 17197
17172 17212
17172 17220
17172 17207
17172 17221
17173 17178
17173 17203
17174 17261
17174 17218
17174 17181
17174 17269
17175 17193
17175 17179
17176 17182
17176 17208
17176 17211
17177 17229
17177 17269
17177 17189
17177 17202
17178 17270
17178 17225
17179 17210
17179 17247
17179 17209
17179 17251
17180 17231
17181 17188
17181 17249
17181 17183
17181 17267
17181 17204
17182 17261
17183 17236
17183 17197
17183 17225
17184 17244
17184 17243
17184 17199
17184 17259
17184 17236
17185 17251
17185 17231
17185 17211
17185 17247
17185 17207
17185 17235
17185 17267
17186 17225
17186 17207
17186 17218
17186 17217
17187 17266
17187 17206
17188 17252
17188 17281
17189 17274
17189 17235
17189 17214
17189 17212
17190 17267
17191 17200
17191 17222
17191 17281
17191 17205
17192 17270
17192 17273
17192 17255
17192 17224
17192 17193
17192 17253
17193 17237
17193 17268
17193 17210
17193 17233
17193 17205
17194 17237
17194 17268
17195 17249
17195 17234
17195 17285
17195 17215
17196 17265
17196 17230
17196 17279
17196 17283
17197 17288
17197 17227
17197 17203
17197 17200
17197 17202
17197 17251
17198 17251
17198 17244
17199 17269
17199 17228
17199 17201
17200 17274
17200 17235
17200 17231
17202 17246
17203 17271
17203 17265
17203 17227
17203 17299
17203 17220
17203 17247
17203 17287
17203 17214
17203 17238
17203 17289
17203 17292
17205 17271
17205 17285
17205 17280
17205 17234
17205 17219
17205 17296
17206 17267
17206 17256
17206 17282
17207 17288
17208 17263
17209 17244
17209 17274
17210 17279
17210 17244
17210 17259
17211 17305
17211 17277
17212 17300
17212 17219
17212 17291
17212 17279
17213 17235
17213 17224
17213 17288
17214 17230
17214 17297
17214 17258
17215 17298
17215 17232
17215 17277
17215 17290
17216 17227
17216 17230
17216 17240
17216 17245
17217 17292
17217 17255
17217 17251
17218 17223
17218 17304
17218 17277
17218 17224
17218 17298
17219 17304
17219 17282
17219 17298
17219 17225
17219 17259
17220 17268
17220 17230
17220 17290
17221 17284
17222 17263
17222 17314
17223 17273
17223 17302
17223 17290
17224 17227
17224 17259
17225 17302
17225 17264
17225 17260
17225 17300
17226 17233
17226 17307
17226 17319
17226 17267
17227 17265
17228 17291
17228 17310
17228 17235
17228 17294
17228 17277
17228 17241
17228 17234
17229 17278
17229 17276
17229 17251
17230 17310
17230 17301
17230 17259
17230 17261
17230 17280
17230 17304
17230 17283
17231 17309
17231 17302
17232 17278
17232 17268
17232 17263
17233 17245
17233 17265
17233 17301
17233 17299
17233 17281
17234 17289
17234 17270
17235 17257
17235 17323
17236 17308
17236 17302
17236 17311
17237 17331
17237 17261
17237 17266
17237 17295
17238 17271
17239 17274
17239 17251
17239 17270
17239 17253
17240 17304
17240 17264
17240 17290
17241 17320
17241 17324
17241 17328
17241 17325
17241 17337
17242 17314
17243 17315
17243 17269
17244 17339
17244 17255
17245 17295
17245 17317
17245 17287
17246 17261
17246 17309
17246 17333
17246 17262
17247 17289
17247 17305
17247 17322
17247 17343
17248 17344
17248 17283
17248 17277
17249 17274
17249 17321
17250 17336
17250 17272
17250 17276
17251 17339
17251 17328
17251 17331
17251 17262
17251 17269
17252 17335
17252 17296
17252 17338
17253 17325
17254 17287
17254 17272
17255 17329
17256 17306
17256 17345
17256 17305
17256 17338
17256 17271
17256 17277
17256 17350
17256 17340
17257 17290
17257 17264
17257 17338
17258 17314
17258 17275
17258 17326
17258 17322
17259 17283
17259 17263
17260 17310
17260 17326
17261 17294
17261 17342
17261 17279
17261 17330
17262 17279
17262 17318
17262 17356
17262 17311
17263 17298
17263 17282
17263 17346
17263 17349
17264 17357
17264 17344
17264 17358
17265 17359
17265 17271
17266 17284
17266 17329
17266 17301
17266 17270
17267 17314
17267 17344
17267 17308
17267 17288
17267 17272
17267 17363
17268 17332
17268 17356
17268 17326
17268 17312
17269 17364
17269 17276
17269 17290
17269 17339
17269 17352
17270 17353
17270 17295
17270 17294
17270 17351
17271 17281
17271 17313
17271 17344
17271 17305
17273 17342
17273 17294
17273 17336
17274 17278
17274 17295
17275 17279
17275 17350
17275 17320
17275 17284
17275 17371
17275 17370
17276 17365
17276 17363
17276 17300
17276 17299
17276 17344
17276 17319
17277 17301
17277 17288
17278 17324
17278 17305
17278 17319
17279 17344
17280 17338
17280 17348
17281 17367
17281 17286
17281 17293
17281 17307
17281 17288
17281 17355
17282 17369
17283 17352
17284 17304
17284 17366
17285 17330
17285 17372
17285 17376
17285 17329
17285 17338
17287 17338
17287 17329
17287 17382
17287 17330
17287 17359
17288 17366
17288 17313
17289 17360
17289 17303
17289 17375
17289 17325
17289 17328
17290 17345
17291 17317
17291 17360
17291 17386
17291 17340
17291 17367
17292 17318
17292 17337
17292 17380
17293 17325
17293 17352
17294 17340
17294 17376
17294 17374
17294 17383
17295 17320
17295 17327
17296 17391
17296 17371
17296 17364
17297 17364
17297 17367
17297 17317
17298 17385
17298 17343
17298 17325
17299 17378
17299 17365
17300 17313
17300 17328
17301 17374
17301 17316
17301 17392
17302 17371
17302 17382
17302 17324
17302 17320
17302 17306
17302 17383
17303 17389
17303 17311
17303 17344
17303 17305
17303 17390
17304 17311
17304 17351
17305 17394
17305 17327
17305 17383
17305 17339
17306 17386
17306 17330
17306 17378
17306 17323
17306 17355
17306 17344
17306 17384
17307 17387
17307 17347
17307 17384
17308 17313
17308 17337
17308 17323
17308 17364
17308 17395
17308 17398
17309 17324
17310 17397
17311 17395
17311 17390
17311 17357
17312 17332
17312 17399
17312 17397
17312 17351
17312 17374
17313 17379
17313 17353
17314 17359
17314 17405
17314 17402
17315 17321
17315 17347
17315 17323
17316 17396
17316 17367
17316 17374
17316 17372
17317 17361
17317 17400
17317 17370
17317 17322
17317 17371
17317 17393
17318 17381
17318 17353
17318 17402
17319 17379
17319 17330
17320 17405
17320 17385
17321 17411
17321 17405
17321 17369
17321 17376
17322 17388
17322 17353
17324 17406
17324 17327
17324 17370
17324 17325
17324 17360
17325 17350
17325 17388
17325 17347
17325 17346
17325 17372
17326 17349
17326 17356
17327 17409
17328 17411
17328 17410
17328 17385
17328 17343
17329 17372
17329 17381
17329 17382
17330 17391
17330 17375
17331 17409
17332 17374
17332 17361
17333 17426
17333 17364
17333 17354
17333 17419
17334 17341
17335 17363
17335 17405
17335 17398
17335 17384
17335 17372
17336 17363
17336 17365
17336 17360
17337 17363
17337 17372
17337 17392
17338 17410
17338 17373
17338 17412
17338 17428
17339 17374
17339 17355
17339 17415
17340 17394
17340 17434
17341 17401
17341 17359
17341 17376
17342 17356
17342 17421
17343 17344
17343 17347
17343 17391
17343 17352
17343 17386
17344 17434
17344 17356
17344 17402
17344 17380
17345 17420
17345 17346
17345 17374
17345 17370
17346 17347
17346 17428
17346 17348
17347 17411
17347 17392
17347 17439
17347 17425
17347 17349
17348 17428
17349 17403
17349 17359
17349 17385
17349 17407
17350 17403
17350 17355
17350 17369
17351 17376
17351 17365
17351 17406
17352 17434
17352 17358
17352 17440
17353 17366
17353 17422
17353 17415
17353 17382
17353 17381
17354 17395
17354 17434
17355 17399
17355 17393
17355 17421
17355 17451
17356 17446
17356 17399
17356 17412
17356 17428
17357 17390
17358 17374
17358 17380
17358 17373
17358 17399
17358 17377
17359 17443
17359 17430
17359 17427
17360 17417
17360 17402
17360 17407
17361 17383
17361 17391
17361 17430
17362 17439
17362 17387
17362 17457
17362 17448
17363 17446
17363 17397
17363 17410
17363 17450
17363 17398
17363 17427
17363 17399
17363 17385
17364 17367
17364 17400
17364 17423
17365 17369
17365 17454
17366 17443
17366 17459
17366 17400
17366 17457
17367 17401
17367 17389
17367 17440
17368 17417
17369 17391
17369 17397
17369 17428
17370 17430
17371 17456
17371 17414
17372 17402
17372 17396
17372 17377
17374 17433
17374 17445
17374 17381
17374 17396
17374 17467
17374 17406
17375 17422
17375 17471
17376 17438
17376 17388
17377 17439
17377 17430
17377 17407
17378 17409
17378 17430
17379 17441
17379 17414
17380 17466
17380 17393
17380 17444
17380 17388
17381 17418
17381 17451
17381 17437
17382 17406
17382 17442
17382 17438
17384 17447
17384 17386
17385 17410
17385 17450
17385 17448
17385 17469
17386 17476
17386 17403
17386 17408
17386 17387
17386 17454
17387 17430
17387 17469
17387 17441
17388 17451
17388 17421
17388 17407
17389 17404
17389 17401
17389 17399
17389 17451
17389 17470
17390 17427
17390 17406
17391 17448
17391 17451
17392 17423
17392 17422
17392 17398
17392 17404
17393 17424
17393 17441
17393 17421
17393 17460
17393 17445
17393 17434
17393 17489
17394 17481
17394 17487
17394 17471
17394 17486
17395 17402
17395 17445
17395 17424
17395 17488
17395 17491
17396 17439
17396 17449
17396 17457
17397 17493
17397 17465
17397 17406
17397 17411
17398 17434
17398 17438
17399 17480
17399 17457
17400 17441
17400 17492
17400 17439
17401 17414
17401 17403
17401 17488
17401 17418
17401 17440
17401 17474
17402 17420
17402 17461
17402 17491
17402 17469
17403 17450
17403 17448
17404 17485
17404 17451
17404 17424
17404 17454
17405 17449
17406 17480
17406 17415
17406 17500
17406 17491
17406 17413
17406 17442
17407 17415
17407 17469
17408 17442
17408 17417
17408 17444
17408 17452
17409 17491
17409 17433
17409 17503
17409 17494
17410 17454
17410 17458
17411 17430
17411 17423
17411 17438
17411 17462
17412 17414
17412 17491
17412 17462
17412 17478
17413 17468
17413 17464
17413 17504
17413 17422
17414 17494
17414 17468
17415 17450
17415 17497
17415 17438
17415 17493
17415 17428
17416 17479
17416 17488
17417 17459
17417 17484
17417 17500
17418 17457
17418 17514
17418 17503
17419 17491
17419 17458
17419 17447
17420 17428
17420 17480
17420 17475
17420 17458
17421 17471
17421 17466
17421 17469
17422 17457
17422 17432
17423 17471
17423 17462
17423 17488
17424 17519
17424 17517
17424 17496
17424 17520
17425 17480
17425 17444
17425 17433
17425 17445
17426 17427
17426 17521
17426 17466
17426 17504
17426 17497
17427 17523
17427 17429
17427 17452
17427 17467
17428 17477
17428 17490
17429 17502
17429 17474
17430 17469
17430 17495
17430 17526
17430 17456
17431 17521
17431 17500
17431 17505
17431 17456
17431 17463
17431 17468
17431 17474
17432 17467
17433 17489
17433 17449
17433 17504
17433 17527
17434 17471
17434 17464
17434 17466
17435 17465
17435 17463
17435 17510
17435 17495
17436 17490
17436 17523
17436 17504
17436 17448
17437 17495
17437 17510
17437 17521
17437 17508
17437 17494
17437 17483
17438 17448
17438 17456
17438 17507
17438 17489
17438 17528
17439 17517
17439 17462
17440 17465
17440 17481
17441 17469
17441 17481
17441 17445
17442 17538
17442 17501
17444 17531
17445 17540
17446 17470
17446 17464
17446 17492
17446 17526
17446 17527
17446 17450
17447 17484
17447 17525
17447 17503
17447 17463
17447 17538
17447 17497
17448 17534
17448 17501
17449 17540
17450 17509
17450 17475
17450 17495
17451 17480
17451 17473
17452 17457
17453 17472
17453 17462
17453 17525
17454 17536
17454 17519
17454 17550
17454 17466
17454 17514
17455 17505
17455 17518
17455 17549
17455 17468
17457 17482
17457 17461
17458 17476
17458 17496
17459 17526
17459 17544
17459 17465
17460 17547
17460 17483
17460 17555
17460 17545
17461 17492
17461 17497
17461 17490
17462 17499
17462 17538
17462 17483
17463 17504
17463 17501
17463 17483
17463 17551
17463 17516
17463 17536
17463 17498
17463 17545
17464 17484
17464 17493
17464 17504
17464 17528
17464 17467
17464 17555
17465 17487
17465 17543
17465 17478
17465 17538
17466 17537
17466 17484
17467 17540
17468 17561
17468 17547
17468 17552
17470 17481
17470 17493
17470 17512
17471 17557
17471 17565
17472 17494
17472 17548
17473 17498
17473 17542
17474 17538
17474 17548
17474 17536
17475 17499
17475 17488
17475 17482
17476 17483
17476 17567
17476 17563
17477 17505
17477 17555
17479 17550
17479 17528
17479 17547
17479 17527
17479 17523
17480 17560
17480 17551
17480 17497
17481 17549
17481 17550
17481 17484
17481 17510
17482 17509
17482 17530
17482 17544
17482 17497
17483 17568
17484 17542
17484 17562
17484 17561
17484 17522
17485 17535
17485 17556
17486 17501
17486 17573
17487 17520
17487 17539
17488 17507
17488 17576
17488 17506
17488 17515
17488 17550
17489 17525
17489 17503
17490 17549
17491 17496
17491 17553
17492 17538
17492 17562
17492 17582
17493 17578
17493 17557
17494 17523
17494 17558
17494 17551
17494 17548
17494 17545
17495 17556
17495 17506
17495 17586
17495 17555
17496 17574
17496 17503
17496 17506
17497 17572
17497 17540
17497 17577
17497 17519
17497 17578
17498 17542
17498 17552
17498 17563
17499 17525
17499 17566
17499 17593
17500 17534
17500 17535
17500 17546
17501 17515
17501 17553
17502 17526
17502 17510
17502 17568
17503 17561
17503 17598
17503 17524
17503 17531
17503 17505
17504 17583
17504 17532
17504 17509
17504 17586
17504 17529
17505 17527
17505 17584
17505 17563
17506 17508
17506 17541
17506 17558
17506 17537
17506 17538
17507 17586
17507 17566
17508 17544
17508 17571
17508 17549
17510 17597
17511 17558
17511 17548
17511 17606
17511 17575
17512 17565
17512 17530
17512 17548
17513 17596
17513 17595
17513 17530
17513 17516
17514 17610
17514 17527
17514 17594
17514 17567
17514 17607
17514 17522
17515 17547
17515 17544
17515 17516
17517 17596
17517 17546
17517 17574
17518 17542
17519 17591
17519 17597
17519 17520
17520 17573
17520 17609
17520 17602
17520 17582
17522 17586
17522 17579
17522 17562
17523 17548
17523 17613
17523 17557
17523 17582
17523 17576
17523 17565
17523 17605
17524 17525
17524 17608
17524 17580
17524 17566
17525 17567
17525 17619
17525 17584
17525 17541
17525 17617
17526 17559
17526 17619
17526 17563
17526 17599
17526 17571
17527 17540
17527 17578
17527 17585
17528 17614
17528 17622
17528 17550
17528 17609
17529 17600
17531 17565
17531 17604
17531 17542
17532 17546
17532 17612
17532 17596
17532 17538
17533 17580
17533 17576
17535 17580
17535 17584
17535 17588
17535 17616
17535 17583
17535 17565
17535 17591
17535 17586
17536 17614
17536 17569
17536 17537
17537 17594
17537 17554
17537 17541
17538 17600
17538 17570
17538 17542
17539 17629
17540 17597
17540 17551
17540 17563
17540 17624
17540 17559
17541 17562
17541 17626
17541 17576
17541 17571
17541 17621
17542 17630
17542 17590
17544 17551
17544 17609
17545 17565
17545 17616
17545 17569
17546 17562
17546 17559
17547 17558
17547 17640
17547 17561
17548 17631
17548 17590
17548 17632
17548 17592
17548 17612
17549 17606
17549 17629
17549 17631
17551 17567
17551 17577
17551 17573
17552 17644
17553 17604
17553 17573
17554 17561
17554 17555
17554 17580
17555 17644
17555 17614
17555 17575
17557 17636
17557 17629
17557 17581
17557 17587
17557 17570
17558 17610
17558 17575
17558 17612
17558 17561
17559 17583
17559 17595
17560 17573
17560 17563
17560 17647
17560 17592
17561 17579
17561 17566
17561 17592
17561 17621
17562 17572
17562 17608
17563 17570
17563 17656
17563 17571
17564 17659
17564 17633
17564 17631
17564 17613
17565 17616
17565 17585
17566 17567
17566 17587
17567 17631
17567 17627
17567 17663
17567 17618
17568 17655
17569 17662
17569 17665
17570 17601
17570 17618
17570 17634
17570 17604
17570 17574
17570 17640
17571 17578
17571 17601
17572 17656
17572 17614
17572 17592
17572 17582
17572 17649
17572 17608
17573 17615
17573 17583
17573 17616
17574 17585
17574 17654
17575 17628
17576 17645
17576 17644
17576 17630
17576 17647
17576 17637
17576 17610
17576 17597
17577 17634
17577 17645
17577 17671
17577 17598
17578 17619
17578 17625
17579 17587
17579 17617
17579 17595
17579 17668
17580 17650
17580 17594
17580 17644
17580 17661
17581 17666
17581 17619
17581 17606
17582 17642
17582 17670
17583 17631
17583 17586
17584 17630
17584 17592
17584 17617
17585 17606
17585 17595
17585 17636
17586 17672
17586 17594
17586 17592
17586 17621
17586 17662
17587 17665
17587 17658
17588 17672
17588 17647
17588 17681
17588 17597
17589 17608
17589 17667
17589 17602
17589 17655
17589 17675
17590 17668
17590 17676
17590 17613
17591 17627
17592 17631
17592 17663
17592 17688
17592 17618
17592 17668
17592 17607
17592 17662
17593 17611
17593 17671
17593 17604
17593 17633
17594 17637
17594 17676
17595 17618
17595 17668
17596 17644
17596 17640
17596 17633
17597 17634
17598 17614
17598 17662
17598 17628
17599 17615
17599 17680
17600 17627
17600 17662
17601 17642
17601 17638
17602 17627
17602 17674
17603 17684
17603 17689
17603 17679
17603 17686
17603 17612
17603 17670
17604 17613
17604 17657
17604 17683
17605 17693
17605 17674
17606 17640
17606 17682
17606 17687
17606 17670
17607 17677
17607 17640
17607 17654
17608 17690
17608 17640
17608 17626
17608 17674
17609 17616
17609 17663
17610 17614
17610 17612
17610 17641
17610 17666
17610 17629
17612 17635
17612 17679
17612 17686
17613 17664
17613 17645
17613 17672
17614 17664
17614 17641
17614 17658
17614 17623
17614 17692
17614 17617
17614 17620
17615 17683
17615 17654
17616 17696
17616 17684
17616 17650
17616 17671
17617 17710
17618 17704
17618 17619
17619 17682
17619 17638
17619 17691
17620 17704
17620 17658
17620 17638
17620 17688
17621 17674
17621 17669
17621 17645
17622 17705
17623 17648
17623 17670
17624 17698
17625 17657
17625 17696
17625 17684
17626 17703
17626 17639
17626 17684
17626 17637
17627 17662
17627 17654
17628 17676
17629 17708
17630 17696
17630 17690
17630 17647
17630 17637
17630 17657
17631 17716
17631 17727
17631 17726
17631 17650
17632 17674
17632 17659
17632 17711
17632 17688
17632 17705
17633 17678
17633 17718
17633 17664
17634 17656
17634 17715
17634 17681
17635 17689
17635 17681
17636 17701
17636 17671
17636 17712
17636 17732
17636 17657
17637 17673
17637 17645
17637 17657
17637 17724
17637 17690
17637 17672
17638 17688
17638 17694
17638 17648
17638 17726
17639 17702
17639 17721
17639 17671
17639 17660
17640 17672
17640 17733
17640 17704
17641 17647
17641 17663
17641 17711
17642 17653
17642 17651
17642 17729
17642 17716
17643 17669
17643 17734
17643 17736
17644 17737
17644 17736
17644 17685
17645 17723
17645 17698
17646 17695
17646 17709
17647 17699
17647 17659
17647 17648
17647 17701
17648 17721
17649 17728
17649 17742
17649 17651
17649 17653
17649 17699
17650 17742
17650 17693
17650 17664
17650 17746
17652 17707
17652 17685
17652 17691
17652 17692
17653 17665
17653 17718
17653 17669
17654 17722
17654 17692
17654 17679
17654 17669
17654 17720
17654 17743
17655 17693
17656 17686
17656 17664
17656 17695
17656 17684
17656 17719
17656 17692
17657 17698
17657 17752
17658 17667
17658 17684
17658 17714
17658 17741
17658 17727
17659 17678
17659 17724
17659 17693
17659 17723
17660 17680
17660 17672
17660 17737
17661 17719
17661 17693
17661 17687
17662 17709
17662 17670
17662 17668
17663 17750
17664 17730
17664 17682
17664 17732
17665 17712
17665 17717
17665 17748
17666 17750
17666 17723
17666 17705
17668 17763
17668 17712
17669 17678
17669 17745
17669 17757
17669 17673
17669 17737
17670 17754
17670 17718
17671 17751
17672 17763
17672 17762
17675 17763
17675 17766
17676 17750
17676 17746
17676 17694
17677 17724
17677 17697
17678 17701
17678 17721
17679 17716
17679 17753
17679 17762
17680 17766
17680 17747
17681 17771
17682 17765
17682 17738
17683 17736
17683 17723
17683 17704
17684 17741
17684 17765
17684 17768
17684 17708
17684 17763
17684 17771
17684 17780
17685 17686
17685 17770
17685 17704
17686 17771
17686 17695
17686 17774
17686 17739
17688 17718
17689 17715
17689 17770
17689 17730
17690 17727
17691 17721
17691 17740
17692 17757
17693 17771
17693 17773
17694 17703
17694 17712
17694 17752
17695 17774
17695 17710
17696 17759
17697 17760
17697 17752
17697 17793
17698 17735
17698 17755
17699 17734
17699 17760
17699 17788
17699 17730
17699 17773
17700 17760
17700 17773
17701 17733
17701 17780
17701 17771
17702 17786
17703 17729
17703 17792
17704 17739
17704 17712
17704 17728
17704 17763
17704 17742
17705 17764
17705 17752
17705 17786
17705 17719
17706 17799
17706 17751
17706 17726
17707 17762
17707 17790
17707 17713
17707 17745
17707 17799
17707 17786
17708 17787
17708 17744
17709 17773
17709 17711
17710 17723
17710 17717
17710 17738
17710 17801
17710 17748
17711 17748
17711 17740
17711 17744
17711 17785
17711 17731
17711 17804
17712 17762
17713 17762
17715 17718
17715 17795
17715 17716
17715 17741
17715 17790
17716 17786
17716 17727
17716 17806
17716 17734
17717 17800
17717 17774
17717 17756
17717 17787
17717 17721
17718 17805
17718 17809
17718 17764
17718 17753
17718 17750
17718 17796
17718 17756
17718 17777
17718 17758
17718 17735
17718 17779
17718 17790
17720 17721
17720 17778
17720 17775
17721 17808
17721 17724
17721 17802
17721 17750
17721 17784
17722 17768
17722 17807
17722 17803
17722 17813
17723 17781
17723 17776
17723 17788
17724 17762
17724 17796
17725 17728
17725 17754
17725 17796
17725 17747
17725 17732
17725 17731
17726 17739
17726 17783
17727 17751
17727 17789
17727 17818
17727 17799
17728 17778
17728 17782
17728 17808
17729 17733
17729 17754
17729 17795
17730 17778
17731 17755
17731 17775
17731 17733
17732 17806
17732 17785
17733 17819
17733 17767
17734 17784
17734 17791
17735 17789
17735 17798
17735 17824
17736 17812
17736 17786
17737 17831
17737 17761
17737 17764
17739 17826
17739 17833
17739 17763
17739 17784
17740 17789
17741 17810
17741 17790
17741 17761
17742 17798
17742 17774
17742 17761
17743 17798
17743 17777
17744 17824
17745 17791
17745 17797
17745 17788
17745 17841
17746 17807
17747 17768
17747 17756
17747 17774
17748 17840
17748 17801
17749 17771
17749 17836
17749 17795
17749 17768
17750 17844
17750 17838
17751 17767
17751 17814
17751 17820
17751 17776
17751 17786
17752 17781
17752 17784
17752 17764
17752 17765
17752 17837
17752 17840
17753 17760
17753 17846
17753 17774
17753 17836
17754 17848
17754 17773
17754 17810
17754 17809
17755 17844
17755 17766
17755 17804
17756 17808
17756 17832
17757 17828
17757 17812
17758 17835
17758 17786
17758 17762
17758 17828
17759 17775
17759 17786
17760 17802
17760 17833
17760 17794
17760 17782
17760 17852
17760 17780
17760 17781
17760 17847
17761 17779
17762 17848
17762 17810
17763 17769
17763 17774
17764 17838
17764 17801
17764 17786
17764 17781
17765 17826
17765 17766
17765 17817
17765 17781
17766 17852
17766 17814
17766 17780
17767 17822
17767 17811
17767 17843
17767 17783
17767 17806
17767 17784
17768 17780
17769 17836
17769 17798
17770 17792
17770 17804
17770 17789
17771 17791
17771 17793
17771 17827
17772 17840
17773 17802
17774 17793
17774 17803
17774 17785
17774 17805
17775 17791
17775 17862
17775 17786
17776 17801
17776 17778
17777 17808
17777 17795
17777 17829
17778 17829
17778 17781
17778 17850
17778 17822
17778 17786
17778 17795
17778 17860
17779 17820
17779 17857
17779 17838
17779 17812
17780 17834
17780 17805
17780 17861
17781 17876
17781 17816
17781 17874
17781 17854
17781 17865
17781 17842
17781 17808
17782 17801
17782 17839
17782 17841
17782 17811
17783 17844
17783 17878
17783 17788
17783 17824
17784 17812
17784 17867
17787 17798
17787 17846
17788 17851
17789 17825
17789 17835
17789 17823
17790 17870
17790 17858
17790 17804
17790 17809
17791 17824
17791 17873
17791 17808
17791 17872
17792 17801
17792 17870
17792 17818
17793 17876
17793 17849
17793 17860
17793 17847
17793 17857
17794 17885
17794 17841
17794 17888
17794 17865
17795 17831
17795 17873
17796 17858
17797 17801
17797 17836
17797 17882
17797 17799
17797 17811
17798 17868
17798 17876
17798 17869
17798 17882
17798 17886
17799 17869
17799 17821
17799 17851
17799 17857
17799 17803
17800 17812
17801 17851
17801 17887
17801 17873
17801 17882
17801 17850
17802 17860
17802 17879
17802 17885
17802 17823
17803 17841
17803 17876
17803 17896
17804 17825
17804 17842
17804 17847
17805 17863
17805 17854
17806 17893
17806 17822
17806 17844
17807 17903
17807 17852
17807 17848
17807 17889
17807 17850
17808 17889
17808 17843
17808 17875
17808 17868
17809 17876
17809 17850
17809 17846
17809 17855
17809 17833
17809 17817
17810 17824
17810 17811
17810 17823
17811 17837
17811 17814
17811 17838
17811 17846
17811 17853
17812 17870
17813 17907
17813 17842
17813 17868
17813 17845
17814 17837
17814 17878
17814 17857
17814 17886
17815 17898
17815 17856
17815 17855
17815 17872
17815 17893
17816 17858
17816 17855
17816 17893
17816 17872
17816 17894
17816 17904
17817 17873
17818 17834
17818 17825
17818 17826
17819 17912
17819 17907
17820 17840
17820 17823
17821 17828
17821 17847
17821 17855
17821 17897
17821 17869
17822 17918
17822 17855
17823 17864
17823 17897
17823 17853
17824 17900
17824 17897
17824 17855
17824 17876
17824 17892
17825 17872
17825 17874
17825 17860
17825 17828
17826 17906
17826 17844
17826 17827
17826 17883
17827 17900
17827 17896
17827 17857
17827 17862
17827 17854
17828 17858
17828 17886
17828 17838
17828 17848
17828 17875
17828 17913
17829 17833
17829 17882
17830 17909
17830 17874
17831 17892
17831 17902
17831 17834
17831 17855
17831 17915
17832 17910
17832 17904
17832 17874
17833 17872
17833 17918
17833 17928
17833 17850
17834 17869
17835 17902
17835 17845
17835 17907
17836 17845
17836 17895
17836 17857
17836 17896
17836 17919
17837 17848
17837 17844
17837 17904
17838 17888
17839 17864
17839 17885
17839 17870
17840 17904
17840 17856
17840 17880
17841 17888
17841 17910
17841 17847
17841 17854
17842 17874
17842 17875
17842 17903
17843 17898
17843 17844
17843 17887
17843 17889
17843 17903
17844 17874
17844 17929
17844 17846
17844 17882
17844 17885
17844 17900
17845 17925
17845 17879
17845 17868
17845 17846
17845 17895
17846 17908
17846 17873
17846 17852
17846 17860
17847 17942
17847 17940
17847 17869
17848 17886
17848 17868
17848 17909
17849 17906
17850 17873
17850 17893
17850 17874
17850 17868
17850 17945
17851 17872
17851 17912
17851 17856
17852 17892
17852 17862
17852 17948
17852 17856
17852 17916
17852 17937
17853 17862
17853 17944
17853 17929
17853 17878
17854 17925
17854 17933
17855 17880
17856 17916
17856 17935
17856 17913
17856 17927
17857 17929
17857 17872
17857 17926
17858 17873
17858 17934
17858 17940
17859 17951
17859 17879
17859 17923
17859 17890
17860 17895
17860 17925
17860 17862
17860 17936
17861 17866
17861 17875
17862 17939
17862 17926
17862 17895
17862 17952
17862 17953
17863 17941
17863 17905
17863 17942
17864 17865
17864 17890
17864 17923
17864 17939
17864 17906
17865 17877
17865 17924
17865 17920
17866 17913
17866 17910
17866 17953
17866 17936
17866 17940
17866 17939
17866 17894
17866 17878
17866 17912
17866 17942
17866 17946
17866 17869
17867 17896
17868 17942
17868 17948
17868 17933
17868 17871
17869 17913
17869 17961
17869 17892
17870 17909
17870 17943
17870 17948
17870 17939
17870 17891
17870 17965
17871 17953
17871 17943
17871 17907
17872 17879
17872 17898
17872 17954
17872 17923
17872 17918
17872 17919
17873 17905
17873 17895
17873 17891
17873 17882
17873 17907
17874 17965
17875 17933
17875 17917
17875 17942
17875 17883
17875 17925
17876 17927
17876 17893
17876 17971
17876 17938
17877 17968
17877 17893
17878 17913
17878 17897
17879 17944
17879 17882
17879 17974
17879 17887
17880 17913
17880 17975
17880 17926
17881 17930
17881 17962
17881 17936
17881 17923
17881 17888
17881 17972
17882 17915
17882 17937
17883 17886
17884 17957
17885 17917
17885 17899
17886 17955
17886 17977
17887 17962
17887 17940
17887 17889
17887 17938
17887 17944
17887 17897
17887 17920
17888 17909
17890 17894
17890 17930
17890 17984
17890 17979
17890 17952
17891 17981
17891 17954
17891 17958
17891 17975
17892 17922
17892 17949
17892 17972
17892 17942
17893 17910
17893 17942
17894 17922
17894 17983
17894 17927
17895 17955
17896 17958
17896 17907
17897 17953
17897 17923
17897 17909
17897 17993
17898 17945
17898 17899
17898 17901
17899 17913
17899 17971
17899 17932
17900 17966
17900 17973
17901 17946
17901 17982
17902 17935
17902 17937
17903 17960
17903 17948
17903 17909
17903 17937
17904 17993
17904 17935
17905 17982
17905 17985
17905 17944
17905 17998
17906 17966
17906 17970
17907 17920
17907 17965
17907 18003
17907 17972
17908 17934
17908 17975
17908 17978
17908 17970
17909 17943
17909 17916
17909 17977
17910 17982
17911 18003
17911 17949
17912 17947
17912 17949
17912 17970
17913 17923
17913 18007
17914 17994
17914 17925
17914 17991
17914 17974
17914 17939
17914 17928
17915 18010
17916 17961
17916 17927
17916 17992
17917 17958
17917 17971
17917 17961
17917 17941
17918 17936
17918 17998
17918 17962
17919 18008
17919 17936
17919 17980
17920 17923
17920 17984
17920 17969
17920 17938
17920 17940
17921 17987
17921 18006
17921 18010
17922 17972
17922 18010
17922 17923
17922 17998
17923 18018
17923 17950
17923 17956
17923 17937
17923 17970
17924 17973
17924 18012
17924 18011
17924 17935
17925 18015
17925 17953
17925 17992
17925 18018
17925 18012
17926 17981
17926 17978
17926 17929
17927 17975
17927 17938
17928 17987
17928 17994
17928 18021
17928 17993
17929 18001
17929 17987
17929 18025
17929 17936
17929 17991
17930 17962
17930 17952
17930 17955
17931 17950
17931 17984
17931 17970
17932 17967
17932 17984
17932 18019
17932 18003
17933 18020
17933 18004
17933 17959
17936 17974
17936 17993
17936 17975
17936 17968
17936 18000
17937 17953
17937 18013
17937 17979
17938 17974
17939 18022
17939 17997
17939 17963
17940 17961
17940 17976
17940 17985
17940 18010
17940 18028
17941 18006
17941 18001
17942 17998
17942 17982
17943 17975
17943 18013
17944 18005
17944 17959
17944 17952
17944 18021
17944 18019
17945 18026
17945 18010
17945 17972
17945 18038
17945 17978
17946 17987
17947 17956
17947 17962
17947 17984
17947 18025
17948 18040
17948 17986
17948 18033
17948 17999
17948 18034
17948 18009
17949 17987
17949 18025
17950 18015
17950 18001
17950 18012
17951 18020
17951 17978
17951 18000
17951 18013
17951 18004
17951 18024
17952 18020
17952 17959
17952 18036
17952 17967
17953 18034
17953 18001
17954 17987
17954 17988
17954 17965
17954 18008
17955 18023
17956 18048
17956 18011
17956 17969
17957 17979
17957 18025
17957 18000
17958 18006
17958 18038
17959 17982
17960 18055
17960 18054
17961 18049
17962 18029
17962 18005
17962 17963
17963 17996
17963 18051
17963 18036
17963 18002
17964 18006
17964 17968
17964 17982
17965 18017
17965 17970
17965 18007
17965 18024
17965 18006
17966 18041
17966 18053
17966 18023
17966 18027
17967 17987
17968 17985
17968 17983
17968 18025
17969 18050
17970 18003
17970 18036
17971 18049
17972 18016
17972 18007
17972 18032
17972 18058
17972 18037
17972 17977
17973 17995
17973 17990
17973 18044
17973 18017
17973 17983
17973 18040
17973 18001
17973 18009
17973 18014
17973 18041
17974 17995
17974 18064
17975 18028
17975 18001
17975 18027
17975 18046
17976 18013
17976 18051
17976 18004
17977 18047
17977 18019
17977 17979
17978 18057
17978 18012
17978 17990
17978 18020
17978 18047
17979 18057
17980 18043
17980 18030
17981 18062
17981 18016
17981 17983
17981 18070
17982 18023
17983 18063
17983 17985
17983 18067
17983 18076
17983 17991
17983 18049
17984 18002
17984 18063
17984 18036
17984 18047
17984 18043
17985 17986
17985 18064
17985 18010
17985 18002
17985 18075
17986 18047
17987 18055
17987 18004
17987 18008
17987 18054
17988 18040
17988 18027
17988 18021
17988 18076
17988 17996
17989 18046
17990 18031
17990 18004
17990 18038
17990 17993
17991 18022
17991 18078
17992 18035
17993 18077
17994 18029
17994 18068
17994 18006
17994 18017
17994 18067
17995 18070
17995 18086
17995 18020
17996 18033
17996 18009
17996 18049
17996 18016
17996 18040
17996 18007
17997 18068
17997 18092
17997 18086
17997 18081
17997 18034
17997 18074
17997 18032
17997 18041
17997 18003
17998 18076
17998 18041
17998 18088
17999 18084
17999 18006
18000 18060
18001 18068
18001 18063
18002 18092
18002 18017
18003 18073
18003 18074
18003 18093
18004 18093
18004 18095
18005 18019
18005 18054
18005 18057
18006 18057
18006 18015
18006 18009
18007 18100
18007 18076
18007 18094
18007 18072
18008 18013
18008 18048
18008 18070
18009 18082
18009 18010
18009 18020
18009 18099
18010 18098
18011 18060
18012 18080
18012 18105
18013 18049
18013 18093
18013 18083
18013 18032
18014 18045
18015 18080
18015 18097
18015 18029
18015 18065
18015 18066
18015 18060
18015 18109
18015 18034
18016 18049
18016 18033
18016 18090
18016 18082
18016 18088
18017 18035
18017 18046
18018 18051
18018 18049
18018 18062
18018 18053
18018 18099
18019 18026
18019 18090
18019 18036
18020 18071
18020 18102
18020 18099
18021 18025
18021 18061
18023 18025
18023 18115
18023 18034
18024 18030
18024 18078
18024 18039
18025 18069
18025 18039
18025 18054
18025 18046
18026 18075
18026 18084
18026 18094
18026 18122
18027 18065
18027 18094
18027 18068
18027 18032
18027 18086
18028 18084
18028 18109
18028 18073
18028 18083
18028 18121
18029 18070
18029 18069
18030 18113
18030 18061
18030 18121
18030 18032
18030 18123
18031 18087
18031 18061
18032 18044
18032 18057
18032 18034
18032 18096
18032 18115
18032 18085
18033 18119
18033 18101
18033 18046
18033 18123
18034 18115
18034 18105
18034 18110
18034 18117
18034 18068
18035 18082
18035 18058
18035 18125
18036 18044
18037 18100
18037 18127
18037 18126
18037 18069
18037 18085
18037 18082
18038 18077
18038 18063
18039 18128
18039 18094
18039 18047
18040 18042
18041 18075
18041 18093
18041 18070
18042 18101
18042 18130
18042 18132
18042 18095
18042 18069
18042 18056
18042 18043
18043 18063
18043 18128
18044 18110
18044 18072
18044 18112
18044 18105
18045 18127
18045 18116
18046 18076
18046 18054
18046 18121
18046 18139
18047 18107
18048 18058
18048 18138
18049 18089
18049 18141
18049 18145
18049 18086
18050 18139
18050 18067
18050 18094
18051 18064
18052 18053
18053 18058
18053 18128
18053 18136
18054 18086
18054 18123
18055 18144
18055 18132
18055 18100
18055 18103
18056 18093
18056 18113
18056 18118
18056 18100
18057 18119
18057 18098
18057 18062
18057 18091
18058 18152
18058 18147
18058 18091
18058 18093
18059 18149
18059 18147
18059 18110
18061 18086
18061 18082
18061 18083
18061 18087
18062 18114
18062 18087
18062 18128
18063 18069
18063 18156
18063 18137
18063 18076
18064 18086
18064 18131
18064 18135
18064 18143
18064 18070
18064 18159
18065 18115
18065 18067
18065 18106
18067 18131
18067 18162
18067 18110
18068 18120
18068 18139
18068 18159
18069 18113
18069 18111
18069 18123
18070 18111
18070 18084
18070 18079
18070 18145
18071 18092
18072 18106
18073 18107
18074 18117
18074 18093
18074 18092
18074 18084
18074 18082
18075 18126
18077 18081
18077 18106
18077 18121
18077 18155
18078 18083
18078 18090
18078 18151
18078 18126
18079 18130
18079 18162
18079 18116
18079 18126
18079 18098
18080 18116
18080 18154
18080 18150
18080 18087
18081 18099
18081 18113
18081 18105
18082 18090
18082 18094
18083 18143
18083 18150
18083 18125
18083 18106
18084 18099
18084 18170
18085 18173
18085 18151
18085 18171
18086 18167
18087 18144
18088 18124
18088 18180
18089 18153
18089 18150
18089 18130
18090 18143
18090 18160
18091 18167
18091 18134
18091 18158
18092 18110
18092 18161
18092 18136
18092 18169
18092 18140
18092 18144
18092 18175
18093 18137
18093 18127
18093 18173
18094 18159
18094 18157
18094 18118
18094 18097
18095 18139
18095 18180
18095 18097
18095 18148
18095 18142
18096 18185
18096 18101
18096 18140
18097 18159
18097 18153
18097 18103
18098 18165
18099 18157
18099 18166
18099 18113
18100 18166
18100 18108
18100 18123
18101 18188
18101 18156
18101 18107
18101 18132
18102 18137
18102 18185
18102 18139
18102 18194
18103 18112
18105 18143
18105 18151
18105 18108
18106 18182
18106 18156
18106 18120
18106 18124
18107 18170
18107 18136
18108 18109
18108 18167
18108 18170
18108 18186
18109 18181
18109 18165
18109 18201
18109 18182
18110 18190
18111 18178
18111 18141
18111 18134
18112 18131
18112 18172
18113 18124
18114 18159
18114 18169
18114 18205
18115 18176
18115 18168
18115 18139
18115 18192
18116 18162
18116 18160
18116 18195
18116 18122
18117 18186
18117 18167
18117 18157
18118 18166
18119 18164
18120 18190
18120 18175
18120 18137
18121 18158
18121 18127
18122 18200
18122 18170
18122 18132
18122 18192
18123 18186
18123 18155
18123 18138
18124 18149
18124 18193
18125 18212
18125 18211
18126 18137
18126 18207
18128 18189
18128 18138
18129 18213
18129 18153
18129 18220
18129 18146
18129 18167
18130 18153
18130 18199
18130 18225
18130 18215
18131 18219
18131 18184
18131 18181
18132 18180
18132 18182
18132 18144
18132 18197
18132 18159
18133 18135
18133 18151
18133 18201
18133 18183
18133 18137
18133 18223
18134 18222
18134 18215
18135 18194
18135 18207
18135 18155
18136 18150
18136 18200
18136 18178
18137 18177
18137 18191
18138 18159
18139 18150
18139 18158
18139 18171
18139 18146
18140 18170
18140 18196
18141 18201
18141 18221
18142 18205
18142 18179
18143 18200
18143 18226
18143 18233
18144 18201
18144 18178
18145 18180
18145 18202
18146 18198
18146 18211
18146 18180
18146 18158
18146 18172
18146 18197
18146 18236
18147 18194
18147 18152
18147 18175
18148 18183
18148 18240
18149 18175
18149 18152
18149 18164
18150 18155
18150 18158
18151 18161
18152 18191
18152 18214
18152 18240
18153 18227
18153 18230
18154 18164
18154 18167
18154 18212
18155 18198
18155 18238
18155 18193
18156 18200
18157 18211
18157 18192
18157 18250
18158 18167
18158 18186
18158 18248
18159 18221
18159 18216
18159 18208
18159 18223
18160 18215
18160 18216
18161 18192
18161 18195
18161 18164
18162 18237
18162 18216
18162 18227
18163 18177
18163 18173
18165 18213
18165 18175
18165 18257
18166 18241
18166 18259
18166 18171
18167 18193
18168 18240
18168 18202
18168 18244
18168 18196
18168 18217
18169 18215
18169 18246
18169 18188
18171 18227
18171 18234
18172 18217
18174 18258
18174 18187
18175 18190
18176 18245
18176 18236
18177 18181
18177 18234
18178 18262
18179 18272
18179 18231
18179 18218
18179 18247
18180 18202
18181 18194
18181 18241
18181 18205
18181 18191
18181 18271
18182 18185
18183 18222
18183 18190
18183 18270
18184 18250
18184 18204
18184 18213
18185 18236
18185 18256
18185 18245
18186 18263
18186 18254
18186 18253
18186 18262
18187 18221
18187 18228
18187 18191
18187 18257
18187 18271
18188 18280
18188 18195
18188 18276
18190 18276
18190 18239
18190 18223
18190 18255
18190 18221
18190 18252
18190 18225
18190 18275
18191 18286
18191 18272
18192 18213
18192 18221
18192 18193
18192 18231
18192 18266
18192 18230
18193 18239
18193 18238
18193 18243
18194 18255
18194 18253
18195 18244
18195 18212
18196 18249
18196 18242
18197 18212
18197 18203
18197 18264
18197 18228
18198 18209
18198 18280
18198 18287
18198 18279
18198 18226
18199 18277
18199 18221
18199 18211
18199 18274
18200 18261
18200 18282
18200 18236
18200 18221
18202 18222
18202 18260
18202 18289
18202 18246
18203 18270
18203 18293
18203 18288
18203 18298
18203 18244
18204 18241
18204 18239
18205 18295
18205 18239
18205 18270
18206 18271
18206 18258
18206 18254
18206 18240
18206 18301
18206 18226
18207 18243
18207 18240
18207 18245
18208 18295
18208 18274
18208 18226
18209 18285
18209 18259
18209 18219
18209 18258
18210 18273
18211 18288
18211 18283
18212 18264
18212 18308
18212 18278
18212 18232
18213 18237
18213 18304
18213 18266
18214 18281
18214 18286
18214 18236
18214 18231
18214 18304
18215 18279
18215 18226
18215 18250
18215 18216
18216 18261
18216 18251
18216 18300
18216 18267
18216 18301
18217 18259
18217 18290
18217 18227
18217 18296
18217 18272
18217 18253
18217 18284
18218 18302
18218 18288
18218 18280
18218 18294
18219 18302
18219 18265
18219 18242
18219 18260
18219 18295
18220 18267
18220 18292
18220 18289
18220 18228
18220 18279
18220 18230
18220 18259
18221 18256
18221 18302
18221 18239
18221 18227
18222 18238
18222 18309
18223 18286
18224 18307
18224 18282
18224 18314
18225 18253
18225 18259
18225 18252
18225 18267
18226 18244
18226 18249
18226 18266
18226 18270
18226 18286
18227 18246
18227 18253
18227 18248
18227 18308
18227 18273
18227 18291
18228 18271
18228 18317
18228 18270
18228 18274
18228 18300
18229 18277
18229 18255
18229 18258
18229 18305
18230 18316
18230 18233
18230 18285
18230 18253
18232 18258
18232 18293
18232 18286
18232 18279
18232 18317
18232 18244
18232 18318
18232 18273
18232 18316
18232 18300
18233 18278
18233 18282
18234 18313
18234 18299
18234 18318
18235 18271
18236 18273
18236 18287
18237 18254
18237 18298
18237 18263
18237 18330
18238 18288
18238 18268
18238 18251
18239 18307
18239 18306
18239 18314
18239 18281
18239 18323
18240 18250
18241 18336
18242 18284
18242 18329
18243 18312
18243 18308
18243 18288
18245 18274
18245 18339
18245 18279
18247 18341
18248 18339
18249 18279
18249 18269
18249 18322
18250 18304
18250 18320
18250 18325
18250 18266
18251 18287
18251 18290
18251 18318
18251 18305
18251 18281
18252 18330
18252 18344
18252 18273
18252 18256
18253 18338
18253 18255
18253 18296
18254 18320
18254 18312
18254 18299
18254 18333
18255 18338
18255 18316
18255 18313
18255 18343
18257 18292
18257 18265
18258 18293
18258 18270
18259 18322
18259 18266
18259 18296
18260 18275
18260 18290
18261 18328
18261 18283
18262 18327
18262 18285
18262 18314
18263 18268
18263 18353
18264 18316
18264 18302
18264 18293
18264 18270
18265 18304
18265 18339
18265 18308
18266 18300
18266 18356
18266 18289
18266 18280
18266 18362
18266 18361
18267 18304
18267 18331
18268 18354
18268 18338
18268 18344
18269 18333
18269 18274
18269 18290
18269 18347
18270 18321
18270 18325
18270 18363
18270 18291
18270 18307
18271 18311
18271 18312
18271 18304
18271 18288
18271 18322
18272 18326
18272 18277
18273 18366
18274 18339
18274 18312
18274 18295
18274 18283
18275 18357
18275 18344
18276 18291
18276 18297
18276 18359
18277 18321
18278 18344
18278 18339
18278 18309
18278 18321
18280 18353
18280 18372
18280 18295
18281 18329
18281 18376
18281 18360
18282 18305
18282 18315
18282 18369
18282 18328
18283 18377
18283 18309
18284 18358
18284 18376
18286 18378
18286 18376
18287 18371
18287 18327
18287 18333
18287 18344
18288 18297
18288 18315
18288 18308
18289 18347
18289 18342
18289 18365
18290 18333
18290 18317
18290 18354
18291 18337
18292 18350
18292 18368
18293 18316
18293 18382
18293 18347
18293 18297
18294 18302
18294 18296
18294 18340
18294 18318
18294 18327
18295 18375
18295 18353
18296 18329
18297 18303
18297 18345
18298 18333
18299 18303
18299 18325
18299 18352
18300 18311
18300 18384
18300 18343
18301 18306
18301 18350
18302 18365
18302 18352
18303 18392
18303 18347
18303 18332
18303 18369
18304 18347
18304 18370
18304 18360
18305 18381
18305 18346
18305 18336
18305 18379
18305 18320
18306 18346
18306 18321
18306 18316
18306 18353
18306 18372
18307 18335
18307 18340
18307 18345
18307 18387
18307 18317
18308 18388
18308 18350
18308 18404
18308 18374
18308 18368
18308 18353
18309 18355
18309 18321
18309 18333
18310 18402
18310 18383
18311 18383
18311 18363
18311 18372
18311 18361
18312 18391
18312 18379
18312 18320
18312 18381
18312 18403
18312 18374
18312 18397
18314 18360
18314 18338
18315 18341
18316 18406
18316 18348
18316 18371
18316 18379
18316 18396
18316 18374
18317 18350
18317 18341
18318 18352
18318 18335
18318 18332
18318 18345
18319 18389
18319 18341
18320 18402
18320 18343
18321 18352
18321 18366
18321 18350
18322 18382
18323 18369
18323 18363
18324 18382
18325 18406
18325 18331
18325 18407
18325 18392
18326 18398
18326 18384
18326 18376
18326 18420
18327 18408
18327 18342
18328 18359
18328 18412
18328 18342
18328 18420
18329 18404
18329 18378
18329 18338
18330 18372
18330 18366
18330 18374
18330 18375
18330 18393
18330 18384
18331 18333
18331 18356
18331 18355
18331 18367
18331 18339
18332 18410
18332 18354
18333 18382
18333 18408
18334 18383
18334 18342
18334 18374
18334 18337
18334 18401
18335 18344
18335 18387
18335 18375
18335 18409
18336 18341
18336 18405
18336 18412
18336 18401
18337 18399
18338 18357
18338 18378
18339 18384
18340 18382
18340 18428
18340 18393
18340 18410
18341 18343
18341 18344
18341 18404
18342 18344
18342 18385
18342 18373
18342 18409
18343 18419
18343 18402
18345 18433
18345 18367
18345 18416
18346 18401
18346 18433
18346 18376
18347 18352
18348 18435
18348 18365
18348 18432
18348 18393
18348 18362
18349 18434
18349 18429
18349 18365
18349 18417
18349 18436
18350 18363
18350 18353
18351 18428
18351 18410
18351 18439
18352 18387
18352 18438
18352 18427
18353 18396
18353 18409
18353 18440
18353 18410
18353 18355
18353 18439
18354 18364
18355 18431
18355 18414
18356 18370
18357 18392
18357 18441
18357 18366
18357 18406
18357 18432
18357 18361
18357 18418
18358 18381
18358 18424
18359 18418
18359 18371
18359 18422
18359 18382
18360 18376
18362 18395
18362 18407
18362 18367
18362 18398
18362 18426
18362 18425
18363 18391
18363 18401
18363 18376
18363 18441
18364 18441
18364 18431
18365 18388
18365 18450
18365 18417
18366 18443
18366 18401
18366 18438
18366 18414
18366 18369
18366 18439
18367 18448
18367 18384
18368 18370
18368 18430
18368 18378
18368 18369
18369 18380
18369 18446
18369 18459
18369 18461
18369 18429
18370 18415
18370 18432
18370 18423
18371 18440
18371 18423
18372 18374
18372 18425
18372 18428
18372 18437
18374 18469
18375 18381
18375 18442
18375 18470
18375 18400
18375 18438
18375 18455
18376 18430
18376 18464
18377 18466
18377 18382
18377 18405
18377 18407
18378 18459
18378 18447
18378 18442
18379 18449
18380 18395
18380 18444
18380 18458
18380 18421
18380 18403
18381 18426
18381 18389
18381 18399
18382 18477
18382 18395
18383 18424
18384 18423
18384 18438
18384 18412
18384 18429
18385 18446
18385 18477
18385 18456
18385 18390
18385 18457
18386 18452
18386 18397
18387 18389
18387 18409
18387 18463
18387 18444
18388 18406
18388 18410
18389 18394
18389 18421
18389 18464
18389 18398
18389 18423
18389 18465
18389 18397
18389 18440
18390 18421
18390 18461
18390 18485
18390 18432
18391 18402
18391 18457
18392 18393
18392 18432
18392 18439
18393 18431
18393 18446
18394 18457
18394 18453
18394 18426
18394 18444
18395 18477
18395 18479
18395 18416
18396 18455
18396 18405
18396 18471
18398 18469
18398 18424
18398 18482
18398 18410
18398 18447
18399 18414
18399 18489
18399 18442
18399 18462
18399 18422
18399 18441
18400 18478
18400 18459
18400 18495
18401 18404
18401 18452
18401 18461
18402 18425
18402 18415
18402 18450
18402 18445
18402 18420
18403 18474
18403 18479
18403 18460
18403 18457
18403 18480
18404 18413
18406 18420
18406 18462
18407 18452
18407 18502
18407 18474
18407 18455
18407 18495
18408 18453
18409 18455
18409 18419
18410 18438
18410 18496
18410 18478
18411 18444
18411 18503
18411 18424
18412 18432
18412 18429
18412 18443
18412 18421
18412 18496
18412 18414
18413 18429
18413 18508
18413 18454
18413 18427
18413 18509
18413 18453
18414 18446
18414 18467
18415 18464
18415 18435
18415 18467
18416 18439
18416 18472
18416 18443
18416 18435
18416 18491
18417 18425
18418 18483
18418 18506
18419 18511
18419 18433
18419 18504
18419 18475
18420 18490
18420 18437
18420 18472
18420 18468
18420 18457
18421 18470
18421 18511
18421 18437
18422 18481
18422 18464
18422 18504
18422 18467
18423 18516
18423 18499
18423 18495
18424 18455
18424 18452
18425 18453
18425 18432
18425 18456
18425 18495
18426 18468
18426 18461
18426 18515
18426 18490
18426 18439
18426 18459
18427 18460
18428 18502
18428 18458
18429 18483
18429 18457
18429 18515
18429 18513
18430 18514
18430 18484
18430 18472
18430 18495
18431 18435
18431 18479
18431 18465
18431 18463
18432 18459
18432 18457
18432 18474
18432 18496
18432 18463
18432 18523
18432 18518
18433 18482
18434 18463
18435 18496
18435 18458
18436 18506
18436 18505
18436 18484
18437 18527
18437 18528
18438 18507
18438 18448
18439 18535
18439 18506
18440 18521
18440 18463
18440 18516
18440 18459
18440 18464
18441 18518
18441 18477
18441 18490
18441 18491
18441 18521
18442 18490
18444 18477
18444 18475
18444 18509
18444 18506
18444 18524
18445 18507
18445 18540
18445 18506
18446 18514
18446 18450
18447 18523
18448 18513
18448 18450
18448 18464
18449 18474
18449 18545
18449 18511
18450 18469
18450 18527
18450 18478
18450 18474
18450 18463
18452 18500
18453 18460
18453 18473
18454 18470
18454 18537
18454 18547
18454 18476
18455 18502
18455 18547
18455 18479
18455 18466
18456 18532
18456 18550
18456 18500
18457 18512
18457 18537
18457 18504
18458 18524
18458 18551
18458 18515
18458 18464
18459 18538
18460 18529
18460 18471
18460 18507
18460 18544
18460 18526
18461 18506
18461 18516
18462 18470
18462 18531
18462 18528
18462 18497
18463 18547
18463 18533
18463 18522
18463 18506
18464 18546
18465 18512
18465 18505
18465 18526
18465 18508
18465 18556
18466 18526
18466 18501
18466 18544
18466 18482
18467 18507
18467 18524
18467 18500
18468 18507
18468 18532
18468 18502
18468 18520
18468 18482
18468 18505
18469 18510
18469 18505
18469 18532
18470 18540
18470 18472
18470 18520
18471 18494
18472 18494
18472 18496
18473 18485
18475 18480
18475 18567
18476 18564
18476 18478
18477 18480
18478 18567
18478 18516
18478 18489
18478 18481
18478 18506
18479 18487
18479 18549
18479 18568
18479 18481
18480 18508
18481 18534
18481 18576
18481 18531
18481 18538
18481 18495
18481 18572
18482 18513
18482 18574
18482 18519
18483 18569
18483 18503
18483 18551
18483 18516
18483 18535
18484 18533
18485 18512
18485 18492
18485 18563
18486 18502
18486 18503
18486 18571
18486 18523
18486 18522
18487 18497
18487 18510
18487 18530
18488 18574
18488 18549
18488 18498
18489 18505
18489 18531
18489 18494
18490 18500
18490 18552
18490 18495
18491 18554
18491 18504
18492 18512
18492 18501
18492 18532
18492 18548
18492 18495
18492 18533
18492 18565
18492 18579
18492 18568
18493 18506
18493 18569
18493 18503
18494 18523
18494 18561
18494 18585
18494 18546
18495 18549
18495 18507
18496 18557
18496 18586
18497 18568
18497 18591
18497 18531
18497 18588
18498 18551
18498 18521
18498 18536
18499 18517
18499 18541
18499 18515
18499 18595
18499 18589
18499 18503
18499 18537
18500 18510
18500 18557
18500 18575
18500 18546
18500 18528
18500 18559
18501 18557
18502 18572
18502 18567
18502 18509
18503 18555
18503 18573
18503 18528
18503 18582
18503 18516
18504 18521
18504 18562
18504 18599
18505 18542
18505 18579
18505 18509
18506 18580
18506 18594
18506 18554
18506 18590
18506 18511
18507 18554
18508 18587
18508 18578
18508 18513
18509 18595
18509 18531
18509 18598
18510 18530
18510 18601
18511 18565
18511 18602
18512 18578
18512 18588
18512 18581
18512 18597
18512 18546
18513 18589
18513 18554
18514 18522
18514 18607
18514 18523
18515 18587
18515 18602
18515 18592
18516 18605
18516 18571
18516 18586
18516 18583
18517 18531
18518 18596
18518 18560
18518 18568
18519 18555
18519 18591
18519 18525
18520 18593
18521 18530
18521 18541
18521 18558
18521 18544
18521 18578
18522 18542
18522 18560
18522 18606
18522 18603
18523 18575
18523 18569
18524 18551
18524 18612
18524 18575
18525 18591
18525 18574
18526 18588
18526 18612
18527 18566
18527 18581
18527 18565
18528 18532
18528 18581
18528 18606
18528 18580
18529 18604
18529 18606
18529 18623
18530 18537
18530 18590
18531 18599
18531 18593
18531 18569
18532 18595
18532 18540
18532 18611
18533 18557
18533 18594
18533 18579
18534 18570
18534 18557
18534 18583
18534 18551
18535 18617
18535 18565
18535 18629
18536 18597
18536 18589
18536 18615
18536 18580
18536 18587
18536 18581
18537 18600
18537 18544
18537 18609
18537 18584
18537 18621
18538 18631
18538 18620
18538 18630
18538 18565
18538 18552
18538 18602
18538 18611
18539 18619
18539 18574
18539 18568
18539 18545
18540 18551
18540 18560
18540 18572
18540 18625
18540 18632
18541 18570
18541 18555
18541 18630
18543 18561
18543 18604
18544 18592
18544 18546
18544 18573
18544 18632
18545 18582
18546 18627
18546 18607
18546 18616
18546 18621
18547 18598
18548 18627
18548 18634
18548 18624
18548 18608
18548 18578
18548 18640
18548 18592
18549 18642
18549 18620
18550 18637
18550 18569
18551 18584
18552 18553
18552 18639
18553 18606
18553 18628
18554 18596
18554 18617
18554 18639
18554 18646
18555 18625
18556 18601
18556 18566
18556 18599
18556 18579
18557 18586
18557 18618
18557 18653
18558 18635
18558 18632
18559 18647
18559 18635
18560 18601
18560 18624
18560 18584
18560 18620
18561 18607
18562 18651
18562 18648
18563 18569
18563 18609
18564 18618
18564 18584
18564 18656
18564 18636
18565 18566
18565 18633
18565 18603
18565 18646
18566 18631
18566 18659
18567 18596
18567 18580
18567 18587
18568 18570
18568 18573
18569 18573
18569 18581
18569 18638
18571 18662
18572 18650
18572 18663
18572 18616
18572 18667
18573 18648
18573 18658
18573 18646
18573 18644
18573 18596
18574 18580
18574 18593
18574 18603
18575 18648
18575 18632
18575 18619
18575 18608
18576 18652
18576 18597
18576 18614
18576 18580
18576 18638
18577 18657
18578 18667
18578 18661
18578 18594
18578 18610
18578 18625
18579 18624
18580 18639
18580 18664
18581 18616
18581 18618
18581 18610
18581 18600
18582 18627
18583 18659
18583 18617
18583 18589
18584 18651
18584 18679
18584 18669
18584 18671
18584 18649
18585 18631
18585 18680
18586 18640
18586 18669
18586 18596
18587 18654
18587 18615
18587 18679
18588 18651
18588 18615
18589 18682
18589 18638
18590 18668
18590 18648
18590 18604
18590 18643
18590 18662
18591 18685
18591 18627
18591 18653
18591 18602
18591 18610
18592 18623
18592 18624
18592 18618
18593 18648
18594 18601
18594 18648
18594 18657
18596 18648
18596 18677
18596 18644
18598 18631
18598 18688
18599 18660
18599 18642
18600 18627
18600 18636
18600 18613
18601 18626
18601 18693
18601 18646
18601 18697
18601 18606
18601 18680
18602 18687
18602 18648
18602 18618
18602 18640
18602 18697
18603 18678
18603 18622
18603 18679
18603 18693
18604 18688
18604 18655
18604 18675
18604 18664
18605 18642
18605 18700
18606 18619
18606 18611
18607 18662
18607 18631
18607 18617
18608 18681
18608 18699
18609 18647
18609 18628
18609 18688
18609 18631
18609 18682
18610 18695
18610 18679
18610 18672
18610 18693
18611 18699
18611 18614
18611 18627
18612 18695
18612 18698
18612 18676
18613 18626
18613 18635
18613 18630
18614 18667
18615 18642
18616 18667
18616 18690
18616 18680
18616 18664
18617 18652
18617 18631
18617 18711
18618 18681
18618 18708
18619 18648
18620 18672
18620 18624
18620 18671
18620 18666
18620 18629
18621 18693
18622 18667
18623 18657
18623 18642
18623 18631
18623 18624
18624 18663
18624 18710
18624 18685
18624 18679
18624 18637
18624 18656
18625 18716
18625 18697
18625 18647
18625 18643
18626 18639
18627 18635
18628 18696
18628 18724
18629 18661
18629 18662
18629 18681
18629 18672
18630 18644
18631 18723
18632 18685
18632 18666
18632 18647
18632 18723
18635 18660
18635 18668
18635 18686
18635 18724
18635 18710
18636 18706
18636 18644
18636 18701
18636 18686
18637 18647
18637 18719
18638 18701
18638 18725
18638 18700
18639 18700
18640 18653
18640 18658
18640 18670
18640 18725
18641 18649
18641 18731
18641 18726
18642 18655
18642 18676
18642 18738
18642 18728
18642 18718
18644 18674
18644 18730
18644 18670
18644 18675
18644 18662
18645 18694
18645 18705
18646 18684
18646 18655
18646 18702
18646 18713
18647 18677
18647 18690
18647 18654
18648 18737
18649 18671
18649 18664
18649 18705
18650 18746
18650 18705
18650 18742
18651 18706
18651 18672
18652 18664
18652 18702
18652 18671
18653 18723
18653 18697
18653 18678
18654 18681
18654 18732
18654 18664
18655 18706
18655 18700
18655 18725
18655 18726
18656 18693
18656 18708
18656 18668
18656 18667
18656 18731
18656 18715
18658 18722
18658 18671
18658 18687
18659 18755
18659 18676
18659 18675
18659 18747
18660 18696
18660 18709
18660 18667
18661 18750
18661 18740
18662 18677
18662 18734
18662 18741
18662 18722
18662 18701
18663 18718
18663 18695
18663 18690
18663 18736
18663 18674
18664 18725
18664 18680
18664 18760
18665 18746
18665 18725
18666 18708
18666 18720
18666 18673
18667 18714
18668 18755
18668 18736
18668 18741
18668 18706
18668 18693
18668 18719
18668 18704
18669 18700
18669 18678
18669 18765
18669 18681
18670 18690
18670 18691
18670 18726
18670 18738
18670 18692
18670 18708
18670 18704
18671 18685
18672 18727
18672 18679
18672 18736
18672 18731
18673 18705
18673 18713
18673 18751
18673 18758
18673 18746
18674 18748
18674 18706
18674 18752
18674 18766
18674 18715
18676 18741
18676 18733
18676 18694
18676 18751
18676 18700
18676 18699
18678 18711
18678 18770
18678 18682
18678 18738
18678 18754
18679 18713
18679 18717
18679 18746
18679 18760
18680 18711
18680 18753
18680 18722
18681 18758
18681 18737
18681 18686
18681 18708
18682 18703
18682 18702
18682 18775
18683 18737
18683 18754
18683 18772
18683 18758
18683 18704
18683 18719
18683 18705
18683 18730
18686 18735
18686 18770
18686 18701
18686 18759
18686 18725
18686 18747
18687 18764
18687 18715
18688 18719
18688 18734
18688 18765
18688 18691
18688 18737
18688 18747
18689 18765
18689 18721
18691 18749
18691 18733
18691 18753
18691 18728
18691 18715
18691 18696
18691 18778
18692 18722
18692 18713
18692 18787
18692 18774
18693 18740
18693 18729
18693 18748
18693 18775
18694 18780
18695 18752
18695 18757
18695 18773
18695 18730
18695 18729
18695 18766
18696 18790
18696 18742
18696 18788
18696 18726
18697 18752
18697 18767
18697 18759
18698 18712
18698 18719
18698 18745
18698 18707
18699 18715
18699 18781
18699 18730
18699 18787
18699 18735
18699 18761
18699 18757
18700 18748
18700 18774
18701 18759
18701 18758
18702 18781
18702 18703
18703 18776
18703 18768
18703 18720
18703 18730
18704 18724
18704 18762
18704 18726
18705 18730
18705 18748
18706 18714
18706 18746
18706 18754
18707 18760
18707 18803
18707 18726
18708 18754
18708 18791
18709 18802
18709 18772
18709 18741
18709 18800
18710 18712
18710 18782
18710 18773
18710 18758
18711 18736
18711 18740
18712 18777
18712 18762
18713 18793
18713 18787
18713 18732
18713 18753
18714 18783
18714 18777
18715 18798
18715 18756
18715 18757
18715 18787
18715 18779
18715 18769
18715 18795
18716 18808
18716 18800
18717 18747
18717 18761
18717 18734
18718 18739
18718 18787
18718 18722
18718 18812
18719 18814
18720 18721
18720 18779
18720 18728
18721 18728
18721 18732
18721 18744
18722 18727
18723 18796
18723 18779
18724 18784
18724 18749
18724 18752
18725 18743
18725 18732
18725 18728
18725 18740
18726 18769
18727 18753
18727 18758
18727 18803
18727 18790
18727 18783
18728 18765
18728 18815
18729 18788
18729 18746
18729 18776
18730 18795
18730 18778
18730 18812
18730 18804
18731 18749
18731 18764
18731 18732
18732 18792
18732 18754
18733 18778
18734 18779
18734 18820
18735 18769
18735 18765
18736 18792
18736 18748
18736 18819
18736 18801
18737 18806
18738 18790
18738 18788
18738 18755
18738 18739
18739 18828
18739 18801
18739 18753
18739 18813
18739 18827
18739 18798
18740 18763
18740 18815
18740 18787
18741 18819
18741 18767
18741 18783
18741 18816
18742 18788
18742 18765
18743 18801
18743 18822
18744 18836
18745 18769
18746 18767
18746 18806
18746 18748
18746 18757
18746 18759
18746 18837
18746 18829
18747 18825
18747 18804
18747 18795
18747 18780
18747 18837
18749 18800
18749 18809
18749 18815
18749 18796
18749 18764
18749 18790
18749 18806
18750 18835
18751 18824
18751 18816
18751 18800
18751 18754
18751 18755
18752 18783
18752 18808
18752 18825
18752 18782
18753 18848
18753 18832
18753 18755
18754 18761
18754 18779
18754 18846
18754 18783
18755 18763
18755 18757
18756 18797
18756 18836
18756 18843
18756 18837
18757 18801
18757 18840
18757 18834
18758 18824
18758 18816
18759 18792
18760 18798
18760 18831
18760 18770
18760 18817
18761 18826
18761 18799
18761 18790
18761 18856
18762 18765
18762 18774
18762 18815
18762 18838
18762 18763
18763 18800
18763 18844
18763 18859
18764 18785
18764 18822
18764 18768
18764 18859
18764 18821
18764 18810
18765 18833
18765 18794
18765 18772
18765 18782
18765 18836
18765 18821
18766 18831
18766 18789
18766 18855
18767 18815
18767 18773
18767 18805
18768 18770
18768 18815
18768 18822
18769 18785
18770 18838
18770 18842
18770 18849
18770 18791
18771 18840
18772 18802
18773 18820
18774 18803
18774 18810
18774 18842
18775 18859
18776 18823
18776 18806
18777 18835
18777 18830
18778 18815
18778 18809
18778 18817
18779 18781
18779 18789
18779 18802
18780 18856
18780 18863
18780 18872
18781 18806
18781 18849
18782 18793
18782 18855
18782 18800
18783 18875
18783 18830
18783 18816
18783 18872
18784 18785
18784 18841
18784 18852
18784 18847
18785 18793
18785 18832
18785 18821
18785 18816
18786 18846
18787 18865
18788 18881
18788 18817
18788 18827
18789 18844
18789 18880
18789 18875
18790 18881
18791 18858
18791 18844
18792 18848
18792 18796
18792 18824
18792 18865
18793 18797
18793 18831
18793 18870
18794 18849
18794 18816
18795 18811
18796 18840
18796 18804
18797 18883
18797 18880
18797 18893
18798 18859
18798 18803
18798 18846
18799 18888
18799 18837
18799 18860
18799 18861
18799 18827
18800 18830
18801 18844
18801 18810
18802 18872
18802 18853
18802 18845
18802 18874
18803 18814
18804 18835
18804 18899
18804 18882
18804 18865
18805 18864
18805 18854
18806 18838
18806 18886
18806 18876
18806 18839
18807 18846
18808 18885
18808 18875
18808 18895
18808 18868
18808 18822
18809 18905
18809 18882
18810 18832
18810 18855
18811 18823
18811 18857
18811 18881
18811 18880
18811 18841
18811 18859
18812 18874
18812 18894
18812 18906
18813 18898
18813 18870
18813 18835
18813 18858
18814 18894
18814 18877
18814 18866
18814 18851
18814 18849
18815 18821
18815 18891
18816 18832
18816 18887
18817 18826
18817 18868
18817 18876
18818 18852
18818 18873
18818 18821
18818 18867
18818 18906
18818 18836
18819 18868
18819 18838
18820 18837
18820 18836
18821 18836
18821 18831
18821 18844
18822 18872
18822 18830
18822 18831
18822 18840
18823 18912
18823 18874
18823 18843
18823 18872
18824 18895
18824 18859
18824 18881
18824 18918
18824 18894
18825 18873
18825 18878
18825 18893
18826 18903
18827 18892
18828 18912
18828 18888
18828 18862
18828 18857
18828 18848
18829 18902
18829 18852
18829 18895
18829 18846
18830 18921
18830 18836
18830 18902
18830 18840
18831 18861
18831 18849
18833 18910
18833 18911
18834 18838
18834 18893
18834 18925
18834 18856
18835 18859
18835 18856
18835 18904
18836 18875
18836 18857
18836 18864
18837 18900
18837 18901
18837 18867
18838 18927
18839 18854
18839 18856
18839 18846
18841 18890
18841 18866
18842 18906
18842 18923
18842 18886
18842 18889
18843 18932
18844 18933
18844 18876
18845 18940
18845 18863
18846 18881
18846 18880
18847 18852
18847 18906
18847 18899
18848 18922
18848 18930
18849 18917
18849 18889
18849 18874
18850 18873
18850 18923
18850 18880
18850 18892
18851 18861
18851 18852
18851 18854
18853 18947
18854 18899
18854 18930
18854 18940
18855 18887
18855 18871
18855 18942
18856 18950
18857 18946
18858 18863
18858 18950
18859 18952
18860 18909
18860 18864
18860 18882
18860 18935
18861 18899
18863 18944
18864 18938
18864 18951
18864 18943
18864 18879
18865 18932
18865 18869
18865 18913
18866 18900
18866 18885
18866 18946
18867 18875
18867 18915
18868 18918
18869 18953
18869 18884
18869 18902
18870 18888
18870 18952
18870 18906
18870 18917
18871 18962
18871 18933
18872 18933
18872 18963
18873 18922
18873 18916
18873 18965
18873 18887
18874 18954
18874 18946
18874 18958
18874 18889
18874 18930
18874 18883
18874 18963
18875 18929
18875 18925
18875 18921
18876 18883
18876 18903
18876 18920
18877 18907
18877 18927
18877 18928
18877 18887
18878 18890
18878 18971
18878 18961
18879 18894
18879 18930
18879 18888
18879 18948
18879 18913
18879 18947
18880 18959
18880 18932
18880 18902
18880 18897
18881 18911
18882 18969
18882 18943
18882 18894
18882 18926
18884 18964
18884 18937
18885 18919
18885 18967
18885 18910
18886 18901
18887 18920
18888 18915
18888 18946
18888 18952
18889 18943
18891 18911
18891 18896
18891 18971
18892 18937
18892 18917
18893 18957
18894 18920
18894 18989
18894 18914
18895 18913
18895 18922
18896 18971
18896 18924
18897 18979
18897 18915
18897 18934
18898 18902
18898 18989
18898 18939
18898 18933
18899 18914
18899 18986
18900 18983
18900 18972
18900 18905
18900 18917
18900 18918
18900 18962
18900 18945
18901 18908
18901 18938
18901 18996
18902 18934
18902 18917
18902 18965
18902 18992
18902 18988
18903 18933
18903 18959
18903 18978
18903 18921
18903 18910
18903 18972
18903 18954
18903 18926
18905 18991
18906 18918
18906 18955
18907 18974
18908 18960
18908 18914
18909 18952
18910 18952
18910 19000
18911 18922
18911 18980
18912 18990
18912 18942
18912 18938
18912 18950
18912 18973
18913 18970
18914 18950
18914 18983
18914 18982
18914 18920
18916 18968
18916 18941
18916 18973
18917 18981
18917 19002
18917 19011
18917 18937
18918 18982
18918 18960
18918 18931
18919 18968
18919 18979
18919 18949
18919 19002
18919 18963
18920 18963
18920 18923
18921 18979
18921 18982
18921 18997
18921 19005
18921 18943
18921 18993
18922 18995
18922 18940
18922 18980
18922 18998
18922 18970
18922 18978
18922 19008
18923 19006
18923 18989
18924 18991
18924 18963
18924 18981
18926 18993
18926 18927
18926 18964
18927 18945
18927 18993
18929 18952
18929 18971
18929 18986
18930 19017
18930 19022
18930 18964
18931 18979
18931 18949
18931 18985
18931 18965
18932 19027
18932 18943
18933 18935
18934 18977
18934 19004
18934 19016
18936 18951
18936 18990
18937 19007
18937 18996
18938 18971
18938 19015
18940 18986
18940 18985
18940 18998
18940 19024
18940 18994
18941 19006
18941 19016
18942 18965
18942 19032
18942 19025
18943 18956
18943 18958
18945 18979
18945 19000
18945 19020
18946 19007
18947 19037
18947 18964
18947 19043
18947 18948
18947 19012
18947 18961
18947 18963
18948 19030
18948 19006
18948 18975
18948 19019
18949 19017
18949 19027
18949 19037
18949 18953
18949 18977
18950 18968
18950 19039
18951 18993
18951 19013
18951 18999
18952 18977
18952 18956
18952 18995
18953 18989
18953 19042
18954 19012
18954 18998
18954 19017
18955 18962
18955 19018
18955 19008
18955 19036
18955 18967
18956 18992
18958 19007
18958 19021
18958 19049
18959 19045
18959 18998
18959 18989
18960 19053
18960 19022
18960 18979
18961 19044
18961 19035
18962 18966
18962 19042
18962 18965
18963 19052
18963 19002
18963 19009
18964 18979
18964 19026
18964 19008
18964 19046
18964 18995
18965 19025
18965 18984
18966 19016
18966 19060
18966 18993
18967 18968
18967 19004
18967 19056
18968 18972
18968 18992
18969 18984
18969 19015
18969 19001
18970 19048
18971 19018
18971 18991
18971 18995
18972 19029
18972 19004
18973 19002
18974 19018
18974 19022
18974 18976
18974 19069
18974 19064
18974 19044
18975 19056
18975 19002
18976 18983
18976 19038
18977 19011
18977 19023
18977 18996
18978 19055
18978 19019
18978 19046
18978 19058
18979 19013
18979 19075
18979 18986
18979 19027
18979 19065
18979 19030
18980 19072
18980 19041
18981 19071
18981 19034
18981 18986
18982 19020
18982 19040
18982 19013
18982 19034
18983 18995
18983 19001
18983 19049
18984 19000
18984 19050
18984 19056
18984 19055
18985 18994
18985 19019
18985 19069
18986 19047
18986 19018
18986 19004
18986 19055
18986 19074
18986 19042
18987 19038
18987 19011
18988 19018
18988 19063
18989 19055
18989 19081
18989 19080
18990 19042
18990 19070
18990 19012
18991 19015
18991 19008
18991 18999
18992 19051
18993 19080
18993 19013
18993 19041
18993 19083
18994 19020
18994 19084
18994 19057
18994 19088
18994 19005
18995 19061
18995 19030
18996 19075
18996 19049
18996 19090
18996 19062
18997 18998
18997 19074
18997 19076
18997 19077
18998 19071
18998 19001
18998 19022
18998 19067
18998 19070
18999 19072
18999 19057
18999 19087
19000 19053
19000 19034
19000 19036
19001 19064
19003 19052
19003 19085
19003 19036
19003 19093
19003 19042
19003 19092
19004 19041
19004 19066
19004 19075
19004 19081
19004 19046
19004 19015
19005 19038
19006 19054
19006 19086
19006 19024
19006 19041
19007 19054
19007 19018
19007 19046
19007 19100
19008 19099
19008 19094
19009 19051
19009 19021
19009 19080
19009 19088
19009 19086
19009 19063
19009 19031
19009 19050
19009 19043
19009 19045
19009 19044
19010 19077
19010 19028
19010 19086
19010 19051
19010 19093
19011 19071
19012 19080
19012 19050
19012 19073
19012 19098
19012 19056
19012 19088
19012 19057
19012 19023
19013 19032
19014 19028
19014 19073
19015 19023
19015 19053
19016 19060
19016 19077
19016 19112
19016 19111
19017 19021
19017 19029
19018 19043
19018 19080
19018 19028
19019 19090
19020 19025
19021 19035
19022 19069
19022 19088
19022 19105
19022 19082
19022 19080
19023 19056
19023 19107
19023 19044
19023 19109
19024 19102
19025 19082
19025 19035
19025 19089
19025 19116
19025 19109
19026 19046
19026 19087
19026 19098
19026 19079
19027 19111
19027 19090
19027 19114
19027 19045
19028 19097
19028 19112
19028 19030
19028 19078
19028 19120
19028 19109
19028 19070
19029 19045
19029 19032
19029 19062
19029 19071
19029 19080
19030 19069
19030 19052
19030 19077
19030 19075
19030 19049
19030 19126
19030 19032
19031 19093
19031 19055
19032 19075
19033 19069
19034 19128
19034 19043
19034 19053
19035 19070
19036 19072
19037 19084
19037 19120
19037 19076
19038 19091
19038 19069
19038 19057
19038 19076
19038 19048
19040 19057
19040 19127
19040 19077
19040 19047
19040 19126
19040 19098
19041 19047
19042 19131
19042 19088
19042 19110
19043 19066
19043 19126
19043 19053
19043 19125
19044 19103
19044 19122
19044 19119
19044 19136
19045 19103
19045 19102
19046 19074
19046 19123
19046 19065
19046 19089
19046 19095
19047 19116
19047 19136
19047 19123
19047 19120
19047 19050
19047 19075
19049 19141
19049 19068
19050 19066
19050 19100
19050 19079
19050 19144
19051 19057
19052 19086
19052 19111
19053 19124
19053 19096
19053 19060
19053 19056
19054 19128
19054 19060
19054 19085
19054 19074
19055 19121
19055 19136
19055 19104
19055 19091
19056 19109
19056 19076
19057 19112
19057 19132
19057 19120
19057 19097
19058 19093
19059 19082
19059 19147
19059 19063
19059 19088
19060 19062
19060 19097
19061 19086
19061 19065
19061 19082
19062 19123
19062 19139
19062 19154
19062 19100
19063 19085
19064 19115
19064 19146
19064 19118
19064 19099
19065 19069
19065 19095
19065 19067
19066 19078
19066 19099
19068 19107
19068 19131
19068 19149
19068 19144
19068 19083
19068 19082
19070 19140
19070 19130
19070 19114
19071 19130
19071 19127
19072 19165
19072 19129
19072 19105
19073 19159
19073 19168
19073 19163
19073 19080
19074 19110
19074 19082
19074 19098
19074 19121
19075 19157
19076 19159
19076 19170
19077 19154
19077 19158
19077 19166
19077 19122
19077 19170
19078 19111
19078 19085
19078 19108
19079 19162
19079 19147
19079 19121
19080 19089
19080 19160
19080 19141
19080 19100
19080 19133
19080 19170
19080 19130
19081 19120
19081 19096
19081 19133
19081 19125
19081 19117
19083 19148
19083 19128
19084 19171
19084 19132
19084 19164
19085 19154
19085 19178
19085 19149
19086 19124
19086 19175
19087 19104
19087 19159
19087 19172
19088 19166
19088 19125
19088 19184
19088 19150
19089 19115
19089 19111
19089 19099
19090 19110
19091 19105
19091 19123
19091 19110
19092 19138
19092 19140
19092 19097
19092 19142
19093 19112
19094 19116
19094 19114
19095 19137
19095 19112
19096 19144
19096 19135
19096 19108
19096 19185
19097 19152
19097 19165
19098 19174
19098 19162
19098 19119
19098 19179
19099 19187
19099 19112
19099 19161
19099 19139
19099 19147
19099 19116
19100 19177
19100 19180
19100 19134
19101 19131
19102 19166
19102 19172
19102 19114
19103 19135
19103 19179
19103 19108
19103 19142
19103 19161
19104 19160
19104 19174
19105 19145
19105 19170
19105 19189
19106 19185
19107 19130
19110 19160
19111 19176
19111 19133
19112 19122
19112 19149
19112 19158
19112 19175
19113 19186
19114 19206
19115 19169
19115 19187
19115 19209
19115 19177
19116 19197
19116 19157
19116 19142
19116 19122
19116 19134
19117 19164
19117 19141
19117 19138
19118 19126
19119 19127
19119 19159
19120 19160
19120 19163
19120 19198
19120 19200
19120 19203
19120 19209
19121 19185
19121 19140
19121 19138
19122 19208
19123 19193
19123 19211
19124 19153
19124 19167
19124 19150
19125 19176
19125 19131
19125 19136
19125 19208
19126 19128
19126 19170
19127 19169
19127 19141
19127 19181
19127 19156
19127 19198
19128 19215
19128 19186
19128 19197
19129 19225
19129 19218
19129 19160
19129 19183
19129 19178
19129 19158
19129 19212
19129 19146
19130 19142
19130 19153
19130 19144
19131 19215
19132 19189
19133 19170
19134 19182
19134 19198
19134 19218
19134 19145
19135 19170
19135 19211
19136 19142
19136 19141
19136 19215
19136 19228
19137 19181
19137 19168
19137 19172
19137 19198
19137 19223
19138 19200
19138 19198
19138 19227
19139 19140
19140 19170
19140 19205
19140 19163
19141 19186
19141 19158
19142 19194
19142 19196
19142 19177
19143 19210
19143 19224
19143 19234
19143 19203
19144 19224
19145 19189
19145 19205
19146 19238
19146 19188
19147 19165
19147 19215
19147 19197
19147 19160
19148 19243
19148 19159
19148 19241
19149 19181
19149 19208
19149 19237
19150 19156
19151 19156
19151 19220
19152 19212
19152 19197
19152 19195
19152 19245
19152 19166
19152 19157
19153 19178
19153 19217
19153 19229
19153 19231
19153 19155
19154 19163
19154 19184
19155 19210
19155 19233
19156 19249
19156 19178
19156 19207
19157 19174
19157 19242
19157 19205
19157 19178
19157 19218
19158 19241
19158 19169
19159 19235
19159 19204
19159 19227
19159 19200
19160 19247
19160 19248
19160 19170
19161 19252
19161 19168
19161 19212
19162 19184
19162 19223
19162 19199
19162 19190
19163 19223
19163 19215
19163 19220
19164 19189
19164 19175
19164 19213
19164 19168
19165 19248
19165 19180
19165 19185
19165 19200
19165 19244
19165 19206
19166 19256
19166 19208
19166 19201
19167 19222
19167 19197
19168 19205
19169 19191
19169 19247
19170 19202
19170 19259
19170 19216
19171 19256
19171 19247
19172 19187
19172 19235
19172 19218
19173 19187
19173 19240
19173 19218
19173 19260
19174 19244
19174 19192
19174 19242
19174 19181
19174 19198
19175 19257
19175 19178
19175 19231
19177 19241
19177 19259
19177 19194
19178 19224
19178 19225
19178 19186
19179 19230
19179 19269
19179 19235
19179 19208
19180 19220
19180 19230
19180 19206
19180 19192
19180 19227
19180 19268
19181 19221
19181 19230
19181 19226
19181 19215
19182 19217
19182 19249
19182 19245
19182 19265
19182 19237
19183 19239
19183 19198
19184 19243
19184 19226
19184 19219
19184 19198
19184 19218
19185 19209
19186 19219
19186 19257
19187 19202
19188 19193
19188 19262
19188 19227
19188 19215
19188 19224
19188 19258
19189 19232
19189 19223
19189 19254
19190 19232
19190 19262
19191 19281
19191 19259
19191 19204
19192 19200
19192 19201
19192 19248
19193 19221
19193 19254
19193 19203
19193 19285
19194 19233
19194 19275
19194 19219
19194 19246
19195 19199
19195 19228
19195 19252
19195 19267
19196 19243
19196 19265
19196 19222
19197 19240
19198 19289
19199 19275
19199 19211
19199 19231
19199 19241
19200 19224
19200 19293
19200 19212
19201 19247
19201 19257
19201 19290
19201 19276
19202 19296
19202 19203
19202 19293
19202 19205
19203 19266
19203 19295
19204 19227
19204 19293
19204 19289
19204 19207
19205 19278
19205 19223
19206 19297
19206 19278
19206 19300
19207 19275
19207 19253
19207 19227
19208 19266
19208 19276
19208 19256
19209 19265
19209 19283
19209 19262
19209 19278
19210 19287
19210 19250
19211 19306
19211 19228
19211 19284
19212 19290
19212 19298
19212 19226
19212 19294
19213 19303
19213 19255
19213 19298
19214 19309
19214 19222
19214 19267
19214 19289
19214 19216
19214 19266
19215 19310
19215 19265
19216 19271
19216 19234
19216 19304
19216 19220
19217 19292
19217 19243
19217 19267
19217 19263
19218 19314
19218 19220
19218 19252
19218 19254
19219 19269
19219 19261
19219 19250
19220 19263
19220 19237
19220 19268
19221 19271
19221 19304
19222 19288
19222 19245
19222 19304
19223 19264
19223 19234
19223 19277
19223 19305
19224 19232
19224 19259
19225 19283
19225 19316
19225 19248
19226 19239
19226 19243
19226 19311
19227 19258
19227 19243
19227 19249
19227 19297
19227 19311
19228 19288
19228 19274
19229 19260
19229 19314
19230 19258
19230 19280
19230 19246
19231 19266
19232 19243
19232 19253
19232 19327
19232 19241
19232 19263
19234 19282
19234 19240
19234 19281
19234 19267
19234 19254
19234 19318
19234 19268
19235 19263
19235 19270
19235 19324
19235 19304
19235 19295
19235 19267
19236 19290
19236 19252
19236 19319
19237 19273
19237 19318
19237 19285
19239 19267
19239 19291
19239 19262
19240 19273
19240 19300
19240 19263
19241 19264
19241 19321
19242 19327
19242 19311
19242 19274
19242 19302
19242 19256
19242 19335
19243 19334
19243 19292
19244 19299
19244 19245
19245 19305
19245 19265
19245 19288
19245 19334
19246 19339
19246 19255
19246 19337
19246 19273
19247 19334
19247 19325
19247 19320
19247 19297
19247 19265
19247 19280
19248 19269
19248 19290
19248 19272
19248 19289
19248 19285
19249 19283
19249 19286
19249 19268
19249 19296
19249 19279
19249 19328
19249 19319
19250 19283
19251 19311
19251 19314
19251 19258
19252 19338
19252 19326
19252 19307
19253 19300
19253 19325
19253 19319
19253 19259
19253 19273
19254 19330
19254 19316
19254 19276
19255 19256
19255 19299
19255 19310
19255 19347
19255 19291
19255 19277
19256 19267
19256 19275
19256 19327
19256 19341
19258 19286
19258 19304
19259 19290
19259 19312
19260 19340
19260 19330
19260 19329
19260 19286
19260 19305
19260 19291
19261 19306
19261 19283
19262 19266
19263 19329
19263 19304
19264 19337
19264 19288
19264 19281
19264 19329
19264 19303
19264 19268
19264 19356
19264 19318
19265 19301
19265 19297
19265 19355
19266 19356
19266 19345
19266 19292
19267 19321
19267 19355
19267 19361
19268 19354
19268 19285
19269 19274
19269 19365
19269 19313
19269 19316
19269 19357
19270 19316
19270 19328
19270 19365
19270 19299
19271 19330
19271 19337
19271 19334
19271 19312
19271 19301
19271 19343
19272 19279
19272 19348
19272 19346
19272 19287
19272 19333
19272 19299
19272 19356
19272 19343
19273 19356
19273 19319
19273 19348
19274 19283
19274 19361
19274 19275
19274 19345
19275 19281
19275 19329
19276 19372
19276 19365
19276 19317
19278 19314
19278 19350
19280 19360
19280 19305
19280 19286
19280 19293
19280 19309
19281 19374
19281 19339
19282 19288
19282 19332
19282 19302
19282 19337
19283 19324
19283 19366
19284 19309
19284 19302
19284 19359
19284 19311
19284 19298
19285 19347
19285 19324
19285 19321
19285 19329
19285 19376
19285 19378
19286 19337
19286 19299
19287 19338
19288 19352
19288 19319
19288 19321
19288 19367
19288 19365
19288 19360
19289 19316
19289 19355
19289 19331
19289 19378
19290 19374
19290 19380
19290 19361
19291 19346
19291 19382
19291 19347
19292 19349
19292 19319
19293 19305
19293 19302
19294 19359
19296 19329
19296 19301
19296 19317
19296 19311
19296 19327
19297 19348
19299 19319
19299 19354
19300 19395
19301 19333
19301 19356
19301 19307
19301 19396
19301 19394
19301 19335
19303 19339
19303 19335
19303 19338
19303 19318
19304 19314
19304 19322
19304 19384
19304 19346
19305 19374
19305 19321
19305 19391
19305 19315
19306 19387
19306 19368
19306 19358
19307 19358
19307 19331
19308 19349
19308 19334
19308 19329
19308 19361
19309 19314
19309 19337
19309 19404
19310 19366
19310 19380
19311 19396
19311 19369
19311 19332
19311 19327
19312 19395
19313 19332
19313 19387
19314 19317
19314 19375
19314 19389
19314 19383
19314 19394
19314 19326
19314 19359
19314 19335
19315 19368
19315 19344
19316 19367
19316 19387
19316 19365
19317 19399
19317 19368
19318 19338
19318 19408
19318 19348
19318 19399
19318 19380
19318 19349
19319 19361
19319 19399
19320 19380
19320 19371
19320 19323
19320 19353
19321 19350
19321 19386
19322 19406
19322 19359
19322 19402
19323 19392
19323 19419
19323 19363
19324 19416
19325 19419
19325 19421
19325 19405
19325 19387
19326 19354
19327 19332
19327 19400
19327 19419
19327 19395
19328 19379
19328 19402
19328 19337
19329 19407
19329 19361
19330 19346
19330 19404
19330 19335
19330 19341
19331 19400
19332 19374
19332 19398
19332 19365
19332 19371
19333 19415
19333 19384
19333 19425
19333 19361
19333 19365
19334 19338
19334 19391
19334 19359
19334 19373
19334 19388
19335 19356
19335 19341
19335 19427
19335 19401
19336 19415
19336 19421
19337 19406
19337 19366
19337 19365
19338 19393
19338 19350
19339 19372
19339 19351
19340 19359
19340 19363
19340 19361
19340 19406
19340 19427
19341 19343
19341 19385
19341 19391
19342 19402
19342 19378
19342 19346
19342 19398
19343 19404
19343 19368
19343 19372
19343 19369
19343 19360
19344 19347
19344 19391
19344 19350
19344 19367
19345 19433
19346 19358
19346 19409
19346 19357
19346 19402
19347 19414
19347 19354
19347 19423
19348 19432
19348 19370
19348 19382
19348 19368
19349 19409
19349 19426
19349 19441
19349 19385
19349 19357
19350 19426
19350 19415
19351 19442
19351 19368
19351 19393
19352 19376
19352 19426
19352 19355
19352 19390
19352 19434
19352 19357
19353 19389
19353 19372
19353 19368
19353 19432
19353 19407
19354 19400
19354 19409
19354 19397
19354 19441
19354 19416
19354 19424
19354 19396
19356 19406
19357 19391
19357 19404
19357 19369
19357 19388
19357 19394
19358 19410
19358 19359
19359 19424
19359 19419
19360 19437
19360 19378
19360 19402
19360 19408
19363 19405
19363 19437
19363 19375
19364 19384
19364 19381
19364 19444
19364 19379
19364 19393
19365 19422
19365 19423
19365 19455
19365 19457
19365 19453
19367 19445
19367 19431
19367 19403
19368 19375
19368 19390
19368 19389
19368 19456
19369 19382
19370 19443
19370 19446
19370 19419
19370 19452
19370 19387
19371 19394
19372 19421
19372 19375
19372 19434
19372 19431
19373 19428
19373 19422
19373 19413
19373 19421
19373 19430
19374 19418
19374 19466
19374 19396
19374 19401
19376 19417
19376 19404
19376 19453
19377 19404
19377 19462
19378 19431
19378 19383
19379 19463
19379 19443
19379 19442
19379 19412
19379 19409
19380 19412
19380 19432
19380 19395
19380 19468
19380 19472
19381 19434
19381 19412
19381 19420
19381 19389
19382 19476
19382 19385
19383 19471
19383 19456
19383 19416
19383 19468
19383 19433
19384 19410
19384 19417
19385 19430
19385 19408
19385 19412
19386 19456
19386 19454
19386 19477
19386 19466
19386 19470
19386 19439
19387 19469
19388 19463
19388 19443
19389 19415
19389 19392
19389 19404
19390 19399
19391 19428
19391 19437
19391 19483
19391 19399
19391 19463
19392 19463
19392 19415
19393 19466
19393 19461
19393 19475
19393 19405
19393 19463
19394 19414
19395 19435
19395 19404
19395 19414
19395 19463
19395 19446
19396 19479
19396 19455
19396 19430
19396 19475
19397 19412
19399 19418
19399 19495
19400 19440
19401 19459
19401 19487
19401 19406
19401 19453
19401 19468
19402 19497
19402 19439
19402 19452
19403 19458
19403 19481
19403 19489
19403 19445
19403 19463
19403 19444
19404 19475
19404 19431
19405 19454
19405 19440
19405 19409
19406 19465
19406 19441
19406 19476
19407 19478
19407 19447
19407 19479
19407 19440
19407 19465
19407 19482
19407 19417
19408 19440
19409 19479
19409 19484
19410 19430
19411 19429
19411 19492
19411 19444
19411 19441
19411 19449
19412 19470
19412 19477
19413 19491
19415 19418
19415 19477
19415 19453
19415 19439
19416 19474
19417 19429
19417 19441
19417 19420
19418 19502
19418 19477
19418 19464
19418 19446
19419 19468
19419 19467
19419 19451
19420 19431
19420 19512
19421 19500
19421 19480
19421 19486
19421 19485
19422 19462
19422 19477
19422 19442
19424 19476
19424 19478
19424 19516
19424 19453
19424 19435
19424 19446
19424 19455
19425 19466
19425 19461
19426 19471
19426 19497
19426 19491
19427 19477
19427 19506
19427 19436
19427 19466
19428 19451
19428 19442
19428 19449
19428 19466
19429 19470
19429 19454
19429 19442
19431 19500
19431 19460
19431 19467
19431 19442
19431 19433
19432 19469
19432 19445
19432 19457
19433 19510
19433 19484
19433 19441
19434 19511
19434 19464
19435 19453
19435 19456
19436 19480
19436 19437
19436 19494
19436 19463
19436 19502
19436 19489
19436 19485
19437 19474
19437 19498
19437 19526
19437 19492
19437 19440
19437 19477
19438 19464
19438 19480
19439 19454
19439 19527
19439 19443
19440 19455
19440 19485
19440 19466
19441 19518
19442 19490
19442 19486
19442 19473
19443 19487
19443 19523
19444 19492
19444 19493
19444 19474
19444 19516
19444 19526
19444 19491
19445 19509
19445 19462
19445 19540
19446 19526
19446 19532
19446 19500
19446 19537
19448 19533
19448 19497
19448 19481
19449 19526
19450 19545
19450 19472
19450 19496
19451 19534
19451 19465
19452 19479
19453 19484
19453 19461
19453 19512
19453 19469
19453 19529
19453 19489
19454 19531
19454 19468
19454 19479
19454 19472
19455 19544
19455 19521
19456 19469
19456 19488
19456 19487
19456 19500
19457 19458
19457 19520
19458 19541
19458 19554
19458 19469
19459 19500
19459 19492
19459 19544
19459 19510
19460 19507
19461 19470
19461 19480
19462 19487
19462 19551
19462 19546
19462 19497
19462 19494
19463 19532
19463 19488
19463 19551
19463 19496
19463 19487
19464 19543
19464 19550
19464 19524
19464 19535
19464 19534
19465 19497
19465 19524
19466 19548
19466 19487
19466 19477
19466 19495
19466 19518
19466 19538
19467 19508
19467 19520
19469 19529
19469 19499
19469 19543
19470 19492
19470 19563
19470 19539
19470 19493
19471 19488
19471 19497
19472 19475
19472 19537
19472 19563
19472 19553
19472 19506
19473 19568
19473 19476
19473 19475
19474 19563
19474 19515
19474 19562
19474 19476
19474 19569
19475 19566
19475 19489
19475 19477
19475 19527
19475 19524
19475 19509
19475 19478
19476 19488
19477 19542
19477 19490
19478 19565
19478 19512
19478 19489
19478 19481
19479 19542
19479 19526
19479 19512
19479 19509
19480 19498
19480 19491
19481 19546
19481 19559
19481 19540
19481 19524
19481 19519
19481 19570
19482 19523
19482 19577
19482 19562
19483 19557
19483 19546
19483 19536
19484 19488
19484 19546
19484 19495
19485 19517
19485 19569
19487 19513
19487 19496
19487 19553
19487 19530
19488 19511
19488 19509
19488 19519
19488 19495
19488 19566
19489 19536
19489 19507
19489 19539
19489 19543
19489 19564
19490 19516
19490 19562
19490 19494
19490 19568
19491 19519
19491 19529
19492 19541
19492 19580
19492 19526
19492 19564
19492 19586
19492 19509
19492 19566
19493 19566
19494 19497
19494 19557
19494 19571
19494 19590
19494 19534
19495 19531
19495 19584
19495 19574
19495 19556
19495 19559
19495 19498
19496 19585
19496 19570
19496 19540
19496 19533
19496 19513
19497 19593
19498 19568
19498 19507
19498 19556
19498 19533
19498 19578
19499 19558
19499 19540
19499 19586
19499 19517
19500 19559
19500 19593
19501 19575
19501 19567
19501 19569
19501 19512
19501 19533
19502 19536
19502 19532
19502 19527
19502 19563
19503 19552
19503 19586
19503 19572
19503 19561
19503 19557
19503 19582
19503 19570
19504 19575
19504 19595
19504 19509
19506 19511
19506 19569
19506 19596
19506 19571
19506 19580
19507 19570
19507 19579
19508 19579
19508 19519
19509 19565
19509 19555
19509 19545
19509 19595
19509 19550
19509 19600
19510 19559
19510 19580
19511 19515
19511 19546
19511 19575
19512 19580
19512 19570
19512 19601
19512 19516
19512 19595
19512 19553
19512 19523
19513 19566
19513 19559
19514 19533
19515 19543
19515 19545
19515 19579
19515 19596
19516 19582
19516 19563
19517 19535
19517 19600
19517 19521
19517 19534
19518 19588
19518 19575
19519 19576
19520 19522
19520 19533
19521 19565
19521 19580
19521 19582
19521 19552
19521 19559
19521 19586
19522 19564
19522 19581
19522 19530
19523 19610
19523 19602
19523 19592
19523 19611
19523 19598
19524 19587
19524 19620
19524 19575
19524 19535
19524 19599
19525 19621
19526 19547
19526 19558
19526 19597
19526 19579
19526 19569
19527 19587
19527 19544
19527 19602
19527 19567
19527 19561
19527 19551
19527 19570
19527 19559
19528 19582
19528 19539
19529 19564
19529 19551
19529 19610
19529 19557
19530 19618
19530 19572
19530 19592
19531 19579
19531 19618
19531 19567
19531 19557
19531 19622
19531 19535
19531 19543
19531 19611
19532 19563
19533 19563
19533 19551
19533 19603
19533 19588
19534 19544
19535 19617
19535 19607
19535 19573
19536 19595
19536 19607
19536 19573
19536 19592
19536 19566
19538 19586
19538 19549
19538 19570
19538 19590
19538 19612
19539 19598
19539 19577
19539 19625
19539 19572
19539 19553
19540 19571
19540 19553
19540 19591
19540 19617
19541 19629
19541 19588
19542 19573
19542 19544
19543 19599
19543 19561
19543 19545
19543 19544
19543 19632
19543 19598
19543 19563
19544 19637
19544 19626
19544 19581
19544 19632
19545 19619
19545 19553
19545 19598
19545 19610
19546 19559
19547 19569
19547 19550
19548 19578
19548 19634
19548 19571
19548 19626
19549 19606
19549 19570
19550 19569
19550 19583
19551 19591
19551 19624
19551 19615
19551 19633
19552 19588
19552 19559
19552 19599
19553 19598
19553 19635
19554 19613
19554 19647
19555 19592
19555 19567
19555 19556
19555 19643
19555 19582
19556 19624
19556 19561
19556 19604
19557 19565
19557 19646
19557 19611
19557 19597
19557 19639
19558 19566
19559 19639
19559 19561
19559 19589
19561 19643
19561 19572
19562 19649
19562 19637
19562 19635
19563 19604
19564 19611
19566 19611
19566 19596
19567 19603
19567 19660
19568 19581
19569 19642
19569 19617
19569 19573
19570 19620
19570 19603
19570 19600
19570 19580
19570 19609
19571 19598
19571 19643
19571 19652
19571 19595
19572 19583
19573 19626
19573 19622
19573 19620
19573 19629
19573 19583
19574 19663
19575 19599
19576 19585
19576 19622
19576 19621
19577 19651
19577 19673
19577 19664
19578 19598
19579 19603
19579 19664
19579 19672
19580 19651
19581 19670
19582 19660
19582 19610
19582 19592
19582 19653
19582 19665
19582 19604
19583 19633
19583 19584
19584 19601
19584 19653
19584 19666
19584 19646
19584 19618
19585 19672
19585 19628
19586 19658
19586 19590
19586 19608
19587 19593
19587 19644
19587 19599
19588 19646
19588 19665
19589 19603
19589 19680
19589 19662
19589 19660
19589 19631
19589 19638
19589 19647
19590 19681
19590 19686
19591 19607
19591 19632
19591 19643
19591 19649
19592 19671
19592 19672
19592 19679
19592 19659
19593 19625
19593 19641
19594 19618
19594 19653
19594 19621
19594 19614
19595 19680
19595 19651
19595 19624
19596 19655
19597 19675
19598 19683
19598 19603
19598 19672
19598 19678
19599 19680
19599 19601
19599 19635
19599 19644
19600 19661
19600 19676
19600 19663
19601 19653
19601 19689
19602 19625
19603 19606
19603 19670
19603 19693
19604 19619
19604 19640
19604 19626
19604 19691
19604 19627
19604 19615
19605 19679
19605 19624
19605 19670
19605 19652
19605 19675
19606 19680
19606 19644
19606 19662
19607 19691
19607 19669
19607 19670
19608 19702
19608 19632
19608 19637
19608 19692
19609 19700
19610 19613
19610 19617
19611 19621
19611 19616
19612 19645
19612 19686
19613 19697
19613 19701
19613 19616
19613 19685
19613 19655
19614 19702
19615 19633
19615 19690
19615 19691
19616 19702
19617 19622
19617 19662
19617 19655
19617 19677
19617 19666
19617 19634
19617 19707
19618 19621
19618 19682
19619 19706
19619 19681
19619 19712
19619 19696
19619 19649
19619 19700
19620 19637
19620 19655
19620 19648
19621 19710
19621 19648
19621 19692
19621 19649
19621 19669
19621 19674
19622 19657
19622 19626
19624 19695
19624 19633
19624 19650
19624 19647
19624 19681
19625 19713
19625 19695
19626 19701
19627 19628
19628 19724
19628 19663
19628 19702
19628 19690
19628 19659
19629 19704
19630 19656
19630 19709
19630 19726
19631 19720
19631 19701
19631 19686
19631 19718
19632 19674
19632 19700
19632 19654
19633 19654
19633 19708
19633 19659
19633 19687
19634 19730
19634 19659
19634 19658
19634 19650
19635 19702
19635 19730
19636 19686
19636 19660
19637 19692
19637 19730
19638 19712
19639 19670
19639 19655
19639 19722
19639 19714
19639 19661
19640 19705
19640 19687
19640 19721
19640 19702
19640 19679
19641 19669
19641 19718
19641 19724
19641 19699
19641 19695
19641 19704
19641 19712
19642 19661
19643 19669
19643 19666
19643 19676
19643 19709
19644 19708
19644 19727
19645 19715
19645 19676
19645 19651
19646 19709
19646 19697
19646 19696
19646 19737
19646 19672
19646 19694
19646 19661
19647 19705
19647 19680
19648 19741
19648 19720
19648 19677
19648 19717
19648 19711
19648 19686
19649 19704
19649 19657
19649 19707
19650 19743
19651 19699
19651 19684
19652 19713
19652 19660
19653 19715
19654 19744
19654 19672
19654 19690
19655 19723
19656 19752
19656 19679
19657 19662
19657 19745
19657 19749
19657 19708
19658 19685
19658 19687
19658 19715
19658 19701
19658 19703
19658 19688
19658 19746
19659 19734
19659 19666
19659 19732
19659 19663
19659 19738
19659 19678
19660 19703
19660 19738
19660 19743
19660 19674
19661 19688
19661 19715
19662 19667
19662 19741
19662 19673
19663 19712
19663 19745
19664 19735
19664 19679
19664 19734
19665 19758
19665 19714
19665 19756
19665 19718
19666 19679
19666 19753
19667 19733
19668 19673
19668 19725
19668 19742
19669 19671
19669 19697
19670 19712
19670 19673
19670 19766
19670 19740
19670 19671
19670 19752
19671 19733
19671 19751
19671 19732
19671 19674
19672 19710
19673 19709
19673 19760
19674 19709
19674 19767
19674 19733
19674 19676
19675 19704
19675 19702
19676 19695
19676 19687
19676 19755
19676 19772
19677 19750
19677 19725
19677 19747
19677 19717
19678 19771
19678 19715
19678 19751
19679 19703
19679 19709
19679 19774
19679 19720
19679 19751
19680 19754
19680 19767
19680 19687
19680 19756
19681 19706
19681 19749
19681 19758
19682 19708
19683 19727
19684 19717
19684 19699
19684 19761
19685 19733
19685 19757
19685 19758
19687 19761
19687 19720
19687 19722
19687 19725
19687 19776
19688 19738
19688 19771
19689 19694
19689 19698
19689 19751
19690 19729
19690 19768
19690 19747
19690 19760
19691 19748
19691 19737
19692 19717
19692 19708
19693 19734
19693 19757
19693 19704
19694 19724
19694 19740
19694 19760
19694 19789
19695 19721
19695 19723
19695 19697
19695 19708
19695 19740
19696 19714
19696 19752
19696 19735
19696 19736
19697 19780
19697 19784
19697 19700
19698 19703
19698 19760
19698 19785
19698 19787
19699 19725
19699 19744
19699 19737
19700 19707
19700 19796
19701 19794
19701 19702
19701 19705
19702 19713
19703 19773
19703 19752
19703 19719
19703 19734
19704 19707
19704 19798
19704 19740
19705 19757
19705 19710
19705 19719
19705 19724
19705 19733
19706 19728
19706 19773
19706 19749
19707 19773
19707 19775
19707 19752
19707 19774
19708 19804
19708 19751
19708 19754
19708 19733
19708 19744
19709 19780
19709 19778
19710 19802
19710 19750
19710 19736
19710 19785
19711 19760
19711 19750
19711 19800
19712 19792
19712 19765
19712 19762
19713 19751
19713 19728
19714 19784
19715 19782
19715 19752
19715 19799
19715 19759
19716 19812
19716 19727
19716 19804
19718 19735
19718 19805
19719 19806
19719 19804
19719 19751
19720 19740
19720 19777
19720 19798
19720 19792
19720 19784
19721 19777
19721 19766
19721 19781
19723 19796
19724 19786
19724 19732
19724 19737
19724 19808
19724 19742
19724 19757
19725 19727
19725 19746
19725 19784
19725 19817
19726 19802
19726 19747
19727 19796
19727 19798
19727 19754
19727 19790
19728 19765
19728 19791
19728 19773
19729 19777
19729 19731
19729 19824
19729 19772
19729 19730
19730 19781
19730 19770
19730 19738
19730 19799
19730 19752
19730 19743
19731 19766
19731 19772
19731 19768
19732 19770
19733 19819
19733 19743
19733 19771
19734 19774
19735 19747
19735 19783
19736 19784
19736 19774
19737 19746
19737 19739
19738 19740
19738 19796
19738 19795
19739 19757
19739 19775
19740 19835
19740 19813
19740 19780
19741 19745
19741 19753
19741 19830
19742 19795
19742 19812
19742 19751
19743 19820
19743 19759
19743 19833
19743 19807
19743 19762
19743 19793
19743 19804
19744 19806
19745 19811
19745 19825
19745 19793
19746 19796
19746 19824
19746 19758
19746 19812
19747 19787
19747 19796
19747 19770
19748 19823
19748 19752
19748 19813
19749 19802
19749 19759
19750 19793
19750 19775
19751 19755
19751 19837
19751 19803
19751 19826
19752 19826
19752 19784
19753 19761
19753 19801
19753 19785
19754 19817
19754 19848
19754 19783
19754 19763
19754 19811
19755 19830
19755 19815
19755 19791
19756 19805
19757 19805
19758 19817
19758 19795
19758 19845
19759 19829
19760 19840
19760 19778
19760 19762
19760 19776
19761 19855
19761 19854
19761 19781
19762 19851
19763 19772
19763 19811
19764 19772
19764 19845
19764 19850
19765 19832
19765 19848
19765 19813
19765 19784
19766 19807
19766 19852
19766 19856
19766 19809
19767 19829
19767 19847
19767 19828
19767 19834
19767 19805
19768 19780
19768 19783
19769 19787
19769 19856
19769 19865
19770 19820
19771 19864
19771 19812
19771 19790
19771 19782
19772 19839
19773 19857
19773 19827
19773 19846
19773 19782
19774 19844
19774 19776
19775 19799
19775 19781
19775 19803
19775 19871
19775 19835
19775 19778
19775 19815
19776 19792
19776 19820
19776 19807
19776 19861
19776 19857
19777 19796
19778 19805
19778 19854
19778 19842
19778 19850
19779 19864
19779 19823
19779 19837
19779 19804
19781 19842
19781 19815
19783 19836
19783 19869
19783 19787
19783 19792
19784 19862
19784 19865
19784 19820
19784 19833
19784 19879
19784 19842
19785 19805
19786 19849
19786 19821
19786 19834
19786 19808
19787 19870
19788 19878
19789 19857
19789 19799
19790 19837
19791 19819
19791 19811
19791 19851
19792 19827
19792 19793
19792 19871
19793 19832
19793 19889
19793 19858
19794 19871
19794 19813
19794 19866
19795 19877
19796 19808
19797 19820
19797 19854
19798 19850
19799 19859
19799 19860
19799 19870
19800 19834
19800 19892
19801 19844
19801 19891
19801 19877
19802 19804
19802 19860
19803 19880
19803 19893
19803 19819
19803 19889
19803 19869
19803 19879
19803 19882
19803 19848
19803 19899
19803 19887
19804 19824
19804 19890
19804 19818
19806 19897
19806 19870
19806 19888
19807 19851
19807 19832
19807 19846
19807 19838
19808 19894
19809 19877
19809 19855
19809 19853
19809 19827
19809 19872
19809 19863
19810 19867
19810 19862
19811 19814
19811 19839
19812 19836
19812 19851
19814 19838
19814 19820
19815 19889
19815 19900
19815 19854
19815 19905
19817 19868
19817 19860
19818 19832
19818 19913
19818 19854
19818 19858
19818 19830
19821 19906
19821 19909
19821 19833
19821 19894
19822 19859
19822 19830
19822 19914
19823 19892
19823 19854
19823 19871
19823 19864
19824 19869
19824 19849
19825 19887
19825 19903
19825 19895
19825 19871
19825 19880
19825 19827
19826 19917
19826 19910
19826 19851
19827 19830
19827 19874
19828 19922
19828 19919
19828 19836
19828 19856
19828 19852
19828 19903
19829 19860
19829 19876
19829 19924
19831 19841
19831 19887
19831 19861
19832 19868
19833 19887
19833 19835
19834 19853
19834 19876
19834 19890
19834 19891
19835 19915
19836 19869
19836 19886
19837 19887
19838 19906
19838 19931
19838 19897
19838 19910
19838 19902
19838 19864
19839 19868
19839 19896
19839 19861
19840 19926
19840 19885
19840 19855
19841 19878
19841 19893
19841 19881
19842 19927
19842 19866
19842 19862
19842 19920
19843 19856
19843 19913
19844 19854
19844 19933
19844 19866
19845 19887
19845 19852
19845 19864
19845 19909
19845 19862
19846 19930
19846 19921
19846 19936
19846 19877
19847 19907
19847 19864
19847 19936
19847 19914
19847 19861
19847 19905
19847 19916
19848 19849
19848 19918
19848 19920
19848 19877
19849 19918
19849 19863
19849 19856
19849 19931
19849 19872
19850 19937
19850 19860
19851 19912
19851 19873
19852 19906
19853 19917
19854 19892
19854 19932
19854 19877
19855 19894
19855 19888
19856 19876
19856 19924
19857 19940
19857 19889
19857 19947
19857 19953
19858 19869
19859 19880
19860 19928
19860 19905
19862 19893
19863 19903
19863 19924
19863 19952
19864 19941
19864 19903
19864 19957
19865 19890
19865 19931
19865 19936
19866 19886
19866 19871
19866 19927
19866 19921
19866 19948
19866 19872
19867 19878
19867 19957
19867 19912
19867 19869
19867 19963
19867 19955
19867 19914
19868 19941
19868 19953
19868 19877
19868 19914
19869 19963
19869 19899
19869 19948
19869 19955
19870 19913
19870 19911
19871 19952
19871 19878
19871 19911
19872 19944
19872 19968
19873 19951
19874 19922
19875 19877
19875 19925
19875 19940
19876 19948
19876 19877
19876 19931
19876 19936
19877 19909
19877 19954
19877 19931
19877 19956
19877 19963
19879 19957
19879 19903
19879 19971
19879 19941
19879 19904
19879 19970
19880 19904
19880 19884
19881 19972
19881 19938
19881 19923
19881 19959
19883 19917
19883 19975
19883 19898
19883 19887
19884 19933
19884 19885
19884 19896
19884 19932
19885 19941
19885 19953
19885 19890
19886 19981
19886 19906
19886 19968
19886 19954
19888 19973
19888 19898
19888 19902
19888 19983
19889 19959
19889 19936
19889 19979
19890 19910
19890 19946
19890 19893
19891 19892
19891 19945
19891 19921
19891 19970
19891 19899
19892 19984
19892 19963
19893 19896
19893 19939
19893 19899
19894 19906
19895 19952
19895 19954
19895 19957
19896 19984
19896 19928
19896 19932
19896 19922
19897 19979
19897 19922
19897 19972
19897 19968
19897 19964
19897 19913
19898 19979
19898 19989
19899 19901
19900 19992
19900 19978
19900 19996
19900 19911
19900 19903
19901 19993
19901 19911
19901 19929
19901 19931
19901 19942
19901 19939
19902 19918
19902 19981
19902 19987
19902 19971
19903 19948
19903 19973
19903 19981
19903 19923
19904 19906
19904 19935
19904 19928
19905 19930
19905 19922
19905 19946
19905 19950
19905 19992
19905 19947
19906 19922
19906 19936
19906 19908
19906 19967
19907 19948
19907 19946
19907 19971
19907 19951
19907 19991
19908 19979
19908 19966
19908 19960
19908 19921
19908 19987
19910 19991
19910 19996
19911 19977
19911 19922
19911 19970
19911 19933
19912 19945
19912 19930
19912 19968
19912 19937
19913 19983
19913 19943
19914 19924
19914 19967
19914 19941
19914 19995
19914 19984
19914 19965
19914 19970
19914 19991
19915 19936
19915 19969
19915 19953
19916 19950
19916 19940
19916 19934
19916 19973
19916 19932
19916 19975
19917 19919
19917 19970
19918 19997
19918 19969
19919 19960
19919 19945
19919 19986
19920 19931
19920 19935
19921 19959
19921 19956
19922 19973
19922 19959
19922 19995
19923 19930
19923 19975
19923 19937
19923 19951
19923 19929
19923 19964
19924 19947
19924 19945
19924 19976
19924 19959
19925 19976
19925 19970
19925 19995
19926 19927
19926 19991
19926 19945
19927 19971
19927 19957
19927 19935
19927 19998
19927 19989
19928 19996
19928 19976
19928 19990
19928 19930
19928 19968
19929 19965
19929 19992
19930 19990
19930 19934
19930 19988
19930 19942
19931 19952
19931 19940
19931 19963
19931 19999
19932 19940
19932 19984
19932 19969
19932 19934
19932 19992
19932 19946
19933 19997
19933 19980
19934 19986
19935 19947
19935 19937
19935 19998
19935 19966
19935 19997
19935 19979
19936 19942
19936 19975
19936 19955
19936 19974
19936 19986
19937 19988
19937 19954
19937 19945
19938 19958
19938 19997
19938 19993
19939 19982
19939 19970
19939 19979
19939 19987
19939 19968
19940 19977
19941 19957
19942 19957
19942 19997
19942 19961
19942 19989
19943 19993
19943 19985
19944 19950
19944 19990
19944 19974
19944 19975
19944 19976
19944 19966
19945 19976
19945 19961
19945 19998
19946 19977
19946 19983
19946 19965
19946 19957
19947 19966
19947 19952
19949 19984
19949 19959
19949 19995
19949 19956
19950 19980
19950 19988
19950 19991
19950 19968
19950 19967
19950 19955
19951 19966
19952 19961
19953 19996
19953 19986
19953 19997
19953 19954
19956 19993
19956 19988
19956 19961
19957 19966
19957 19981
19957 19968
19957 19962
19958 19970
19958 19980
19958 19966
19958 19974
19959 19979
19960 19972
19960 19967
19960 19985
19961 19973
19961 19995
19961 19982
19962 19969
19962 19983
19962 19979
19963 19997
19963 19972
19963 19978
19964 19985
19964 19972
19964 19990
19964 19997
19964 19976
19965 19973
19966 19993
19966 19995
19967 19982
19967 19980
19967 19975
19968 19976
19968 19969
19968 19980
19968 19999
19968 19982
19969 19984
19969 19992
19970 19999
19970 19994
19970 19971
19970 19986
19970 19987
19970 19991
19970 19977
19971 19975
19971 19995
19971 19990
19971 19997
19971 19979
19972 19983
19972 19978
19972 19989
19973 19985
19973 19994
19973 19976
19974 19983
19974 19991
19975 19997
19976 19987
19976 19991
19976 19989
19976 19979
19976 19998
19976 19993
19977 19987
19977 19982
19977 19981
19977 19984
19977 19994
19978 19982
19979 19990
19979 19988
19979 19995
19980 19998
19981 19987
19981 19997
19981 19989
19982 19983
19982 19984
19982 19986
19983 19997
19983 19994
19984 19987
19985 19999
19985 19994
19986 19992
19986 19994
19986 19991
19986 19988
19986 19990
19986 19997
19987 19992
19987 19989
19987 19993
19987 19999
19988 19993
19988 19990
19989 19994
19989 19991
19990 19996
19990 19993
19990 19999
19991 19997
19991 19992
19991 19996
19991 19999
19991 19998
19991 19993
19992 19994
19993 19994
19993 19995
19993 19998
19994 19997
19994 19996
19994 19995
19994 19999
19995 19997
19995 19998
19995 19999
19996 19997
19996 19998
19996 19999
19997 19998
19997 19999
19998 19999
