# grid_M
9000 69696
-12 12
-11 11
-11 11
-10 10
-11 11
-11 11
-10 10
-11 11
-11 11
-11 11
-10 10
-12 12
-12 12
-12 12
-11 11
-10 10
-11 11
-11 11
-11 11
-11 11
-12 12
-11 11
-10 10
-10 10
-11 11
-12 12
-10 10
-10 10
-11 11
-12 12
-12 12
-11 11
-11 11
-11 11
-11 11
-12 12
-11 11
-12 12
-11 11
-11 11
-10 10
-10 10
-12 12
-12 12
-11 11
-12 12
-12 12
-12 12
-11 11
-11 11
-11 11
-11 11
-11 11
-10 10
-12 12
-10 10
-10 10
-11 11
-12 12
-11 11
-11 11
-11 11
-11 11
-12 12
-12 12
-10 10
-11 11
-10 10
-12 12
-12 12
-11 11
-12 12
-12 12
-11 11
-10 10
-12 12
-11 11
-12 12
-12 12
-10 10
-12 12
-11 11
-10 10
-11 11
-12 12
-11 11
-12 12
-10 10
-12 12
-12 12
-12 12
-12 12
-12 12
-10 10
-11 11
-11 11
-12 12
-11 11
-10 10
-11 11
-10 10
-11 11
-11 11
-10 10
-11 11
-4 11
-11 11
-12 12
-11 11
-10 10
-10 10
-12 12
-12 12
-10 10
-10 10
-10 10
-10 10
-10 10
-11 11
-10 10
-10 10
-12 12
-12 12
-12 12
-11 11
-10 10
-11 11
-11 11
-12 12
-11 11
-12 12
-12 12
-11 11
-10 10
-11 11
-11 11
-12 12
-10 10
-10 10
-10 10
-10 10
-11 11
-10 10
-10 10
-11 11
-12 12
-12 12
-12 12
-11 11
-11 11
-10 10
-11 11
-12 12
-11 11
-10 10
-11 11
-12 12
-11 11
-10 10
-10 10
-11 11
-12 12
-11 11
-12 12
-10 10
-12 12
-10 10
-11 11
-12 12
-10 10
-10 10
-12 12
-12 12
-10 10
-11 11
-10 10
-12 12
-11 11
-12 12
-11 11
-11 11
-11 11
-10 10
-12 12
-11 11
-12 12
-10 10
-11 11
-11 11
-10 10
-11 11
-10 10
-10 10
-12 12
-12 12
-12 12
-11 11
-11 11
-10 10
-11 11
-12 12
-11 11
-10 10
-11 11
-10 10
-11 11
-11 11
-12 12
-12 12
-12 12
-12 12
-12 12
-11 11
-10 10
-12 12
-12 12
-10 10
-11 11
-10 10
-11 11
-11 11
-12 12
-10 10
-12 12
-12 12
-12 12
-10 10
-10 10
-10 10
-10 10
-11 11
-10 10
-11 11
-11 11
-11 11
-10 10
-10 10
-12 12
-10 10
-11 11
-11 11
-11 11
-10 10
-11 11
-12 12
-11 11
-10 10
-11 11
-10 10
-11 11
-10 10
-10 10
-11 11
-10 10
-11 11
-10 10
-10 10
-12 12
-10 10
-11 11
-11 11
-12 12
-12 12
-10 10
-11 11
-11 11
-10 10
-11 11
-12 12
-12 12
-11 11
-11 11
-12 12
-10 10
-10 10
-10 10
-10 10
-12 12
-11 11
-12 12
-10 10
-12 12
-10 10
-11 11
-12 12
-11 11
-10 10
-10 10
-12 12
-11 11
-10 10
-12 12
-10 10
-11 11
-10 10
-12 12
-10 10
-10 10
-10 10
-12 12
-11 11
-11 11
-10 10
-10 10
-12 12
-10 10
-12 12
-11 11
-11 11
-12 12
-10 10
-12 12
-10 10
-12 12
-11 11
-11 11
-12 12
-12 12
-11 11
-10 10
-10 10
-11 11
-12 12
-11 11
-11 11
-11 11
-12 12
-12 12
-12 12
-10 10
-10 10
-10 10
-11 11
-11 11
-10 10
-12 12
-11 11
-10 10
-12 12
-10 10
-11 11
-11 11
-11 11
-12 12
-10 10
-10 10
-11 11
-12 12
-11 11
-12 12
-10 10
-12 12
-12 12
-10 10
-12 12
-11 11
-12 12
-11 11
-11 11
-10 10
-10 10
-10 10
-12 12
-12 12
-10 10
-11 11
-11 11
-11 11
-11 11
-12 12
-10 10
-11 11
-12 12
-12 12
-11 11
-12 12
-10 10
-11 11
-12 12
-11 11
-12 12
-11 11
-10 10
-12 12
-11 11
-5 12
-10 10
-11 11
-12 12
-12 12
-10 10
-12 12
-10 10
-12 12
-11 11
4 10
-11 11
-12 12
-10 10
-10 10
-12 12
-11 11
-12 12
-12 12
-12 12
-10 10
-6 10
-12 12
-10 10
-10 10
-11 11
-10 10
-11 11
-11 11
-8 11
-11 12
-11 11
-10 10
-12 12
-10 10
-10 10
-12 12
-10 10
-11 11
-11 11
-12 12
-11 11
-11 11
-10 10
-12 12
-12 12
-12 12
-11 11
-11 11
-10 10
-12 12
-11 11
-12 12
-10 10
-10 10
-12 12
-10 10
-11 11
-10 10
-10 10
-10 10
-10 10
-10 10
-10 10
-11 11
-10 10
-11 11
-10 10
-10 10
-11 11
-12 12
-10 10
-11 11
-12 12
-11 11
-11 11
-10 10
-12 12
-12 12
-12 12
-12 12
-12 12
-12 12
-10 10
-11 11
-12 12
-10 10
-11 11
-10 10
-12 12
-10 10
-10 10
-10 10
-10 10
-10 10
-11 11
-12 12
-11 11
-11 11
-10 10
-11 11
-12 12
-11 11
-10 10
-12 12
-10 10
-12 12
-10 10
-11 11
-12 12
-12 12
-10 10
-12 12
-10 10
-12 12
-10 10
-11 11
-11 11
-10 10
-12 12
-10 10
-10 10
-10 10
-10 10
-10 10
-12 12
-11 11
-11 11
-11 11
-12 12
-12 12
-10 10
-10 10
-12 12
-12 12
-10 10
-10 10
-11 11
-11 11
-11 11
-10 10
-12 12
-11 11
-11 11
-12 12
-11 11
-11 11
-10 10
-10 10
-11 11
-11 11
-11 11
-12 12
-12 12
-10 10
-10 10
-10 10
-11 11
-10 10
-10 10
-11 11
-12 12
-12 12
-10 10
-11 11
-10 10
-10 10
-10 10
-12 12
-12 12
-10 10
-11 11
-11 11
-11 11
-10 10
-10 10
-10 10
-10 10
-12 12
-12 12
-12 12
-12 12
-12 12
-12 12
-11 11
-12 12
-12 12
-12 12
-11 11
-10 10
-11 11
-12 12
-10 10
-10 10
-12 12
-12 12
-11 11
-12 12
-11 11
-11 11
-12 12
-11 11
-11 11
-12 12
-11 11
-11 11
-11 11
-11 11
-10 10
-11 11
-11 11
-11 11
-12 12
-11 11
-10 10
-12 12
-11 11
-10 10
-10 10
-11 11
-11 11
-10 10
-11 11
-10 10
-12 12
-10 10
-12 12
-11 11
-10 10
-12 12
-10 10
-11 11
-12 12
-11 11
-11 11
-11 11
-10 10
-12 12
-11 11
-11 11
-12 12
-11 11
-10 10
-10 10
-12 12
-10 10
-10 10
-10 10
-11 11
-10 10
-12 12
-12 12
-11 11
-10 10
-11 11
-10 10
-10 10
-11 11
-10 10
-10 10
-10 10
-12 12
-10 10
-10 10
-10 10
-10 10
-10 10
-11 11
-12 12
-11 11
-11 11
-12 12
-10 10
-11 11
-11 11
-12 12
-12 12
-12 12
-11 11
-10 10
-11 11
-11 11
-11 11
-12 12
-12 12
-10 10
-10 10
-11 11
-11 11
-10 10
-11 11
-12 12
-12 12
-11 11
-10 10
-10 10
-12 12
-12 12
-10 10
-11 11
28 11
-11 11
-12 12
-11 11
-12 12
-11 11
-12 12
-12 12
-12 12
-12 12
-0 11
-9 11
-8 10
-10 10
-11 11
-10 10
-12 12
-12 12
-11 11
-12 12
8 11
0 10
-10 10
-11 11
-10 10
-10 10
-10 10
-11 11
-10 10
-9 11
-10 10
8 12
-10 10
-10 10
-10 10
-12 12
-12 12
-10 10
-10 10
-5 12
-9 10
-6 11
-11 11
-11 11
-10 10
-10 10
-10 10
-11 11
-11 11
-10 10
-10 10
-11 11
-10 10
-12 12
-12 12
-12 12
-12 12
-11 11
-11 11
-12 12
-11 11
-11 11
-12 12
-10 10
-10 10
-11 11
-10 10
-11 11
-12 12
-11 11
-11 11
-12 12
-12 12
-11 11
-12 12
-11 11
-12 12
-12 12
-12 12
-10 10
-11 11
-10 10
-12 12
-12 12
-12 12
-10 10
-10 10
-11 11
-11 11
-11 11
-11 11
-12 12
-11 11
-10 10
-11 11
-12 12
-12 12
-10 10
-10 10
-12 12
-10 10
-12 12
-12 12
-11 11
-11 11
-10 10
-10 10
-12 12
-12 12
-12 12
-11 11
-12 12
-10 10
-12 12
-11 11
-11 11
-12 12
-10 10
-12 12
-10 10
-12 12
-10 10
-10 10
-12 12
-12 12
-10 10
-11 11
-12 12
-11 11
-11 11
-10 10
-11 11
-11 11
-11 11
-10 10
-10 10
-10 10
-10 10
-11 11
-12 12
-12 12
-11 11
-11 11
-12 12
-11 11
-10 10
-10 10
-12 12
-10 10
-12 12
-10 10
-11 11
-10 10
-12 12
-10 10
-12 12
-11 11
-10 10
-12 12
-10 10
-12 12
-10 10
-11 11
-11 11
-12 12
-11 11
-11 11
-10 10
-11 11
-11 11
-12 12
-12 12
-11 11
-12 12
-11 11
-11 11
-12 12
-11 11
-10 10
-11 11
-10 10
-10 10
-11 11
-12 12
-11 11
-10 10
-10 10
-12 12
-10 10
-11 11
-12 12
-12 12
-12 12
-10 10
-10 10
-11 11
-11 11
-12 12
-12 12
-11 11
-11 11
-11 11
-12 12
-12 12
-11 11
-11 11
-11 11
-12 12
-10 10
-12 12
-11 11
-11 11
-11 11
-12 12
-11 11
-10 10
-10 10
-11 11
-12 12
-11 11
-12 12
-12 12
-11 11
-11 11
-10 10
-12 12
-10 10
-10 10
-10 10
-10 10
-10 10
-11 11
-10 10
-10 10
-11 11
-10 10
-12 12
-10 10
-12 12
-11 11
-11 11
-10 10
-10 10
-11 11
-12 12
-12 12
-11 11
-10 10
-12 12
-12 12
-11 11
-12 12
-10 10
-12 12
-11 11
-12 12
-10 10
-11 11
-12 12
-10 10
-12 12
-10 10
-10 10
-10 10
-11 11
-12 12
-10 10
-12 12
-11 11
-11 11
1 11
-10 10
-10 10
-12 12
-12 12
-11 11
-10 10
-12 12
-10 10
-11 11
5 10
-12 12
-12 12
-10 10
-11 11
-12 12
-11 11
-12 12
-10 10
-11 11
2 12
-12 12
-8 10
-12 12
-10 10
-11 11
-12 12
-11 11
-11 11
-9 10
14 11
-4 12
-12 12
-10 10
-10 10
-12 12
-10 10
-10 10
-12 12
-12 12
24 10
9 11
-12 12
-12 12
-10 10
-10 10
-11 11
-11 11
-11 11
-11 11
16 12
13 12
-12 12
-12 12
-12 12
-11 11
-11 11
-12 12
-10 10
-8 11
11 10
24 11
-12 12
-11 11
-12 12
-11 11
-11 11
-10 10
-12 12
-11 11
1 10
-10 10
-12 12
-11 11
-12 12
-10 10
-11 11
-10 10
-11 11
-10 10
11 12
-10 10
-10 10
-11 11
-10 10
-11 11
-11 11
-11 11
-12 12
-10 10
-12 12
-11 11
-11 11
-10 10
-10 10
-12 12
-12 12
-10 10
-11 11
-11 11
-11 11
-10 10
-10 10
-10 10
-12 12
-10 10
-10 10
-11 11
-12 12
-11 11
-10 10
-10 10
-11 11
-10 10
-12 12
-11 11
-10 10
-12 12
-12 12
-12 12
-12 12
-10 10
-10 10
-12 12
-10 10
-10 10
-11 11
-10 10
-10 10
-10 10
-11 11
-10 10
-11 11
-12 12
-10 10
-10 10
-12 12
-10 10
-12 12
-10 10
-12 12
-10 10
-11 11
-12 12
-12 12
-12 12
-12 12
-10 10
-11 11
-12 12
-10 10
-12 12
-12 12
-12 12
-10 10
-10 10
-10 10
-12 12
-12 12
-10 10
-10 10
-12 12
-12 12
-11 11
-12 12
-12 12
-11 11
-11 11
-10 10
-12 12
-10 10
-12 12
-10 10
-10 10
-11 11
-11 11
-12 12
-12 12
-11 11
-12 12
-10 10
-10 10
-11 11
-10 10
-11 11
-10 10
-12 12
-11 11
-11 11
-11 11
-11 11
-10 10
-10 10
-10 10
-12 12
-11 11
-10 10
-12 12
-10 10
-12 12
-11 11
-10 10
-10 10
-11 11
-10 10
-10 10
-10 10
-11 11
-11 11
-12 12
-10 10
-11 11
-10 10
-11 11
-11 11
-10 10
-11 11
-10 10
-11 11
-12 12
-11 11
-10 10
-10 10
-12 12
-10 10
-10 10
-10 10
-11 11
-12 12
-12 12
-12 12
-10 10
-10 10
-10 10
-12 12
-12 12
-10 10
-10 10
-12 12
-11 11
-11 11
-12 12
-10 10
-10 10
-10 10
-12 12
-12 12
-12 12
-11 11
-10 10
-12 12
-11 11
-12 12
-11 11
-11 11
-12 12
-10 10
-10 10
-10 10
-10 10
-11 11
-11 11
-10 10
-12 12
-11 11
-10 10
-10 10
-10 10
-12 12
-12 12
-10 10
-11 11
-10 10
-12 12
-12 12
-12 12
-11 11
-10 10
-10 10
-12 12
-10 10
-10 10
-11 11
-11 11
-10 10
-11 11
-10 10
-12 12
-12 12
-10 10
-10 10
-12 12
-12 12
-11 11
-10 10
-12 12
-12 12
-11 11
-11 11
-12 12
-9 11
-12 12
-12 12
-12 12
-12 12
-10 10
-10 10
-10 10
-12 12
-10 10
-11 11
-12 12
-11 11
-11 11
-10 10
-12 12
-12 12
-10 10
-12 12
26 11
22 12
8 12
-10 10
-11 11
-12 12
-12 12
-11 11
-11 11
-12 12
25 11
32 10
-10 10
-11 12
-10 10
-11 11
-10 10
-10 10
-11 11
-10 10
16 12
100 12
23 11
-10 10
-12 12
-10 10
-12 12
-12 12
-10 10
-10 10
25 10
29 11
27 11
-10 10
-11 11
-12 12
-11 11
-10 10
-12 12
-10 10
11 11
10 12
-12 12
-12 12
-11 11
-10 10
-11 11
-10 10
-10 10
-12 12
-3 10
8 10
15 11
-10 12
-10 10
-10 10
-11 11
-11 11
-11 11
-11 11
-6 12
-9 12
7 12
-10 10
-11 11
-12 12
-12 12
-11 11
-11 11
-11 11
-11 11
0 12
-12 12
-11 11
-12 12
-10 10
-11 11
-10 10
-11 11
-12 12
-11 11
-11 11
-12 12
-10 10
-10 10
-12 12
-12 12
-12 12
-12 12
-11 11
-12 12
-12 12
-10 10
-11 11
-11 11
-12 12
-10 10
-12 12
-12 12
-11 11
-11 11
-12 12
-11 11
-11 11
-12 12
-11 11
-12 12
-12 12
-12 12
-10 10
-11 11
-12 12
-12 12
-11 11
-10 10
-11 11
-11 11
-12 12
-10 10
-10 10
-10 10
-11 11
-12 12
-10 10
-10 10
-12 12
-11 11
-10 10
-12 12
-10 10
-10 10
-10 10
-11 11
-12 12
-10 10
-11 11
-10 10
-10 10
-12 12
-10 10
-10 10
-10 10
-12 12
-10 10
-11 11
-10 10
-10 10
-12 12
-10 10
-12 12
-11 11
-10 10
-12 12
-11 11
-12 12
-12 12
-12 12
-10 10
-11 11
-10 10
-11 11
-11 11
-11 11
-10 10
-11 11
-11 11
-12 12
-11 11
-10 10
-12 12
-11 11
-12 12
-11 11
-11 11
-10 10
-11 11
-10 10
-10 10
-10 10
-12 12
-11 11
-11 11
-10 10
-11 11
-11 11
-12 12
-12 12
-12 12
-11 11
-10 10
-11 11
-12 12
-11 11
-12 12
-11 11
-11 11
-10 10
-11 11
-10 10
-11 11
-10 10
-12 12
-11 11
-12 12
-12 12
-12 12
-11 11
-12 12
-10 10
-11 11
-11 11
-11 11
-10 10
-11 11
-11 11
-11 11
-11 11
-11 11
-10 10
-12 12
-12 12
-10 10
-12 12
-10 10
-11 11
-11 11
-10 10
-12 12
-10 10
-12 12
-12 12
-11 11
-10 10
-11 11
-12 12
-10 10
-11 11
-12 12
-11 11
-10 10
-10 10
-11 11
-12 12
-11 11
-12 12
-11 11
-11 11
-11 11
-11 11
-10 10
-10 10
-10 10
-11 11
-11 11
-10 10
-12 12
-11 11
-12 12
-11 11
-12 12
-12 12
-12 12
-12 12
-10 10
-11 11
-11 11
-11 11
-11 11
-11 11
-12 12
-11 11
-10 10
-11 11
-10 10
-11 11
-10 10
-12 12
-11 11
-10 10
-12 12
-10 10
-10 10
-10 10
-10 10
-11 11
-10 10
-12 12
-12 12
-10 10
-10 10
-11 11
3 11
-8 12
-10 10
-11 11
-11 11
-11 11
-10 10
-12 12
-12 12
11 12
33 11
9 11
-11 11
-10 10
-10 10
-10 10
-12 12
-11 11
-11 11
26 12
66 11
29 10
-9 10
-10 10
-12 12
-10 10
-12 12
-10 10
-10 10
3 10
19 10
33 12
-12 12
-12 12
-12 12
-12 12
-11 11
-11 11
-10 10
23 12
10 10
31 10
-11 11
-11 11
-10 10
-12 12
-10 10
-11 11
-12 12
13 10
25 10
21 11
-11 11
-12 12
-11 11
-12 12
-12 12
-11 11
-12 12
-4 11
9 11
-11 12
-12 12
-12 12
-11 11
-11 11
-12 12
-10 10
-10 10
-12 12
20 10
-5 10
-11 11
-10 10
-10 10
-11 11
-12 12
-12 12
-12 12
-11 11
9 12
-12 12
-12 12
-10 10
-10 10
-11 11
-11 11
-10 10
-11 11
-10 10
-10 10
-12 12
-12 12
-11 11
-10 10
-11 11
-12 12
-12 12
-11 11
-11 11
-12 12
-10 10
-10 10
-10 10
-12 12
-12 12
-10 10
-10 10
-10 10
-10 10
-10 10
-12 12
-10 10
-10 10
-12 12
-10 10
-10 10
-10 10
-12 12
-12 12
-10 10
-10 10
-10 10
-12 12
-12 12
-11 11
-12 12
-11 11
-11 11
-12 12
-10 10
-11 11
-12 12
-12 12
-11 11
-11 11
-10 10
-8 10
-11 11
-11 11
-10 10
-11 11
-11 11
-11 11
-12 12
-11 11
-11 11
-5 10
-3 12
-12 12
-10 10
-11 11
-10 10
-12 12
-11 11
-10 10
-10 10
-10 10
-11 11
-10 10
-11 11
-10 10
-10 10
-10 10
-12 12
-12 12
-10 10
-11 11
-10 10
-11 11
-11 11
-11 11
-10 10
-11 11
-10 10
-11 11
-12 12
-10 10
-10 10
-11 11
-11 11
-12 12
-12 12
-11 11
-11 11
-12 12
-12 12
-11 11
-11 11
-10 10
-11 11
-11 11
-11 11
-12 12
-10 10
-12 12
-10 10
-10 10
-12 12
-12 12
-12 12
-10 10
-12 12
-12 12
-12 12
-12 12
-12 12
-10 10
-11 11
-11 11
-10 10
-10 10
-11 11
-11 11
-10 10
-12 12
-10 10
-11 11
-10 10
-11 11
-10 10
-11 11
-12 12
-11 11
-12 12
-12 12
-10 10
-10 10
-11 11
-12 12
-12 12
-10 10
-12 12
-12 12
-10 10
-11 11
-11 11
-11 11
-12 12
-10 10
-10 10
-12 12
-10 10
-11 11
-11 11
-10 10
-12 12
-10 10
-11 11
-11 11
-12 12
-11 11
-11 11
-10 10
-12 12
-10 10
-11 11
-12 12
-12 12
-10 10
-12 12
-12 12
-12 12
-10 10
-12 12
-10 10
-10 10
-10 10
-10 10
-12 12
-12 12
-10 10
-10 10
-10 10
-11 11
-10 10
-10 10
-12 12
-11 11
-11 11
-10 10
-10 10
-11 11
-12 12
-12 12
-10 10
-12 12
-12 12
-11 11
-12 12
14 10
1 12
-10 10
-11 11
-10 10
-10 10
-12 12
-10 10
-12 12
0 11
2 12
20 11
-12 12
-12 12
-11 11
-12 12
-11 11
-12 12
-10 10
35 12
44 11
14 10
-11 12
-10 10
-12 12
-10 10
-12 12
-12 12
-7 12
21 12
53 11
21 11
-10 10
-10 10
-11 11
-10 10
-11 11
-10 10
-4 11
12 12
53 10
50 11
-11 11
-11 11
-12 12
-12 12
-10 10
-11 11
-1 11
12 10
58 11
35 11
13 10
-11 11
-10 10
-12 12
-12 12
-12 12
-10 10
22 11
63 12
-1 11
3 12
-12 12
-10 10
-12 12
-12 12
-10 10
-12 12
16 10
36 10
16 11
-11 11
-11 11
-12 12
-12 12
-11 11
-10 10
-10 10
-8 11
33 10
-7 11
-10 10
-11 11
-10 10
-11 11
-12 12
-12 12
-10 10
-12 12
13 11
14 11
-11 11
-10 10
-10 10
-11 11
-11 11
-11 11
-11 11
-12 12
-11 11
-10 10
-12 12
-12 12
-10 10
-12 12
-10 10
-11 11
-10 10
-12 12
-12 12
-12 12
-11 11
-11 11
-12 12
-11 11
-11 11
-12 12
-12 12
-11 11
-10 10
-10 10
-11 11
-10 10
-12 12
-10 10
-11 11
-11 11
-5 12
-12 12
-10 10
-11 11
-11 11
-11 11
-12 12
-11 11
-12 12
-10 10
-10 10
-12 12
-10 10
-10 10
-11 11
-11 11
-12 12
-12 12
-12 12
11 12
-12 12
-10 10
-12 12
-12 12
-11 11
-11 11
-12 12
-10 10
-12 12
-3 12
-8 12
-11 11
-11 11
-11 11
-12 12
-10 10
-12 12
-12 12
-6 11
2 12
-10 11
-8 10
-12 12
-10 10
-12 12
-10 10
-10 10
-10 10
-8 10
-12 12
-9 11
-11 11
-10 10
-11 11
-11 11
-10 10
-10 10
-10 10
-12 12
-1 11
3 10
-2 10
-12 12
-11 11
-10 10
-11 11
-12 12
-10 10
-12 12
-10 10
-7 10
-10 10
-10 10
-10 10
-11 11
-12 12
-11 11
-12 12
-11 11
-11 11
-12 12
-11 11
-11 11
-11 11
-12 12
-11 11
-11 11
-12 12
-10 10
-10 10
-11 11
-12 12
-10 10
-12 12
-12 12
-11 11
-12 12
-10 10
-12 12
-10 10
-12 12
-11 11
-10 10
-10 10
-12 12
-11 11
-11 11
-12 12
-10 10
-12 12
-11 11
-11 11
-10 10
-11 11
-12 12
-12 12
-11 11
-10 10
-12 12
-11 11
-11 11
-11 11
-10 10
-12 12
-11 11
-10 10
-10 10
-11 11
-12 12
-12 12
-10 10
-10 10
-11 11
-12 12
-12 12
-10 10
-10 10
-12 12
-12 12
-10 10
-12 12
-12 12
-11 11
-12 12
-11 11
-10 10
-12 12
-10 10
-11 11
-11 11
-10 10
-10 10
-11 11
-10 10
-10 10
-11 11
-12 12
-11 11
-10 10
-11 11
-10 10
-12 12
-10 12
-11 11
-11 11
-12 12
-12 12
-12 12
-12 12
-10 10
-12 12
-8 10
-8 12
-8 12
-10 10
-11 11
-11 11
-11 11
-11 11
-11 11
-10 10
16 12
15 10
15 11
-10 10
-10 10
-11 11
-10 10
-10 10
-10 10
-12 12
68 12
27 10
34 11
-4 12
-10 10
-10 10
-10 10
-12 12
-10 10
-12 12
37 11
20 12
44 11
0 12
-12 12
-11 11
-12 12
-10 10
-12 12
-11 11
37 11
49 12
53 12
-11 11
-11 11
-10 10
-11 11
-11 11
-10 10
-7 12
60 11
86 11
81 10
7 10
-11 11
-12 12
-11 11
-12 12
-10 10
-5 12
49 10
67 10
38 11
-1 11
-10 10
-12 12
-12 12
-12 12
-11 11
-2 10
18 10
16 10
12 11
-12 12
-11 11
-12 12
-12 12
-10 10
-10 10
-12 12
7 10
19 11
15 10
-10 10
-12 12
-10 10
-10 10
-11 11
-10 10
-12 12
-6 10
-12 12
-12 12
-12 12
-10 10
-11 11
-11 11
-11 11
-11 11
-11 11
-12 12
0 10
-10 10
-12 12
-12 12
-11 11
-11 11
-10 10
-11 11
-12 12
-11 11
-12 12
-10 10
-11 11
-10 10
-12 12
-10 10
-10 10
-10 10
-10 10
-8 11
-12 12
-12 12
-12 12
-12 12
-12 12
-12 12
-11 11
-9 10
2 12
-7 10
-10 10
-10 10
-11 11
-11 11
-12 12
-12 12
-12 12
-9 10
7 12
-11 11
-12 12
-11 11
-12 12
-12 12
-12 12
-12 12
-8 10
4 11
-6 10
-7 11
-12 12
-11 11
-12 12
-10 10
-12 12
-10 10
-8 10
36 11
-3 11
-0 11
-12 12
-10 10
-11 11
-12 12
-11 11
-10 10
-10 10
13 12
4 10
2 11
-12 12
-10 10
-10 10
-10 10
-11 11
-10 10
-10 10
-8 12
3 10
-11 11
-10 10
-10 10
-12 12
-12 12
-10 10
-12 12
-10 10
-9 11
-8 12
6 10
-12 12
-11 11
-12 12
-10 10
-12 12
-10 10
-10 10
-7 12
-7 10
-12 12
-11 11
-12 12
-10 10
-10 10
-12 12
-10 10
-10 10
-10 10
-10 10
-12 12
-11 11
-12 12
-10 10
-12 12
-11 11
-11 11
-10 10
-12 12
-11 11
-11 11
-10 10
-12 12
-10 10
-10 10
-11 11
-12 12
-12 12
-10 10
-12 12
-11 11
-10 10
-10 10
-11 11
-10 10
-11 11
-11 11
-12 12
-11 11
-11 11
-11 11
-10 10
-11 11
-10 10
-10 10
-10 10
-10 10
-11 11
-11 11
-11 11
-12 12
-10 10
-10 10
-10 10
-10 10
-11 11
-12 12
-12 12
-11 11
-10 10
-12 12
-12 12
-10 10
-11 11
-11 11
-12 12
-12 12
-10 10
-12 12
-10 10
-12 12
-10 10
-10 10
-11 11
-10 10
-11 11
-10 10
-10 10
-12 12
-11 11
-11 11
-11 11
-10 10
-10 10
-10 10
-11 11
-10 10
-12 12
-10 10
-12 12
-11 11
-11 11
-12 12
-12 12
-10 10
-12 12
-10 10
-11 11
-11 11
-10 10
-10 10
-10 10
1 11
-12 12
-10 10
-10 10
-12 12
-12 12
-11 11
-10 10
30 12
14 10
24 10
-10 12
-10 10
-12 12
-10 10
-10 10
-11 11
-11 11
11 11
30 10
10 12
-12 12
-11 11
-11 11
-11 11
-11 11
-10 10
-5 11
71 12
43 10
33 10
9 12
-11 11
-12 12
-12 12
-12 12
-12 12
-11 11
48 10
102 10
77 12
14 10
-12 12
-10 10
-10 10
-10 10
-10 10
-2 11
32 12
58 12
49 12
12 11
-12 12
-11 11
-12 12
-12 12
-12 12
-5 12
34 11
48 12
36 11
12 11
-12 12
-11 11
-12 12
-10 10
-11 11
-8 11
43 12
42 11
34 12
11 12
-12 12
-10 10
-12 12
-12 12
-12 12
-12 12
25 10
-1 11
-12 12
-10 10
-10 10
-11 11
-11 11
-11 11
-11 11
-11 11
-10 12
-2 11
7 11
-11 11
-10 10
-11 11
-10 10
-10 10
-12 12
-12 12
-10 12
-10 10
-12 12
-10 10
-11 11
-11 11
-12 12
-11 11
-10 10
-12 12
-12 12
-12 12
-10 10
-12 12
-11 11
-11 11
-11 11
-12 12
-11 11
-11 11
-12 12
-10 10
-11 11
-11 11
-12 12
-12 12
-10 10
-11 11
-11 12
-4 10
-10 11
-11 11
-11 11
-10 10
-12 12
-10 10
-10 10
-10 10
-0 11
39 10
11 12
-11 11
-10 10
-11 11
-12 12
-10 10
-11 11
-1 10
-10 11
27 12
14 12
-11 11
-12 12
-10 10
-11 11
-10 10
-10 10
2 10
20 11
26 10
-3 12
-5 12
-12 12
-10 10
-10 10
-11 11
-12 12
4 12
42 11
44 12
-1 12
-11 11
-10 10
-12 12
-11 11
-11 11
-11 11
-12 12
12 10
21 11
4 12
-12 12
-12 12
-12 12
-12 12
-12 12
-12 12
-4 10
2 12
-9 10
1 10
-10 10
-10 10
-10 10
-11 11
-10 10
-12 12
-5 10
9 11
-6 11
-9 12
-11 11
-12 12
-10 10
-12 12
-11 11
-10 10
-12 12
-10 10
-5 12
-12 12
-11 11
-10 10
-11 11
-12 12
-10 10
-10 10
-11 11
-12 12
-11 11
-11 11
-12 12
-11 11
-12 12
-12 12
-12 12
-11 11
-10 10
-10 10
-11 11
-10 10
-11 11
-12 12
-11 11
-10 10
-12 12
-10 10
-12 12
-10 10
-12 12
-11 11
-11 11
-10 10
-12 12
-11 11
-12 12
-11 11
-12 12
-10 10
-10 10
-12 12
-11 11
-11 11
-12 12
-12 12
-12 12
-11 11
-11 11
-11 11
-12 12
-11 11
-10 10
-12 12
-10 10
-10 10
-10 10
-10 10
-10 10
-10 10
-11 11
-12 12
-11 11
-10 10
-12 12
-12 12
-11 11
-11 11
-12 12
-12 12
-11 11
-10 10
-11 11
-10 10
-11 11
-11 11
-11 11
-11 11
-11 11
-11 11
-11 11
-12 12
-7 12
-12 12
-11 11
-12 12
-10 10
-12 12
-10 10
-10 10
-12 12
-9 10
-3 12
-4 10
-12 12
-10 10
-12 12
-11 11
-12 12
-11 11
-10 10
-1 12
36 12
-11 11
-12 12
-12 12
-10 10
-11 11
-11 11
-10 10
-12 12
10 11
27 10
15 12
15 12
-10 10
-10 10
-11 11
-12 12
-12 12
-12 12
62 11
72 12
72 11
10 11
-10 10
-10 10
-11 11
-11 11
-12 12
-3 12
49 12
87 12
64 11
5 12
-11 11
-10 10
-10 10
-12 12
-10 10
-8 11
49 12
44 11
75 12
40 12
-10 10
-11 11
-11 11
-10 10
-12 12
-8 11
39 12
63 11
54 12
7 10
-12 12
-12 12
-11 11
-10 10
-11 11
-12 12
22 11
52 10
37 11
-11 12
-10 10
-12 12
-12 12
-12 12
-12 12
-12 12
11 10
29 12
-10 11
-4 11
-10 10
-12 12
-11 11
-11 11
-10 10
-11 11
-1 10
-2 11
-12 12
-12 12
-12 12
-12 12
-11 11
-12 12
-11 11
-10 10
-10 10
-4 11
-11 11
-11 11
-11 11
-11 11
-11 11
-11 11
-12 12
-11 11
-2 11
-10 10
-12 12
-12 12
-10 10
-11 11
-11 11
-12 12
-0 11
0 10
-10 10
-10 10
-11 11
-12 12
-10 10
-11 11
-11 11
-10 10
12 10
32 11
-2 12
-11 11
-11 11
-10 10
-11 11
-12 12
-12 12
-6 11
16 12
14 10
-3 11
-11 11
-12 12
-12 12
-10 10
-11 11
-9 12
19 10
33 11
21 12
15 11
-8 11
-12 12
-10 10
-12 12
-10 10
-7 10
12 11
16 12
48 12
31 10
-4 11
-12 12
-12 12
-12 12
-10 10
-12 12
2 10
18 10
84 11
-5 12
-8 11
-11 11
-10 10
-12 12
-12 12
-10 10
44 11
23 10
36 10
2 10
-9 12
-12 12
-11 11
-11 11
-12 12
-11 11
-4 11
11 11
6 11
16 10
-3 10
-10 10
-11 11
-12 12
-10 10
-12 12
-12 12
-0 11
29 12
-11 11
-11 11
-10 10
-12 12
-11 11
-11 11
-12 12
-11 11
18 10
-5 11
-1 11
-10 10
-12 12
-12 12
-12 12
-11 11
-10 10
-11 11
-3 11
-7 12
-11 11
-10 10
-10 10
-11 11
-12 12
-12 12
-10 10
-10 10
-12 12
-12 12
-10 10
-10 10
-12 12
-10 10
-12 12
-10 10
-10 10
-10 10
-11 11
-10 10
-11 11
-10 10
-10 10
-11 11
-12 12
-12 12
-11 11
-11 11
-12 12
-10 10
-10 10
-11 11
-10 10
-10 10
-12 12
-12 12
-10 10
-10 10
-11 11
-12 12
-12 12
-11 11
-11 11
-10 10
-10 10
-10 10
-11 11
-10 10
-11 11
-10 10
-10 10
-12 12
-11 11
-11 11
-12 12
-10 10
-12 12
-11 11
-12 12
-10 10
-10 10
-11 11
-11 11
-10 10
-10 10
-10 10
-10 10
-10 10
-10 10
-11 11
-12 12
-11 11
-12 12
-10 10
-11 11
-12 12
-10 10
-10 10
-11 11
-11 11
-6 10
13 11
-2 12
-10 10
-11 11
-11 11
-10 10
-12 12
-11 11
-12 12
18 10
45 12
11 12
-10 10
-10 10
-12 12
-12 12
-10 10
-12 12
-2 12
30 10
41 12
26 12
4 12
-11 11
-11 11
-10 10
-10 10
-10 10
-5 11
29 10
106 12
24 10
22 12
-12 12
-12 12
-11 11
-10 10
-12 12
-2 12
43 11
81 11
50 11
21 11
-11 11
-12 12
-11 11
-12 12
-12 12
-1 12
41 12
69 10
56 12
-2 10
-10 10
-11 11
-11 11
-10 10
-11 11
-10 11
34 11
28 10
34 12
-11 12
-10 10
-10 10
-10 10
-11 11
-11 11
-12 12
27 11
26 11
16 12
-12 12
-12 12
-11 11
-12 12
-12 12
-11 11
-10 10
22 10
48 11
58 12
-12 12
-10 10
-10 10
-10 10
-11 11
-10 10
-10 10
22 11
-5 11
20 10
-10 10
-12 12
-12 12
-11 11
-11 11
-11 11
-10 10
3 11
-4 11
-12 12
-10 10
-12 12
-12 12
-12 12
-11 11
-3 11
-9 10
-12 12
-12 12
-12 12
-10 10
-12 12
-12 12
-11 11
-12 12
30 12
-10 12
-2 11
-11 11
-11 11
-11 11
-11 11
-12 12
-12 12
-10 10
25 10
15 11
16 12
-11 11
-12 12
-11 11
-12 12
-10 10
-10 10
21 10
12 10
20 12
41 11
-10 10
-12 12
-10 10
-10 10
-12 12
-12 12
23 11
46 12
71 12
38 12
-10 12
-11 11
-12 12
-12 12
-12 12
-10 10
13 11
132 12
59 10
8 10
-7 11
-12 12
-10 10
-10 10
-12 12
-12 12
8 11
42 10
22 12
17 11
-11 12
-11 11
-12 12
-11 11
-11 11
-10 10
19 11
66 12
61 10
6 12
-5 11
-10 10
-11 11
-11 11
-12 12
-11 11
-9 11
36 10
23 10
5 10
-11 11
-12 12
-12 12
-12 12
-12 12
-11 11
-10 10
-5 10
19 10
4 11
-11 11
-10 10
-11 11
-11 11
-12 12
-11 11
-3 12
1 10
-11 11
-10 10
-12 12
-12 12
-11 11
-12 12
-11 11
-10 10
-10 10
-12 12
1 10
-12 12
-11 11
-12 12
-11 11
-11 11
-10 10
-12 12
-11 11
-11 11
-10 10
-12 12
-12 12
-10 10
-12 12
-10 10
-11 11
-10 10
-12 12
-11 11
-11 11
-12 12
-11 11
-11 11
-12 12
-10 10
-12 12
-10 10
-11 11
-12 12
-12 12
-11 11
-12 12
-11 11
-12 12
-11 11
-11 11
-12 12
-12 12
-10 10
-11 11
-12 12
-12 12
-12 12
-11 11
-10 10
-11 11
-10 10
-10 10
-12 12
-12 12
-10 10
-12 12
-10 10
-10 10
-10 10
-12 12
-12 12
-12 12
-11 11
-10 10
-11 11
-10 10
-12 12
-10 10
-12 12
-10 10
-10 10
-11 11
-11 11
-12 12
-12 12
2 10
-12 12
-12 12
-12 12
-12 12
-11 11
-12 12
-12 12
-10 10
-5 10
3 11
-0 11
-12 12
-12 12
-10 10
-12 12
-10 10
-10 10
-11 11
-5 12
66 12
4 12
-10 10
-10 10
-11 11
-11 11
-11 11
-10 10
-10 10
26 12
109 11
55 10
-12 12
-10 10
-10 10
-10 10
-12 12
-11 11
-9 12
50 12
44 10
53 10
8 10
-12 12
-11 11
-11 11
-12 12
-10 10
-9 10
44 12
58 11
75 11
-6 11
-10 10
-12 12
-11 11
-12 12
-12 12
-12 12
24 10
64 10
62 11
7 11
-10 10
-12 12
-11 11
-12 12
-11 11
-11 11
31 11
62 11
30 10
10 10
-12 12
-12 12
-12 12
-10 10
-12 12
-1 11
12 12
12 11
17 10
-11 11
-12 12
-10 10
-11 11
-11 11
-10 10
-10 10
15 12
8 10
24 11
-6 11
-12 12
-12 12
-11 11
-10 10
-11 11
-5 11
7 11
5 12
-12 12
-11 11
-12 12
-10 10
-11 11
-11 11
-11 11
-11 11
-10 10
-7 10
-12 12
-11 11
-10 10
-10 10
-12 12
-12 12
-10 11
-5 12
-7 11
-2 12
-11 11
-11 11
-10 10
-12 12
-11 11
-2 10
20 12
30 10
2 10
-11 11
-10 10
-11 11
-11 11
-12 12
-12 12
-12 12
29 11
27 12
4 12
-11 11
-11 11
-12 12
-11 11
-11 11
-11 11
16 10
64 11
21 10
30 11
-12 12
-12 12
-11 11
-11 11
-12 12
-7 10
18 10
12 12
94 10
20 11
-5 11
-10 10
-11 11
-12 12
-10 10
-12 12
28 12
83 10
39 12
8 10
-1 12
-10 10
-12 12
-10 10
-11 11
-0 11
36 10
102 11
38 11
44 10
14 11
-10 10
-12 12
-10 10
-12 12
-5 10
36 11
41 10
23 10
16 11
-4 12
-10 10
-12 12
-10 10
-12 12
-10 10
21 11
25 10
78 10
0 11
-3 12
-10 10
-12 12
-12 12
-11 11
-12 12
26 11
15 10
43 10
-6 10
-12 12
-12 12
-11 11
-11 11
-11 11
-11 11
1 12
14 12
10 11
-12 12
-10 10
-12 12
-10 10
-11 11
-10 10
-10 10
-10 10
-11 11
-3 12
-11 11
-10 10
-12 12
-11 11
-10 10
-11 11
-11 11
-10 10
-12 12
-11 12
-12 12
-10 10
-12 12
-10 10
-12 12
-10 10
-12 12
-12 12
-12 12
-11 11
-10 10
-12 12
-10 10
-11 11
-11 11
-10 10
-11 11
-12 12
-11 11
-11 11
-11 11
-12 12
-11 11
-10 10
-10 10
-10 10
-12 12
-10 10
-12 12
-11 11
-10 10
-11 11
-10 10
-10 10
-10 10
-12 12
-11 11
-12 12
-12 12
-11 11
-10 10
-12 12
-10 10
-12 12
-10 10
-10 10
-12 12
-12 12
-10 10
-10 10
-11 11
-11 11
-11 11
-11 11
-12 12
-11 11
-10 10
-10 10
-12 12
-11 11
-12 12
-11 11
-12 12
-11 11
-10 10
-12 12
-11 11
-10 10
-12 12
-11 11
-10 10
-1 12
-12 12
-10 10
-12 12
-11 11
-11 11
-11 11
-12 12
-10 10
-1 10
14 12
39 10
-11 11
-10 10
-10 10
-11 11
-11 11
-10 10
-10 10
31 11
47 10
13 12
-11 11
-12 12
-10 10
-11 11
-12 12
-10 10
-12 12
9 12
53 10
57 12
-2 10
-10 10
-12 12
-11 11
-11 11
-10 10
-10 10
40 12
63 12
21 11
-4 11
-11 11
-12 12
-12 12
-12 12
-12 12
-12 12
66 12
50 10
56 10
19 12
-11 11
-11 11
-12 12
-10 10
-11 11
-12 12
25 12
48 10
45 10
-7 10
-11 11
-11 11
-10 10
-12 12
-10 10
-11 11
-1 11
11 11
16 10
-11 12
-12 12
-12 12
-11 11
-11 11
-11 11
-12 12
31 12
-0 10
3 12
-12 12
-12 12
-10 10
-12 12
-10 10
-12 12
-12 12
-7 12
9 12
-1 12
-12 12
-11 11
-11 11
-11 11
-12 12
-2 12
-12 12
-6 10
-12 12
-10 10
-10 10
-10 10
-12 12
-12 12
-11 11
0 11
6 10
13 12
-11 11
-10 10
-12 12
-12 12
-11 11
-11 11
-10 10
5 11
9 11
28 12
-11 11
-10 10
-10 10
-12 12
-10 10
-12 12
-12 12
30 10
7 11
32 11
-0 11
-11 11
-12 12
-10 10
-12 12
-10 10
8 11
42 11
54 11
0 11
-1 11
-12 12
-11 11
-10 10
-10 10
8 10
20 12
57 12
24 10
26 10
9 10
-11 11
-10 10
-11 11
-11 11
1 10
52 12
21 10
70 12
-1 10
5 11
-11 11
-12 12
-11 11
-12 12
9 12
47 11
126 11
60 10
40 11
4 10
-6 10
-11 11
-12 12
-12 12
4 12
21 11
132 12
75 10
71 10
10 10
-11 11
-12 12
-10 10
-11 11
-11 12
39 10
40 10
64 12
30 10
0 10
-12 12
-11 11
-12 12
-11 11
-11 11
3 10
53 11
9 11
8 12
-12 12
-11 11
-12 12
-11 11
-10 10
-11 11
-12 12
-1 11
16 12
-8 11
-12 12
-10 10
-11 11
-10 10
-12 12
-10 10
-11 11
26 11
4 11
-9 10
-11 11
-12 12
-12 12
-12 12
-11 11
-10 10
-12 12
-3 11
5 10
-11 11
-11 11
-10 10
-11 11
-12 12
-10 10
-11 11
-10 10
-12 12
-11 11
-12 12
-12 12
-10 10
-12 12
-12 12
-11 11
-10 10
-12 12
-10 10
-10 10
-10 10
-12 12
-11 11
-12 12
-11 11
-12 12
-10 10
-10 10
-10 10
-10 10
-11 11
-11 11
-10 10
-12 12
-12 12
-11 11
-11 11
-12 12
-10 10
-11 11
-10 10
-12 12
-10 10
-10 10
-10 10
-12 12
-12 12
-12 12
-11 11
-10 10
-10 10
-12 12
-10 10
-10 10
-11 11
-12 12
-10 10
-12 12
-10 10
-12 12
-12 12
-10 10
-12 12
-10 10
-12 12
-11 11
-10 10
-11 11
-11 11
-10 10
-12 12
-1 11
-8 12
-12 12
-10 10
-10 10
-11 11
-12 12
-10 10
-10 10
-5 10
14 12
-2 10
-4 11
-11 11
-11 11
-12 12
-11 11
-12 12
-11 11
10 10
14 11
11 11
-11 11
-11 11
-10 10
-12 12
-10 10
-12 12
-10 12
26 11
33 11
27 10
-6 12
-11 11
-11 11
-10 10
-10 10
-12 12
-10 11
9 11
61 12
23 12
7 11
-11 11
-12 12
-12 12
-11 11
-10 10
-12 12
31 12
43 12
47 11
3 12
-10 10
-10 10
-12 12
-11 11
-11 11
-12 12
-1 11
66 11
51 12
-11 11
-10 10
-12 12
-10 10
-11 11
-10 10
-12 12
26 12
22 10
-1 11
-11 11
-11 11
-11 11
-12 12
-10 10
-10 10
-11 11
8 12
-8 11
-8 10
-11 11
-12 12
-10 10
-10 10
-10 10
-12 12
-11 12
7 10
-1 12
-5 10
-10 10
-11 11
-10 10
-11 11
-10 10
-12 12
-6 11
-7 12
-12 12
-12 12
-10 10
-12 12
-12 12
-11 11
-12 12
1 11
41 12
5 12
-10 10
-10 10
-12 12
-11 11
-11 11
-11 11
9 12
6 10
37 11
6 12
-3 11
-11 11
-11 11
-11 11
-10 10
-12 12
-11 12
38 11
28 10
39 10
-12 12
-10 10
-12 12
-12 12
-11 11
-1 10
12 10
34 12
86 11
45 11
13 12
-11 11
-12 12
-12 12
-10 10
11 12
78 12
68 12
72 11
45 11
2 10
-12 12
-11 11
-12 12
-11 11
-6 10
30 10
53 10
78 11
59 10
45 11
-11 11
-11 11
-11 11
-11 11
-2 10
82 10
33 11
71 10
24 10
6 10
-12 12
-11 11
-10 10
-10 10
-12 12
8 10
58 12
62 12
76 12
-9 11
-12 12
-10 10
-11 11
-12 12
-11 11
39 12
46 10
141 11
30 10
-1 12
-11 11
-12 12
-11 11
-11 11
-7 12
7 10
44 11
39 10
38 11
3 10
-12 12
-11 11
-10 10
-11 11
-9 12
11 12
2 12
32 12
-5 10
-11 11
-10 10
-10 10
-11 11
-10 10
-10 10
-9 11
-9 12
6 10
-4 12
-11 11
-11 11
-11 11
-11 11
-11 11
-11 11
-10 10
-12 12
-1 10
-10 10
-11 11
-11 11
-11 11
-10 10
-12 12
-11 11
-10 10
-10 10
-11 11
-10 10
-11 11
-12 12
-10 10
-10 10
-12 12
-10 10
-10 10
-12 12
-12 12
-10 10
-12 12
-12 12
-12 12
-10 10
-10 10
-11 11
-10 10
-12 12
-11 11
-12 12
-10 10
-11 11
-10 10
-10 10
-12 12
-11 11
-12 12
-12 12
-12 12
-10 10
-11 11
-12 12
-10 10
-11 11
-12 12
-12 12
-12 12
-10 10
-11 11
-10 10
-10 10
-11 11
-10 10
-10 10
-10 10
-12 12
-10 10
-11 11
-11 11
-10 10
-12 12
-10 10
-12 12
-12 12
-10 10
-12 12
-10 10
-12 12
-10 10
-11 11
-10 10
-6 10
-12 12
-11 11
-10 10
-12 12
-11 11
-11 11
-10 10
-11 11
-3 12
14 11
-10 10
-11 11
-11 11
-10 10
-10 10
-10 10
-11 11
-10 10
22 10
14 12
-11 11
-10 10
-10 10
-10 10
-12 12
-12 12
-10 10
-7 12
12 11
21 11
-12 12
-11 11
-11 11
-11 11
-12 12
-10 10
-10 10
1 11
52 12
5 11
-10 11
-12 12
-12 12
-12 12
-11 11
-11 11
-11 11
24 11
34 12
31 12
-10 10
-12 12
-10 10
-11 11
-10 10
-10 10
-11 11
4 11
43 11
18 10
-12 12
-10 10
-10 10
-10 10
-12 12
-12 12
-10 10
-5 12
21 12
-9 10
-12 12
-10 10
-10 10
-10 10
-11 11
-12 12
-11 11
-9 11
69 12
-8 11
-11 11
-12 12
-10 10
-10 10
-12 12
-11 11
-12 12
-12 12
-7 10
-2 11
-12 12
-11 11
-10 10
-10 10
-11 11
-10 10
-7 12
-9 10
-10 12
-10 10
-12 12
-12 12
-11 11
-12 12
-11 11
-5 10
2 10
5 12
-7 10
-11 11
-12 12
-12 12
-10 10
-11 11
4 10
43 12
40 12
2 10
-3 11
-11 11
-12 12
-10 10
-12 12
7 10
15 10
44 10
18 12
38 12
-4 12
-10 10
-11 11
-10 10
-10 10
-5 12
16 12
57 10
95 10
16 10
-9 12
-12 12
-10 10
-12 12
-10 10
11 12
16 11
134 12
71 10
41 10
32 11
-11 11
-11 11
-12 12
-10 10
3 11
30 10
71 11
122 11
20 10
16 11
-12 12
-12 12
-12 12
-11 11
-3 10
98 12
44 10
51 10
48 10
17 11
-10 10
-10 10
-10 10
-12 12
-5 11
39 10
212 12
66 11
25 10
-2 12
-10 10
-10 10
-11 11
-11 11
-6 10
48 10
86 11
88 12
49 10
-5 11
-10 10
-10 10
-10 10
-11 11
-10 11
30 11
24 11
43 11
14 11
-12 12
-10 10
-11 11
-10 10
-11 11
-11 11
31 12
36 12
57 12
43 11
-12 12
-12 12
-11 11
-11 11
-11 11
-12 12
7 10
3 10
20 12
-12 12
-11 11
-10 10
-11 11
-11 11
-12 12
-11 11
-11 11
-10 10
9 11
7 10
-10 10
-10 10
-10 10
-10 10
-11 11
-12 12
-10 10
-10 10
-10 10
-11 11
-11 11
-11 11
-12 12
-11 11
-10 10
-12 12
-11 11
-10 10
-11 11
-10 10
-12 12
-10 10
-11 11
-11 11
-11 11
-12 12
-10 10
-10 10
-11 11
-11 11
-10 10
-10 10
-12 12
-12 12
-12 12
-12 12
-12 12
-11 11
-12 12
-10 10
-12 12
-11 11
-10 10
-10 10
-11 11
-10 10
-10 10
-11 11
-11 11
-12 12
-11 11
-10 10
-12 12
-10 10
-11 11
-12 12
-11 11
-11 11
-10 10
-11 11
-12 12
-12 12
-11 11
-11 11
-10 10
-11 11
-11 11
-10 10
-12 12
-11 11
-10 10
-12 12
-11 11
-10 10
-12 12
-11 11
-11 11
-11 11
-10 10
-10 10
-6 11
-12 12
-12 12
-11 11
-12 12
-11 11
-11 11
-12 12
-10 10
-3 10
25 10
-10 10
-12 12
-10 10
-10 10
-11 11
-12 12
-12 12
-10 10
-3 11
14 11
2 12
-11 11
-11 11
-12 12
-10 10
-11 11
-11 11
-10 10
-11 12
33 10
4 10
-10 10
-10 10
-12 12
-12 12
-11 11
-10 10
-10 10
-2 12
16 11
-3 10
-10 10
-10 10
-10 10
-12 12
-10 10
-12 12
-12 12
15 11
29 11
-3 10
-12 12
-11 11
-10 10
-10 10
-11 11
-11 11
-10 10
-11 11
14 12
-4 12
-12 12
-10 10
-11 11
-11 11
-11 11
-12 12
-11 11
-12 12
-6 10
-11 11
-10 10
-12 12
-10 10
-12 12
-12 12
-10 10
-10 10
-12 12
-10 10
-12 12
-11 11
-12 12
-12 12
-12 12
-10 10
-11 11
-10 10
-3 11
-11 11
-11 11
-11 11
-11 11
-11 11
-10 10
-11 11
2 11
-6 10
-9 12
-12 12
-11 11
-12 12
-11 11
-11 11
-11 11
-3 11
1 10
11 12
14 11
-12 12
-10 10
-10 10
-11 11
-11 11
-11 11
10 10
47 11
31 10
14 12
-10 11
-10 10
-11 11
-12 12
-11 11
-1 12
10 11
95 10
171 11
42 10
-11 11
-10 10
-10 10
-12 12
-10 10
-4 12
29 10
65 11
67 11
83 12
4 11
-10 10
-12 12
-12 12
-10 10
-9 12
50 12
82 11
105 12
55 12
23 11
-12 12
-10 10
-10 10
-11 11
23 11
54 11
85 12
86 10
121 12
9 10
-11 11
-11 11
-11 11
-11 11
-12 12
46 10
82 11
78 11
48 12
16 10
-10 10
-10 10
-11 11
-10 10
-10 10
17 11
47 11
33 11
65 10
34 11
-12 12
-12 12
-10 10
-11 11
-11 11
18 10
82 11
81 10
40 11
-5 10
-10 10
-12 12
-12 12
-12 12
-12 12
-1 12
10 11
16 10
14 10
-9 11
-11 11
-10 10
-10 10
-12 12
-10 10
-3 11
2 10
-7 11
10 11
-10 11
-12 12
-11 11
-12 12
-10 10
-11 11
-11 11
-8 10
-8 11
-12 12
-10 10
-11 11
-11 11
-12 12
-10 10
-10 10
-10 10
-11 11
-11 11
-10 10
-10 10
-10 10
-12 12
-10 10
-12 12
-12 12
-10 10
-12 12
-10 10
-10 10
-12 12
-11 11
-11 11
-11 11
-11 11
-12 12
-12 12
-12 12
-12 12
-12 12
-11 11
-11 11
-11 11
-12 12
-12 12
-12 12
-12 12
-12 12
-12 12
-12 12
-11 11
-10 10
-11 11
-12 12
-11 11
-12 12
-12 12
-12 12
-12 12
-10 10
-12 12
-10 10
-11 11
-12 12
-10 10
-11 11
-11 11
-11 11
-10 10
-10 10
-10 10
-10 10
-11 11
-12 12
-10 10
-11 11
-11 11
-10 10
-10 10
-11 11
-10 10
-12 12
-10 10
-10 10
-12 12
-11 11
-10 10
-12 12
-10 10
-12 12
-12 12
-12 12
-12 12
-10 10
-10 10
-12 12
-12 12
-11 11
-12 12
-11 11
-10 10
-9 10
-10 10
-10 10
-12 12
-12 12
-11 11
-11 11
-12 12
-4 10
1 12
-10 10
-11 11
-12 12
-10 10
-10 10
-12 12
-10 10
-12 12
-3 11
2 10
-12 12
-12 12
-12 12
-12 12
-10 10
-12 12
-10 10
-12 12
-3 12
3 12
-11 11
-12 12
-10 10
-11 11
-10 10
-11 11
-10 10
-10 10
-12 12
9 10
-10 10
-11 11
-12 12
-10 10
-11 11
-11 11
-10 10
-10 10
-12 12
26 11
-9 11
-10 10
-10 10
-12 12
-11 11
-11 11
-12 12
-11 11
-12 12
-0 11
-12 12
-11 11
-10 10
-12 12
-11 11
-11 11
-11 11
-12 12
-12 12
-12 12
-12 12
-11 11
-12 12
-11 11
-10 10
-12 12
-11 11
-11 11
-12 12
-12 12
-11 11
-11 11
-12 12
-12 12
-12 12
-10 10
-12 12
-1 12
4 10
-11 11
-11 11
-10 10
-10 10
-11 11
-12 12
5 10
38 12
2 12
-5 11
-3 11
-12 12
-12 12
-10 10
-11 11
-10 10
37 12
19 11
26 10
4 12
-12 12
-12 12
-11 11
-11 11
-10 10
-11 11
26 10
80 12
86 12
57 12
-2 11
-11 11
-11 11
-12 12
-11 11
-5 10
39 11
135 12
65 12
85 11
-10 11
-11 11
-10 10
-12 12
-12 12
-10 10
104 11
133 12
73 12
43 11
-10 10
-10 10
-10 10
-11 11
-10 10
7 10
85 11
59 10
96 11
105 12
21 12
-11 11
-10 10
-10 10
-12 12
-1 10
44 12
68 11
27 10
21 10
8 10
-10 10
-11 11
-11 11
-11 11
4 11
75 12
64 10
62 10
28 12
9 12
-10 10
-10 10
-11 11
-12 12
-11 11
-2 11
45 11
27 11
38 11
13 12
-10 10
-12 12
-11 11
-11 11
-2 11
22 12
12 12
13 10
20 12
-12 12
-10 10
-11 11
-10 10
-11 11
-10 10
-4 10
6 12
11 12
5 10
-12 12
-11 11
-12 12
-10 10
-11 11
-12 12
-10 10
-10 10
5 10
-2 11
-11 11
-11 11
-12 12
-10 10
-10 10
-10 10
-11 11
-12 12
-10 10
-12 12
-11 11
-12 12
-11 11
-10 10
-11 11
-12 12
-11 11
-12 12
-11 11
-10 10
-12 12
-10 10
-12 12
-12 12
-11 11
-11 11
-12 12
-11 11
-11 11
-12 12
-10 10
-11 11
-10 10
-12 12
-12 12
-10 10
-10 10
-10 10
-11 11
-12 12
-10 10
-11 11
-12 12
-12 12
-12 12
-11 11
-10 10
-11 11
-12 12
-11 11
-11 11
-12 12
-10 10
-12 12
-10 10
-12 12
-10 10
-12 12
-11 11
-10 10
-10 10
-11 11
-10 10
-12 12
-10 10
-10 10
-10 10
-11 11
-11 11
-10 10
-10 10
-12 12
-10 10
-12 12
-10 10
-11 11
-11 11
-11 11
-12 12
-11 11
-10 10
-11 11
-10 10
-10 10
-12 12
-11 11
-10 10
-12 12
-12 12
-11 11
-7 12
-10 11
-11 11
-12 12
-12 12
-12 12
-10 10
-11 11
-11 11
-9 10
-12 12
-11 11
-10 10
-12 12
-12 12
-10 10
-12 12
-12 12
-11 11
-10 10
-6 10
-11 11
-11 11
-10 10
-12 12
-11 11
-12 12
-10 10
-11 11
-11 11
-7 11
-11 11
-11 11
-11 11
-10 10
-11 11
-11 11
-10 10
-10 10
-11 11
-10 10
-10 10
-11 11
-11 11
-11 11
-11 11
-10 10
-10 10
-12 12
-11 11
-11 11
-10 10
-12 12
-11 11
-12 12
-12 12
-11 11
-10 10
-10 10
-12 12
-11 11
-10 10
-11 11
-11 11
-11 11
-12 12
-10 10
-11 11
-5 11
-11 11
-12 12
-12 12
-12 12
-12 12
-10 10
-12 12
-12 12
-1 12
-11 11
-3 11
-11 11
-10 10
-11 11
-11 11
-11 11
-12 12
-7 12
-12 12
-2 11
-6 12
-10 10
-12 12
-12 12
-12 12
-10 10
-12 12
2 12
26 11
34 12
2 11
17 11
-12 12
-10 10
-12 12
-12 12
-11 12
28 10
29 10
45 12
45 12
10 11
-10 10
-12 12
-12 12
-10 10
-12 12
42 11
39 11
88 12
37 10
18 10
-12 12
-10 10
-11 11
-12 12
7 12
20 12
93 11
43 10
26 12
15 10
-8 10
-11 11
-10 10
-12 12
-4 10
31 12
85 11
112 12
83 12
-2 12
-11 12
-10 10
-10 10
-11 11
1 10
23 10
94 12
54 10
92 12
14 11
-10 10
-12 12
-11 11
-12 12
4 10
46 11
82 12
109 11
42 12
9 12
-11 11
-10 10
-11 11
-11 11
-7 10
13 12
75 10
104 12
53 11
13 12
-11 11
-12 12
-11 11
-12 12
-10 10
7 10
39 10
50 10
3 10
-5 11
-11 11
-10 10
-12 12
-10 10
-10 10
42 12
35 10
44 10
29 12
-12 12
-11 11
-10 10
-12 12
-12 12
-11 11
4 11
5 12
22 11
-3 10
-9 10
-11 11
-11 11
-10 10
-11 11
-12 12
-11 11
-11 11
4 11
-11 11
-10 10
-10 10
-12 12
-10 10
-10 10
-11 11
-11 11
-11 11
-12 12
-11 11
-12 12
-12 12
-12 12
-10 10
-11 11
-12 12
-10 10
-11 11
-11 11
-12 12
-11 11
-12 12
-10 10
-10 10
-11 11
-11 11
-11 11
-11 11
-12 12
-12 12
-12 12
-11 11
-11 11
-11 11
-12 12
-12 12
-12 12
-11 11
-12 12
-11 11
-11 11
-10 10
-11 11
-10 10
-11 11
-10 10
-10 10
-10 10
-10 10
-10 10
-10 10
-12 12
-11 11
-11 11
-10 10
-11 11
-11 11
-11 11
-10 10
-10 10
-10 10
-10 10
-12 12
-12 12
-11 11
-12 12
-10 10
-12 12
-10 10
-10 10
-12 12
-11 11
-11 11
-11 11
-11 11
-10 10
-12 12
-11 11
-11 11
-12 12
-10 10
-10 10
-10 10
-10 10
-10 10
-10 10
-11 11
-12 12
-10 10
-10 10
-12 12
-10 10
-11 11
-11 11
-12 12
-10 10
-11 11
-12 12
-11 11
-10 10
-12 12
-12 12
-11 11
-11 11
-10 10
-11 11
-10 10
-10 10
-10 10
-10 10
-11 11
-12 12
-10 10
-10 10
-11 11
-11 11
-11 11
-12 12
-12 12
-12 12
-10 10
-11 11
-12 12
-11 11
-11 11
-11 11
-11 11
-10 10
-10 10
-12 12
-10 10
-12 12
-10 10
-12 12
-10 10
-11 11
-10 10
-11 11
-10 10
-12 12
-11 11
-10 10
-12 12
-12 12
-12 12
-12 12
-10 10
-10 10
-12 12
-11 11
-12 12
-10 10
-11 11
-10 10
-12 12
-10 10
-10 10
-10 10
-10 10
-11 11
-12 12
-11 11
-11 11
-12 12
-10 10
-12 12
-12 12
-10 10
18 12
-12 12
-11 11
-10 10
-10 10
-10 10
-10 10
-12 12
-12 12
-10 11
1 11
-2 12
-11 11
-12 12
-10 10
-11 11
-11 11
-11 11
7 12
8 12
41 11
18 10
-11 11
-12 12
-11 11
-12 12
-12 12
-11 11
2 10
14 11
17 10
42 11
-1 10
-12 12
-11 11
-10 10
-12 12
-12 12
56 12
40 11
34 10
29 11
-12 12
-10 10
-10 10
-11 11
-11 11
-3 12
83 12
49 10
62 10
32 12
18 10
-11 11
-10 10
-11 11
-12 12
-1 12
13 11
30 11
56 10
50 11
-6 12
-10 10
-10 10
-10 10
-11 11
-6 10
19 12
100 11
142 12
77 11
29 10
-11 11
-10 10
-12 12
-10 10
-10 10
46 10
141 12
100 12
48 11
4 11
-10 10
-11 11
-11 11
-12 12
10 12
30 10
87 11
98 11
40 12
-0 11
-10 10
-11 11
-11 11
-10 10
-12 12
32 11
27 11
62 11
32 12
-8 10
-12 12
-10 10
-12 12
-10 10
-12 12
9 12
27 10
42 12
3 11
-2 12
-12 12
-11 11
-12 12
-12 12
-11 11
-10 11
16 12
14 11
-11 11
-10 10
-10 10
-11 11
-11 11
-11 11
-10 10
-10 10
-0 11
-12 12
-10 10
-12 12
-10 10
-10 10
-12 12
-11 11
-12 12
-11 11
-10 10
-12 12
-11 11
-10 10
-11 11
-11 11
-11 11
-10 10
-10 10
-10 10
-10 10
-11 11
-12 12
-12 12
-10 10
-12 12
-11 11
-12 12
-11 11
-11 11
-12 12
-12 12
-12 12
-11 11
-12 12
-10 10
-12 12
-12 12
-12 12
-10 10
-11 11
-11 11
-10 10
-11 11
-12 12
-11 11
-10 10
-10 10
-11 11
-12 12
-12 12
-10 10
-11 11
-10 10
-11 11
-10 10
-11 11
-10 10
-12 12
-12 12
-10 10
-12 12
-10 10
-12 12
-10 10
-12 12
-12 12
-12 12
-10 10
-10 10
-10 10
-11 11
-10 10
-12 12
-10 10
-11 11
-11 11
-12 12
-10 10
-11 11
-10 10
-11 11
-12 12
-12 12
-11 11
-10 10
-10 10
-12 12
-11 11
-11 11
-10 10
-12 12
-12 12
-12 12
-12 12
-12 12
-11 11
-12 12
-11 11
-12 12
-11 11
-11 11
-10 10
-11 11
-12 12
-10 10
-12 12
-12 12
-12 12
-12 12
-11 11
-10 10
-12 12
-11 11
-11 11
-10 10
-11 11
-10 10
-12 12
-12 12
-11 11
-11 11
-12 12
-10 10
-12 12
-12 12
-12 12
-10 10
-12 12
-11 11
-10 10
-12 12
-11 11
-12 12
-10 10
-11 11
-10 10
-10 10
-11 11
-11 11
-10 10
-11 11
-10 10
-10 10
-11 11
-10 10
-10 10
-11 11
-10 10
-12 12
-12 12
-12 12
-10 10
-12 12
-12 12
-10 10
-11 11
-11 11
-10 10
-12 12
-10 10
-10 10
-10 10
-10 10
-10 10
-11 11
-12 12
-11 11
-10 10
-12 12
-11 11
-10 10
-6 11
-12 12
-11 11
-12 12
-11 11
-12 12
-10 10
-10 10
-2 12
-4 10
-10 10
-11 11
-11 11
-12 12
-10 10
-12 12
-12 12
-10 10
6 10
14 12
-3 10
-10 10
-12 12
-11 11
-10 10
-11 11
-10 10
4 11
14 11
13 12
3 11
-10 10
-11 11
-11 11
-12 12
-12 12
-4 12
37 12
10 10
38 12
34 12
-11 11
-12 12
-11 11
-10 10
-10 10
-12 12
30 11
70 10
73 12
14 12
1 10
-10 10
-10 10
-10 10
-12 12
-10 12
37 11
84 12
72 12
41 10
-9 11
-12 12
-10 10
-12 12
-12 12
-6 12
31 10
41 10
32 11
16 10
-1 12
-12 12
-10 10
-12 12
-12 12
-10 10
19 11
58 11
96 11
46 12
18 10
-11 11
-12 12
-12 12
-12 12
8 12
34 11
54 11
102 12
17 10
7 11
-12 12
-10 10
-11 11
-12 12
-11 11
8 11
37 11
12 12
28 10
-10 10
-12 12
-10 10
-12 12
-11 11
-12 12
-11 11
5 11
15 11
-10 12
-12 12
-10 10
-11 11
-10 10
-10 10
-10 10
-10 10
11 11
-12 12
-8 10
-12 12
-12 12
-11 11
-11 11
-10 10
-10 10
-10 10
-11 11
-11 11
-10 10
-10 10
-11 11
-12 12
-12 12
-10 10
-11 11
-10 10
-11 11
-10 10
-11 11
-10 10
-11 11
-11 11
-12 12
-11 11
-12 12
-12 12
-11 11
-12 12
-12 12
-11 11
-10 10
-11 11
-10 10
-11 11
-10 10
-11 11
-10 10
-12 12
-11 11
-12 12
-11 11
-11 11
-12 12
-11 11
-12 12
-11 11
-10 10
-12 12
-11 11
-10 10
-12 12
-10 10
-10 10
-11 11
-11 11
-12 12
-12 12
-12 12
-10 10
-11 11
-12 12
-10 10
-10 10
-10 10
-10 10
-10 10
-11 11
-11 11
-12 12
-12 12
-12 12
-12 12
-11 11
-10 10
-12 12
-12 12
-12 12
-10 10
-11 11
-11 11
-10 10
-10 10
-10 10
-12 12
-12 12
-12 12
-10 10
-12 12
-10 10
-12 12
-10 10
-10 10
-11 11
-12 12
-11 11
-12 12
-10 10
-10 10
-12 12
-12 12
-11 11
-10 10
-11 11
-10 10
-10 10
-10 10
-10 10
-10 10
-10 10
-11 11
-10 10
-10 10
-10 10
-11 11
-12 12
-10 10
-12 12
-11 11
-11 11
-11 11
-12 12
-11 11
-10 10
-10 10
-10 10
-11 11
-11 11
-11 11
-12 12
-11 11
-10 10
-10 10
-11 11
-12 12
-12 12
-11 11
-10 10
-10 10
-12 12
-12 12
-11 11
-12 12
-10 10
-12 12
-10 10
-11 11
-10 10
-11 11
-10 10
-10 10
-11 11
-11 11
-11 11
-12 12
-11 11
-12 12
-10 10
-11 11
-11 11
-10 10
-10 10
-10 10
-10 10
-10 10
-10 10
-12 12
-12 12
-10 10
-12 12
-10 10
-10 10
-10 10
-11 11
-10 10
-10 10
-12 12
-12 12
-10 10
-11 11
-12 12
-10 10
-11 11
-11 11
-11 11
-11 11
-11 11
-12 12
-9 11
-10 10
-12 12
-12 12
-12 12
-10 10
-12 12
-11 11
-10 12
6 11
15 11
2 10
-12 12
-12 12
-10 10
-12 12
-11 11
-10 10
-3 11
21 11
15 12
35 11
0 11
-10 10
-12 12
-10 10
-12 12
-10 10
14 11
33 11
22 10
32 12
-10 12
-11 11
-12 12
-11 11
-10 10
-12 12
1 10
59 12
64 10
23 10
4 12
-12 12
-10 10
-12 12
-12 12
-5 10
13 10
74 11
68 11
105 12
-10 10
-12 12
-12 12
-12 12
-10 10
-11 11
12 12
96 11
85 11
41 12
2 12
-11 11
-10 10
-10 10
-12 12
-10 10
33 11
68 12
61 10
25 12
-9 10
-11 11
-11 11
-10 10
-11 11
-11 11
10 10
14 10
54 11
16 10
-12 12
-10 10
-10 10
-12 12
-11 11
-10 10
-9 12
52 12
8 12
4 11
-10 10
-11 11
-12 12
-11 11
-10 10
-12 12
-7 10
24 12
-0 10
-8 11
-11 11
-10 10
-10 10
-12 12
-10 10
-12 12
-12 12
-11 11
-3 10
-3 11
-11 11
-10 10
-12 12
-12 12
-10 10
-12 12
-10 10
-10 10
-10 10
-12 12
-12 12
-10 10
-12 12
-11 11
-10 10
-10 10
-12 12
-12 12
-10 10
-12 12
-12 12
-12 12
-11 11
-11 11
-11 11
-10 10
-10 10
-11 11
-10 10
-11 11
-11 11
-12 12
-12 12
-10 10
-12 12
-12 12
-12 12
-12 12
-12 12
-11 11
-10 10
-11 11
-12 12
-11 11
-12 12
-11 11
-10 10
-11 11
-12 12
-11 11
-10 10
-11 11
-10 10
-10 10
-12 12
-12 12
-10 10
-10 10
-10 10
-11 11
-11 11
-11 11
-10 10
-12 12
-12 12
-12 12
-11 11
-11 11
-12 12
-12 12
-12 12
-10 10
-10 10
-12 12
-12 12
-10 10
-12 12
-10 10
-11 11
-11 11
-11 11
-11 11
-12 12
-10 10
-10 10
-10 10
-11 11
-12 12
-10 10
-10 10
-12 12
-10 10
-12 12
-10 10
-10 10
-10 10
-12 12
-11 11
-12 12
-12 12
-12 12
-11 11
-11 11
-10 10
-11 11
-12 12
-11 11
-12 12
-12 12
-11 11
-11 11
-12 12
-10 10
-11 11
-10 10
-12 12
-11 11
-10 10
-11 11
-12 12
-12 12
-12 12
-11 11
-12 12
-10 10
-11 11
-11 11
-12 12
-11 11
-12 12
-10 10
-11 11
-12 12
-11 11
-10 10
-11 11
-12 12
-10 10
-11 11
-10 10
-11 11
-11 11
-10 10
-10 10
-12 12
-12 12
-10 10
-10 10
-12 12
-10 10
-11 11
-12 12
-11 11
-12 12
-12 12
-10 10
-11 11
-12 12
-12 12
-10 10
-10 10
-11 11
-12 12
-12 12
-11 11
-10 10
-12 12
-10 10
-10 10
-10 10
-11 11
-11 11
-11 11
-10 10
-11 11
-11 11
-11 11
-11 11
-10 10
-11 11
-11 11
-10 10
-11 11
-11 11
-12 12
-11 11
-10 10
-11 11
-2 11
-11 11
-11 11
-10 10
-11 11
-12 12
-10 10
-12 12
-12 12
-4 11
-1 10
-6 10
-10 10
-11 11
-11 11
-10 10
-12 12
-12 12
-10 10
19 10
1 10
-11 12
-11 11
-10 10
-10 10
-12 12
-11 11
-10 10
-3 12
16 11
28 11
2 11
-10 10
-12 12
-10 10
-11 11
-11 11
-10 10
7 11
27 12
19 11
6 11
-10 10
-12 12
-12 12
-11 11
-11 11
-10 10
12 10
32 12
30 12
10 12
-11 11
-10 10
-12 12
-11 11
-10 10
-10 12
9 12
41 11
54 11
29 10
-3 10
-11 11
-12 12
-12 12
-12 12
-12 12
19 10
12 12
12 11
6 10
-6 12
-11 11
-11 11
-10 10
-11 11
-2 11
17 10
37 11
42 12
-2 11
-11 11
-10 10
-12 12
-11 11
-10 10
-11 11
2 11
18 12
9 12
12 10
-10 10
-10 10
-12 12
-12 12
-10 10
-12 12
-12 12
-1 12
2 10
-11 11
-11 11
-11 11
-11 11
-10 10
-10 10
-10 10
-11 11
-12 12
-4 10
-10 10
-10 10
-10 10
-11 11
-10 10
-11 11
-10 10
-10 10
-11 11
-10 10
-12 12
-12 12
-11 11
-11 11
-10 10
-10 10
-12 12
-11 11
-11 11
-12 12
-11 11
-12 12
-12 12
-12 12
-11 11
-10 10
-11 11
-10 10
-12 12
-11 11
-11 11
-12 12
-12 12
-11 11
-12 12
-10 10
-12 12
-10 10
-12 12
-12 12
-12 12
-12 12
-12 12
-12 12
-10 10
-10 10
-11 11
-12 12
-12 12
-11 11
-12 12
-12 12
-10 10
-12 12
-12 12
-12 12
-10 10
-11 11
-12 12
-12 12
-11 11
-12 12
-11 11
-11 11
-10 10
-12 12
-12 12
-10 10
-10 10
-12 12
-10 10
-12 12
-11 11
-10 10
-10 10
-10 10
-10 10
-12 12
-12 12
-12 12
-11 11
-11 11
-10 10
-12 12
-12 12
-10 10
-10 10
-12 12
-10 10
-11 11
-12 12
-10 10
-12 12
-12 12
-12 12
-10 10
-12 12
-11 11
-10 10
-10 10
-12 12
-10 10
-11 11
-10 10
-10 10
-11 11
-10 10
-11 11
-11 11
-12 12
-12 12
-10 10
-11 11
-12 12
-10 10
-12 12
-12 12
-11 11
-12 12
-11 11
-11 11
-10 10
-11 11
-12 12
-12 12
-10 10
-11 11
-11 11
-11 11
-10 10
-12 12
-10 10
-12 12
-10 10
-12 12
-12 12
-12 12
-11 11
-12 12
-12 12
-11 11
-12 12
-11 11
-10 10
-12 12
-12 12
-12 12
-12 12
-12 12
-10 10
-10 10
-12 12
-10 10
-11 11
-12 12
-12 12
-11 11
-11 11
-10 10
-11 11
-12 12
-10 10
-12 12
-11 11
-11 11
-10 10
-12 12
-11 11
-11 11
-11 11
-12 12
-12 12
-12 12
-10 10
-11 11
-12 12
-11 11
-12 12
-11 11
-11 11
-11 11
-11 11
-10 10
-10 10
-11 11
-11 11
-12 12
-11 11
-7 10
-10 10
-10 10
-12 12
-12 12
-12 12
-10 10
-10 10
-11 11
-12 12
-3 11
-12 12
-10 10
-10 10
-12 12
-11 11
-10 10
-10 10
-11 11
-10 10
-11 11
-6 10
-11 11
-11 11
-10 10
-10 10
-12 12
-11 11
-12 12
-11 11
5 10
4 11
-8 12
-11 11
-11 11
-11 11
-12 12
-12 12
-11 11
1 12
-2 12
21 11
6 12
-11 11
-10 10
-12 12
-11 11
-10 10
-10 10
-5 10
7 10
26 10
9 10
-11 11
-11 11
-11 11
-10 10
-11 11
-11 11
-4 11
27 11
0 11
17 11
-12 12
-10 10
-10 10
-11 11
-10 10
-12 12
-3 12
41 12
36 10
-1 10
-12 12
-12 12
-11 11
-10 10
-10 10
-12 12
-2 10
2 12
12 12
17 11
-12 12
-10 10
-10 10
-11 11
-12 12
-12 12
-11 11
9 11
3 12
11 10
-10 10
-10 10
-12 12
-10 10
-12 12
-10 10
-11 11
-8 10
-12 12
-12 12
-10 10
-11 11
-11 11
-12 12
-12 12
-11 11
-10 10
-10 10
-12 12
-10 10
-12 12
-10 10
-11 11
-11 11
-11 11
-11 11
-11 11
-12 12
-11 11
-11 11
-12 12
-10 10
-11 11
-12 12
-10 10
-11 11
-10 10
-12 12
-11 11
-10 10
-12 12
-10 10
-10 10
-10 10
-12 12
-11 11
-11 11
-11 11
-10 10
-11 11
-10 10
-10 10
-12 12
-12 12
-10 10
-11 11
-10 10
-12 12
-12 12
-11 11
-11 11
-11 11
-10 10
-12 12
-12 12
-12 12
-11 11
-10 10
-10 10
-10 10
-11 11
-12 12
-12 12
-12 12
-11 11
-10 10
-12 12
-10 10
-12 12
-10 10
-11 11
-11 11
-12 12
-10 10
-12 12
-11 11
-12 12
-12 12
-12 12
-11 11
-10 10
-10 10
-10 10
-10 10
-10 10
-10 10
-10 10
-10 10
-11 11
-11 11
-12 12
-10 10
-12 12
-11 11
-12 12
-11 11
-12 12
-11 11
-10 10
-12 12
-12 12
-10 10
-11 11
-10 10
-11 11
-12 12
-11 11
-11 11
-10 10
-11 11
-11 11
-11 11
-10 10
-11 11
-10 10
-11 11
-12 12
-12 12
-10 10
-12 12
-12 12
-10 10
-12 12
-10 10
-10 10
-11 11
-11 11
-12 12
-11 11
-11 11
-12 12
-10 10
-11 11
-10 10
-11 11
-12 12
-12 12
-10 10
-11 11
-10 10
-10 10
-12 12
-11 11
-10 10
-10 10
-10 10
-11 11
-10 10
-12 12
-12 12
-12 12
-10 10
-11 11
-12 12
-10 10
-12 12
-11 11
-12 12
-11 11
-12 12
-10 10
-11 11
-11 11
-10 10
-12 12
-10 10
-10 10
-10 10
-10 10
-10 10
-12 12
-10 10
-10 10
-11 11
-11 11
-12 12
-10 10
-12 12
-10 10
-10 10
-10 10
-10 10
-10 10
-12 12
-10 10
-10 10
-10 10
-10 10
-11 11
-11 11
-10 10
-11 11
-12 12
-10 10
-12 12
-10 10
-12 12
-12 12
-10 10
-12 12
-12 12
-12 12
-12 12
-12 12
-12 12
-11 11
-11 11
-10 10
-12 12
-11 11
-10 10
-10 10
-11 11
-12 12
-11 11
-11 11
-10 10
-10 11
-10 10
-0 11
-11 11
-11 11
-10 10
-12 12
-10 10
-10 10
-11 11
-10 10
-6 10
-7 11
-11 11
-12 12
-12 12
-12 12
-10 10
-11 11
-12 12
2 10
-12 12
-9 11
-10 10
-11 11
-10 10
-10 10
-10 10
-10 10
-9 12
43 12
-3 11
10 12
-10 10
-11 11
-11 11
-12 12
-12 12
-12 12
8 12
6 10
12 10
9 11
-11 11
-12 12
-11 11
-10 10
-11 11
-12 12
-8 11
16 10
8 11
-10 12
-11 11
-12 12
-12 12
-11 11
-10 10
-10 10
-10 10
-9 10
31 11
-11 11
-11 11
-10 10
-10 10
-10 10
-10 10
-10 10
-11 11
-9 10
3 12
-12 12
-12 12
-10 10
-11 11
-11 11
-11 11
-12 12
-11 11
-10 10
-6 11
-10 10
-11 11
-10 10
-11 11
-10 10
-11 11
-12 12
-12 12
-10 10
-11 11
-10 10
-12 12
-10 10
-12 12
-10 10
-12 12
-11 11
-12 12
-10 10
-12 12
-11 11
-12 12
-10 10
-12 12
-11 11
-11 11
-10 10
-12 12
-11 11
-12 12
-12 12
-12 12
-10 10
-12 12
-11 11
-12 12
-12 12
-11 11
-12 12
-10 10
-12 12
-11 11
-11 11
-11 11
-12 12
-12 12
-10 10
-11 11
-12 12
-12 12
-10 10
-10 10
-10 10
-11 11
-11 11
-10 10
-11 11
-12 12
-10 10
-10 10
-10 10
-10 10
-10 10
-12 12
-11 11
-10 10
-11 11
-10 10
-10 10
-12 12
-11 11
-10 10
-11 11
-10 10
-11 11
-11 11
-10 10
-11 11
-12 12
-12 12
-11 11
-10 10
-12 12
-12 12
-11 11
-12 12
-10 10
-10 10
-10 10
-12 12
-12 12
-12 12
-11 11
-11 11
-11 11
-12 12
-10 10
-12 12
-12 12
-10 10
-11 11
-11 11
-12 12
-12 12
-11 11
-10 10
-10 10
-11 11
-12 12
-11 11
-11 11
-10 10
-11 11
-11 11
-11 11
-11 11
-12 12
-12 12
-11 11
-10 10
-12 12
-10 10
-11 11
-10 10
-11 11
-11 11
-11 11
-10 10
-11 11
-11 11
-12 12
-12 12
-10 10
-12 12
-12 12
-10 10
-11 11
-11 11
-10 10
-11 11
-11 11
-10 10
-10 10
-11 11
-11 11
-12 12
-11 11
-10 10
-10 10
-12 12
-10 10
-12 12
-10 10
-12 12
-10 10
-11 11
-10 10
-10 10
-11 11
-10 10
-10 10
-12 12
-10 10
-12 12
-11 11
-11 11
-10 10
-12 12
-11 11
-11 11
-11 11
-11 11
-11 11
-12 12
-10 10
-12 12
-11 11
-10 10
-11 11
-12 12
-11 11
-10 10
-12 12
-11 11
-12 12
-10 10
-11 11
-10 10
-10 10
-12 12
-11 11
-10 10
-10 10
-11 11
-10 10
-12 12
-11 11
-12 12
-12 12
-10 10
-12 12
-12 12
-10 10
-10 10
-12 12
-12 12
-12 12
-10 10
-11 11
-12 12
-10 10
-11 11
-11 11
-12 12
-11 11
-12 12
-10 10
-10 10
-8 11
-11 11
-12 12
-11 11
-12 12
-12 12
-12 12
-11 11
-10 10
-11 11
-5 11
-12 12
-12 12
-12 12
-10 10
-10 10
-11 11
-12 12
-10 10
-11 11
-3 11
-5 11
-9 10
-10 10
-11 11
-10 10
-11 11
-11 11
-12 12
-10 10
5 12
13 12
-12 12
-11 11
-10 10
-12 12
-12 12
-10 10
-11 11
-10 11
4 12
25 10
-12 12
-12 12
-11 11
-12 12
-10 10
-12 12
-11 11
-10 10
-1 10
-9 11
-10 10
-10 10
-10 10
-10 10
-11 11
-11 11
-12 12
-10 10
-10 10
0 12
-12 12
-11 11
-12 12
-11 11
-12 12
-12 12
-11 11
-11 11
-10 10
-3 10
-9 11
-11 11
-12 12
-10 10
-11 11
-11 11
-11 11
-11 11
-10 10
-11 11
-11 11
-10 10
-12 12
-12 12
-11 11
-12 12
-10 10
-10 10
-12 12
-12 12
-11 11
-10 10
-11 11
-10 10
-11 11
-11 11
-11 11
-11 11
-12 12
-12 12
-11 11
-10 10
-12 12
-11 11
-10 10
-12 12
-10 10
-10 10
-10 10
-11 11
-10 10
-11 11
-10 10
-10 10
-12 12
-11 11
-12 12
-10 10
-10 10
-12 12
-10 10
-11 11
-10 10
-12 12
-10 10
-11 11
-12 12
-12 12
-10 10
-12 12
-12 12
-11 11
-11 11
-12 12
-10 10
-10 10
-11 11
-11 11
-10 10
-12 12
-10 10
-10 10
-12 12
-10 10
-11 11
-10 10
-12 12
-10 10
-10 10
-11 11
-10 10
-12 12
-11 11
-11 11
-10 10
-11 11
-11 11
-10 10
-12 12
-10 10
-11 11
-11 11
-10 10
-11 11
-11 11
-12 12
-10 10
-10 10
-10 10
-12 12
-12 12
-10 10
-12 12
-12 12
-11 11
-12 12
-12 12
-10 10
-11 11
-12 12
-11 11
-11 11
-11 11
-12 12
-10 10
-12 12
-12 12
-10 10
-12 12
-10 10
-12 12
-12 12
-10 10
-10 10
-11 11
-12 12
-10 10
-12 12
-10 10
-12 12
-10 10
-12 12
-11 11
-11 11
-11 11
-12 12
-10 10
-12 12
-10 10
-11 11
-11 11
-11 11
-10 10
-12 12
-12 12
-12 12
-11 11
-11 11
-12 12
-11 11
-11 11
-11 11
-11 11
-12 12
-11 11
-12 12
-11 11
-11 11
-11 11
-11 11
-10 10
-12 12
-10 10
-12 12
-12 12
-11 11
-12 12
-11 11
-12 12
-11 11
-12 12
-10 10
-11 11
-12 12
-10 10
-10 10
-11 11
-10 10
-11 11
-11 11
-10 10
-11 11
-10 10
-11 11
-11 11
-11 11
-11 11
-10 10
-10 10
-10 10
-10 10
-12 12
-11 11
-10 10
-11 11
-10 10
-10 10
-11 11
-11 11
-12 12
-12 12
-11 11
-10 10
-11 11
-11 11
-11 11
-12 12
-10 10
-10 10
-11 11
-11 11
-12 12
-12 12
-11 11
-12 12
-10 10
-12 12
-11 11
-12 12
-12 12
-10 10
-12 12
-12 12
-12 12
-11 11
-10 10
-11 11
-10 10
-12 12
-12 12
-10 10
-10 10
-10 10
-11 11
-11 11
-10 10
-12 12
-10 10
-10 10
-12 12
-11 11
-12 12
-11 11
-11 11
-10 10
-11 11
-11 11
-12 12
-12 12
-11 11
-11 11
-11 11
-10 10
-10 10
-10 10
-11 11
-12 12
-8 11
-12 12
-12 12
-10 10
-11 11
-11 11
-11 11
-11 11
-10 10
-10 10
-11 11
-12 12
-9 10
-11 11
-11 11
-10 10
-12 12
-12 12
-11 11
-12 12
-11 11
-10 10
12 10
-11 11
-12 12
-12 12
-11 11
-11 11
-10 10
-10 10
-11 11
-11 12
-11 11
-11 11
-12 12
-11 11
-10 10
-12 12
-10 10
-10 10
-12 12
-12 12
-11 11
-10 10
-12 12
-10 10
-12 12
-11 11
-11 11
-12 12
-11 11
-12 12
-12 12
-10 10
-12 12
-12 12
-12 12
-10 10
-10 10
-12 12
-12 12
-12 12
-10 10
-11 11
-12 12
-11 11
-11 11
-10 10
-11 11
-12 12
-12 12
-12 12
-10 10
-12 12
-12 12
-12 12
-11 11
-12 12
-10 10
-11 11
-10 10
-10 10
-12 12
-11 11
-10 10
-12 12
-11 11
-11 11
-11 11
-10 10
-11 11
-10 10
-12 12
-11 11
-10 10
-11 11
-10 10
-12 12
-12 12
-11 11
-11 11
-11 11
-12 12
-10 10
-12 12
-12 12
-11 11
-12 12
-10 10
-12 12
-10 10
-12 12
-12 12
-11 11
-12 12
-10 10
-12 12
-11 11
-11 11
-11 11
-11 11
-11 11
-11 11
-10 10
-11 11
-12 12
-12 12
-12 12
-11 11
-12 12
-11 11
-12 12
-11 11
-11 11
-11 11
-12 12
-10 10
-12 12
-10 10
-11 11
-12 12
-12 12
-12 12
-11 11
-12 12
-10 10
-11 11
-11 11
-12 12
-10 10
-10 10
-11 11
-12 12
-11 11
-10 10
-10 10
-11 11
-10 10
-10 10
-10 10
-11 11
-11 11
-10 10
-10 10
-10 10
-10 10
-11 11
-12 12
-11 11
-10 10
-10 10
-11 11
-10 10
-11 11
-10 10
-11 11
-11 11
-11 11
-12 12
-12 12
-10 10
-11 11
-10 10
-10 10
-10 10
-11 11
-11 11
-11 11
-11 11
-12 12
-10 10
-10 10
-11 11
-12 12
-10 10
-10 10
-10 10
-11 11
-12 12
-11 11
-11 11
-10 10
-11 11
-10 10
-12 12
-10 10
-12 12
-11 11
-11 11
-11 11
-12 12
-11 11
-12 12
-11 11
-10 10
-10 10
-10 10
-12 12
-12 12
-10 10
-11 11
-11 11
-11 11
-10 10
-10 10
-10 10
-12 12
-12 12
-11 11
-12 12
-10 10
-12 12
-10 10
-12 12
-10 10
-10 10
-12 12
-10 10
-11 11
-11 11
-10 10
-11 11
-12 12
-10 10
-11 11
-10 10
-11 11
-10 10
-11 11
-12 12
-11 11
-10 10
-12 12
-10 10
-10 10
-12 12
-12 12
-12 12
-11 11
-10 10
-12 12
-11 11
-12 12
-11 11
-11 11
-11 11
-11 11
-12 12
-10 10
-10 10
-12 12
-12 12
-12 12
-11 11
-12 12
-10 10
-10 10
-12 12
-10 10
-12 12
-12 12
-10 10
-11 11
-10 10
-10 10
-11 11
-10 10
-10 10
-11 11
-12 12
-12 12
-12 12
-12 12
-10 10
-11 11
-10 10
-10 10
-10 10
-10 10
-12 12
-12 12
-12 12
-11 11
-10 10
-10 10
-11 11
-12 12
-12 12
-12 12
-11 11
-12 12
-10 10
-10 10
-11 11
-12 12
-12 12
-10 10
-12 12
-11 11
-12 12
-12 12
-11 11
-10 10
-11 11
-10 10
-10 10
-11 11
-12 12
-12 12
-11 11
-10 10
-11 11
-10 10
-7 12
-10 10
-10 10
-12 12
-11 11
-10 10
-11 11
-10 10
-12 12
-10 10
-12 12
-10 10
-10 10
-12 12
-12 12
-10 10
-12 12
-11 11
-10 10
-10 10
-11 11
-12 12
-10 10
-10 10
-10 10
-11 11
-10 10
-12 12
-10 10
-11 11
-12 12
-11 11
-11 11
-11 11
-11 11
-11 11
-12 12
-10 10
-12 12
-10 10
-12 12
-10 10
-11 11
-10 10
-10 10
-10 10
-11 11
-12 12
-11 11
-11 11
-11 11
-12 12
-12 12
-12 12
-12 12
-11 11
-10 10
-10 10
-12 12
-10 10
-12 12
-11 11
-12 12
-12 12
-12 12
-12 12
-12 12
-12 12
-10 10
-12 12
-12 12
-10 10
-11 11
-10 10
-10 10
-12 12
-12 12
-11 11
-12 12
-12 12
-11 11
-11 11
-12 12
-10 10
-10 10
-11 11
-11 11
-11 11
-10 10
-11 11
-10 10
-11 11
-12 12
-12 12
-10 10
-10 10
-10 10
-11 11
-11 11
-11 11
-10 10
-10 10
-12 12
-11 11
-10 10
-10 10
-10 10
-11 11
-10 10
-11 11
-11 11
-10 10
-12 12
-10 10
-11 11
-11 11
-11 11
-10 10
-10 10
-11 11
-11 11
-10 10
-12 12
-12 12
-11 11
-11 11
-10 10
-11 11
-11 11
-10 10
-10 10
-10 10
-12 12
-10 10
-10 10
-10 10
-12 12
-12 12
-10 10
-12 12
-12 12
-12 12
-11 11
-12 12
-12 12
-11 11
-12 12
-11 11
-12 12
-10 10
-12 12
-12 12
-12 12
-11 11
-11 11
-10 10
-10 10
-11 11
-12 12
-11 11
-12 12
-11 11
-12 12
-10 10
-12 12
-11 11
-12 12
-10 10
-12 12
-12 12
-11 11
-11 11
-12 12
-11 11
-11 11
-11 11
-10 10
-12 12
-10 10
-11 11
-11 11
-12 12
-12 12
-12 12
-12 12
-10 10
-12 12
-10 10
-10 10
-10 10
-11 11
-11 11
-12 12
-11 11
-12 12
-11 11
-11 11
-12 12
-12 12
-12 12
-10 10
-10 10
-12 12
-12 12
-12 12
-12 12
-11 11
-10 10
-12 12
-10 10
-12 12
-10 10
-12 12
-11 11
-10 10
-12 12
-10 10
-11 11
-10 10
-11 11
-12 12
-12 12
-11 11
-10 10
-12 12
-10 10
-12 12
-10 10
-12 12
-10 10
-10 10
-12 12
-11 11
-10 10
-11 11
-12 12
-10 10
-11 11
-10 10
-11 11
-12 12
-11 11
-11 11
-11 11
-11 11
-12 12
-11 11
-11 11
-11 11
-10 10
-10 10
-12 12
-11 11
-12 12
-11 11
-11 11
-10 10
-10 10
-12 12
-10 10
-11 11
-11 11
-11 11
-12 12
-12 12
-10 10
-12 12
-11 11
-10 10
-10 10
-10 10
-10 10
-10 10
-12 12
-10 10
-10 10
-10 10
-10 10
-10 10
-12 12
-10 10
-11 11
-10 10
-12 12
-11 11
-12 12
-12 12
-10 10
-12 12
-12 12
-10 10
-10 10
-12 12
-10 10
-10 10
-11 11
-11 11
-11 11
-10 10
-11 11
-11 11
-12 12
-11 11
-12 12
-10 10
-11 11
-10 10
-11 11
-11 11
-12 12
-11 11
-10 10
-11 11
-11 11
-11 11
-10 10
-10 10
-11 11
-12 12
-12 12
-11 11
-11 11
-10 10
-11 11
-11 11
-11 11
-10 10
-10 10
-12 12
-10 10
-12 12
-10 10
-11 11
-10 10
-12 12
-10 10
-12 12
-12 12
-10 10
-10 10
-10 10
-10 10
-11 11
-12 12
-10 10
-11 11
-11 11
-11 11
-12 12
-11 11
-10 10
-10 10
-11 11
-10 10
-10 10
-11 11
-10 10
-11 11
-12 12
-11 11
-12 12
-11 11
-10 10
-10 10
-11 11
-11 11
-11 11
-12 12
-12 12
-10 10
-10 10
-12 12
-12 12
-11 11
-10 10
-12 12
-11 11
-10 10
-10 10
-12 12
-11 11
-12 12
-12 12
-10 10
-10 10
-10 10
-10 10
-10 10
-11 11
-10 10
-10 10
-11 11
-12 12
-10 10
-11 11
-12 12
-12 12
-10 10
-12 12
-11 11
-12 12
-10 10
-10 10
-10 10
-12 12
-10 10
-10 10
-12 12
-12 12
-11 11
-11 11
-11 11
-10 10
-11 11
-10 10
-11 11
-12 12
-11 11
-12 12
-12 12
-11 11
-10 10
-12 12
-10 10
-10 10
-11 11
-11 11
-11 11
-10 10
-12 12
-11 11
-10 10
-11 11
-11 11
-10 10
-11 11
-10 10
-10 10
-10 10
-11 11
-12 12
-12 12
-10 10
-10 10
-12 12
-10 10
-12 12
-10 10
-11 11
-11 11
-12 12
-10 10
-12 12
-12 12
-10 10
-10 10
-10 10
-12 12
-10 10
-12 12
-10 10
-10 10
-11 11
-12 12
-11 11
-10 10
-10 10
-11 11
-12 12
-11 11
-10 10
-10 10
-10 10
-10 10
-10 10
-12 12
-11 11
-11 11
-12 12
-11 11
-11 11
-11 11
-10 10
-10 10
-11 11
-10 10
-10 10
-12 12
-10 10
-10 10
-10 10
-11 11
-10 10
-12 12
-11 11
-12 12
-11 11
-10 10
-10 10
-11 11
-10 10
-11 11
-11 11
-11 11
-12 12
-12 12
-10 10
-12 12
-12 12
-10 10
-12 12
-12 12
-11 11
-12 12
-11 11
-11 11
-11 11
-12 12
-11 11
-11 11
-11 11
-10 10
-10 10
-10 10
-12 12
-11 11
-10 10
-10 10
-11 11
-12 12
-12 12
-10 10
-11 11
-11 11
-10 10
-11 11
-11 11
-11 11
-12 12
-11 11
-11 11
-10 10
-12 12
-11 11
-10 10
-12 12
-12 12
-10 10
-11 11
-10 10
-12 12
-10 10
-12 12
-11 11
-12 12
-11 11
-11 11
-10 10
-12 12
-12 12
-11 11
-12 12
-11 11
-11 11
-11 11
-12 12
-12 12
-12 12
-11 11
-11 11
-11 11
-12 12
-10 10
-11 11
-11 11
-11 11
-12 12
-11 11
-12 12
-11 11
-12 12
-10 10
-12 12
-10 10
-10 10
-11 11
-12 12
-11 11
-11 11
-10 10
-10 10
-12 12
-10 10
-11 11
-11 11
-11 11
-11 11
-12 12
-11 11
-11 11
-10 10
-11 11
-11 11
-11 11
-12 12
-10 10
-10 10
-10 10
-10 10
-10 10
-12 12
-10 10
-10 10
-10 10
-12 12
-10 10
-11 11
-11 11
-12 12
-12 12
-10 10
-11 11
-12 12
-11 11
-11 11
-10 10
-11 11
-11 11
-11 11
-12 12
-11 11
-12 12
-10 10
-11 11
-10 10
-12 12
-11 11
-12 12
-10 10
-12 12
-10 10
-10 10
-11 11
-10 10
-12 12
-11 11
-12 12
-10 10
-10 10
-12 12
-12 12
-10 10
-10 10
-11 11
-12 12
-10 10
-12 12
-12 12
-10 10
-12 12
-11 11
-10 10
-12 12
-12 12
-12 12
-12 12
-10 10
-11 11
-11 11
-11 11
-12 12
-11 11
-12 12
-11 11
-12 12
-11 11
-10 10
-12 12
-11 11
-12 12
-11 11
-12 12
-11 11
-12 12
-11 11
-11 11
-12 12
-12 12
-11 11
-10 10
-12 12
-10 10
-10 10
-10 10
-12 12
-11 11
-12 12
-10 10
-11 11
-11 11
-10 10
-11 11
-12 12
-10 10
-10 10
-10 10
-12 12
-12 12
-11 11
-10 10
-11 11
-11 11
-11 11
-10 10
-10 10
-12 12
-11 11
-11 11
-12 12
-12 12
-10 10
-12 12
-11 11
-11 11
-11 11
-12 12
-10 10
-12 12
-12 12
-11 11
-12 12
-10 10
-10 10
-10 10
-10 10
-10 10
-10 10
-11 11
-12 12
-11 11
-11 11
-11 11
-11 11
-10 10
-11 11
-10 10
-12 12
-11 11
-11 11
-11 11
-10 10
-11 11
-11 11
-12 12
-12 12
-12 12
-11 11
-12 12
-11 11
-11 11
-11 11
-10 10
-11 11
-11 11
-10 10
-12 12
-10 10
-11 11
-10 10
-10 10
-10 10
-11 11
-10 10
-10 10
-10 10
-10 10
-11 11
-12 12
-12 12
-10 10
-10 10
-10 10
-12 12
-11 11
-11 11
-11 11
-11 11
-10 10
-12 12
-10 10
-11 11
-12 12
-10 10
-11 11
-12 12
-12 12
-10 10
-12 12
-11 11
-10 10
-11 11
-11 11
-11 11
-10 10
-10 10
-11 11
-11 11
-12 12
-10 10
-11 11
-10 10
-10 10
-10 10
-10 10
-12 12
-11 11
-11 11
-12 12
-10 10
-10 10
-11 11
-12 12
-12 12
-10 10
-11 11
-11 11
-11 11
-12 12
-11 11
-10 10
-10 10
-12 12
-12 12
-12 12
-11 11
-11 11
-12 12
-12 12
-11 11
-10 10
-12 12
-11 11
-11 11
-11 11
-11 11
-11 11
-11 11
-11 11
-12 12
-12 12
-10 10
-11 11
-12 12
-10 10
-11 11
-11 11
-12 12
-12 12
-12 12
-11 11
-10 10
-12 12
-10 10
-10 10
-11 11
-11 11
-11 11
-11 11
-11 11
-12 12
-11 11
-12 12
-12 12
-12 12
-11 11
-10 10
-12 12
-12 12
-10 10
-10 10
-11 11
-10 10
-10 10
-11 11
-12 12
-10 10
-11 11
-12 12
-12 12
-11 11
-10 10
-10 10
-12 12
-10 10
-12 12
-12 12
-12 12
-10 10
-11 11
-12 12
-10 10
-11 11
-12 12
-11 11
-10 10
-10 10
-12 12
-10 10
-12 12
-11 11
-11 11
-10 10
-12 12
-10 10
-12 12
-10 10
-10 10
-10 10
-11 11
-12 12
-10 10
-11 11
-10 10
-12 12
-10 10
-11 11
-10 10
-11 11
-11 11
-12 12
-11 11
-12 12
-11 11
-10 10
-12 12
-10 10
-10 10
-10 10
-12 12
-12 12
-12 12
-11 11
-10 10
-10 10
-10 10
-10 10
-10 10
-12 12
-10 10
-10 10
-11 11
-12 12
-10 10
-11 11
-12 12
-11 11
311 0
312 1
313 2
314 3
315 4
316 5
317 6
318 7
319 8
321 10
322 11
323 12
324 13
325 14
326 15
327 16
328 17
329 18
331 20
332 21
333 22
334 23
335 24
336 25
337 26
338 27
339 28
341 30
342 31
343 32
344 33
345 34
346 35
347 36
348 37
349 38
351 40
352 41
353 42
354 43
355 44
356 45
357 46
358 47
359 48
361 50
362 51
363 52
364 53
365 54
366 55
367 56
368 57
369 58
371 60
372 61
373 62
374 63
375 64
376 65
377 66
378 67
379 68
381 70
382 71
383 72
384 73
385 74
386 75
387 76
388 77
389 78
391 80
392 81
393 82
394 83
395 84
396 85
397 86
398 87
399 88
401 90
402 91
403 92
404 93
405 94
406 95
407 96
408 97
409 98
411 100
412 101
413 102
414 103
415 104
416 105
417 106
418 107
419 108
421 110
422 111
423 112
424 113
425 114
426 115
427 116
428 117
429 118
431 120
432 121
433 122
434 123
435 124
436 125
437 126
438 127
439 128
441 130
442 131
443 132
444 133
445 134
446 135
447 136
448 137
449 138
451 140
452 141
453 142
454 143
455 144
456 145
457 146
458 147
459 148
461 150
462 151
463 152
464 153
465 154
466 155
467 156
468 157
469 158
471 160
472 161
473 162
474 163
475 164
476 165
477 166
478 167
479 168
481 170
482 171
483 172
484 173
485 174
486 175
487 176
488 177
489 178
491 180
492 181
493 182
494 183
495 184
496 185
497 186
498 187
499 188
501 190
502 191
503 192
504 193
505 194
506 195
507 196
508 197
509 198
511 200
512 201
513 202
514 203
515 204
516 205
517 206
518 207
519 208
521 210
522 211
523 212
524 213
525 214
526 215
527 216
528 217
529 218
531 220
532 221
533 222
534 223
535 224
536 225
537 226
538 227
539 228
541 230
542 231
543 232
544 233
545 234
546 235
547 236
548 237
549 238
551 240
552 241
553 242
554 243
555 244
556 245
557 246
558 247
559 248
561 250
562 251
563 252
564 253
565 254
566 255
567 256
568 257
569 258
571 260
572 261
573 262
574 263
575 264
576 265
577 266
578 267
579 268
581 270
582 271
583 272
584 273
585 274
586 275
587 276
588 277
589 278
591 280
592 281
593 282
594 283
595 284
596 285
597 286
598 287
599 288
611 300
612 301
613 302
614 303
615 304
616 305
617 306
618 307
619 308
621 310
622 311
623 312
624 313
625 314
626 315
627 316
628 317
629 318
631 320
632 321
633 322
634 323
635 324
636 325
637 326
638 327
639 328
641 330
642 331
643 332
644 333
645 334
646 335
647 336
648 337
649 338
651 340
652 341
653 342
654 343
655 344
656 345
657 346
658 347
659 348
661 350
662 351
663 352
664 353
665 354
666 355
667 356
668 357
669 358
671 360
672 361
673 362
674 363
675 364
676 365
677 366
678 367
679 368
681 370
682 371
683 372
684 373
685 374
686 375
687 376
688 377
689 378
691 380
692 381
693 382
694 383
695 384
696 385
697 386
698 387
699 388
701 390
702 391
703 392
704 393
705 394
706 395
707 396
708 397
709 398
711 400
712 401
713 402
714 403
715 404
716 405
717 406
718 407
719 408
721 410
722 411
723 412
724 413
725 414
726 415
727 416
728 417
729 418
731 420
732 421
733 422
734 423
735 424
736 425
737 426
738 427
739 428
741 430
742 431
743 432
744 433
745 434
746 435
747 436
748 437
749 438
751 440
752 441
753 442
754 443
755 444
756 445
757 446
758 447
759 448
761 450
762 451
763 452
764 453
765 454
766 455
767 456
768 457
769 458
771 460
772 461
773 462
774 463
775 464
776 465
777 466
778 467
779 468
781 470
782 471
783 472
784 473
785 474
786 475
787 476
788 477
789 478
791 480
792 481
793 482
794 483
795 484
796 485
797 486
798 487
799 488
801 490
802 491
803 492
804 493
805 494
806 495
807 496
808 497
809 498
811 500
812 501
813 502
814 503
815 504
816 505
817 506
818 507
819 508
821 510
822 511
823 512
824 513
825 514
826 515
827 516
828 517
829 518
831 520
832 521
833 522
834 523
835 524
836 525
837 526
838 527
839 528
841 530
842 531
843 532
844 533
845 534
846 535
847 536
848 537
849 538
851 540
852 541
853 542
854 543
855 544
856 545
857 546
858 547
859 548
861 550
862 551
863 552
864 553
865 554
866 555
867 556
868 557
869 558
871 560
872 561
873 562
874 563
875 564
876 565
877 566
878 567
879 568
881 570
882 571
883 572
884 573
885 574
886 575
887 576
888 577
889 578
891 580
892 581
893 582
894 583
895 584
896 585
897 586
898 587
899 588
911 600
912 601
913 602
914 603
915 604
916 605
917 606
918 607
919 608
921 610
922 611
923 612
924 613
925 614
926 615
927 616
928 617
929 618
931 620
932 621
933 622
934 623
935 624
936 625
937 626
938 627
939 628
941 630
942 631
943 632
944 633
945 634
946 635
947 636
948 637
949 638
951 640
952 641
953 642
954 643
955 644
956 645
957 646
958 647
959 648
961 650
962 651
963 652
964 653
965 654
966 655
967 656
968 657
969 658
971 660
972 661
973 662
974 663
975 664
976 665
977 666
978 667
979 668
981 670
982 671
983 672
984 673
985 674
986 675
987 676
988 677
989 678
991 680
992 681
993 682
994 683
995 684
996 685
997 686
998 687
999 688
1001 690
1002 691
1003 692
1004 693
1005 694
1006 695
1007 696
1008 697
1009 698
1011 700
1012 701
1013 702
1014 703
1015 704
1016 705
1017 706
1018 707
1019 708
1021 710
1022 711
1023 712
1024 713
1025 714
1026 715
1027 716
1028 717
1029 718
1031 720
1032 721
1033 722
1034 723
1035 724
1036 725
1037 726
1038 727
1039 728
1041 730
1042 731
1043 732
1044 733
1045 734
1046 735
1047 736
1048 737
1049 738
1051 740
1052 741
1053 742
1054 743
1055 744
1056 745
1057 746
1058 747
1059 748
1061 750
1062 751
1063 752
1064 753
1065 754
1066 755
1067 756
1068 757
1069 758
1071 760
1072 761
1073 762
1074 763
1075 764
1076 765
1077 766
1078 767
1079 768
1081 770
1082 771
1083 772
1084 773
1085 774
1086 775
1087 776
1088 777
1089 778
1091 780
1092 781
1093 782
1094 783
1095 784
1096 785
1097 786
1098 787
1099 788
1101 790
1102 791
1103 792
1104 793
1105 794
1106 795
1107 796
1108 797
1109 798
1111 800
1112 801
1113 802
1114 803
1115 804
1116 805
1117 806
1118 807
1119 808
1121 810
1122 811
1123 812
1124 813
1125 814
1126 815
1127 816
1128 817
1129 818
1131 820
1132 821
1133 822
1134 823
1135 824
1136 825
1137 826
1138 827
1139 828
1141 830
1142 831
1143 832
1144 833
1145 834
1146 835
1147 836
1148 837
1149 838
1151 840
1152 841
1153 842
1154 843
1155 844
1156 845
1157 846
1158 847
1159 848
1161 850
1162 851
1163 852
1164 853
1165 854
1166 855
1167 856
1168 857
1169 858
1171 860
1172 861
1173 862
1174 863
1175 864
1176 865
1177 866
1178 867
1179 868
1181 870
1182 871
1183 872
1184 873
1185 874
1186 875
1187 876
1188 877
1189 878
1191 880
1192 881
1193 882
1194 883
1195 884
1196 885
1197 886
1198 887
1199 888
1211 900
1212 901
1213 902
1214 903
1215 904
1216 905
1217 906
1218 907
1219 908
1221 910
1222 911
1223 912
1224 913
1225 914
1226 915
1227 916
1228 917
1229 918
1231 920
1232 921
1233 922
1234 923
1235 924
1236 925
1237 926
1238 927
1239 928
1241 930
1242 931
1243 932
1244 933
1245 934
1246 935
1247 936
1248 937
1249 938
1251 940
1252 941
1253 942
1254 943
1255 944
1256 945
1257 946
1258 947
1259 948
1261 950
1262 951
1263 952
1264 953
1265 954
1266 955
1267 956
1268 957
1269 958
1271 960
1272 961
1273 962
1274 963
1275 964
1276 965
1277 966
1278 967
1279 968
1281 970
1282 971
1283 972
1284 973
1285 974
1286 975
1287 976
1288 977
1289 978
1291 980
1292 981
1293 982
1294 983
1295 984
1296 985
1297 986
1298 987
1299 988
1301 990
1302 991
1303 992
1304 993
1305 994
1306 995
1307 996
1308 997
1309 998
1311 1000
1312 1001
1313 1002
1314 1003
1315 1004
1316 1005
1317 1006
1318 1007
1319 1008
1321 1010
1322 1011
1323 1012
1324 1013
1325 1014
1326 1015
1327 1016
1328 1017
1329 1018
1331 1020
1332 1021
1333 1022
1334 1023
1335 1024
1336 1025
1337 1026
1338 1027
1339 1028
1341 1030
1342 1031
1343 1032
1344 1033
1345 1034
1346 1035
1347 1036
1348 1037
1349 1038
1351 1040
1352 1041
1353 1042
1354 1043
1355 1044
1356 1045
1357 1046
1358 1047
1359 1048
1361 1050
1362 1051
1363 1052
1364 1053
1365 1054
1366 1055
1367 1056
1368 1057
1369 1058
1371 1060
1372 1061
1373 1062
1374 1063
1375 1064
1376 1065
1377 1066
1378 1067
1379 1068
1381 1070
1382 1071
1383 1072
1384 1073
1385 1074
1386 1075
1387 1076
1388 1077
1389 1078
1391 1080
1392 1081
1393 1082
1394 1083
1395 1084
1396 1085
1397 1086
1398 1087
1399 1088
1401 1090
1402 1091
1403 1092
1404 1093
1405 1094
1406 1095
1407 1096
1408 1097
1409 1098
1411 1100
1412 1101
1413 1102
1414 1103
1415 1104
1416 1105
1417 1106
1418 1107
1419 1108
1421 1110
1422 1111
1423 1112
1424 1113
1425 1114
1426 1115
1427 1116
1428 1117
1429 1118
1431 1120
1432 1121
1433 1122
1434 1123
1435 1124
1436 1125
1437 1126
1438 1127
1439 1128
1441 1130
1442 1131
1443 1132
1444 1133
1445 1134
1446 1135
1447 1136
1448 1137
1449 1138
1451 1140
1452 1141
1453 1142
1454 1143
1455 1144
1456 1145
1457 1146
1458 1147
1459 1148
1461 1150
1462 1151
1463 1152
1464 1153
1465 1154
1466 1155
1467 1156
1468 1157
1469 1158
1471 1160
1472 1161
1473 1162
1474 1163
1475 1164
1476 1165
1477 1166
1478 1167
1479 1168
1481 1170
1482 1171
1483 1172
1484 1173
1485 1174
1486 1175
1487 1176
1488 1177
1489 1178
1491 1180
1492 1181
1493 1182
1494 1183
1495 1184
1496 1185
1497 1186
1498 1187
1499 1188
1511 1200
1512 1201
1513 1202
1514 1203
1515 1204
1516 1205
1517 1206
1518 1207
1519 1208
1521 1210
1522 1211
1523 1212
1524 1213
1525 1214
1526 1215
1527 1216
1528 1217
1529 1218
1531 1220
1532 1221
1533 1222
1534 1223
1535 1224
1536 1225
1537 1226
1538 1227
1539 1228
1541 1230
1542 1231
1543 1232
1544 1233
1545 1234
1546 1235
1547 1236
1548 1237
1549 1238
1551 1240
1552 1241
1553 1242
1554 1243
1555 1244
1556 1245
1557 1246
1558 1247
1559 1248
1561 1250
1562 1251
1563 1252
1564 1253
1565 1254
1566 1255
1567 1256
1568 1257
1569 1258
1571 1260
1572 1261
1573 1262
1574 1263
1575 1264
1576 1265
1577 1266
1578 1267
1579 1268
1581 1270
1582 1271
1583 1272
1584 1273
1585 1274
1586 1275
1587 1276
1588 1277
1589 1278
1591 1280
1592 1281
1593 1282
1594 1283
1595 1284
1596 1285
1597 1286
1598 1287
1599 1288
1601 1290
1602 1291
1603 1292
1604 1293
1605 1294
1606 1295
1607 1296
1608 1297
1609 1298
1611 1300
1612 1301
1613 1302
1614 1303
1615 1304
1616 1305
1617 1306
1618 1307
1619 1308
1621 1310
1622 1311
1623 1312
1624 1313
1625 1314
1626 1315
1627 1316
1628 1317
1629 1318
1631 1320
1632 1321
1633 1322
1634 1323
1635 1324
1636 1325
1637 1326
1638 1327
1639 1328
1641 1330
1642 1331
1643 1332
1644 1333
1645 1334
1646 1335
1647 1336
1648 1337
1649 1338
1651 1340
1652 1341
1653 1342
1654 1343
1655 1344
1656 1345
1657 1346
1658 1347
1659 1348
1661 1350
1662 1351
1663 1352
1664 1353
1665 1354
1666 1355
1667 1356
1668 1357
1669 1358
1671 1360
1672 1361
1673 1362
1674 1363
1675 1364
1676 1365
1677 1366
1678 1367
1679 1368
1681 1370
1682 1371
1683 1372
1684 1373
1685 1374
1686 1375
1687 1376
1688 1377
1689 1378
1691 1380
1692 1381
1693 1382
1694 1383
1695 1384
1696 1385
1697 1386
1698 1387
1699 1388
1701 1390
1702 1391
1703 1392
1704 1393
1705 1394
1706 1395
1707 1396
1708 1397
1709 1398
1711 1400
1712 1401
1713 1402
1714 1403
1715 1404
1716 1405
1717 1406
1718 1407
1719 1408
1721 1410
1722 1411
1723 1412
1724 1413
1725 1414
1726 1415
1727 1416
1728 1417
1729 1418
1731 1420
1732 1421
1733 1422
1734 1423
1735 1424
1736 1425
1737 1426
1738 1427
1739 1428
1741 1430
1742 1431
1743 1432
1744 1433
1745 1434
1746 1435
1747 1436
1748 1437
1749 1438
1751 1440
1752 1441
1753 1442
1754 1443
1755 1444
1756 1445
1757 1446
1758 1447
1759 1448
1761 1450
1762 1451
1763 1452
1764 1453
1765 1454
1766 1455
1767 1456
1768 1457
1769 1458
1771 1460
1772 1461
1773 1462
1774 1463
1775 1464
1776 1465
1777 1466
1778 1467
1779 1468
1781 1470
1782 1471
1783 1472
1784 1473
1785 1474
1786 1475
1787 1476
1788 1477
1789 1478
1791 1480
1792 1481
1793 1482
1794 1483
1795 1484
1796 1485
1797 1486
1798 1487
1799 1488
1811 1500
1812 1501
1813 1502
1814 1503
1815 1504
1816 1505
1817 1506
1818 1507
1819 1508
1821 1510
1822 1511
1823 1512
1824 1513
1825 1514
1826 1515
1827 1516
1828 1517
1829 1518
1831 1520
1832 1521
1833 1522
1834 1523
1835 1524
1836 1525
1837 1526
1838 1527
1839 1528
1841 1530
1842 1531
1843 1532
1844 1533
1845 1534
1846 1535
1847 1536
1848 1537
1849 1538
1851 1540
1852 1541
1853 1542
1854 1543
1855 1544
1856 1545
1857 1546
1858 1547
1859 1548
1861 1550
1862 1551
1863 1552
1864 1553
1865 1554
1866 1555
1867 1556
1868 1557
1869 1558
1871 1560
1872 1561
1873 1562
1874 1563
1875 1564
1876 1565
1877 1566
1878 1567
1879 1568
1881 1570
1882 1571
1883 1572
1884 1573
1885 1574
1886 1575
1887 1576
1888 1577
1889 1578
1891 1580
1892 1581
1893 1582
1894 1583
1895 1584
1896 1585
1897 1586
1898 1587
1899 1588
1901 1590
1902 1591
1903 1592
1904 1593
1905 1594
1906 1595
1907 1596
1908 1597
1909 1598
1911 1600
1912 1601
1913 1602
1914 1603
1915 1604
1916 1605
1917 1606
1918 1607
1919 1608
1921 1610
1922 1611
1923 1612
1924 1613
1925 1614
1926 1615
1927 1616
1928 1617
1929 1618
1931 1620
1932 1621
1933 1622
1934 1623
1935 1624
1936 1625
1937 1626
1938 1627
1939 1628
1941 1630
1942 1631
1943 1632
1944 1633
1945 1634
1946 1635
1947 1636
1948 1637
1949 1638
1951 1640
1952 1641
1953 1642
1954 1643
1955 1644
1956 1645
1957 1646
1958 1647
1959 1648
1961 1650
1962 1651
1963 1652
1964 1653
1965 1654
1966 1655
1967 1656
1968 1657
1969 1658
1971 1660
1972 1661
1973 1662
1974 1663
1975 1664
1976 1665
1977 1666
1978 1667
1979 1668
1981 1670
1982 1671
1983 1672
1984 1673
1985 1674
1986 1675
1987 1676
1988 1677
1989 1678
1991 1680
1992 1681
1993 1682
1994 1683
1995 1684
1996 1685
1997 1686
1998 1687
1999 1688
2001 1690
2002 1691
2003 1692
2004 1693
2005 1694
2006 1695
2007 1696
2008 1697
2009 1698
2011 1700
2012 1701
2013 1702
2014 1703
2015 1704
2016 1705
2017 1706
2018 1707
2019 1708
2021 1710
2022 1711
2023 1712
2024 1713
2025 1714
2026 1715
2027 1716
2028 1717
2029 1718
2031 1720
2032 1721
2033 1722
2034 1723
2035 1724
2036 1725
2037 1726
2038 1727
2039 1728
2041 1730
2042 1731
2043 1732
2044 1733
2045 1734
2046 1735
2047 1736
2048 1737
2049 1738
2051 1740
2052 1741
2053 1742
2054 1743
2055 1744
2056 1745
2057 1746
2058 1747
2059 1748
2061 1750
2062 1751
2063 1752
2064 1753
2065 1754
2066 1755
2067 1756
2068 1757
2069 1758
2071 1760
2072 1761
2073 1762
2074 1763
2075 1764
2076 1765
2077 1766
2078 1767
2079 1768
2081 1770
2082 1771
2083 1772
2084 1773
2085 1774
2086 1775
2087 1776
2088 1777
2089 1778
2091 1780
2092 1781
2093 1782
2094 1783
2095 1784
2096 1785
2097 1786
2098 1787
2099 1788
2111 1800
2112 1801
2113 1802
2114 1803
2115 1804
2116 1805
2117 1806
2118 1807
2119 1808
2121 1810
2122 1811
2123 1812
2124 1813
2125 1814
2126 1815
2127 1816
2128 1817
2129 1818
2131 1820
2132 1821
2133 1822
2134 1823
2135 1824
2136 1825
2137 1826
2138 1827
2139 1828
2141 1830
2142 1831
2143 1832
2144 1833
2145 1834
2146 1835
2147 1836
2148 1837
2149 1838
2151 1840
2152 1841
2153 1842
2154 1843
2155 1844
2156 1845
2157 1846
2158 1847
2159 1848
2161 1850
2162 1851
2163 1852
2164 1853
2165 1854
2166 1855
2167 1856
2168 1857
2169 1858
2171 1860
2172 1861
2173 1862
2174 1863
2175 1864
2176 1865
2177 1866
2178 1867
2179 1868
2181 1870
2182 1871
2183 1872
2184 1873
2185 1874
2186 1875
2187 1876
2188 1877
2189 1878
2191 1880
2192 1881
2193 1882
2194 1883
2195 1884
2196 1885
2197 1886
2198 1887
2199 1888
2201 1890
2202 1891
2203 1892
2204 1893
2205 1894
2206 1895
2207 1896
2208 1897
2209 1898
2211 1900
2212 1901
2213 1902
2214 1903
2215 1904
2216 1905
2217 1906
2218 1907
2219 1908
2221 1910
2222 1911
2223 1912
2224 1913
2225 1914
2226 1915
2227 1916
2228 1917
2229 1918
2231 1920
2232 1921
2233 1922
2234 1923
2235 1924
2236 1925
2237 1926
2238 1927
2239 1928
2241 1930
2242 1931
2243 1932
2244 1933
2245 1934
2246 1935
2247 1936
2248 1937
2249 1938
2251 1940
2252 1941
2253 1942
2254 1943
2255 1944
2256 1945
2257 1946
2258 1947
2259 1948
2261 1950
2262 1951
2263 1952
2264 1953
2265 1954
2266 1955
2267 1956
2268 1957
2269 1958
2271 1960
2272 1961
2273 1962
2274 1963
2275 1964
2276 1965
2277 1966
2278 1967
2279 1968
2281 1970
2282 1971
2283 1972
2284 1973
2285 1974
2286 1975
2287 1976
2288 1977
2289 1978
2291 1980
2292 1981
2293 1982
2294 1983
2295 1984
2296 1985
2297 1986
2298 1987
2299 1988
2301 1990
2302 1991
2303 1992
2304 1993
2305 1994
2306 1995
2307 1996
2308 1997
2309 1998
2311 2000
2312 2001
2313 2002
2314 2003
2315 2004
2316 2005
2317 2006
2318 2007
2319 2008
2321 2010
2322 2011
2323 2012
2324 2013
2325 2014
2326 2015
2327 2016
2328 2017
2329 2018
2331 2020
2332 2021
2333 2022
2334 2023
2335 2024
2336 2025
2337 2026
2338 2027
2339 2028
2341 2030
2342 2031
2343 2032
2344 2033
2345 2034
2346 2035
2347 2036
2348 2037
2349 2038
2351 2040
2352 2041
2353 2042
2354 2043
2355 2044
2356 2045
2357 2046
2358 2047
2359 2048
2361 2050
2362 2051
2363 2052
2364 2053
2365 2054
2366 2055
2367 2056
2368 2057
2369 2058
2371 2060
2372 2061
2373 2062
2374 2063
2375 2064
2376 2065
2377 2066
2378 2067
2379 2068
2381 2070
2382 2071
2383 2072
2384 2073
2385 2074
2386 2075
2387 2076
2388 2077
2389 2078
2391 2080
2392 2081
2393 2082
2394 2083
2395 2084
2396 2085
2397 2086
2398 2087
2399 2088
2411 2100
2412 2101
2413 2102
2414 2103
2415 2104
2416 2105
2417 2106
2418 2107
2419 2108
2421 2110
2422 2111
2423 2112
2424 2113
2425 2114
2426 2115
2427 2116
2428 2117
2429 2118
2431 2120
2432 2121
2433 2122
2434 2123
2435 2124
2436 2125
2437 2126
2438 2127
2439 2128
2441 2130
2442 2131
2443 2132
2444 2133
2445 2134
2446 2135
2447 2136
2448 2137
2449 2138
2451 2140
2452 2141
2453 2142
2454 2143
2455 2144
2456 2145
2457 2146
2458 2147
2459 2148
2461 2150
2462 2151
2463 2152
2464 2153
2465 2154
2466 2155
2467 2156
2468 2157
2469 2158
2471 2160
2472 2161
2473 2162
2474 2163
2475 2164
2476 2165
2477 2166
2478 2167
2479 2168
2481 2170
2482 2171
2483 2172
2484 2173
2485 2174
2486 2175
2487 2176
2488 2177
2489 2178
2491 2180
2492 2181
2493 2182
2494 2183
2495 2184
2496 2185
2497 2186
2498 2187
2499 2188
2501 2190
2502 2191
2503 2192
2504 2193
2505 2194
2506 2195
2507 2196
2508 2197
2509 2198
2511 2200
2512 2201
2513 2202
2514 2203
2515 2204
2516 2205
2517 2206
2518 2207
2519 2208
2521 2210
2522 2211
2523 2212
2524 2213
2525 2214
2526 2215
2527 2216
2528 2217
2529 2218
2531 2220
2532 2221
2533 2222
2534 2223
2535 2224
2536 2225
2537 2226
2538 2227
2539 2228
2541 2230
2542 2231
2543 2232
2544 2233
2545 2234
2546 2235
2547 2236
2548 2237
2549 2238
2551 2240
2552 2241
2553 2242
2554 2243
2555 2244
2556 2245
2557 2246
2558 2247
2559 2248
2561 2250
2562 2251
2563 2252
2564 2253
2565 2254
2566 2255
2567 2256
2568 2257
2569 2258
2571 2260
2572 2261
2573 2262
2574 2263
2575 2264
2576 2265
2577 2266
2578 2267
2579 2268
2581 2270
2582 2271
2583 2272
2584 2273
2585 2274
2586 2275
2587 2276
2588 2277
2589 2278
2591 2280
2592 2281
2593 2282
2594 2283
2595 2284
2596 2285
2597 2286
2598 2287
2599 2288
2601 2290
2602 2291
2603 2292
2604 2293
2605 2294
2606 2295
2607 2296
2608 2297
2609 2298
2611 2300
2612 2301
2613 2302
2614 2303
2615 2304
2616 2305
2617 2306
2618 2307
2619 2308
2621 2310
2622 2311
2623 2312
2624 2313
2625 2314
2626 2315
2627 2316
2628 2317
2629 2318
2631 2320
2632 2321
2633 2322
2634 2323
2635 2324
2636 2325
2637 2326
2638 2327
2639 2328
2641 2330
2642 2331
2643 2332
2644 2333
2645 2334
2646 2335
2647 2336
2648 2337
2649 2338
2651 2340
2652 2341
2653 2342
2654 2343
2655 2344
2656 2345
2657 2346
2658 2347
2659 2348
2661 2350
2662 2351
2663 2352
2664 2353
2665 2354
2666 2355
2667 2356
2668 2357
2669 2358
2671 2360
2672 2361
2673 2362
2674 2363
2675 2364
2676 2365
2677 2366
2678 2367
2679 2368
2681 2370
2682 2371
2683 2372
2684 2373
2685 2374
2686 2375
2687 2376
2688 2377
2689 2378
2691 2380
2692 2381
2693 2382
2694 2383
2695 2384
2696 2385
2697 2386
2698 2387
2699 2388
2711 2400
2712 2401
2713 2402
2714 2403
2715 2404
2716 2405
2717 2406
2718 2407
2719 2408
2721 2410
2722 2411
2723 2412
2724 2413
2725 2414
2726 2415
2727 2416
2728 2417
2729 2418
2731 2420
2732 2421
2733 2422
2734 2423
2735 2424
2736 2425
2737 2426
2738 2427
2739 2428
2741 2430
2742 2431
2743 2432
2744 2433
2745 2434
2746 2435
2747 2436
2748 2437
2749 2438
2751 2440
2752 2441
2753 2442
2754 2443
2755 2444
2756 2445
2757 2446
2758 2447
2759 2448
2761 2450
2762 2451
2763 2452
2764 2453
2765 2454
2766 2455
2767 2456
2768 2457
2769 2458
2771 2460
2772 2461
2773 2462
2774 2463
2775 2464
2776 2465
2777 2466
2778 2467
2779 2468
2781 2470
2782 2471
2783 2472
2784 2473
2785 2474
2786 2475
2787 2476
2788 2477
2789 2478
2791 2480
2792 2481
2793 2482
2794 2483
2795 2484
2796 2485
2797 2486
2798 2487
2799 2488
2801 2490
2802 2491
2803 2492
2804 2493
2805 2494
2806 2495
2807 2496
2808 2497
2809 2498
2811 2500
2812 2501
2813 2502
2814 2503
2815 2504
2816 2505
2817 2506
2818 2507
2819 2508
2821 2510
2822 2511
2823 2512
2824 2513
2825 2514
2826 2515
2827 2516
2828 2517
2829 2518
2831 2520
2832 2521
2833 2522
2834 2523
2835 2524
2836 2525
2837 2526
2838 2527
2839 2528
2841 2530
2842 2531
2843 2532
2844 2533
2845 2534
2846 2535
2847 2536
2848 2537
2849 2538
2851 2540
2852 2541
2853 2542
2854 2543
2855 2544
2856 2545
2857 2546
2858 2547
2859 2548
2861 2550
2862 2551
2863 2552
2864 2553
2865 2554
2866 2555
2867 2556
2868 2557
2869 2558
2871 2560
2872 2561
2873 2562
2874 2563
2875 2564
2876 2565
2877 2566
2878 2567
2879 2568
2881 2570
2882 2571
2883 2572
2884 2573
2885 2574
2886 2575
2887 2576
2888 2577
2889 2578
2891 2580
2892 2581
2893 2582
2894 2583
2895 2584
2896 2585
2897 2586
2898 2587
2899 2588
2901 2590
2902 2591
2903 2592
2904 2593
2905 2594
2906 2595
2907 2596
2908 2597
2909 2598
2911 2600
2912 2601
2913 2602
2914 2603
2915 2604
2916 2605
2917 2606
2918 2607
2919 2608
2921 2610
2922 2611
2923 2612
2924 2613
2925 2614
2926 2615
2927 2616
2928 2617
2929 2618
2931 2620
2932 2621
2933 2622
2934 2623
2935 2624
2936 2625
2937 2626
2938 2627
2939 2628
2941 2630
2942 2631
2943 2632
2944 2633
2945 2634
2946 2635
2947 2636
2948 2637
2949 2638
2951 2640
2952 2641
2953 2642
2954 2643
2955 2644
2956 2645
2957 2646
2958 2647
2959 2648
2961 2650
2962 2651
2963 2652
2964 2653
2965 2654
2966 2655
2967 2656
2968 2657
2969 2658
2971 2660
2972 2661
2973 2662
2974 2663
2975 2664
2976 2665
2977 2666
2978 2667
2979 2668
2981 2670
2982 2671
2983 2672
2984 2673
2985 2674
2986 2675
2987 2676
2988 2677
2989 2678
2991 2680
2992 2681
2993 2682
2994 2683
2995 2684
2996 2685
2997 2686
2998 2687
2999 2688
3011 2700
3012 2701
3013 2702
3014 2703
3015 2704
3016 2705
3017 2706
3018 2707
3019 2708
3021 2710
3022 2711
3023 2712
3024 2713
3025 2714
3026 2715
3027 2716
3028 2717
3029 2718
3031 2720
3032 2721
3033 2722
3034 2723
3035 2724
3036 2725
3037 2726
3038 2727
3039 2728
3041 2730
3042 2731
3043 2732
3044 2733
3045 2734
3046 2735
3047 2736
3048 2737
3049 2738
3051 2740
3052 2741
3053 2742
3054 2743
3055 2744
3056 2745
3057 2746
3058 2747
3059 2748
3061 2750
3062 2751
3063 2752
3064 2753
3065 2754
3066 2755
3067 2756
3068 2757
3069 2758
3071 2760
3072 2761
3073 2762
3074 2763
3075 2764
3076 2765
3077 2766
3078 2767
3079 2768
3081 2770
3082 2771
3083 2772
3084 2773
3085 2774
3086 2775
3087 2776
3088 2777
3089 2778
3091 2780
3092 2781
3093 2782
3094 2783
3095 2784
3096 2785
3097 2786
3098 2787
3099 2788
3101 2790
3102 2791
3103 2792
3104 2793
3105 2794
3106 2795
3107 2796
3108 2797
3109 2798
3111 2800
3112 2801
3113 2802
3114 2803
3115 2804
3116 2805
3117 2806
3118 2807
3119 2808
3121 2810
3122 2811
3123 2812
3124 2813
3125 2814
3126 2815
3127 2816
3128 2817
3129 2818
3131 2820
3132 2821
3133 2822
3134 2823
3135 2824
3136 2825
3137 2826
3138 2827
3139 2828
3141 2830
3142 2831
3143 2832
3144 2833
3145 2834
3146 2835
3147 2836
3148 2837
3149 2838
3151 2840
3152 2841
3153 2842
3154 2843
3155 2844
3156 2845
3157 2846
3158 2847
3159 2848
3161 2850
3162 2851
3163 2852
3164 2853
3165 2854
3166 2855
3167 2856
3168 2857
3169 2858
3171 2860
3172 2861
3173 2862
3174 2863
3175 2864
3176 2865
3177 2866
3178 2867
3179 2868
3181 2870
3182 2871
3183 2872
3184 2873
3185 2874
3186 2875
3187 2876
3188 2877
3189 2878
3191 2880
3192 2881
3193 2882
3194 2883
3195 2884
3196 2885
3197 2886
3198 2887
3199 2888
3201 2890
3202 2891
3203 2892
3204 2893
3205 2894
3206 2895
3207 2896
3208 2897
3209 2898
3211 2900
3212 2901
3213 2902
3214 2903
3215 2904
3216 2905
3217 2906
3218 2907
3219 2908
3221 2910
3222 2911
3223 2912
3224 2913
3225 2914
3226 2915
3227 2916
3228 2917
3229 2918
3231 2920
3232 2921
3233 2922
3234 2923
3235 2924
3236 2925
3237 2926
3238 2927
3239 2928
3241 2930
3242 2931
3243 2932
3244 2933
3245 2934
3246 2935
3247 2936
3248 2937
3249 2938
3251 2940
3252 2941
3253 2942
3254 2943
3255 2944
3256 2945
3257 2946
3258 2947
3259 2948
3261 2950
3262 2951
3263 2952
3264 2953
3265 2954
3266 2955
3267 2956
3268 2957
3269 2958
3271 2960
3272 2961
3273 2962
3274 2963
3275 2964
3276 2965
3277 2966
3278 2967
3279 2968
3281 2970
3282 2971
3283 2972
3284 2973
3285 2974
3286 2975
3287 2976
3288 2977
3289 2978
3291 2980
3292 2981
3293 2982
3294 2983
3295 2984
3296 2985
3297 2986
3298 2987
3299 2988
3311 3000
3312 3001
3313 3002
3314 3003
3315 3004
3316 3005
3317 3006
3318 3007
3319 3008
3321 3010
3322 3011
3323 3012
3324 3013
3325 3014
3326 3015
3327 3016
3328 3017
3329 3018
3331 3020
3332 3021
3333 3022
3334 3023
3335 3024
3336 3025
3337 3026
3338 3027
3339 3028
3341 3030
3342 3031
3343 3032
3344 3033
3345 3034
3346 3035
3347 3036
3348 3037
3349 3038
3351 3040
3352 3041
3353 3042
3354 3043
3355 3044
3356 3045
3357 3046
3358 3047
3359 3048
3361 3050
3362 3051
3363 3052
3364 3053
3365 3054
3366 3055
3367 3056
3368 3057
3369 3058
3371 3060
3372 3061
3373 3062
3374 3063
3375 3064
3376 3065
3377 3066
3378 3067
3379 3068
3381 3070
3382 3071
3383 3072
3384 3073
3385 3074
3386 3075
3387 3076
3388 3077
3389 3078
3391 3080
3392 3081
3393 3082
3394 3083
3395 3084
3396 3085
3397 3086
3398 3087
3399 3088
3401 3090
3402 3091
3403 3092
3404 3093
3405 3094
3406 3095
3407 3096
3408 3097
3409 3098
3411 3100
3412 3101
3413 3102
3414 3103
3415 3104
3416 3105
3417 3106
3418 3107
3419 3108
3421 3110
3422 3111
3423 3112
3424 3113
3425 3114
3426 3115
3427 3116
3428 3117
3429 3118
3431 3120
3432 3121
3433 3122
3434 3123
3435 3124
3436 3125
3437 3126
3438 3127
3439 3128
3441 3130
3442 3131
3443 3132
3444 3133
3445 3134
3446 3135
3447 3136
3448 3137
3449 3138
3451 3140
3452 3141
3453 3142
3454 3143
3455 3144
3456 3145
3457 3146
3458 3147
3459 3148
3461 3150
3462 3151
3463 3152
3464 3153
3465 3154
3466 3155
3467 3156
3468 3157
3469 3158
3471 3160
3472 3161
3473 3162
3474 3163
3475 3164
3476 3165
3477 3166
3478 3167
3479 3168
3481 3170
3482 3171
3483 3172
3484 3173
3485 3174
3486 3175
3487 3176
3488 3177
3489 3178
3491 3180
3492 3181
3493 3182
3494 3183
3495 3184
3496 3185
3497 3186
3498 3187
3499 3188
3501 3190
3502 3191
3503 3192
3504 3193
3505 3194
3506 3195
3507 3196
3508 3197
3509 3198
3511 3200
3512 3201
3513 3202
3514 3203
3515 3204
3516 3205
3517 3206
3518 3207
3519 3208
3521 3210
3522 3211
3523 3212
3524 3213
3525 3214
3526 3215
3527 3216
3528 3217
3529 3218
3531 3220
3532 3221
3533 3222
3534 3223
3535 3224
3536 3225
3537 3226
3538 3227
3539 3228
3541 3230
3542 3231
3543 3232
3544 3233
3545 3234
3546 3235
3547 3236
3548 3237
3549 3238
3551 3240
3552 3241
3553 3242
3554 3243
3555 3244
3556 3245
3557 3246
3558 3247
3559 3248
3561 3250
3562 3251
3563 3252
3564 3253
3565 3254
3566 3255
3567 3256
3568 3257
3569 3258
3571 3260
3572 3261
3573 3262
3574 3263
3575 3264
3576 3265
3577 3266
3578 3267
3579 3268
3581 3270
3582 3271
3583 3272
3584 3273
3585 3274
3586 3275
3587 3276
3588 3277
3589 3278
3591 3280
3592 3281
3593 3282
3594 3283
3595 3284
3596 3285
3597 3286
3598 3287
3599 3288
3611 3300
3612 3301
3613 3302
3614 3303
3615 3304
3616 3305
3617 3306
3618 3307
3619 3308
3621 3310
3622 3311
3623 3312
3624 3313
3625 3314
3626 3315
3627 3316
3628 3317
3629 3318
3631 3320
3632 3321
3633 3322
3634 3323
3635 3324
3636 3325
3637 3326
3638 3327
3639 3328
3641 3330
3642 3331
3643 3332
3644 3333
3645 3334
3646 3335
3647 3336
3648 3337
3649 3338
3651 3340
3652 3341
3653 3342
3654 3343
3655 3344
3656 3345
3657 3346
3658 3347
3659 3348
3661 3350
3662 3351
3663 3352
3664 3353
3665 3354
3666 3355
3667 3356
3668 3357
3669 3358
3671 3360
3672 3361
3673 3362
3674 3363
3675 3364
3676 3365
3677 3366
3678 3367
3679 3368
3681 3370
3682 3371
3683 3372
3684 3373
3685 3374
3686 3375
3687 3376
3688 3377
3689 3378
3691 3380
3692 3381
3693 3382
3694 3383
3695 3384
3696 3385
3697 3386
3698 3387
3699 3388
3701 3390
3702 3391
3703 3392
3704 3393
3705 3394
3706 3395
3707 3396
3708 3397
3709 3398
3711 3400
3712 3401
3713 3402
3714 3403
3715 3404
3716 3405
3717 3406
3718 3407
3719 3408
3721 3410
3722 3411
3723 3412
3724 3413
3725 3414
3726 3415
3727 3416
3728 3417
3729 3418
3731 3420
3732 3421
3733 3422
3734 3423
3735 3424
3736 3425
3737 3426
3738 3427
3739 3428
3741 3430
3742 3431
3743 3432
3744 3433
3745 3434
3746 3435
3747 3436
3748 3437
3749 3438
3751 3440
3752 3441
3753 3442
3754 3443
3755 3444
3756 3445
3757 3446
3758 3447
3759 3448
3761 3450
3762 3451
3763 3452
3764 3453
3765 3454
3766 3455
3767 3456
3768 3457
3769 3458
3771 3460
3772 3461
3773 3462
3774 3463
3775 3464
3776 3465
3777 3466
3778 3467
3779 3468
3781 3470
3782 3471
3783 3472
3784 3473
3785 3474
3786 3475
3787 3476
3788 3477
3789 3478
3791 3480
3792 3481
3793 3482
3794 3483
3795 3484
3796 3485
3797 3486
3798 3487
3799 3488
3801 3490
3802 3491
3803 3492
3804 3493
3805 3494
3806 3495
3807 3496
3808 3497
3809 3498
3811 3500
3812 3501
3813 3502
3814 3503
3815 3504
3816 3505
3817 3506
3818 3507
3819 3508
3821 3510
3822 3511
3823 3512
3824 3513
3825 3514
3826 3515
3827 3516
3828 3517
3829 3518
3831 3520
3832 3521
3833 3522
3834 3523
3835 3524
3836 3525
3837 3526
3838 3527
3839 3528
3841 3530
3842 3531
3843 3532
3844 3533
3845 3534
3846 3535
3847 3536
3848 3537
3849 3538
3851 3540
3852 3541
3853 3542
3854 3543
3855 3544
3856 3545
3857 3546
3858 3547
3859 3548
3861 3550
3862 3551
3863 3552
3864 3553
3865 3554
3866 3555
3867 3556
3868 3557
3869 3558
3871 3560
3872 3561
3873 3562
3874 3563
3875 3564
3876 3565
3877 3566
3878 3567
3879 3568
3881 3570
3882 3571
3883 3572
3884 3573
3885 3574
3886 3575
3887 3576
3888 3577
3889 3578
3891 3580
3892 3581
3893 3582
3894 3583
3895 3584
3896 3585
3897 3586
3898 3587
3899 3588
3911 3600
3912 3601
3913 3602
3914 3603
3915 3604
3916 3605
3917 3606
3918 3607
3919 3608
3921 3610
3922 3611
3923 3612
3924 3613
3925 3614
3926 3615
3927 3616
3928 3617
3929 3618
3931 3620
3932 3621
3933 3622
3934 3623
3935 3624
3936 3625
3937 3626
3938 3627
3939 3628
3941 3630
3942 3631
3943 3632
3944 3633
3945 3634
3946 3635
3947 3636
3948 3637
3949 3638
3951 3640
3952 3641
3953 3642
3954 3643
3955 3644
3956 3645
3957 3646
3958 3647
3959 3648
3961 3650
3962 3651
3963 3652
3964 3653
3965 3654
3966 3655
3967 3656
3968 3657
3969 3658
3971 3660
3972 3661
3973 3662
3974 3663
3975 3664
3976 3665
3977 3666
3978 3667
3979 3668
3981 3670
3982 3671
3983 3672
3984 3673
3985 3674
3986 3675
3987 3676
3988 3677
3989 3678
3991 3680
3992 3681
3993 3682
3994 3683
3995 3684
3996 3685
3997 3686
3998 3687
3999 3688
4001 3690
4002 3691
4003 3692
4004 3693
4005 3694
4006 3695
4007 3696
4008 3697
4009 3698
4011 3700
4012 3701
4013 3702
4014 3703
4015 3704
4016 3705
4017 3706
4018 3707
4019 3708
4021 3710
4022 3711
4023 3712
4024 3713
4025 3714
4026 3715
4027 3716
4028 3717
4029 3718
4031 3720
4032 3721
4033 3722
4034 3723
4035 3724
4036 3725
4037 3726
4038 3727
4039 3728
4041 3730
4042 3731
4043 3732
4044 3733
4045 3734
4046 3735
4047 3736
4048 3737
4049 3738
4051 3740
4052 3741
4053 3742
4054 3743
4055 3744
4056 3745
4057 3746
4058 3747
4059 3748
4061 3750
4062 3751
4063 3752
4064 3753
4065 3754
4066 3755
4067 3756
4068 3757
4069 3758
4071 3760
4072 3761
4073 3762
4074 3763
4075 3764
4076 3765
4077 3766
4078 3767
4079 3768
4081 3770
4082 3771
4083 3772
4084 3773
4085 3774
4086 3775
4087 3776
4088 3777
4089 3778
4091 3780
4092 3781
4093 3782
4094 3783
4095 3784
4096 3785
4097 3786
4098 3787
4099 3788
4101 3790
4102 3791
4103 3792
4104 3793
4105 3794
4106 3795
4107 3796
4108 3797
4109 3798
4111 3800
4112 3801
4113 3802
4114 3803
4115 3804
4116 3805
4117 3806
4118 3807
4119 3808
4121 3810
4122 3811
4123 3812
4124 3813
4125 3814
4126 3815
4127 3816
4128 3817
4129 3818
4131 3820
4132 3821
4133 3822
4134 3823
4135 3824
4136 3825
4137 3826
4138 3827
4139 3828
4141 3830
4142 3831
4143 3832
4144 3833
4145 3834
4146 3835
4147 3836
4148 3837
4149 3838
4151 3840
4152 3841
4153 3842
4154 3843
4155 3844
4156 3845
4157 3846
4158 3847
4159 3848
4161 3850
4162 3851
4163 3852
4164 3853
4165 3854
4166 3855
4167 3856
4168 3857
4169 3858
4171 3860
4172 3861
4173 3862
4174 3863
4175 3864
4176 3865
4177 3866
4178 3867
4179 3868
4181 3870
4182 3871
4183 3872
4184 3873
4185 3874
4186 3875
4187 3876
4188 3877
4189 3878
4191 3880
4192 3881
4193 3882
4194 3883
4195 3884
4196 3885
4197 3886
4198 3887
4199 3888
4211 3900
4212 3901
4213 3902
4214 3903
4215 3904
4216 3905
4217 3906
4218 3907
4219 3908
4221 3910
4222 3911
4223 3912
4224 3913
4225 3914
4226 3915
4227 3916
4228 3917
4229 3918
4231 3920
4232 3921
4233 3922
4234 3923
4235 3924
4236 3925
4237 3926
4238 3927
4239 3928
4241 3930
4242 3931
4243 3932
4244 3933
4245 3934
4246 3935
4247 3936
4248 3937
4249 3938
4251 3940
4252 3941
4253 3942
4254 3943
4255 3944
4256 3945
4257 3946
4258 3947
4259 3948
4261 3950
4262 3951
4263 3952
4264 3953
4265 3954
4266 3955
4267 3956
4268 3957
4269 3958
4271 3960
4272 3961
4273 3962
4274 3963
4275 3964
4276 3965
4277 3966
4278 3967
4279 3968
4281 3970
4282 3971
4283 3972
4284 3973
4285 3974
4286 3975
4287 3976
4288 3977
4289 3978
4291 3980
4292 3981
4293 3982
4294 3983
4295 3984
4296 3985
4297 3986
4298 3987
4299 3988
4301 3990
4302 3991
4303 3992
4304 3993
4305 3994
4306 3995
4307 3996
4308 3997
4309 3998
4311 4000
4312 4001
4313 4002
4314 4003
4315 4004
4316 4005
4317 4006
4318 4007
4319 4008
4321 4010
4322 4011
4323 4012
4324 4013
4325 4014
4326 4015
4327 4016
4328 4017
4329 4018
4331 4020
4332 4021
4333 4022
4334 4023
4335 4024
4336 4025
4337 4026
4338 4027
4339 4028
4341 4030
4342 4031
4343 4032
4344 4033
4345 4034
4346 4035
4347 4036
4348 4037
4349 4038
4351 4040
4352 4041
4353 4042
4354 4043
4355 4044
4356 4045
4357 4046
4358 4047
4359 4048
4361 4050
4362 4051
4363 4052
4364 4053
4365 4054
4366 4055
4367 4056
4368 4057
4369 4058
4371 4060
4372 4061
4373 4062
4374 4063
4375 4064
4376 4065
4377 4066
4378 4067
4379 4068
4381 4070
4382 4071
4383 4072
4384 4073
4385 4074
4386 4075
4387 4076
4388 4077
4389 4078
4391 4080
4392 4081
4393 4082
4394 4083
4395 4084
4396 4085
4397 4086
4398 4087
4399 4088
4401 4090
4402 4091
4403 4092
4404 4093
4405 4094
4406 4095
4407 4096
4408 4097
4409 4098
4411 4100
4412 4101
4413 4102
4414 4103
4415 4104
4416 4105
4417 4106
4418 4107
4419 4108
4421 4110
4422 4111
4423 4112
4424 4113
4425 4114
4426 4115
4427 4116
4428 4117
4429 4118
4431 4120
4432 4121
4433 4122
4434 4123
4435 4124
4436 4125
4437 4126
4438 4127
4439 4128
4441 4130
4442 4131
4443 4132
4444 4133
4445 4134
4446 4135
4447 4136
4448 4137
4449 4138
4451 4140
4452 4141
4453 4142
4454 4143
4455 4144
4456 4145
4457 4146
4458 4147
4459 4148
4461 4150
4462 4151
4463 4152
4464 4153
4465 4154
4466 4155
4467 4156
4468 4157
4469 4158
4471 4160
4472 4161
4473 4162
4474 4163
4475 4164
4476 4165
4477 4166
4478 4167
4479 4168
4481 4170
4482 4171
4483 4172
4484 4173
4485 4174
4486 4175
4487 4176
4488 4177
4489 4178
4491 4180
4492 4181
4493 4182
4494 4183
4495 4184
4496 4185
4497 4186
4498 4187
4499 4188
4511 4200
4512 4201
4513 4202
4514 4203
4515 4204
4516 4205
4517 4206
4518 4207
4519 4208
4521 4210
4522 4211
4523 4212
4524 4213
4525 4214
4526 4215
4527 4216
4528 4217
4529 4218
4531 4220
4532 4221
4533 4222
4534 4223
4535 4224
4536 4225
4537 4226
4538 4227
4539 4228
4541 4230
4542 4231
4543 4232
4544 4233
4545 4234
4546 4235
4547 4236
4548 4237
4549 4238
4551 4240
4552 4241
4553 4242
4554 4243
4555 4244
4556 4245
4557 4246
4558 4247
4559 4248
4561 4250
4562 4251
4563 4252
4564 4253
4565 4254
4566 4255
4567 4256
4568 4257
4569 4258
4571 4260
4572 4261
4573 4262
4574 4263
4575 4264
4576 4265
4577 4266
4578 4267
4579 4268
4581 4270
4582 4271
4583 4272
4584 4273
4585 4274
4586 4275
4587 4276
4588 4277
4589 4278
4591 4280
4592 4281
4593 4282
4594 4283
4595 4284
4596 4285
4597 4286
4598 4287
4599 4288
4601 4290
4602 4291
4603 4292
4604 4293
4605 4294
4606 4295
4607 4296
4608 4297
4609 4298
4611 4300
4612 4301
4613 4302
4614 4303
4615 4304
4616 4305
4617 4306
4618 4307
4619 4308
4621 4310
4622 4311
4623 4312
4624 4313
4625 4314
4626 4315
4627 4316
4628 4317
4629 4318
4631 4320
4632 4321
4633 4322
4634 4323
4635 4324
4636 4325
4637 4326
4638 4327
4639 4328
4641 4330
4642 4331
4643 4332
4644 4333
4645 4334
4646 4335
4647 4336
4648 4337
4649 4338
4651 4340
4652 4341
4653 4342
4654 4343
4655 4344
4656 4345
4657 4346
4658 4347
4659 4348
4661 4350
4662 4351
4663 4352
4664 4353
4665 4354
4666 4355
4667 4356
4668 4357
4669 4358
4671 4360
4672 4361
4673 4362
4674 4363
4675 4364
4676 4365
4677 4366
4678 4367
4679 4368
4681 4370
4682 4371
4683 4372
4684 4373
4685 4374
4686 4375
4687 4376
4688 4377
4689 4378
4691 4380
4692 4381
4693 4382
4694 4383
4695 4384
4696 4385
4697 4386
4698 4387
4699 4388
4701 4390
4702 4391
4703 4392
4704 4393
4705 4394
4706 4395
4707 4396
4708 4397
4709 4398
4711 4400
4712 4401
4713 4402
4714 4403
4715 4404
4716 4405
4717 4406
4718 4407
4719 4408
4721 4410
4722 4411
4723 4412
4724 4413
4725 4414
4726 4415
4727 4416
4728 4417
4729 4418
4731 4420
4732 4421
4733 4422
4734 4423
4735 4424
4736 4425
4737 4426
4738 4427
4739 4428
4741 4430
4742 4431
4743 4432
4744 4433
4745 4434
4746 4435
4747 4436
4748 4437
4749 4438
4751 4440
4752 4441
4753 4442
4754 4443
4755 4444
4756 4445
4757 4446
4758 4447
4759 4448
4761 4450
4762 4451
4763 4452
4764 4453
4765 4454
4766 4455
4767 4456
4768 4457
4769 4458
4771 4460
4772 4461
4773 4462
4774 4463
4775 4464
4776 4465
4777 4466
4778 4467
4779 4468
4781 4470
4782 4471
4783 4472
4784 4473
4785 4474
4786 4475
4787 4476
4788 4477
4789 4478
4791 4480
4792 4481
4793 4482
4794 4483
4795 4484
4796 4485
4797 4486
4798 4487
4799 4488
4811 4500
4812 4501
4813 4502
4814 4503
4815 4504
4816 4505
4817 4506
4818 4507
4819 4508
4821 4510
4822 4511
4823 4512
4824 4513
4825 4514
4826 4515
4827 4516
4828 4517
4829 4518
4831 4520
4832 4521
4833 4522
4834 4523
4835 4524
4836 4525
4837 4526
4838 4527
4839 4528
4841 4530
4842 4531
4843 4532
4844 4533
4845 4534
4846 4535
4847 4536
4848 4537
4849 4538
4851 4540
4852 4541
4853 4542
4854 4543
4855 4544
4856 4545
4857 4546
4858 4547
4859 4548
4861 4550
4862 4551
4863 4552
4864 4553
4865 4554
4866 4555
4867 4556
4868 4557
4869 4558
4871 4560
4872 4561
4873 4562
4874 4563
4875 4564
4876 4565
4877 4566
4878 4567
4879 4568
4881 4570
4882 4571
4883 4572
4884 4573
4885 4574
4886 4575
4887 4576
4888 4577
4889 4578
4891 4580
4892 4581
4893 4582
4894 4583
4895 4584
4896 4585
4897 4586
4898 4587
4899 4588
4901 4590
4902 4591
4903 4592
4904 4593
4905 4594
4906 4595
4907 4596
4908 4597
4909 4598
4911 4600
4912 4601
4913 4602
4914 4603
4915 4604
4916 4605
4917 4606
4918 4607
4919 4608
4921 4610
4922 4611
4923 4612
4924 4613
4925 4614
4926 4615
4927 4616
4928 4617
4929 4618
4931 4620
4932 4621
4933 4622
4934 4623
4935 4624
4936 4625
4937 4626
4938 4627
4939 4628
4941 4630
4942 4631
4943 4632
4944 4633
4945 4634
4946 4635
4947 4636
4948 4637
4949 4638
4951 4640
4952 4641
4953 4642
4954 4643
4955 4644
4956 4645
4957 4646
4958 4647
4959 4648
4961 4650
4962 4651
4963 4652
4964 4653
4965 4654
4966 4655
4967 4656
4968 4657
4969 4658
4971 4660
4972 4661
4973 4662
4974 4663
4975 4664
4976 4665
4977 4666
4978 4667
4979 4668
4981 4670
4982 4671
4983 4672
4984 4673
4985 4674
4986 4675
4987 4676
4988 4677
4989 4678
4991 4680
4992 4681
4993 4682
4994 4683
4995 4684
4996 4685
4997 4686
4998 4687
4999 4688
5001 4690
5002 4691
5003 4692
5004 4693
5005 4694
5006 4695
5007 4696
5008 4697
5009 4698
5011 4700
5012 4701
5013 4702
5014 4703
5015 4704
5016 4705
5017 4706
5018 4707
5019 4708
5021 4710
5022 4711
5023 4712
5024 4713
5025 4714
5026 4715
5027 4716
5028 4717
5029 4718
5031 4720
5032 4721
5033 4722
5034 4723
5035 4724
5036 4725
5037 4726
5038 4727
5039 4728
5041 4730
5042 4731
5043 4732
5044 4733
5045 4734
5046 4735
5047 4736
5048 4737
5049 4738
5051 4740
5052 4741
5053 4742
5054 4743
5055 4744
5056 4745
5057 4746
5058 4747
5059 4748
5061 4750
5062 4751
5063 4752
5064 4753
5065 4754
5066 4755
5067 4756
5068 4757
5069 4758
5071 4760
5072 4761
5073 4762
5074 4763
5075 4764
5076 4765
5077 4766
5078 4767
5079 4768
5081 4770
5082 4771
5083 4772
5084 4773
5085 4774
5086 4775
5087 4776
5088 4777
5089 4778
5091 4780
5092 4781
5093 4782
5094 4783
5095 4784
5096 4785
5097 4786
5098 4787
5099 4788
5111 4800
5112 4801
5113 4802
5114 4803
5115 4804
5116 4805
5117 4806
5118 4807
5119 4808
5121 4810
5122 4811
5123 4812
5124 4813
5125 4814
5126 4815
5127 4816
5128 4817
5129 4818
5131 4820
5132 4821
5133 4822
5134 4823
5135 4824
5136 4825
5137 4826
5138 4827
5139 4828
5141 4830
5142 4831
5143 4832
5144 4833
5145 4834
5146 4835
5147 4836
5148 4837
5149 4838
5151 4840
5152 4841
5153 4842
5154 4843
5155 4844
5156 4845
5157 4846
5158 4847
5159 4848
5161 4850
5162 4851
5163 4852
5164 4853
5165 4854
5166 4855
5167 4856
5168 4857
5169 4858
5171 4860
5172 4861
5173 4862
5174 4863
5175 4864
5176 4865
5177 4866
5178 4867
5179 4868
5181 4870
5182 4871
5183 4872
5184 4873
5185 4874
5186 4875
5187 4876
5188 4877
5189 4878
5191 4880
5192 4881
5193 4882
5194 4883
5195 4884
5196 4885
5197 4886
5198 4887
5199 4888
5201 4890
5202 4891
5203 4892
5204 4893
5205 4894
5206 4895
5207 4896
5208 4897
5209 4898
5211 4900
5212 4901
5213 4902
5214 4903
5215 4904
5216 4905
5217 4906
5218 4907
5219 4908
5221 4910
5222 4911
5223 4912
5224 4913
5225 4914
5226 4915
5227 4916
5228 4917
5229 4918
5231 4920
5232 4921
5233 4922
5234 4923
5235 4924
5236 4925
5237 4926
5238 4927
5239 4928
5241 4930
5242 4931
5243 4932
5244 4933
5245 4934
5246 4935
5247 4936
5248 4937
5249 4938
5251 4940
5252 4941
5253 4942
5254 4943
5255 4944
5256 4945
5257 4946
5258 4947
5259 4948
5261 4950
5262 4951
5263 4952
5264 4953
5265 4954
5266 4955
5267 4956
5268 4957
5269 4958
5271 4960
5272 4961
5273 4962
5274 4963
5275 4964
5276 4965
5277 4966
5278 4967
5279 4968
5281 4970
5282 4971
5283 4972
5284 4973
5285 4974
5286 4975
5287 4976
5288 4977
5289 4978
5291 4980
5292 4981
5293 4982
5294 4983
5295 4984
5296 4985
5297 4986
5298 4987
5299 4988
5301 4990
5302 4991
5303 4992
5304 4993
5305 4994
5306 4995
5307 4996
5308 4997
5309 4998
5311 5000
5312 5001
5313 5002
5314 5003
5315 5004
5316 5005
5317 5006
5318 5007
5319 5008
5321 5010
5322 5011
5323 5012
5324 5013
5325 5014
5326 5015
5327 5016
5328 5017
5329 5018
5331 5020
5332 5021
5333 5022
5334 5023
5335 5024
5336 5025
5337 5026
5338 5027
5339 5028
5341 5030
5342 5031
5343 5032
5344 5033
5345 5034
5346 5035
5347 5036
5348 5037
5349 5038
5351 5040
5352 5041
5353 5042
5354 5043
5355 5044
5356 5045
5357 5046
5358 5047
5359 5048
5361 5050
5362 5051
5363 5052
5364 5053
5365 5054
5366 5055
5367 5056
5368 5057
5369 5058
5371 5060
5372 5061
5373 5062
5374 5063
5375 5064
5376 5065
5377 5066
5378 5067
5379 5068
5381 5070
5382 5071
5383 5072
5384 5073
5385 5074
5386 5075
5387 5076
5388 5077
5389 5078
5391 5080
5392 5081
5393 5082
5394 5083
5395 5084
5396 5085
5397 5086
5398 5087
5399 5088
5411 5100
5412 5101
5413 5102
5414 5103
5415 5104
5416 5105
5417 5106
5418 5107
5419 5108
5421 5110
5422 5111
5423 5112
5424 5113
5425 5114
5426 5115
5427 5116
5428 5117
5429 5118
5431 5120
5432 5121
5433 5122
5434 5123
5435 5124
5436 5125
5437 5126
5438 5127
5439 5128
5441 5130
5442 5131
5443 5132
5444 5133
5445 5134
5446 5135
5447 5136
5448 5137
5449 5138
5451 5140
5452 5141
5453 5142
5454 5143
5455 5144
5456 5145
5457 5146
5458 5147
5459 5148
5461 5150
5462 5151
5463 5152
5464 5153
5465 5154
5466 5155
5467 5156
5468 5157
5469 5158
5471 5160
5472 5161
5473 5162
5474 5163
5475 5164
5476 5165
5477 5166
5478 5167
5479 5168
5481 5170
5482 5171
5483 5172
5484 5173
5485 5174
5486 5175
5487 5176
5488 5177
5489 5178
5491 5180
5492 5181
5493 5182
5494 5183
5495 5184
5496 5185
5497 5186
5498 5187
5499 5188
5501 5190
5502 5191
5503 5192
5504 5193
5505 5194
5506 5195
5507 5196
5508 5197
5509 5198
5511 5200
5512 5201
5513 5202
5514 5203
5515 5204
5516 5205
5517 5206
5518 5207
5519 5208
5521 5210
5522 5211
5523 5212
5524 5213
5525 5214
5526 5215
5527 5216
5528 5217
5529 5218
5531 5220
5532 5221
5533 5222
5534 5223
5535 5224
5536 5225
5537 5226
5538 5227
5539 5228
5541 5230
5542 5231
5543 5232
5544 5233
5545 5234
5546 5235
5547 5236
5548 5237
5549 5238
5551 5240
5552 5241
5553 5242
5554 5243
5555 5244
5556 5245
5557 5246
5558 5247
5559 5248
5561 5250
5562 5251
5563 5252
5564 5253
5565 5254
5566 5255
5567 5256
5568 5257
5569 5258
5571 5260
5572 5261
5573 5262
5574 5263
5575 5264
5576 5265
5577 5266
5578 5267
5579 5268
5581 5270
5582 5271
5583 5272
5584 5273
5585 5274
5586 5275
5587 5276
5588 5277
5589 5278
5591 5280
5592 5281
5593 5282
5594 5283
5595 5284
5596 5285
5597 5286
5598 5287
5599 5288
5601 5290
5602 5291
5603 5292
5604 5293
5605 5294
5606 5295
5607 5296
5608 5297
5609 5298
5611 5300
5612 5301
5613 5302
5614 5303
5615 5304
5616 5305
5617 5306
5618 5307
5619 5308
5621 5310
5622 5311
5623 5312
5624 5313
5625 5314
5626 5315
5627 5316
5628 5317
5629 5318
5631 5320
5632 5321
5633 5322
5634 5323
5635 5324
5636 5325
5637 5326
5638 5327
5639 5328
5641 5330
5642 5331
5643 5332
5644 5333
5645 5334
5646 5335
5647 5336
5648 5337
5649 5338
5651 5340
5652 5341
5653 5342
5654 5343
5655 5344
5656 5345
5657 5346
5658 5347
5659 5348
5661 5350
5662 5351
5663 5352
5664 5353
5665 5354
5666 5355
5667 5356
5668 5357
5669 5358
5671 5360
5672 5361
5673 5362
5674 5363
5675 5364
5676 5365
5677 5366
5678 5367
5679 5368
5681 5370
5682 5371
5683 5372
5684 5373
5685 5374
5686 5375
5687 5376
5688 5377
5689 5378
5691 5380
5692 5381
5693 5382
5694 5383
5695 5384
5696 5385
5697 5386
5698 5387
5699 5388
5711 5400
5712 5401
5713 5402
5714 5403
5715 5404
5716 5405
5717 5406
5718 5407
5719 5408
5721 5410
5722 5411
5723 5412
5724 5413
5725 5414
5726 5415
5727 5416
5728 5417
5729 5418
5731 5420
5732 5421
5733 5422
5734 5423
5735 5424
5736 5425
5737 5426
5738 5427
5739 5428
5741 5430
5742 5431
5743 5432
5744 5433
5745 5434
5746 5435
5747 5436
5748 5437
5749 5438
5751 5440
5752 5441
5753 5442
5754 5443
5755 5444
5756 5445
5757 5446
5758 5447
5759 5448
5761 5450
5762 5451
5763 5452
5764 5453
5765 5454
5766 5455
5767 5456
5768 5457
5769 5458
5771 5460
5772 5461
5773 5462
5774 5463
5775 5464
5776 5465
5777 5466
5778 5467
5779 5468
5781 5470
5782 5471
5783 5472
5784 5473
5785 5474
5786 5475
5787 5476
5788 5477
5789 5478
5791 5480
5792 5481
5793 5482
5794 5483
5795 5484
5796 5485
5797 5486
5798 5487
5799 5488
5801 5490
5802 5491
5803 5492
5804 5493
5805 5494
5806 5495
5807 5496
5808 5497
5809 5498
5811 5500
5812 5501
5813 5502
5814 5503
5815 5504
5816 5505
5817 5506
5818 5507
5819 5508
5821 5510
5822 5511
5823 5512
5824 5513
5825 5514
5826 5515
5827 5516
5828 5517
5829 5518
5831 5520
5832 5521
5833 5522
5834 5523
5835 5524
5836 5525
5837 5526
5838 5527
5839 5528
5841 5530
5842 5531
5843 5532
5844 5533
5845 5534
5846 5535
5847 5536
5848 5537
5849 5538
5851 5540
5852 5541
5853 5542
5854 5543
5855 5544
5856 5545
5857 5546
5858 5547
5859 5548
5861 5550
5862 5551
5863 5552
5864 5553
5865 5554
5866 5555
5867 5556
5868 5557
5869 5558
5871 5560
5872 5561
5873 5562
5874 5563
5875 5564
5876 5565
5877 5566
5878 5567
5879 5568
5881 5570
5882 5571
5883 5572
5884 5573
5885 5574
5886 5575
5887 5576
5888 5577
5889 5578
5891 5580
5892 5581
5893 5582
5894 5583
5895 5584
5896 5585
5897 5586
5898 5587
5899 5588
5901 5590
5902 5591
5903 5592
5904 5593
5905 5594
5906 5595
5907 5596
5908 5597
5909 5598
5911 5600
5912 5601
5913 5602
5914 5603
5915 5604
5916 5605
5917 5606
5918 5607
5919 5608
5921 5610
5922 5611
5923 5612
5924 5613
5925 5614
5926 5615
5927 5616
5928 5617
5929 5618
5931 5620
5932 5621
5933 5622
5934 5623
5935 5624
5936 5625
5937 5626
5938 5627
5939 5628
5941 5630
5942 5631
5943 5632
5944 5633
5945 5634
5946 5635
5947 5636
5948 5637
5949 5638
5951 5640
5952 5641
5953 5642
5954 5643
5955 5644
5956 5645
5957 5646
5958 5647
5959 5648
5961 5650
5962 5651
5963 5652
5964 5653
5965 5654
5966 5655
5967 5656
5968 5657
5969 5658
5971 5660
5972 5661
5973 5662
5974 5663
5975 5664
5976 5665
5977 5666
5978 5667
5979 5668
5981 5670
5982 5671
5983 5672
5984 5673
5985 5674
5986 5675
5987 5676
5988 5677
5989 5678
5991 5680
5992 5681
5993 5682
5994 5683
5995 5684
5996 5685
5997 5686
5998 5687
5999 5688
6011 5700
6012 5701
6013 5702
6014 5703
6015 5704
6016 5705
6017 5706
6018 5707
6019 5708
6021 5710
6022 5711
6023 5712
6024 5713
6025 5714
6026 5715
6027 5716
6028 5717
6029 5718
6031 5720
6032 5721
6033 5722
6034 5723
6035 5724
6036 5725
6037 5726
6038 5727
6039 5728
6041 5730
6042 5731
6043 5732
6044 5733
6045 5734
6046 5735
6047 5736
6048 5737
6049 5738
6051 5740
6052 5741
6053 5742
6054 5743
6055 5744
6056 5745
6057 5746
6058 5747
6059 5748
6061 5750
6062 5751
6063 5752
6064 5753
6065 5754
6066 5755
6067 5756
6068 5757
6069 5758
6071 5760
6072 5761
6073 5762
6074 5763
6075 5764
6076 5765
6077 5766
6078 5767
6079 5768
6081 5770
6082 5771
6083 5772
6084 5773
6085 5774
6086 5775
6087 5776
6088 5777
6089 5778
6091 5780
6092 5781
6093 5782
6094 5783
6095 5784
6096 5785
6097 5786
6098 5787
6099 5788
6101 5790
6102 5791
6103 5792
6104 5793
6105 5794
6106 5795
6107 5796
6108 5797
6109 5798
6111 5800
6112 5801
6113 5802
6114 5803
6115 5804
6116 5805
6117 5806
6118 5807
6119 5808
6121 5810
6122 5811
6123 5812
6124 5813
6125 5814
6126 5815
6127 5816
6128 5817
6129 5818
6131 5820
6132 5821
6133 5822
6134 5823
6135 5824
6136 5825
6137 5826
6138 5827
6139 5828
6141 5830
6142 5831
6143 5832
6144 5833
6145 5834
6146 5835
6147 5836
6148 5837
6149 5838
6151 5840
6152 5841
6153 5842
6154 5843
6155 5844
6156 5845
6157 5846
6158 5847
6159 5848
6161 5850
6162 5851
6163 5852
6164 5853
6165 5854
6166 5855
6167 5856
6168 5857
6169 5858
6171 5860
6172 5861
6173 5862
6174 5863
6175 5864
6176 5865
6177 5866
6178 5867
6179 5868
6181 5870
6182 5871
6183 5872
6184 5873
6185 5874
6186 5875
6187 5876
6188 5877
6189 5878
6191 5880
6192 5881
6193 5882
6194 5883
6195 5884
6196 5885
6197 5886
6198 5887
6199 5888
6201 5890
6202 5891
6203 5892
6204 5893
6205 5894
6206 5895
6207 5896
6208 5897
6209 5898
6211 5900
6212 5901
6213 5902
6214 5903
6215 5904
6216 5905
6217 5906
6218 5907
6219 5908
6221 5910
6222 5911
6223 5912
6224 5913
6225 5914
6226 5915
6227 5916
6228 5917
6229 5918
6231 5920
6232 5921
6233 5922
6234 5923
6235 5924
6236 5925
6237 5926
6238 5927
6239 5928
6241 5930
6242 5931
6243 5932
6244 5933
6245 5934
6246 5935
6247 5936
6248 5937
6249 5938
6251 5940
6252 5941
6253 5942
6254 5943
6255 5944
6256 5945
6257 5946
6258 5947
6259 5948
6261 5950
6262 5951
6263 5952
6264 5953
6265 5954
6266 5955
6267 5956
6268 5957
6269 5958
6271 5960
6272 5961
6273 5962
6274 5963
6275 5964
6276 5965
6277 5966
6278 5967
6279 5968
6281 5970
6282 5971
6283 5972
6284 5973
6285 5974
6286 5975
6287 5976
6288 5977
6289 5978
6291 5980
6292 5981
6293 5982
6294 5983
6295 5984
6296 5985
6297 5986
6298 5987
6299 5988
6311 6000
6312 6001
6313 6002
6314 6003
6315 6004
6316 6005
6317 6006
6318 6007
6319 6008
6321 6010
6322 6011
6323 6012
6324 6013
6325 6014
6326 6015
6327 6016
6328 6017
6329 6018
6331 6020
6332 6021
6333 6022
6334 6023
6335 6024
6336 6025
6337 6026
6338 6027
6339 6028
6341 6030
6342 6031
6343 6032
6344 6033
6345 6034
6346 6035
6347 6036
6348 6037
6349 6038
6351 6040
6352 6041
6353 6042
6354 6043
6355 6044
6356 6045
6357 6046
6358 6047
6359 6048
6361 6050
6362 6051
6363 6052
6364 6053
6365 6054
6366 6055
6367 6056
6368 6057
6369 6058
6371 6060
6372 6061
6373 6062
6374 6063
6375 6064
6376 6065
6377 6066
6378 6067
6379 6068
6381 6070
6382 6071
6383 6072
6384 6073
6385 6074
6386 6075
6387 6076
6388 6077
6389 6078
6391 6080
6392 6081
6393 6082
6394 6083
6395 6084
6396 6085
6397 6086
6398 6087
6399 6088
6401 6090
6402 6091
6403 6092
6404 6093
6405 6094
6406 6095
6407 6096
6408 6097
6409 6098
6411 6100
6412 6101
6413 6102
6414 6103
6415 6104
6416 6105
6417 6106
6418 6107
6419 6108
6421 6110
6422 6111
6423 6112
6424 6113
6425 6114
6426 6115
6427 6116
6428 6117
6429 6118
6431 6120
6432 6121
6433 6122
6434 6123
6435 6124
6436 6125
6437 6126
6438 6127
6439 6128
6441 6130
6442 6131
6443 6132
6444 6133
6445 6134
6446 6135
6447 6136
6448 6137
6449 6138
6451 6140
6452 6141
6453 6142
6454 6143
6455 6144
6456 6145
6457 6146
6458 6147
6459 6148
6461 6150
6462 6151
6463 6152
6464 6153
6465 6154
6466 6155
6467 6156
6468 6157
6469 6158
6471 6160
6472 6161
6473 6162
6474 6163
6475 6164
6476 6165
6477 6166
6478 6167
6479 6168
6481 6170
6482 6171
6483 6172
6484 6173
6485 6174
6486 6175
6487 6176
6488 6177
6489 6178
6491 6180
6492 6181
6493 6182
6494 6183
6495 6184
6496 6185
6497 6186
6498 6187
6499 6188
6501 6190
6502 6191
6503 6192
6504 6193
6505 6194
6506 6195
6507 6196
6508 6197
6509 6198
6511 6200
6512 6201
6513 6202
6514 6203
6515 6204
6516 6205
6517 6206
6518 6207
6519 6208
6521 6210
6522 6211
6523 6212
6524 6213
6525 6214
6526 6215
6527 6216
6528 6217
6529 6218
6531 6220
6532 6221
6533 6222
6534 6223
6535 6224
6536 6225
6537 6226
6538 6227
6539 6228
6541 6230
6542 6231
6543 6232
6544 6233
6545 6234
6546 6235
6547 6236
6548 6237
6549 6238
6551 6240
6552 6241
6553 6242
6554 6243
6555 6244
6556 6245
6557 6246
6558 6247
6559 6248
6561 6250
6562 6251
6563 6252
6564 6253
6565 6254
6566 6255
6567 6256
6568 6257
6569 6258
6571 6260
6572 6261
6573 6262
6574 6263
6575 6264
6576 6265
6577 6266
6578 6267
6579 6268
6581 6270
6582 6271
6583 6272
6584 6273
6585 6274
6586 6275
6587 6276
6588 6277
6589 6278
6591 6280
6592 6281
6593 6282
6594 6283
6595 6284
6596 6285
6597 6286
6598 6287
6599 6288
6611 6300
6612 6301
6613 6302
6614 6303
6615 6304
6616 6305
6617 6306
6618 6307
6619 6308
6621 6310
6622 6311
6623 6312
6624 6313
6625 6314
6626 6315
6627 6316
6628 6317
6629 6318
6631 6320
6632 6321
6633 6322
6634 6323
6635 6324
6636 6325
6637 6326
6638 6327
6639 6328
6641 6330
6642 6331
6643 6332
6644 6333
6645 6334
6646 6335
6647 6336
6648 6337
6649 6338
6651 6340
6652 6341
6653 6342
6654 6343
6655 6344
6656 6345
6657 6346
6658 6347
6659 6348
6661 6350
6662 6351
6663 6352
6664 6353
6665 6354
6666 6355
6667 6356
6668 6357
6669 6358
6671 6360
6672 6361
6673 6362
6674 6363
6675 6364
6676 6365
6677 6366
6678 6367
6679 6368
6681 6370
6682 6371
6683 6372
6684 6373
6685 6374
6686 6375
6687 6376
6688 6377
6689 6378
6691 6380
6692 6381
6693 6382
6694 6383
6695 6384
6696 6385
6697 6386
6698 6387
6699 6388
6701 6390
6702 6391
6703 6392
6704 6393
6705 6394
6706 6395
6707 6396
6708 6397
6709 6398
6711 6400
6712 6401
6713 6402
6714 6403
6715 6404
6716 6405
6717 6406
6718 6407
6719 6408
6721 6410
6722 6411
6723 6412
6724 6413
6725 6414
6726 6415
6727 6416
6728 6417
6729 6418
6731 6420
6732 6421
6733 6422
6734 6423
6735 6424
6736 6425
6737 6426
6738 6427
6739 6428
6741 6430
6742 6431
6743 6432
6744 6433
6745 6434
6746 6435
6747 6436
6748 6437
6749 6438
6751 6440
6752 6441
6753 6442
6754 6443
6755 6444
6756 6445
6757 6446
6758 6447
6759 6448
6761 6450
6762 6451
6763 6452
6764 6453
6765 6454
6766 6455
6767 6456
6768 6457
6769 6458
6771 6460
6772 6461
6773 6462
6774 6463
6775 6464
6776 6465
6777 6466
6778 6467
6779 6468
6781 6470
6782 6471
6783 6472
6784 6473
6785 6474
6786 6475
6787 6476
6788 6477
6789 6478
6791 6480
6792 6481
6793 6482
6794 6483
6795 6484
6796 6485
6797 6486
6798 6487
6799 6488
6801 6490
6802 6491
6803 6492
6804 6493
6805 6494
6806 6495
6807 6496
6808 6497
6809 6498
6811 6500
6812 6501
6813 6502
6814 6503
6815 6504
6816 6505
6817 6506
6818 6507
6819 6508
6821 6510
6822 6511
6823 6512
6824 6513
6825 6514
6826 6515
6827 6516
6828 6517
6829 6518
6831 6520
6832 6521
6833 6522
6834 6523
6835 6524
6836 6525
6837 6526
6838 6527
6839 6528
6841 6530
6842 6531
6843 6532
6844 6533
6845 6534
6846 6535
6847 6536
6848 6537
6849 6538
6851 6540
6852 6541
6853 6542
6854 6543
6855 6544
6856 6545
6857 6546
6858 6547
6859 6548
6861 6550
6862 6551
6863 6552
6864 6553
6865 6554
6866 6555
6867 6556
6868 6557
6869 6558
6871 6560
6872 6561
6873 6562
6874 6563
6875 6564
6876 6565
6877 6566
6878 6567
6879 6568
6881 6570
6882 6571
6883 6572
6884 6573
6885 6574
6886 6575
6887 6576
6888 6577
6889 6578
6891 6580
6892 6581
6893 6582
6894 6583
6895 6584
6896 6585
6897 6586
6898 6587
6899 6588
6911 6600
6912 6601
6913 6602
6914 6603
6915 6604
6916 6605
6917 6606
6918 6607
6919 6608
6921 6610
6922 6611
6923 6612
6924 6613
6925 6614
6926 6615
6927 6616
6928 6617
6929 6618
6931 6620
6932 6621
6933 6622
6934 6623
6935 6624
6936 6625
6937 6626
6938 6627
6939 6628
6941 6630
6942 6631
6943 6632
6944 6633
6945 6634
6946 6635
6947 6636
6948 6637
6949 6638
6951 6640
6952 6641
6953 6642
6954 6643
6955 6644
6956 6645
6957 6646
6958 6647
6959 6648
6961 6650
6962 6651
6963 6652
6964 6653
6965 6654
6966 6655
6967 6656
6968 6657
6969 6658
6971 6660
6972 6661
6973 6662
6974 6663
6975 6664
6976 6665
6977 6666
6978 6667
6979 6668
6981 6670
6982 6671
6983 6672
6984 6673
6985 6674
6986 6675
6987 6676
6988 6677
6989 6678
6991 6680
6992 6681
6993 6682
6994 6683
6995 6684
6996 6685
6997 6686
6998 6687
6999 6688
7001 6690
7002 6691
7003 6692
7004 6693
7005 6694
7006 6695
7007 6696
7008 6697
7009 6698
7011 6700
7012 6701
7013 6702
7014 6703
7015 6704
7016 6705
7017 6706
7018 6707
7019 6708
7021 6710
7022 6711
7023 6712
7024 6713
7025 6714
7026 6715
7027 6716
7028 6717
7029 6718
7031 6720
7032 6721
7033 6722
7034 6723
7035 6724
7036 6725
7037 6726
7038 6727
7039 6728
7041 6730
7042 6731
7043 6732
7044 6733
7045 6734
7046 6735
7047 6736
7048 6737
7049 6738
7051 6740
7052 6741
7053 6742
7054 6743
7055 6744
7056 6745
7057 6746
7058 6747
7059 6748
7061 6750
7062 6751
7063 6752
7064 6753
7065 6754
7066 6755
7067 6756
7068 6757
7069 6758
7071 6760
7072 6761
7073 6762
7074 6763
7075 6764
7076 6765
7077 6766
7078 6767
7079 6768
7081 6770
7082 6771
7083 6772
7084 6773
7085 6774
7086 6775
7087 6776
7088 6777
7089 6778
7091 6780
7092 6781
7093 6782
7094 6783
7095 6784
7096 6785
7097 6786
7098 6787
7099 6788
7101 6790
7102 6791
7103 6792
7104 6793
7105 6794
7106 6795
7107 6796
7108 6797
7109 6798
7111 6800
7112 6801
7113 6802
7114 6803
7115 6804
7116 6805
7117 6806
7118 6807
7119 6808
7121 6810
7122 6811
7123 6812
7124 6813
7125 6814
7126 6815
7127 6816
7128 6817
7129 6818
7131 6820
7132 6821
7133 6822
7134 6823
7135 6824
7136 6825
7137 6826
7138 6827
7139 6828
7141 6830
7142 6831
7143 6832
7144 6833
7145 6834
7146 6835
7147 6836
7148 6837
7149 6838
7151 6840
7152 6841
7153 6842
7154 6843
7155 6844
7156 6845
7157 6846
7158 6847
7159 6848
7161 6850
7162 6851
7163 6852
7164 6853
7165 6854
7166 6855
7167 6856
7168 6857
7169 6858
7171 6860
7172 6861
7173 6862
7174 6863
7175 6864
7176 6865
7177 6866
7178 6867
7179 6868
7181 6870
7182 6871
7183 6872
7184 6873
7185 6874
7186 6875
7187 6876
7188 6877
7189 6878
7191 6880
7192 6881
7193 6882
7194 6883
7195 6884
7196 6885
7197 6886
7198 6887
7199 6888
7211 6900
7212 6901
7213 6902
7214 6903
7215 6904
7216 6905
7217 6906
7218 6907
7219 6908
7221 6910
7222 6911
7223 6912
7224 6913
7225 6914
7226 6915
7227 6916
7228 6917
7229 6918
7231 6920
7232 6921
7233 6922
7234 6923
7235 6924
7236 6925
7237 6926
7238 6927
7239 6928
7241 6930
7242 6931
7243 6932
7244 6933
7245 6934
7246 6935
7247 6936
7248 6937
7249 6938
7251 6940
7252 6941
7253 6942
7254 6943
7255 6944
7256 6945
7257 6946
7258 6947
7259 6948
7261 6950
7262 6951
7263 6952
7264 6953
7265 6954
7266 6955
7267 6956
7268 6957
7269 6958
7271 6960
7272 6961
7273 6962
7274 6963
7275 6964
7276 6965
7277 6966
7278 6967
7279 6968
7281 6970
7282 6971
7283 6972
7284 6973
7285 6974
7286 6975
7287 6976
7288 6977
7289 6978
7291 6980
7292 6981
7293 6982
7294 6983
7295 6984
7296 6985
7297 6986
7298 6987
7299 6988
7301 6990
7302 6991
7303 6992
7304 6993
7305 6994
7306 6995
7307 6996
7308 6997
7309 6998
7311 7000
7312 7001
7313 7002
7314 7003
7315 7004
7316 7005
7317 7006
7318 7007
7319 7008
7321 7010
7322 7011
7323 7012
7324 7013
7325 7014
7326 7015
7327 7016
7328 7017
7329 7018
7331 7020
7332 7021
7333 7022
7334 7023
7335 7024
7336 7025
7337 7026
7338 7027
7339 7028
7341 7030
7342 7031
7343 7032
7344 7033
7345 7034
7346 7035
7347 7036
7348 7037
7349 7038
7351 7040
7352 7041
7353 7042
7354 7043
7355 7044
7356 7045
7357 7046
7358 7047
7359 7048
7361 7050
7362 7051
7363 7052
7364 7053
7365 7054
7366 7055
7367 7056
7368 7057
7369 7058
7371 7060
7372 7061
7373 7062
7374 7063
7375 7064
7376 7065
7377 7066
7378 7067
7379 7068
7381 7070
7382 7071
7383 7072
7384 7073
7385 7074
7386 7075
7387 7076
7388 7077
7389 7078
7391 7080
7392 7081
7393 7082
7394 7083
7395 7084
7396 7085
7397 7086
7398 7087
7399 7088
7401 7090
7402 7091
7403 7092
7404 7093
7405 7094
7406 7095
7407 7096
7408 7097
7409 7098
7411 7100
7412 7101
7413 7102
7414 7103
7415 7104
7416 7105
7417 7106
7418 7107
7419 7108
7421 7110
7422 7111
7423 7112
7424 7113
7425 7114
7426 7115
7427 7116
7428 7117
7429 7118
7431 7120
7432 7121
7433 7122
7434 7123
7435 7124
7436 7125
7437 7126
7438 7127
7439 7128
7441 7130
7442 7131
7443 7132
7444 7133
7445 7134
7446 7135
7447 7136
7448 7137
7449 7138
7451 7140
7452 7141
7453 7142
7454 7143
7455 7144
7456 7145
7457 7146
7458 7147
7459 7148
7461 7150
7462 7151
7463 7152
7464 7153
7465 7154
7466 7155
7467 7156
7468 7157
7469 7158
7471 7160
7472 7161
7473 7162
7474 7163
7475 7164
7476 7165
7477 7166
7478 7167
7479 7168
7481 7170
7482 7171
7483 7172
7484 7173
7485 7174
7486 7175
7487 7176
7488 7177
7489 7178
7491 7180
7492 7181
7493 7182
7494 7183
7495 7184
7496 7185
7497 7186
7498 7187
7499 7188
7511 7200
7512 7201
7513 7202
7514 7203
7515 7204
7516 7205
7517 7206
7518 7207
7519 7208
7521 7210
7522 7211
7523 7212
7524 7213
7525 7214
7526 7215
7527 7216
7528 7217
7529 7218
7531 7220
7532 7221
7533 7222
7534 7223
7535 7224
7536 7225
7537 7226
7538 7227
7539 7228
7541 7230
7542 7231
7543 7232
7544 7233
7545 7234
7546 7235
7547 7236
7548 7237
7549 7238
7551 7240
7552 7241
7553 7242
7554 7243
7555 7244
7556 7245
7557 7246
7558 7247
7559 7248
7561 7250
7562 7251
7563 7252
7564 7253
7565 7254
7566 7255
7567 7256
7568 7257
7569 7258
7571 7260
7572 7261
7573 7262
7574 7263
7575 7264
7576 7265
7577 7266
7578 7267
7579 7268
7581 7270
7582 7271
7583 7272
7584 7273
7585 7274
7586 7275
7587 7276
7588 7277
7589 7278
7591 7280
7592 7281
7593 7282
7594 7283
7595 7284
7596 7285
7597 7286
7598 7287
7599 7288
7601 7290
7602 7291
7603 7292
7604 7293
7605 7294
7606 7295
7607 7296
7608 7297
7609 7298
7611 7300
7612 7301
7613 7302
7614 7303
7615 7304
7616 7305
7617 7306
7618 7307
7619 7308
7621 7310
7622 7311
7623 7312
7624 7313
7625 7314
7626 7315
7627 7316
7628 7317
7629 7318
7631 7320
7632 7321
7633 7322
7634 7323
7635 7324
7636 7325
7637 7326
7638 7327
7639 7328
7641 7330
7642 7331
7643 7332
7644 7333
7645 7334
7646 7335
7647 7336
7648 7337
7649 7338
7651 7340
7652 7341
7653 7342
7654 7343
7655 7344
7656 7345
7657 7346
7658 7347
7659 7348
7661 7350
7662 7351
7663 7352
7664 7353
7665 7354
7666 7355
7667 7356
7668 7357
7669 7358
7671 7360
7672 7361
7673 7362
7674 7363
7675 7364
7676 7365
7677 7366
7678 7367
7679 7368
7681 7370
7682 7371
7683 7372
7684 7373
7685 7374
7686 7375
7687 7376
7688 7377
7689 7378
7691 7380
7692 7381
7693 7382
7694 7383
7695 7384
7696 7385
7697 7386
7698 7387
7699 7388
7701 7390
7702 7391
7703 7392
7704 7393
7705 7394
7706 7395
7707 7396
7708 7397
7709 7398
7711 7400
7712 7401
7713 7402
7714 7403
7715 7404
7716 7405
7717 7406
7718 7407
7719 7408
7721 7410
7722 7411
7723 7412
7724 7413
7725 7414
7726 7415
7727 7416
7728 7417
7729 7418
7731 7420
7732 7421
7733 7422
7734 7423
7735 7424
7736 7425
7737 7426
7738 7427
7739 7428
7741 7430
7742 7431
7743 7432
7744 7433
7745 7434
7746 7435
7747 7436
7748 7437
7749 7438
7751 7440
7752 7441
7753 7442
7754 7443
7755 7444
7756 7445
7757 7446
7758 7447
7759 7448
7761 7450
7762 7451
7763 7452
7764 7453
7765 7454
7766 7455
7767 7456
7768 7457
7769 7458
7771 7460
7772 7461
7773 7462
7774 7463
7775 7464
7776 7465
7777 7466
7778 7467
7779 7468
7781 7470
7782 7471
7783 7472
7784 7473
7785 7474
7786 7475
7787 7476
7788 7477
7789 7478
7791 7480
7792 7481
7793 7482
7794 7483
7795 7484
7796 7485
7797 7486
7798 7487
7799 7488
7811 7500
7812 7501
7813 7502
7814 7503
7815 7504
7816 7505
7817 7506
7818 7507
7819 7508
7821 7510
7822 7511
7823 7512
7824 7513
7825 7514
7826 7515
7827 7516
7828 7517
7829 7518
7831 7520
7832 7521
7833 7522
7834 7523
7835 7524
7836 7525
7837 7526
7838 7527
7839 7528
7841 7530
7842 7531
7843 7532
7844 7533
7845 7534
7846 7535
7847 7536
7848 7537
7849 7538
7851 7540
7852 7541
7853 7542
7854 7543
7855 7544
7856 7545
7857 7546
7858 7547
7859 7548
7861 7550
7862 7551
7863 7552
7864 7553
7865 7554
7866 7555
7867 7556
7868 7557
7869 7558
7871 7560
7872 7561
7873 7562
7874 7563
7875 7564
7876 7565
7877 7566
7878 7567
7879 7568
7881 7570
7882 7571
7883 7572
7884 7573
7885 7574
7886 7575
7887 7576
7888 7577
7889 7578
7891 7580
7892 7581
7893 7582
7894 7583
7895 7584
7896 7585
7897 7586
7898 7587
7899 7588
7901 7590
7902 7591
7903 7592
7904 7593
7905 7594
7906 7595
7907 7596
7908 7597
7909 7598
7911 7600
7912 7601
7913 7602
7914 7603
7915 7604
7916 7605
7917 7606
7918 7607
7919 7608
7921 7610
7922 7611
7923 7612
7924 7613
7925 7614
7926 7615
7927 7616
7928 7617
7929 7618
7931 7620
7932 7621
7933 7622
7934 7623
7935 7624
7936 7625
7937 7626
7938 7627
7939 7628
7941 7630
7942 7631
7943 7632
7944 7633
7945 7634
7946 7635
7947 7636
7948 7637
7949 7638
7951 7640
7952 7641
7953 7642
7954 7643
7955 7644
7956 7645
7957 7646
7958 7647
7959 7648
7961 7650
7962 7651
7963 7652
7964 7653
7965 7654
7966 7655
7967 7656
7968 7657
7969 7658
7971 7660
7972 7661
7973 7662
7974 7663
7975 7664
7976 7665
7977 7666
7978 7667
7979 7668
7981 7670
7982 7671
7983 7672
7984 7673
7985 7674
7986 7675
7987 7676
7988 7677
7989 7678
7991 7680
7992 7681
7993 7682
7994 7683
7995 7684
7996 7685
7997 7686
7998 7687
7999 7688
8001 7690
8002 7691
8003 7692
8004 7693
8005 7694
8006 7695
8007 7696
8008 7697
8009 7698
8011 7700
8012 7701
8013 7702
8014 7703
8015 7704
8016 7705
8017 7706
8018 7707
8019 7708
8021 7710
8022 7711
8023 7712
8024 7713
8025 7714
8026 7715
8027 7716
8028 7717
8029 7718
8031 7720
8032 7721
8033 7722
8034 7723
8035 7724
8036 7725
8037 7726
8038 7727
8039 7728
8041 7730
8042 7731
8043 7732
8044 7733
8045 7734
8046 7735
8047 7736
8048 7737
8049 7738
8051 7740
8052 7741
8053 7742
8054 7743
8055 7744
8056 7745
8057 7746
8058 7747
8059 7748
8061 7750
8062 7751
8063 7752
8064 7753
8065 7754
8066 7755
8067 7756
8068 7757
8069 7758
8071 7760
8072 7761
8073 7762
8074 7763
8075 7764
8076 7765
8077 7766
8078 7767
8079 7768
8081 7770
8082 7771
8083 7772
8084 7773
8085 7774
8086 7775
8087 7776
8088 7777
8089 7778
8091 7780
8092 7781
8093 7782
8094 7783
8095 7784
8096 7785
8097 7786
8098 7787
8099 7788
8111 7800
8112 7801
8113 7802
8114 7803
8115 7804
8116 7805
8117 7806
8118 7807
8119 7808
8121 7810
8122 7811
8123 7812
8124 7813
8125 7814
8126 7815
8127 7816
8128 7817
8129 7818
8131 7820
8132 7821
8133 7822
8134 7823
8135 7824
8136 7825
8137 7826
8138 7827
8139 7828
8141 7830
8142 7831
8143 7832
8144 7833
8145 7834
8146 7835
8147 7836
8148 7837
8149 7838
8151 7840
8152 7841
8153 7842
8154 7843
8155 7844
8156 7845
8157 7846
8158 7847
8159 7848
8161 7850
8162 7851
8163 7852
8164 7853
8165 7854
8166 7855
8167 7856
8168 7857
8169 7858
8171 7860
8172 7861
8173 7862
8174 7863
8175 7864
8176 7865
8177 7866
8178 7867
8179 7868
8181 7870
8182 7871
8183 7872
8184 7873
8185 7874
8186 7875
8187 7876
8188 7877
8189 7878
8191 7880
8192 7881
8193 7882
8194 7883
8195 7884
8196 7885
8197 7886
8198 7887
8199 7888
8201 7890
8202 7891
8203 7892
8204 7893
8205 7894
8206 7895
8207 7896
8208 7897
8209 7898
8211 7900
8212 7901
8213 7902
8214 7903
8215 7904
8216 7905
8217 7906
8218 7907
8219 7908
8221 7910
8222 7911
8223 7912
8224 7913
8225 7914
8226 7915
8227 7916
8228 7917
8229 7918
8231 7920
8232 7921
8233 7922
8234 7923
8235 7924
8236 7925
8237 7926
8238 7927
8239 7928
8241 7930
8242 7931
8243 7932
8244 7933
8245 7934
8246 7935
8247 7936
8248 7937
8249 7938
8251 7940
8252 7941
8253 7942
8254 7943
8255 7944
8256 7945
8257 7946
8258 7947
8259 7948
8261 7950
8262 7951
8263 7952
8264 7953
8265 7954
8266 7955
8267 7956
8268 7957
8269 7958
8271 7960
8272 7961
8273 7962
8274 7963
8275 7964
8276 7965
8277 7966
8278 7967
8279 7968
8281 7970
8282 7971
8283 7972
8284 7973
8285 7974
8286 7975
8287 7976
8288 7977
8289 7978
8291 7980
8292 7981
8293 7982
8294 7983
8295 7984
8296 7985
8297 7986
8298 7987
8299 7988
8301 7990
8302 7991
8303 7992
8304 7993
8305 7994
8306 7995
8307 7996
8308 7997
8309 7998
8311 8000
8312 8001
8313 8002
8314 8003
8315 8004
8316 8005
8317 8006
8318 8007
8319 8008
8321 8010
8322 8011
8323 8012
8324 8013
8325 8014
8326 8015
8327 8016
8328 8017
8329 8018
8331 8020
8332 8021
8333 8022
8334 8023
8335 8024
8336 8025
8337 8026
8338 8027
8339 8028
8341 8030
8342 8031
8343 8032
8344 8033
8345 8034
8346 8035
8347 8036
8348 8037
8349 8038
8351 8040
8352 8041
8353 8042
8354 8043
8355 8044
8356 8045
8357 8046
8358 8047
8359 8048
8361 8050
8362 8051
8363 8052
8364 8053
8365 8054
8366 8055
8367 8056
8368 8057
8369 8058
8371 8060
8372 8061
8373 8062
8374 8063
8375 8064
8376 8065
8377 8066
8378 8067
8379 8068
8381 8070
8382 8071
8383 8072
8384 8073
8385 8074
8386 8075
8387 8076
8388 8077
8389 8078
8391 8080
8392 8081
8393 8082
8394 8083
8395 8084
8396 8085
8397 8086
8398 8087
8399 8088
8411 8100
8412 8101
8413 8102
8414 8103
8415 8104
8416 8105
8417 8106
8418 8107
8419 8108
8421 8110
8422 8111
8423 8112
8424 8113
8425 8114
8426 8115
8427 8116
8428 8117
8429 8118
8431 8120
8432 8121
8433 8122
8434 8123
8435 8124
8436 8125
8437 8126
8438 8127
8439 8128
8441 8130
8442 8131
8443 8132
8444 8133
8445 8134
8446 8135
8447 8136
8448 8137
8449 8138
8451 8140
8452 8141
8453 8142
8454 8143
8455 8144
8456 8145
8457 8146
8458 8147
8459 8148
8461 8150
8462 8151
8463 8152
8464 8153
8465 8154
8466 8155
8467 8156
8468 8157
8469 8158
8471 8160
8472 8161
8473 8162
8474 8163
8475 8164
8476 8165
8477 8166
8478 8167
8479 8168
8481 8170
8482 8171
8483 8172
8484 8173
8485 8174
8486 8175
8487 8176
8488 8177
8489 8178
8491 8180
8492 8181
8493 8182
8494 8183
8495 8184
8496 8185
8497 8186
8498 8187
8499 8188
8501 8190
8502 8191
8503 8192
8504 8193
8505 8194
8506 8195
8507 8196
8508 8197
8509 8198
8511 8200
8512 8201
8513 8202
8514 8203
8515 8204
8516 8205
8517 8206
8518 8207
8519 8208
8521 8210
8522 8211
8523 8212
8524 8213
8525 8214
8526 8215
8527 8216
8528 8217
8529 8218
8531 8220
8532 8221
8533 8222
8534 8223
8535 8224
8536 8225
8537 8226
8538 8227
8539 8228
8541 8230
8542 8231
8543 8232
8544 8233
8545 8234
8546 8235
8547 8236
8548 8237
8549 8238
8551 8240
8552 8241
8553 8242
8554 8243
8555 8244
8556 8245
8557 8246
8558 8247
8559 8248
8561 8250
8562 8251
8563 8252
8564 8253
8565 8254
8566 8255
8567 8256
8568 8257
8569 8258
8571 8260
8572 8261
8573 8262
8574 8263
8575 8264
8576 8265
8577 8266
8578 8267
8579 8268
8581 8270
8582 8271
8583 8272
8584 8273
8585 8274
8586 8275
8587 8276
8588 8277
8589 8278
8591 8280
8592 8281
8593 8282
8594 8283
8595 8284
8596 8285
8597 8286
8598 8287
8599 8288
8601 8290
8602 8291
8603 8292
8604 8293
8605 8294
8606 8295
8607 8296
8608 8297
8609 8298
8611 8300
8612 8301
8613 8302
8614 8303
8615 8304
8616 8305
8617 8306
8618 8307
8619 8308
8621 8310
8622 8311
8623 8312
8624 8313
8625 8314
8626 8315
8627 8316
8628 8317
8629 8318
8631 8320
8632 8321
8633 8322
8634 8323
8635 8324
8636 8325
8637 8326
8638 8327
8639 8328
8641 8330
8642 8331
8643 8332
8644 8333
8645 8334
8646 8335
8647 8336
8648 8337
8649 8338
8651 8340
8652 8341
8653 8342
8654 8343
8655 8344
8656 8345
8657 8346
8658 8347
8659 8348
8661 8350
8662 8351
8663 8352
8664 8353
8665 8354
8666 8355
8667 8356
8668 8357
8669 8358
8671 8360
8672 8361
8673 8362
8674 8363
8675 8364
8676 8365
8677 8366
8678 8367
8679 8368
8681 8370
8682 8371
8683 8372
8684 8373
8685 8374
8686 8375
8687 8376
8688 8377
8689 8378
8691 8380
8692 8381
8693 8382
8694 8383
8695 8384
8696 8385
8697 8386
8698 8387
8699 8388
8711 8400
8712 8401
8713 8402
8714 8403
8715 8404
8716 8405
8717 8406
8718 8407
8719 8408
8721 8410
8722 8411
8723 8412
8724 8413
8725 8414
8726 8415
8727 8416
8728 8417
8729 8418
8731 8420
8732 8421
8733 8422
8734 8423
8735 8424
8736 8425
8737 8426
8738 8427
8739 8428
8741 8430
8742 8431
8743 8432
8744 8433
8745 8434
8746 8435
8747 8436
8748 8437
8749 8438
8751 8440
8752 8441
8753 8442
8754 8443
8755 8444
8756 8445
8757 8446
8758 8447
8759 8448
8761 8450
8762 8451
8763 8452
8764 8453
8765 8454
8766 8455
8767 8456
8768 8457
8769 8458
8771 8460
8772 8461
8773 8462
8774 8463
8775 8464
8776 8465
8777 8466
8778 8467
8779 8468
8781 8470
8782 8471
8783 8472
8784 8473
8785 8474
8786 8475
8787 8476
8788 8477
8789 8478
8791 8480
8792 8481
8793 8482
8794 8483
8795 8484
8796 8485
8797 8486
8798 8487
8799 8488
8801 8490
8802 8491
8803 8492
8804 8493
8805 8494
8806 8495
8807 8496
8808 8497
8809 8498
8811 8500
8812 8501
8813 8502
8814 8503
8815 8504
8816 8505
8817 8506
8818 8507
8819 8508
8821 8510
8822 8511
8823 8512
8824 8513
8825 8514
8826 8515
8827 8516
8828 8517
8829 8518
8831 8520
8832 8521
8833 8522
8834 8523
8835 8524
8836 8525
8837 8526
8838 8527
8839 8528
8841 8530
8842 8531
8843 8532
8844 8533
8845 8534
8846 8535
8847 8536
8848 8537
8849 8538
8851 8540
8852 8541
8853 8542
8854 8543
8855 8544
8856 8545
8857 8546
8858 8547
8859 8548
8861 8550
8862 8551
8863 8552
8864 8553
8865 8554
8866 8555
8867 8556
8868 8557
8869 8558
8871 8560
8872 8561
8873 8562
8874 8563
8875 8564
8876 8565
8877 8566
8878 8567
8879 8568
8881 8570
8882 8571
8883 8572
8884 8573
8885 8574
8886 8575
8887 8576
8888 8577
8889 8578
8891 8580
8892 8581
8893 8582
8894 8583
8895 8584
8896 8585
8897 8586
8898 8587
8899 8588
8901 8590
8902 8591
8903 8592
8904 8593
8905 8594
8906 8595
8907 8596
8908 8597
8909 8598
8911 8600
8912 8601
8913 8602
8914 8603
8915 8604
8916 8605
8917 8606
8918 8607
8919 8608
8921 8610
8922 8611
8923 8612
8924 8613
8925 8614
8926 8615
8927 8616
8928 8617
8929 8618
8931 8620
8932 8621
8933 8622
8934 8623
8935 8624
8936 8625
8937 8626
8938 8627
8939 8628
8941 8630
8942 8631
8943 8632
8944 8633
8945 8634
8946 8635
8947 8636
8948 8637
8949 8638
8951 8640
8952 8641
8953 8642
8954 8643
8955 8644
8956 8645
8957 8646
8958 8647
8959 8648
8961 8650
8962 8651
8963 8652
8964 8653
8965 8654
8966 8655
8967 8656
8968 8657
8969 8658
8971 8660
8972 8661
8973 8662
8974 8663
8975 8664
8976 8665
8977 8666
8978 8667
8979 8668
8981 8670
8982 8671
8983 8672
8984 8673
8985 8674
8986 8675
8987 8676
8988 8677
8989 8678
8991 8680
8992 8681
8993 8682
8994 8683
8995 8684
8996 8685
8997 8686
8998 8687
8999 8688
301 0
302 1
303 2
304 3
305 4
306 5
307 6
308 7
309 8
311 10
312 11
313 12
314 13
315 14
316 15
317 16
318 17
319 18
321 20
322 21
323 22
324 23
325 24
326 25
327 26
328 27
329 28
331 30
332 31
333 32
334 33
335 34
336 35
337 36
338 37
339 38
341 40
342 41
343 42
344 43
345 44
346 45
347 46
348 47
349 48
351 50
352 51
353 52
354 53
355 54
356 55
357 56
358 57
359 58
361 60
362 61
363 62
364 63
365 64
366 65
367 66
368 67
369 68
371 70
372 71
373 72
374 73
375 74
376 75
377 76
378 77
379 78
381 80
382 81
383 82
384 83
385 84
386 85
387 86
388 87
389 88
391 90
392 91
393 92
394 93
395 94
396 95
397 96
398 97
399 98
401 100
402 101
403 102
404 103
405 104
406 105
407 106
408 107
409 108
411 110
412 111
413 112
414 113
415 114
416 115
417 116
418 117
419 118
421 120
422 121
423 122
424 123
425 124
426 125
427 126
428 127
429 128
431 130
432 131
433 132
434 133
435 134
436 135
437 136
438 137
439 138
441 140
442 141
443 142
444 143
445 144
446 145
447 146
448 147
449 148
451 150
452 151
453 152
454 153
455 154
456 155
457 156
458 157
459 158
461 160
462 161
463 162
464 163
465 164
466 165
467 166
468 167
469 168
471 170
472 171
473 172
474 173
475 174
476 175
477 176
478 177
479 178
481 180
482 181
483 182
484 183
485 184
486 185
487 186
488 187
489 188
491 190
492 191
493 192
494 193
495 194
496 195
497 196
498 197
499 198
501 200
502 201
503 202
504 203
505 204
506 205
507 206
508 207
509 208
511 210
512 211
513 212
514 213
515 214
516 215
517 216
518 217
519 218
521 220
522 221
523 222
524 223
525 224
526 225
527 226
528 227
529 228
531 230
532 231
533 232
534 233
535 234
536 235
537 236
538 237
539 238
541 240
542 241
543 242
544 243
545 244
546 245
547 246
548 247
549 248
551 250
552 251
553 252
554 253
555 254
556 255
557 256
558 257
559 258
561 260
562 261
563 262
564 263
565 264
566 265
567 266
568 267
569 268
571 270
572 271
573 272
574 273
575 274
576 275
577 276
578 277
579 278
581 280
582 281
583 282
584 283
585 284
586 285
587 286
588 287
589 288
591 290
592 291
593 292
594 293
595 294
596 295
597 296
598 297
599 298
601 300
602 301
603 302
604 303
605 304
606 305
607 306
608 307
609 308
611 310
612 311
613 312
614 313
615 314
616 315
617 316
618 317
619 318
621 320
622 321
623 322
624 323
625 324
626 325
627 326
628 327
629 328
631 330
632 331
633 332
634 333
635 334
636 335
637 336
638 337
639 338
641 340
642 341
643 342
644 343
645 344
646 345
647 346
648 347
649 348
651 350
652 351
653 352
654 353
655 354
656 355
657 356
658 357
659 358
661 360
662 361
663 362
664 363
665 364
666 365
667 366
668 367
669 368
671 370
672 371
673 372
674 373
675 374
676 375
677 376
678 377
679 378
681 380
682 381
683 382
684 383
685 384
686 385
687 386
688 387
689 388
691 390
692 391
693 392
694 393
695 394
696 395
697 396
698 397
699 398
701 400
702 401
703 402
704 403
705 404
706 405
707 406
708 407
709 408
711 410
712 411
713 412
714 413
715 414
716 415
717 416
718 417
719 418
721 420
722 421
723 422
724 423
725 424
726 425
727 426
728 427
729 428
731 430
732 431
733 432
734 433
735 434
736 435
737 436
738 437
739 438
741 440
742 441
743 442
744 443
745 444
746 445
747 446
748 447
749 448
751 450
752 451
753 452
754 453
755 454
756 455
757 456
758 457
759 458
761 460
762 461
763 462
764 463
765 464
766 465
767 466
768 467
769 468
771 470
772 471
773 472
774 473
775 474
776 475
777 476
778 477
779 478
781 480
782 481
783 482
784 483
785 484
786 485
787 486
788 487
789 488
791 490
792 491
793 492
794 493
795 494
796 495
797 496
798 497
799 498
801 500
802 501
803 502
804 503
805 504
806 505
807 506
808 507
809 508
811 510
812 511
813 512
814 513
815 514
816 515
817 516
818 517
819 518
821 520
822 521
823 522
824 523
825 524
826 525
827 526
828 527
829 528
831 530
832 531
833 532
834 533
835 534
836 535
837 536
838 537
839 538
841 540
842 541
843 542
844 543
845 544
846 545
847 546
848 547
849 548
851 550
852 551
853 552
854 553
855 554
856 555
857 556
858 557
859 558
861 560
862 561
863 562
864 563
865 564
866 565
867 566
868 567
869 568
871 570
872 571
873 572
874 573
875 574
876 575
877 576
878 577
879 578
881 580
882 581
883 582
884 583
885 584
886 585
887 586
888 587
889 588
891 590
892 591
893 592
894 593
895 594
896 595
897 596
898 597
899 598
901 600
902 601
903 602
904 603
905 604
906 605
907 606
908 607
909 608
911 610
912 611
913 612
914 613
915 614
916 615
917 616
918 617
919 618
921 620
922 621
923 622
924 623
925 624
926 625
927 626
928 627
929 628
931 630
932 631
933 632
934 633
935 634
936 635
937 636
938 637
939 638
941 640
942 641
943 642
944 643
945 644
946 645
947 646
948 647
949 648
951 650
952 651
953 652
954 653
955 654
956 655
957 656
958 657
959 658
961 660
962 661
963 662
964 663
965 664
966 665
967 666
968 667
969 668
971 670
972 671
973 672
974 673
975 674
976 675
977 676
978 677
979 678
981 680
982 681
983 682
984 683
985 684
986 685
987 686
988 687
989 688
991 690
992 691
993 692
994 693
995 694
996 695
997 696
998 697
999 698
1001 700
1002 701
1003 702
1004 703
1005 704
1006 705
1007 706
1008 707
1009 708
1011 710
1012 711
1013 712
1014 713
1015 714
1016 715
1017 716
1018 717
1019 718
1021 720
1022 721
1023 722
1024 723
1025 724
1026 725
1027 726
1028 727
1029 728
1031 730
1032 731
1033 732
1034 733
1035 734
1036 735
1037 736
1038 737
1039 738
1041 740
1042 741
1043 742
1044 743
1045 744
1046 745
1047 746
1048 747
1049 748
1051 750
1052 751
1053 752
1054 753
1055 754
1056 755
1057 756
1058 757
1059 758
1061 760
1062 761
1063 762
1064 763
1065 764
1066 765
1067 766
1068 767
1069 768
1071 770
1072 771
1073 772
1074 773
1075 774
1076 775
1077 776
1078 777
1079 778
1081 780
1082 781
1083 782
1084 783
1085 784
1086 785
1087 786
1088 787
1089 788
1091 790
1092 791
1093 792
1094 793
1095 794
1096 795
1097 796
1098 797
1099 798
1101 800
1102 801
1103 802
1104 803
1105 804
1106 805
1107 806
1108 807
1109 808
1111 810
1112 811
1113 812
1114 813
1115 814
1116 815
1117 816
1118 817
1119 818
1121 820
1122 821
1123 822
1124 823
1125 824
1126 825
1127 826
1128 827
1129 828
1131 830
1132 831
1133 832
1134 833
1135 834
1136 835
1137 836
1138 837
1139 838
1141 840
1142 841
1143 842
1144 843
1145 844
1146 845
1147 846
1148 847
1149 848
1151 850
1152 851
1153 852
1154 853
1155 854
1156 855
1157 856
1158 857
1159 858
1161 860
1162 861
1163 862
1164 863
1165 864
1166 865
1167 866
1168 867
1169 868
1171 870
1172 871
1173 872
1174 873
1175 874
1176 875
1177 876
1178 877
1179 878
1181 880
1182 881
1183 882
1184 883
1185 884
1186 885
1187 886
1188 887
1189 888
1191 890
1192 891
1193 892
1194 893
1195 894
1196 895
1197 896
1198 897
1199 898
1201 900
1202 901
1203 902
1204 903
1205 904
1206 905
1207 906
1208 907
1209 908
1211 910
1212 911
1213 912
1214 913
1215 914
1216 915
1217 916
1218 917
1219 918
1221 920
1222 921
1223 922
1224 923
1225 924
1226 925
1227 926
1228 927
1229 928
1231 930
1232 931
1233 932
1234 933
1235 934
1236 935
1237 936
1238 937
1239 938
1241 940
1242 941
1243 942
1244 943
1245 944
1246 945
1247 946
1248 947
1249 948
1251 950
1252 951
1253 952
1254 953
1255 954
1256 955
1257 956
1258 957
1259 958
1261 960
1262 961
1263 962
1264 963
1265 964
1266 965
1267 966
1268 967
1269 968
1271 970
1272 971
1273 972
1274 973
1275 974
1276 975
1277 976
1278 977
1279 978
1281 980
1282 981
1283 982
1284 983
1285 984
1286 985
1287 986
1288 987
1289 988
1291 990
1292 991
1293 992
1294 993
1295 994
1296 995
1297 996
1298 997
1299 998
1301 1000
1302 1001
1303 1002
1304 1003
1305 1004
1306 1005
1307 1006
1308 1007
1309 1008
1311 1010
1312 1011
1313 1012
1314 1013
1315 1014
1316 1015
1317 1016
1318 1017
1319 1018
1321 1020
1322 1021
1323 1022
1324 1023
1325 1024
1326 1025
1327 1026
1328 1027
1329 1028
1331 1030
1332 1031
1333 1032
1334 1033
1335 1034
1336 1035
1337 1036
1338 1037
1339 1038
1341 1040
1342 1041
1343 1042
1344 1043
1345 1044
1346 1045
1347 1046
1348 1047
1349 1048
1351 1050
1352 1051
1353 1052
1354 1053
1355 1054
1356 1055
1357 1056
1358 1057
1359 1058
1361 1060
1362 1061
1363 1062
1364 1063
1365 1064
1366 1065
1367 1066
1368 1067
1369 1068
1371 1070
1372 1071
1373 1072
1374 1073
1375 1074
1376 1075
1377 1076
1378 1077
1379 1078
1381 1080
1382 1081
1383 1082
1384 1083
1385 1084
1386 1085
1387 1086
1388 1087
1389 1088
1391 1090
1392 1091
1393 1092
1394 1093
1395 1094
1396 1095
1397 1096
1398 1097
1399 1098
1401 1100
1402 1101
1403 1102
1404 1103
1405 1104
1406 1105
1407 1106
1408 1107
1409 1108
1411 1110
1412 1111
1413 1112
1414 1113
1415 1114
1416 1115
1417 1116
1418 1117
1419 1118
1421 1120
1422 1121
1423 1122
1424 1123
1425 1124
1426 1125
1427 1126
1428 1127
1429 1128
1431 1130
1432 1131
1433 1132
1434 1133
1435 1134
1436 1135
1437 1136
1438 1137
1439 1138
1441 1140
1442 1141
1443 1142
1444 1143
1445 1144
1446 1145
1447 1146
1448 1147
1449 1148
1451 1150
1452 1151
1453 1152
1454 1153
1455 1154
1456 1155
1457 1156
1458 1157
1459 1158
1461 1160
1462 1161
1463 1162
1464 1163
1465 1164
1466 1165
1467 1166
1468 1167
1469 1168
1471 1170
1472 1171
1473 1172
1474 1173
1475 1174
1476 1175
1477 1176
1478 1177
1479 1178
1481 1180
1482 1181
1483 1182
1484 1183
1485 1184
1486 1185
1487 1186
1488 1187
1489 1188
1491 1190
1492 1191
1493 1192
1494 1193
1495 1194
1496 1195
1497 1196
1498 1197
1499 1198
1501 1200
1502 1201
1503 1202
1504 1203
1505 1204
1506 1205
1507 1206
1508 1207
1509 1208
1511 1210
1512 1211
1513 1212
1514 1213
1515 1214
1516 1215
1517 1216
1518 1217
1519 1218
1521 1220
1522 1221
1523 1222
1524 1223
1525 1224
1526 1225
1527 1226
1528 1227
1529 1228
1531 1230
1532 1231
1533 1232
1534 1233
1535 1234
1536 1235
1537 1236
1538 1237
1539 1238
1541 1240
1542 1241
1543 1242
1544 1243
1545 1244
1546 1245
1547 1246
1548 1247
1549 1248
1551 1250
1552 1251
1553 1252
1554 1253
1555 1254
1556 1255
1557 1256
1558 1257
1559 1258
1561 1260
1562 1261
1563 1262
1564 1263
1565 1264
1566 1265
1567 1266
1568 1267
1569 1268
1571 1270
1572 1271
1573 1272
1574 1273
1575 1274
1576 1275
1577 1276
1578 1277
1579 1278
1581 1280
1582 1281
1583 1282
1584 1283
1585 1284
1586 1285
1587 1286
1588 1287
1589 1288
1591 1290
1592 1291
1593 1292
1594 1293
1595 1294
1596 1295
1597 1296
1598 1297
1599 1298
1601 1300
1602 1301
1603 1302
1604 1303
1605 1304
1606 1305
1607 1306
1608 1307
1609 1308
1611 1310
1612 1311
1613 1312
1614 1313
1615 1314
1616 1315
1617 1316
1618 1317
1619 1318
1621 1320
1622 1321
1623 1322
1624 1323
1625 1324
1626 1325
1627 1326
1628 1327
1629 1328
1631 1330
1632 1331
1633 1332
1634 1333
1635 1334
1636 1335
1637 1336
1638 1337
1639 1338
1641 1340
1642 1341
1643 1342
1644 1343
1645 1344
1646 1345
1647 1346
1648 1347
1649 1348
1651 1350
1652 1351
1653 1352
1654 1353
1655 1354
1656 1355
1657 1356
1658 1357
1659 1358
1661 1360
1662 1361
1663 1362
1664 1363
1665 1364
1666 1365
1667 1366
1668 1367
1669 1368
1671 1370
1672 1371
1673 1372
1674 1373
1675 1374
1676 1375
1677 1376
1678 1377
1679 1378
1681 1380
1682 1381
1683 1382
1684 1383
1685 1384
1686 1385
1687 1386
1688 1387
1689 1388
1691 1390
1692 1391
1693 1392
1694 1393
1695 1394
1696 1395
1697 1396
1698 1397
1699 1398
1701 1400
1702 1401
1703 1402
1704 1403
1705 1404
1706 1405
1707 1406
1708 1407
1709 1408
1711 1410
1712 1411
1713 1412
1714 1413
1715 1414
1716 1415
1717 1416
1718 1417
1719 1418
1721 1420
1722 1421
1723 1422
1724 1423
1725 1424
1726 1425
1727 1426
1728 1427
1729 1428
1731 1430
1732 1431
1733 1432
1734 1433
1735 1434
1736 1435
1737 1436
1738 1437
1739 1438
1741 1440
1742 1441
1743 1442
1744 1443
1745 1444
1746 1445
1747 1446
1748 1447
1749 1448
1751 1450
1752 1451
1753 1452
1754 1453
1755 1454
1756 1455
1757 1456
1758 1457
1759 1458
1761 1460
1762 1461
1763 1462
1764 1463
1765 1464
1766 1465
1767 1466
1768 1467
1769 1468
1771 1470
1772 1471
1773 1472
1774 1473
1775 1474
1776 1475
1777 1476
1778 1477
1779 1478
1781 1480
1782 1481
1783 1482
1784 1483
1785 1484
1786 1485
1787 1486
1788 1487
1789 1488
1791 1490
1792 1491
1793 1492
1794 1493
1795 1494
1796 1495
1797 1496
1798 1497
1799 1498
1801 1500
1802 1501
1803 1502
1804 1503
1805 1504
1806 1505
1807 1506
1808 1507
1809 1508
1811 1510
1812 1511
1813 1512
1814 1513
1815 1514
1816 1515
1817 1516
1818 1517
1819 1518
1821 1520
1822 1521
1823 1522
1824 1523
1825 1524
1826 1525
1827 1526
1828 1527
1829 1528
1831 1530
1832 1531
1833 1532
1834 1533
1835 1534
1836 1535
1837 1536
1838 1537
1839 1538
1841 1540
1842 1541
1843 1542
1844 1543
1845 1544
1846 1545
1847 1546
1848 1547
1849 1548
1851 1550
1852 1551
1853 1552
1854 1553
1855 1554
1856 1555
1857 1556
1858 1557
1859 1558
1861 1560
1862 1561
1863 1562
1864 1563
1865 1564
1866 1565
1867 1566
1868 1567
1869 1568
1871 1570
1872 1571
1873 1572
1874 1573
1875 1574
1876 1575
1877 1576
1878 1577
1879 1578
1881 1580
1882 1581
1883 1582
1884 1583
1885 1584
1886 1585
1887 1586
1888 1587
1889 1588
1891 1590
1892 1591
1893 1592
1894 1593
1895 1594
1896 1595
1897 1596
1898 1597
1899 1598
1901 1600
1902 1601
1903 1602
1904 1603
1905 1604
1906 1605
1907 1606
1908 1607
1909 1608
1911 1610
1912 1611
1913 1612
1914 1613
1915 1614
1916 1615
1917 1616
1918 1617
1919 1618
1921 1620
1922 1621
1923 1622
1924 1623
1925 1624
1926 1625
1927 1626
1928 1627
1929 1628
1931 1630
1932 1631
1933 1632
1934 1633
1935 1634
1936 1635
1937 1636
1938 1637
1939 1638
1941 1640
1942 1641
1943 1642
1944 1643
1945 1644
1946 1645
1947 1646
1948 1647
1949 1648
1951 1650
1952 1651
1953 1652
1954 1653
1955 1654
1956 1655
1957 1656
1958 1657
1959 1658
1961 1660
1962 1661
1963 1662
1964 1663
1965 1664
1966 1665
1967 1666
1968 1667
1969 1668
1971 1670
1972 1671
1973 1672
1974 1673
1975 1674
1976 1675
1977 1676
1978 1677
1979 1678
1981 1680
1982 1681
1983 1682
1984 1683
1985 1684
1986 1685
1987 1686
1988 1687
1989 1688
1991 1690
1992 1691
1993 1692
1994 1693
1995 1694
1996 1695
1997 1696
1998 1697
1999 1698
2001 1700
2002 1701
2003 1702
2004 1703
2005 1704
2006 1705
2007 1706
2008 1707
2009 1708
2011 1710
2012 1711
2013 1712
2014 1713
2015 1714
2016 1715
2017 1716
2018 1717
2019 1718
2021 1720
2022 1721
2023 1722
2024 1723
2025 1724
2026 1725
2027 1726
2028 1727
2029 1728
2031 1730
2032 1731
2033 1732
2034 1733
2035 1734
2036 1735
2037 1736
2038 1737
2039 1738
2041 1740
2042 1741
2043 1742
2044 1743
2045 1744
2046 1745
2047 1746
2048 1747
2049 1748
2051 1750
2052 1751
2053 1752
2054 1753
2055 1754
2056 1755
2057 1756
2058 1757
2059 1758
2061 1760
2062 1761
2063 1762
2064 1763
2065 1764
2066 1765
2067 1766
2068 1767
2069 1768
2071 1770
2072 1771
2073 1772
2074 1773
2075 1774
2076 1775
2077 1776
2078 1777
2079 1778
2081 1780
2082 1781
2083 1782
2084 1783
2085 1784
2086 1785
2087 1786
2088 1787
2089 1788
2091 1790
2092 1791
2093 1792
2094 1793
2095 1794
2096 1795
2097 1796
2098 1797
2099 1798
2101 1800
2102 1801
2103 1802
2104 1803
2105 1804
2106 1805
2107 1806
2108 1807
2109 1808
2111 1810
2112 1811
2113 1812
2114 1813
2115 1814
2116 1815
2117 1816
2118 1817
2119 1818
2121 1820
2122 1821
2123 1822
2124 1823
2125 1824
2126 1825
2127 1826
2128 1827
2129 1828
2131 1830
2132 1831
2133 1832
2134 1833
2135 1834
2136 1835
2137 1836
2138 1837
2139 1838
2141 1840
2142 1841
2143 1842
2144 1843
2145 1844
2146 1845
2147 1846
2148 1847
2149 1848
2151 1850
2152 1851
2153 1852
2154 1853
2155 1854
2156 1855
2157 1856
2158 1857
2159 1858
2161 1860
2162 1861
2163 1862
2164 1863
2165 1864
2166 1865
2167 1866
2168 1867
2169 1868
2171 1870
2172 1871
2173 1872
2174 1873
2175 1874
2176 1875
2177 1876
2178 1877
2179 1878
2181 1880
2182 1881
2183 1882
2184 1883
2185 1884
2186 1885
2187 1886
2188 1887
2189 1888
2191 1890
2192 1891
2193 1892
2194 1893
2195 1894
2196 1895
2197 1896
2198 1897
2199 1898
2201 1900
2202 1901
2203 1902
2204 1903
2205 1904
2206 1905
2207 1906
2208 1907
2209 1908
2211 1910
2212 1911
2213 1912
2214 1913
2215 1914
2216 1915
2217 1916
2218 1917
2219 1918
2221 1920
2222 1921
2223 1922
2224 1923
2225 1924
2226 1925
2227 1926
2228 1927
2229 1928
2231 1930
2232 1931
2233 1932
2234 1933
2235 1934
2236 1935
2237 1936
2238 1937
2239 1938
2241 1940
2242 1941
2243 1942
2244 1943
2245 1944
2246 1945
2247 1946
2248 1947
2249 1948
2251 1950
2252 1951
2253 1952
2254 1953
2255 1954
2256 1955
2257 1956
2258 1957
2259 1958
2261 1960
2262 1961
2263 1962
2264 1963
2265 1964
2266 1965
2267 1966
2268 1967
2269 1968
2271 1970
2272 1971
2273 1972
2274 1973
2275 1974
2276 1975
2277 1976
2278 1977
2279 1978
2281 1980
2282 1981
2283 1982
2284 1983
2285 1984
2286 1985
2287 1986
2288 1987
2289 1988
2291 1990
2292 1991
2293 1992
2294 1993
2295 1994
2296 1995
2297 1996
2298 1997
2299 1998
2301 2000
2302 2001
2303 2002
2304 2003
2305 2004
2306 2005
2307 2006
2308 2007
2309 2008
2311 2010
2312 2011
2313 2012
2314 2013
2315 2014
2316 2015
2317 2016
2318 2017
2319 2018
2321 2020
2322 2021
2323 2022
2324 2023
2325 2024
2326 2025
2327 2026
2328 2027
2329 2028
2331 2030
2332 2031
2333 2032
2334 2033
2335 2034
2336 2035
2337 2036
2338 2037
2339 2038
2341 2040
2342 2041
2343 2042
2344 2043
2345 2044
2346 2045
2347 2046
2348 2047
2349 2048
2351 2050
2352 2051
2353 2052
2354 2053
2355 2054
2356 2055
2357 2056
2358 2057
2359 2058
2361 2060
2362 2061
2363 2062
2364 2063
2365 2064
2366 2065
2367 2066
2368 2067
2369 2068
2371 2070
2372 2071
2373 2072
2374 2073
2375 2074
2376 2075
2377 2076
2378 2077
2379 2078
2381 2080
2382 2081
2383 2082
2384 2083
2385 2084
2386 2085
2387 2086
2388 2087
2389 2088
2391 2090
2392 2091
2393 2092
2394 2093
2395 2094
2396 2095
2397 2096
2398 2097
2399 2098
2401 2100
2402 2101
2403 2102
2404 2103
2405 2104
2406 2105
2407 2106
2408 2107
2409 2108
2411 2110
2412 2111
2413 2112
2414 2113
2415 2114
2416 2115
2417 2116
2418 2117
2419 2118
2421 2120
2422 2121
2423 2122
2424 2123
2425 2124
2426 2125
2427 2126
2428 2127
2429 2128
2431 2130
2432 2131
2433 2132
2434 2133
2435 2134
2436 2135
2437 2136
2438 2137
2439 2138
2441 2140
2442 2141
2443 2142
2444 2143
2445 2144
2446 2145
2447 2146
2448 2147
2449 2148
2451 2150
2452 2151
2453 2152
2454 2153
2455 2154
2456 2155
2457 2156
2458 2157
2459 2158
2461 2160
2462 2161
2463 2162
2464 2163
2465 2164
2466 2165
2467 2166
2468 2167
2469 2168
2471 2170
2472 2171
2473 2172
2474 2173
2475 2174
2476 2175
2477 2176
2478 2177
2479 2178
2481 2180
2482 2181
2483 2182
2484 2183
2485 2184
2486 2185
2487 2186
2488 2187
2489 2188
2491 2190
2492 2191
2493 2192
2494 2193
2495 2194
2496 2195
2497 2196
2498 2197
2499 2198
2501 2200
2502 2201
2503 2202
2504 2203
2505 2204
2506 2205
2507 2206
2508 2207
2509 2208
2511 2210
2512 2211
2513 2212
2514 2213
2515 2214
2516 2215
2517 2216
2518 2217
2519 2218
2521 2220
2522 2221
2523 2222
2524 2223
2525 2224
2526 2225
2527 2226
2528 2227
2529 2228
2531 2230
2532 2231
2533 2232
2534 2233
2535 2234
2536 2235
2537 2236
2538 2237
2539 2238
2541 2240
2542 2241
2543 2242
2544 2243
2545 2244
2546 2245
2547 2246
2548 2247
2549 2248
2551 2250
2552 2251
2553 2252
2554 2253
2555 2254
2556 2255
2557 2256
2558 2257
2559 2258
2561 2260
2562 2261
2563 2262
2564 2263
2565 2264
2566 2265
2567 2266
2568 2267
2569 2268
2571 2270
2572 2271
2573 2272
2574 2273
2575 2274
2576 2275
2577 2276
2578 2277
2579 2278
2581 2280
2582 2281
2583 2282
2584 2283
2585 2284
2586 2285
2587 2286
2588 2287
2589 2288
2591 2290
2592 2291
2593 2292
2594 2293
2595 2294
2596 2295
2597 2296
2598 2297
2599 2298
2601 2300
2602 2301
2603 2302
2604 2303
2605 2304
2606 2305
2607 2306
2608 2307
2609 2308
2611 2310
2612 2311
2613 2312
2614 2313
2615 2314
2616 2315
2617 2316
2618 2317
2619 2318
2621 2320
2622 2321
2623 2322
2624 2323
2625 2324
2626 2325
2627 2326
2628 2327
2629 2328
2631 2330
2632 2331
2633 2332
2634 2333
2635 2334
2636 2335
2637 2336
2638 2337
2639 2338
2641 2340
2642 2341
2643 2342
2644 2343
2645 2344
2646 2345
2647 2346
2648 2347
2649 2348
2651 2350
2652 2351
2653 2352
2654 2353
2655 2354
2656 2355
2657 2356
2658 2357
2659 2358
2661 2360
2662 2361
2663 2362
2664 2363
2665 2364
2666 2365
2667 2366
2668 2367
2669 2368
2671 2370
2672 2371
2673 2372
2674 2373
2675 2374
2676 2375
2677 2376
2678 2377
2679 2378
2681 2380
2682 2381
2683 2382
2684 2383
2685 2384
2686 2385
2687 2386
2688 2387
2689 2388
2691 2390
2692 2391
2693 2392
2694 2393
2695 2394
2696 2395
2697 2396
2698 2397
2699 2398
2701 2400
2702 2401
2703 2402
2704 2403
2705 2404
2706 2405
2707 2406
2708 2407
2709 2408
2711 2410
2712 2411
2713 2412
2714 2413
2715 2414
2716 2415
2717 2416
2718 2417
2719 2418
2721 2420
2722 2421
2723 2422
2724 2423
2725 2424
2726 2425
2727 2426
2728 2427
2729 2428
2731 2430
2732 2431
2733 2432
2734 2433
2735 2434
2736 2435
2737 2436
2738 2437
2739 2438
2741 2440
2742 2441
2743 2442
2744 2443
2745 2444
2746 2445
2747 2446
2748 2447
2749 2448
2751 2450
2752 2451
2753 2452
2754 2453
2755 2454
2756 2455
2757 2456
2758 2457
2759 2458
2761 2460
2762 2461
2763 2462
2764 2463
2765 2464
2766 2465
2767 2466
2768 2467
2769 2468
2771 2470
2772 2471
2773 2472
2774 2473
2775 2474
2776 2475
2777 2476
2778 2477
2779 2478
2781 2480
2782 2481
2783 2482
2784 2483
2785 2484
2786 2485
2787 2486
2788 2487
2789 2488
2791 2490
2792 2491
2793 2492
2794 2493
2795 2494
2796 2495
2797 2496
2798 2497
2799 2498
2801 2500
2802 2501
2803 2502
2804 2503
2805 2504
2806 2505
2807 2506
2808 2507
2809 2508
2811 2510
2812 2511
2813 2512
2814 2513
2815 2514
2816 2515
2817 2516
2818 2517
2819 2518
2821 2520
2822 2521
2823 2522
2824 2523
2825 2524
2826 2525
2827 2526
2828 2527
2829 2528
2831 2530
2832 2531
2833 2532
2834 2533
2835 2534
2836 2535
2837 2536
2838 2537
2839 2538
2841 2540
2842 2541
2843 2542
2844 2543
2845 2544
2846 2545
2847 2546
2848 2547
2849 2548
2851 2550
2852 2551
2853 2552
2854 2553
2855 2554
2856 2555
2857 2556
2858 2557
2859 2558
2861 2560
2862 2561
2863 2562
2864 2563
2865 2564
2866 2565
2867 2566
2868 2567
2869 2568
2871 2570
2872 2571
2873 2572
2874 2573
2875 2574
2876 2575
2877 2576
2878 2577
2879 2578
2881 2580
2882 2581
2883 2582
2884 2583
2885 2584
2886 2585
2887 2586
2888 2587
2889 2588
2891 2590
2892 2591
2893 2592
2894 2593
2895 2594
2896 2595
2897 2596
2898 2597
2899 2598
2901 2600
2902 2601
2903 2602
2904 2603
2905 2604
2906 2605
2907 2606
2908 2607
2909 2608
2911 2610
2912 2611
2913 2612
2914 2613
2915 2614
2916 2615
2917 2616
2918 2617
2919 2618
2921 2620
2922 2621
2923 2622
2924 2623
2925 2624
2926 2625
2927 2626
2928 2627
2929 2628
2931 2630
2932 2631
2933 2632
2934 2633
2935 2634
2936 2635
2937 2636
2938 2637
2939 2638
2941 2640
2942 2641
2943 2642
2944 2643
2945 2644
2946 2645
2947 2646
2948 2647
2949 2648
2951 2650
2952 2651
2953 2652
2954 2653
2955 2654
2956 2655
2957 2656
2958 2657
2959 2658
2961 2660
2962 2661
2963 2662
2964 2663
2965 2664
2966 2665
2967 2666
2968 2667
2969 2668
2971 2670
2972 2671
2973 2672
2974 2673
2975 2674
2976 2675
2977 2676
2978 2677
2979 2678
2981 2680
2982 2681
2983 2682
2984 2683
2985 2684
2986 2685
2987 2686
2988 2687
2989 2688
2991 2690
2992 2691
2993 2692
2994 2693
2995 2694
2996 2695
2997 2696
2998 2697
2999 2698
3001 2700
3002 2701
3003 2702
3004 2703
3005 2704
3006 2705
3007 2706
3008 2707
3009 2708
3011 2710
3012 2711
3013 2712
3014 2713
3015 2714
3016 2715
3017 2716
3018 2717
3019 2718
3021 2720
3022 2721
3023 2722
3024 2723
3025 2724
3026 2725
3027 2726
3028 2727
3029 2728
3031 2730
3032 2731
3033 2732
3034 2733
3035 2734
3036 2735
3037 2736
3038 2737
3039 2738
3041 2740
3042 2741
3043 2742
3044 2743
3045 2744
3046 2745
3047 2746
3048 2747
3049 2748
3051 2750
3052 2751
3053 2752
3054 2753
3055 2754
3056 2755
3057 2756
3058 2757
3059 2758
3061 2760
3062 2761
3063 2762
3064 2763
3065 2764
3066 2765
3067 2766
3068 2767
3069 2768
3071 2770
3072 2771
3073 2772
3074 2773
3075 2774
3076 2775
3077 2776
3078 2777
3079 2778
3081 2780
3082 2781
3083 2782
3084 2783
3085 2784
3086 2785
3087 2786
3088 2787
3089 2788
3091 2790
3092 2791
3093 2792
3094 2793
3095 2794
3096 2795
3097 2796
3098 2797
3099 2798
3101 2800
3102 2801
3103 2802
3104 2803
3105 2804
3106 2805
3107 2806
3108 2807
3109 2808
3111 2810
3112 2811
3113 2812
3114 2813
3115 2814
3116 2815
3117 2816
3118 2817
3119 2818
3121 2820
3122 2821
3123 2822
3124 2823
3125 2824
3126 2825
3127 2826
3128 2827
3129 2828
3131 2830
3132 2831
3133 2832
3134 2833
3135 2834
3136 2835
3137 2836
3138 2837
3139 2838
3141 2840
3142 2841
3143 2842
3144 2843
3145 2844
3146 2845
3147 2846
3148 2847
3149 2848
3151 2850
3152 2851
3153 2852
3154 2853
3155 2854
3156 2855
3157 2856
3158 2857
3159 2858
3161 2860
3162 2861
3163 2862
3164 2863
3165 2864
3166 2865
3167 2866
3168 2867
3169 2868
3171 2870
3172 2871
3173 2872
3174 2873
3175 2874
3176 2875
3177 2876
3178 2877
3179 2878
3181 2880
3182 2881
3183 2882
3184 2883
3185 2884
3186 2885
3187 2886
3188 2887
3189 2888
3191 2890
3192 2891
3193 2892
3194 2893
3195 2894
3196 2895
3197 2896
3198 2897
3199 2898
3201 2900
3202 2901
3203 2902
3204 2903
3205 2904
3206 2905
3207 2906
3208 2907
3209 2908
3211 2910
3212 2911
3213 2912
3214 2913
3215 2914
3216 2915
3217 2916
3218 2917
3219 2918
3221 2920
3222 2921
3223 2922
3224 2923
3225 2924
3226 2925
3227 2926
3228 2927
3229 2928
3231 2930
3232 2931
3233 2932
3234 2933
3235 2934
3236 2935
3237 2936
3238 2937
3239 2938
3241 2940
3242 2941
3243 2942
3244 2943
3245 2944
3246 2945
3247 2946
3248 2947
3249 2948
3251 2950
3252 2951
3253 2952
3254 2953
3255 2954
3256 2955
3257 2956
3258 2957
3259 2958
3261 2960
3262 2961
3263 2962
3264 2963
3265 2964
3266 2965
3267 2966
3268 2967
3269 2968
3271 2970
3272 2971
3273 2972
3274 2973
3275 2974
3276 2975
3277 2976
3278 2977
3279 2978
3281 2980
3282 2981
3283 2982
3284 2983
3285 2984
3286 2985
3287 2986
3288 2987
3289 2988
3291 2990
3292 2991
3293 2992
3294 2993
3295 2994
3296 2995
3297 2996
3298 2997
3299 2998
3301 3000
3302 3001
3303 3002
3304 3003
3305 3004
3306 3005
3307 3006
3308 3007
3309 3008
3311 3010
3312 3011
3313 3012
3314 3013
3315 3014
3316 3015
3317 3016
3318 3017
3319 3018
3321 3020
3322 3021
3323 3022
3324 3023
3325 3024
3326 3025
3327 3026
3328 3027
3329 3028
3331 3030
3332 3031
3333 3032
3334 3033
3335 3034
3336 3035
3337 3036
3338 3037
3339 3038
3341 3040
3342 3041
3343 3042
3344 3043
3345 3044
3346 3045
3347 3046
3348 3047
3349 3048
3351 3050
3352 3051
3353 3052
3354 3053
3355 3054
3356 3055
3357 3056
3358 3057
3359 3058
3361 3060
3362 3061
3363 3062
3364 3063
3365 3064
3366 3065
3367 3066
3368 3067
3369 3068
3371 3070
3372 3071
3373 3072
3374 3073
3375 3074
3376 3075
3377 3076
3378 3077
3379 3078
3381 3080
3382 3081
3383 3082
3384 3083
3385 3084
3386 3085
3387 3086
3388 3087
3389 3088
3391 3090
3392 3091
3393 3092
3394 3093
3395 3094
3396 3095
3397 3096
3398 3097
3399 3098
3401 3100
3402 3101
3403 3102
3404 3103
3405 3104
3406 3105
3407 3106
3408 3107
3409 3108
3411 3110
3412 3111
3413 3112
3414 3113
3415 3114
3416 3115
3417 3116
3418 3117
3419 3118
3421 3120
3422 3121
3423 3122
3424 3123
3425 3124
3426 3125
3427 3126
3428 3127
3429 3128
3431 3130
3432 3131
3433 3132
3434 3133
3435 3134
3436 3135
3437 3136
3438 3137
3439 3138
3441 3140
3442 3141
3443 3142
3444 3143
3445 3144
3446 3145
3447 3146
3448 3147
3449 3148
3451 3150
3452 3151
3453 3152
3454 3153
3455 3154
3456 3155
3457 3156
3458 3157
3459 3158
3461 3160
3462 3161
3463 3162
3464 3163
3465 3164
3466 3165
3467 3166
3468 3167
3469 3168
3471 3170
3472 3171
3473 3172
3474 3173
3475 3174
3476 3175
3477 3176
3478 3177
3479 3178
3481 3180
3482 3181
3483 3182
3484 3183
3485 3184
3486 3185
3487 3186
3488 3187
3489 3188
3491 3190
3492 3191
3493 3192
3494 3193
3495 3194
3496 3195
3497 3196
3498 3197
3499 3198
3501 3200
3502 3201
3503 3202
3504 3203
3505 3204
3506 3205
3507 3206
3508 3207
3509 3208
3511 3210
3512 3211
3513 3212
3514 3213
3515 3214
3516 3215
3517 3216
3518 3217
3519 3218
3521 3220
3522 3221
3523 3222
3524 3223
3525 3224
3526 3225
3527 3226
3528 3227
3529 3228
3531 3230
3532 3231
3533 3232
3534 3233
3535 3234
3536 3235
3537 3236
3538 3237
3539 3238
3541 3240
3542 3241
3543 3242
3544 3243
3545 3244
3546 3245
3547 3246
3548 3247
3549 3248
3551 3250
3552 3251
3553 3252
3554 3253
3555 3254
3556 3255
3557 3256
3558 3257
3559 3258
3561 3260
3562 3261
3563 3262
3564 3263
3565 3264
3566 3265
3567 3266
3568 3267
3569 3268
3571 3270
3572 3271
3573 3272
3574 3273
3575 3274
3576 3275
3577 3276
3578 3277
3579 3278
3581 3280
3582 3281
3583 3282
3584 3283
3585 3284
3586 3285
3587 3286
3588 3287
3589 3288
3591 3290
3592 3291
3593 3292
3594 3293
3595 3294
3596 3295
3597 3296
3598 3297
3599 3298
3601 3300
3602 3301
3603 3302
3604 3303
3605 3304
3606 3305
3607 3306
3608 3307
3609 3308
3611 3310
3612 3311
3613 3312
3614 3313
3615 3314
3616 3315
3617 3316
3618 3317
3619 3318
3621 3320
3622 3321
3623 3322
3624 3323
3625 3324
3626 3325
3627 3326
3628 3327
3629 3328
3631 3330
3632 3331
3633 3332
3634 3333
3635 3334
3636 3335
3637 3336
3638 3337
3639 3338
3641 3340
3642 3341
3643 3342
3644 3343
3645 3344
3646 3345
3647 3346
3648 3347
3649 3348
3651 3350
3652 3351
3653 3352
3654 3353
3655 3354
3656 3355
3657 3356
3658 3357
3659 3358
3661 3360
3662 3361
3663 3362
3664 3363
3665 3364
3666 3365
3667 3366
3668 3367
3669 3368
3671 3370
3672 3371
3673 3372
3674 3373
3675 3374
3676 3375
3677 3376
3678 3377
3679 3378
3681 3380
3682 3381
3683 3382
3684 3383
3685 3384
3686 3385
3687 3386
3688 3387
3689 3388
3691 3390
3692 3391
3693 3392
3694 3393
3695 3394
3696 3395
3697 3396
3698 3397
3699 3398
3701 3400
3702 3401
3703 3402
3704 3403
3705 3404
3706 3405
3707 3406
3708 3407
3709 3408
3711 3410
3712 3411
3713 3412
3714 3413
3715 3414
3716 3415
3717 3416
3718 3417
3719 3418
3721 3420
3722 3421
3723 3422
3724 3423
3725 3424
3726 3425
3727 3426
3728 3427
3729 3428
3731 3430
3732 3431
3733 3432
3734 3433
3735 3434
3736 3435
3737 3436
3738 3437
3739 3438
3741 3440
3742 3441
3743 3442
3744 3443
3745 3444
3746 3445
3747 3446
3748 3447
3749 3448
3751 3450
3752 3451
3753 3452
3754 3453
3755 3454
3756 3455
3757 3456
3758 3457
3759 3458
3761 3460
3762 3461
3763 3462
3764 3463
3765 3464
3766 3465
3767 3466
3768 3467
3769 3468
3771 3470
3772 3471
3773 3472
3774 3473
3775 3474
3776 3475
3777 3476
3778 3477
3779 3478
3781 3480
3782 3481
3783 3482
3784 3483
3785 3484
3786 3485
3787 3486
3788 3487
3789 3488
3791 3490
3792 3491
3793 3492
3794 3493
3795 3494
3796 3495
3797 3496
3798 3497
3799 3498
3801 3500
3802 3501
3803 3502
3804 3503
3805 3504
3806 3505
3807 3506
3808 3507
3809 3508
3811 3510
3812 3511
3813 3512
3814 3513
3815 3514
3816 3515
3817 3516
3818 3517
3819 3518
3821 3520
3822 3521
3823 3522
3824 3523
3825 3524
3826 3525
3827 3526
3828 3527
3829 3528
3831 3530
3832 3531
3833 3532
3834 3533
3835 3534
3836 3535
3837 3536
3838 3537
3839 3538
3841 3540
3842 3541
3843 3542
3844 3543
3845 3544
3846 3545
3847 3546
3848 3547
3849 3548
3851 3550
3852 3551
3853 3552
3854 3553
3855 3554
3856 3555
3857 3556
3858 3557
3859 3558
3861 3560
3862 3561
3863 3562
3864 3563
3865 3564
3866 3565
3867 3566
3868 3567
3869 3568
3871 3570
3872 3571
3873 3572
3874 3573
3875 3574
3876 3575
3877 3576
3878 3577
3879 3578
3881 3580
3882 3581
3883 3582
3884 3583
3885 3584
3886 3585
3887 3586
3888 3587
3889 3588
3891 3590
3892 3591
3893 3592
3894 3593
3895 3594
3896 3595
3897 3596
3898 3597
3899 3598
3901 3600
3902 3601
3903 3602
3904 3603
3905 3604
3906 3605
3907 3606
3908 3607
3909 3608
3911 3610
3912 3611
3913 3612
3914 3613
3915 3614
3916 3615
3917 3616
3918 3617
3919 3618
3921 3620
3922 3621
3923 3622
3924 3623
3925 3624
3926 3625
3927 3626
3928 3627
3929 3628
3931 3630
3932 3631
3933 3632
3934 3633
3935 3634
3936 3635
3937 3636
3938 3637
3939 3638
3941 3640
3942 3641
3943 3642
3944 3643
3945 3644
3946 3645
3947 3646
3948 3647
3949 3648
3951 3650
3952 3651
3953 3652
3954 3653
3955 3654
3956 3655
3957 3656
3958 3657
3959 3658
3961 3660
3962 3661
3963 3662
3964 3663
3965 3664
3966 3665
3967 3666
3968 3667
3969 3668
3971 3670
3972 3671
3973 3672
3974 3673
3975 3674
3976 3675
3977 3676
3978 3677
3979 3678
3981 3680
3982 3681
3983 3682
3984 3683
3985 3684
3986 3685
3987 3686
3988 3687
3989 3688
3991 3690
3992 3691
3993 3692
3994 3693
3995 3694
3996 3695
3997 3696
3998 3697
3999 3698
4001 3700
4002 3701
4003 3702
4004 3703
4005 3704
4006 3705
4007 3706
4008 3707
4009 3708
4011 3710
4012 3711
4013 3712
4014 3713
4015 3714
4016 3715
4017 3716
4018 3717
4019 3718
4021 3720
4022 3721
4023 3722
4024 3723
4025 3724
4026 3725
4027 3726
4028 3727
4029 3728
4031 3730
4032 3731
4033 3732
4034 3733
4035 3734
4036 3735
4037 3736
4038 3737
4039 3738
4041 3740
4042 3741
4043 3742
4044 3743
4045 3744
4046 3745
4047 3746
4048 3747
4049 3748
4051 3750
4052 3751
4053 3752
4054 3753
4055 3754
4056 3755
4057 3756
4058 3757
4059 3758
4061 3760
4062 3761
4063 3762
4064 3763
4065 3764
4066 3765
4067 3766
4068 3767
4069 3768
4071 3770
4072 3771
4073 3772
4074 3773
4075 3774
4076 3775
4077 3776
4078 3777
4079 3778
4081 3780
4082 3781
4083 3782
4084 3783
4085 3784
4086 3785
4087 3786
4088 3787
4089 3788
4091 3790
4092 3791
4093 3792
4094 3793
4095 3794
4096 3795
4097 3796
4098 3797
4099 3798
4101 3800
4102 3801
4103 3802
4104 3803
4105 3804
4106 3805
4107 3806
4108 3807
4109 3808
4111 3810
4112 3811
4113 3812
4114 3813
4115 3814
4116 3815
4117 3816
4118 3817
4119 3818
4121 3820
4122 3821
4123 3822
4124 3823
4125 3824
4126 3825
4127 3826
4128 3827
4129 3828
4131 3830
4132 3831
4133 3832
4134 3833
4135 3834
4136 3835
4137 3836
4138 3837
4139 3838
4141 3840
4142 3841
4143 3842
4144 3843
4145 3844
4146 3845
4147 3846
4148 3847
4149 3848
4151 3850
4152 3851
4153 3852
4154 3853
4155 3854
4156 3855
4157 3856
4158 3857
4159 3858
4161 3860
4162 3861
4163 3862
4164 3863
4165 3864
4166 3865
4167 3866
4168 3867
4169 3868
4171 3870
4172 3871
4173 3872
4174 3873
4175 3874
4176 3875
4177 3876
4178 3877
4179 3878
4181 3880
4182 3881
4183 3882
4184 3883
4185 3884
4186 3885
4187 3886
4188 3887
4189 3888
4191 3890
4192 3891
4193 3892
4194 3893
4195 3894
4196 3895
4197 3896
4198 3897
4199 3898
4201 3900
4202 3901
4203 3902
4204 3903
4205 3904
4206 3905
4207 3906
4208 3907
4209 3908
4211 3910
4212 3911
4213 3912
4214 3913
4215 3914
4216 3915
4217 3916
4218 3917
4219 3918
4221 3920
4222 3921
4223 3922
4224 3923
4225 3924
4226 3925
4227 3926
4228 3927
4229 3928
4231 3930
4232 3931
4233 3932
4234 3933
4235 3934
4236 3935
4237 3936
4238 3937
4239 3938
4241 3940
4242 3941
4243 3942
4244 3943
4245 3944
4246 3945
4247 3946
4248 3947
4249 3948
4251 3950
4252 3951
4253 3952
4254 3953
4255 3954
4256 3955
4257 3956
4258 3957
4259 3958
4261 3960
4262 3961
4263 3962
4264 3963
4265 3964
4266 3965
4267 3966
4268 3967
4269 3968
4271 3970
4272 3971
4273 3972
4274 3973
4275 3974
4276 3975
4277 3976
4278 3977
4279 3978
4281 3980
4282 3981
4283 3982
4284 3983
4285 3984
4286 3985
4287 3986
4288 3987
4289 3988
4291 3990
4292 3991
4293 3992
4294 3993
4295 3994
4296 3995
4297 3996
4298 3997
4299 3998
4301 4000
4302 4001
4303 4002
4304 4003
4305 4004
4306 4005
4307 4006
4308 4007
4309 4008
4311 4010
4312 4011
4313 4012
4314 4013
4315 4014
4316 4015
4317 4016
4318 4017
4319 4018
4321 4020
4322 4021
4323 4022
4324 4023
4325 4024
4326 4025
4327 4026
4328 4027
4329 4028
4331 4030
4332 4031
4333 4032
4334 4033
4335 4034
4336 4035
4337 4036
4338 4037
4339 4038
4341 4040
4342 4041
4343 4042
4344 4043
4345 4044
4346 4045
4347 4046
4348 4047
4349 4048
4351 4050
4352 4051
4353 4052
4354 4053
4355 4054
4356 4055
4357 4056
4358 4057
4359 4058
4361 4060
4362 4061
4363 4062
4364 4063
4365 4064
4366 4065
4367 4066
4368 4067
4369 4068
4371 4070
4372 4071
4373 4072
4374 4073
4375 4074
4376 4075
4377 4076
4378 4077
4379 4078
4381 4080
4382 4081
4383 4082
4384 4083
4385 4084
4386 4085
4387 4086
4388 4087
4389 4088
4391 4090
4392 4091
4393 4092
4394 4093
4395 4094
4396 4095
4397 4096
4398 4097
4399 4098
4401 4100
4402 4101
4403 4102
4404 4103
4405 4104
4406 4105
4407 4106
4408 4107
4409 4108
4411 4110
4412 4111
4413 4112
4414 4113
4415 4114
4416 4115
4417 4116
4418 4117
4419 4118
4421 4120
4422 4121
4423 4122
4424 4123
4425 4124
4426 4125
4427 4126
4428 4127
4429 4128
4431 4130
4432 4131
4433 4132
4434 4133
4435 4134
4436 4135
4437 4136
4438 4137
4439 4138
4441 4140
4442 4141
4443 4142
4444 4143
4445 4144
4446 4145
4447 4146
4448 4147
4449 4148
4451 4150
4452 4151
4453 4152
4454 4153
4455 4154
4456 4155
4457 4156
4458 4157
4459 4158
4461 4160
4462 4161
4463 4162
4464 4163
4465 4164
4466 4165
4467 4166
4468 4167
4469 4168
4471 4170
4472 4171
4473 4172
4474 4173
4475 4174
4476 4175
4477 4176
4478 4177
4479 4178
4481 4180
4482 4181
4483 4182
4484 4183
4485 4184
4486 4185
4487 4186
4488 4187
4489 4188
4491 4190
4492 4191
4493 4192
4494 4193
4495 4194
4496 4195
4497 4196
4498 4197
4499 4198
4501 4200
4502 4201
4503 4202
4504 4203
4505 4204
4506 4205
4507 4206
4508 4207
4509 4208
4511 4210
4512 4211
4513 4212
4514 4213
4515 4214
4516 4215
4517 4216
4518 4217
4519 4218
4521 4220
4522 4221
4523 4222
4524 4223
4525 4224
4526 4225
4527 4226
4528 4227
4529 4228
4531 4230
4532 4231
4533 4232
4534 4233
4535 4234
4536 4235
4537 4236
4538 4237
4539 4238
4541 4240
4542 4241
4543 4242
4544 4243
4545 4244
4546 4245
4547 4246
4548 4247
4549 4248
4551 4250
4552 4251
4553 4252
4554 4253
4555 4254
4556 4255
4557 4256
4558 4257
4559 4258
4561 4260
4562 4261
4563 4262
4564 4263
4565 4264
4566 4265
4567 4266
4568 4267
4569 4268
4571 4270
4572 4271
4573 4272
4574 4273
4575 4274
4576 4275
4577 4276
4578 4277
4579 4278
4581 4280
4582 4281
4583 4282
4584 4283
4585 4284
4586 4285
4587 4286
4588 4287
4589 4288
4591 4290
4592 4291
4593 4292
4594 4293
4595 4294
4596 4295
4597 4296
4598 4297
4599 4298
4601 4300
4602 4301
4603 4302
4604 4303
4605 4304
4606 4305
4607 4306
4608 4307
4609 4308
4611 4310
4612 4311
4613 4312
4614 4313
4615 4314
4616 4315
4617 4316
4618 4317
4619 4318
4621 4320
4622 4321
4623 4322
4624 4323
4625 4324
4626 4325
4627 4326
4628 4327
4629 4328
4631 4330
4632 4331
4633 4332
4634 4333
4635 4334
4636 4335
4637 4336
4638 4337
4639 4338
4641 4340
4642 4341
4643 4342
4644 4343
4645 4344
4646 4345
4647 4346
4648 4347
4649 4348
4651 4350
4652 4351
4653 4352
4654 4353
4655 4354
4656 4355
4657 4356
4658 4357
4659 4358
4661 4360
4662 4361
4663 4362
4664 4363
4665 4364
4666 4365
4667 4366
4668 4367
4669 4368
4671 4370
4672 4371
4673 4372
4674 4373
4675 4374
4676 4375
4677 4376
4678 4377
4679 4378
4681 4380
4682 4381
4683 4382
4684 4383
4685 4384
4686 4385
4687 4386
4688 4387
4689 4388
4691 4390
4692 4391
4693 4392
4694 4393
4695 4394
4696 4395
4697 4396
4698 4397
4699 4398
4701 4400
4702 4401
4703 4402
4704 4403
4705 4404
4706 4405
4707 4406
4708 4407
4709 4408
4711 4410
4712 4411
4713 4412
4714 4413
4715 4414
4716 4415
4717 4416
4718 4417
4719 4418
4721 4420
4722 4421
4723 4422
4724 4423
4725 4424
4726 4425
4727 4426
4728 4427
4729 4428
4731 4430
4732 4431
4733 4432
4734 4433
4735 4434
4736 4435
4737 4436
4738 4437
4739 4438
4741 4440
4742 4441
4743 4442
4744 4443
4745 4444
4746 4445
4747 4446
4748 4447
4749 4448
4751 4450
4752 4451
4753 4452
4754 4453
4755 4454
4756 4455
4757 4456
4758 4457
4759 4458
4761 4460
4762 4461
4763 4462
4764 4463
4765 4464
4766 4465
4767 4466
4768 4467
4769 4468
4771 4470
4772 4471
4773 4472
4774 4473
4775 4474
4776 4475
4777 4476
4778 4477
4779 4478
4781 4480
4782 4481
4783 4482
4784 4483
4785 4484
4786 4485
4787 4486
4788 4487
4789 4488
4791 4490
4792 4491
4793 4492
4794 4493
4795 4494
4796 4495
4797 4496
4798 4497
4799 4498
4801 4500
4802 4501
4803 4502
4804 4503
4805 4504
4806 4505
4807 4506
4808 4507
4809 4508
4811 4510
4812 4511
4813 4512
4814 4513
4815 4514
4816 4515
4817 4516
4818 4517
4819 4518
4821 4520
4822 4521
4823 4522
4824 4523
4825 4524
4826 4525
4827 4526
4828 4527
4829 4528
4831 4530
4832 4531
4833 4532
4834 4533
4835 4534
4836 4535
4837 4536
4838 4537
4839 4538
4841 4540
4842 4541
4843 4542
4844 4543
4845 4544
4846 4545
4847 4546
4848 4547
4849 4548
4851 4550
4852 4551
4853 4552
4854 4553
4855 4554
4856 4555
4857 4556
4858 4557
4859 4558
4861 4560
4862 4561
4863 4562
4864 4563
4865 4564
4866 4565
4867 4566
4868 4567
4869 4568
4871 4570
4872 4571
4873 4572
4874 4573
4875 4574
4876 4575
4877 4576
4878 4577
4879 4578
4881 4580
4882 4581
4883 4582
4884 4583
4885 4584
4886 4585
4887 4586
4888 4587
4889 4588
4891 4590
4892 4591
4893 4592
4894 4593
4895 4594
4896 4595
4897 4596
4898 4597
4899 4598
4901 4600
4902 4601
4903 4602
4904 4603
4905 4604
4906 4605
4907 4606
4908 4607
4909 4608
4911 4610
4912 4611
4913 4612
4914 4613
4915 4614
4916 4615
4917 4616
4918 4617
4919 4618
4921 4620
4922 4621
4923 4622
4924 4623
4925 4624
4926 4625
4927 4626
4928 4627
4929 4628
4931 4630
4932 4631
4933 4632
4934 4633
4935 4634
4936 4635
4937 4636
4938 4637
4939 4638
4941 4640
4942 4641
4943 4642
4944 4643
4945 4644
4946 4645
4947 4646
4948 4647
4949 4648
4951 4650
4952 4651
4953 4652
4954 4653
4955 4654
4956 4655
4957 4656
4958 4657
4959 4658
4961 4660
4962 4661
4963 4662
4964 4663
4965 4664
4966 4665
4967 4666
4968 4667
4969 4668
4971 4670
4972 4671
4973 4672
4974 4673
4975 4674
4976 4675
4977 4676
4978 4677
4979 4678
4981 4680
4982 4681
4983 4682
4984 4683
4985 4684
4986 4685
4987 4686
4988 4687
4989 4688
4991 4690
4992 4691
4993 4692
4994 4693
4995 4694
4996 4695
4997 4696
4998 4697
4999 4698
5001 4700
5002 4701
5003 4702
5004 4703
5005 4704
5006 4705
5007 4706
5008 4707
5009 4708
5011 4710
5012 4711
5013 4712
5014 4713
5015 4714
5016 4715
5017 4716
5018 4717
5019 4718
5021 4720
5022 4721
5023 4722
5024 4723
5025 4724
5026 4725
5027 4726
5028 4727
5029 4728
5031 4730
5032 4731
5033 4732
5034 4733
5035 4734
5036 4735
5037 4736
5038 4737
5039 4738
5041 4740
5042 4741
5043 4742
5044 4743
5045 4744
5046 4745
5047 4746
5048 4747
5049 4748
5051 4750
5052 4751
5053 4752
5054 4753
5055 4754
5056 4755
5057 4756
5058 4757
5059 4758
5061 4760
5062 4761
5063 4762
5064 4763
5065 4764
5066 4765
5067 4766
5068 4767
5069 4768
5071 4770
5072 4771
5073 4772
5074 4773
5075 4774
5076 4775
5077 4776
5078 4777
5079 4778
5081 4780
5082 4781
5083 4782
5084 4783
5085 4784
5086 4785
5087 4786
5088 4787
5089 4788
5091 4790
5092 4791
5093 4792
5094 4793
5095 4794
5096 4795
5097 4796
5098 4797
5099 4798
5101 4800
5102 4801
5103 4802
5104 4803
5105 4804
5106 4805
5107 4806
5108 4807
5109 4808
5111 4810
5112 4811
5113 4812
5114 4813
5115 4814
5116 4815
5117 4816
5118 4817
5119 4818
5121 4820
5122 4821
5123 4822
5124 4823
5125 4824
5126 4825
5127 4826
5128 4827
5129 4828
5131 4830
5132 4831
5133 4832
5134 4833
5135 4834
5136 4835
5137 4836
5138 4837
5139 4838
5141 4840
5142 4841
5143 4842
5144 4843
5145 4844
5146 4845
5147 4846
5148 4847
5149 4848
5151 4850
5152 4851
5153 4852
5154 4853
5155 4854
5156 4855
5157 4856
5158 4857
5159 4858
5161 4860
5162 4861
5163 4862
5164 4863
5165 4864
5166 4865
5167 4866
5168 4867
5169 4868
5171 4870
5172 4871
5173 4872
5174 4873
5175 4874
5176 4875
5177 4876
5178 4877
5179 4878
5181 4880
5182 4881
5183 4882
5184 4883
5185 4884
5186 4885
5187 4886
5188 4887
5189 4888
5191 4890
5192 4891
5193 4892
5194 4893
5195 4894
5196 4895
5197 4896
5198 4897
5199 4898
5201 4900
5202 4901
5203 4902
5204 4903
5205 4904
5206 4905
5207 4906
5208 4907
5209 4908
5211 4910
5212 4911
5213 4912
5214 4913
5215 4914
5216 4915
5217 4916
5218 4917
5219 4918
5221 4920
5222 4921
5223 4922
5224 4923
5225 4924
5226 4925
5227 4926
5228 4927
5229 4928
5231 4930
5232 4931
5233 4932
5234 4933
5235 4934
5236 4935
5237 4936
5238 4937
5239 4938
5241 4940
5242 4941
5243 4942
5244 4943
5245 4944
5246 4945
5247 4946
5248 4947
5249 4948
5251 4950
5252 4951
5253 4952
5254 4953
5255 4954
5256 4955
5257 4956
5258 4957
5259 4958
5261 4960
5262 4961
5263 4962
5264 4963
5265 4964
5266 4965
5267 4966
5268 4967
5269 4968
5271 4970
5272 4971
5273 4972
5274 4973
5275 4974
5276 4975
5277 4976
5278 4977
5279 4978
5281 4980
5282 4981
5283 4982
5284 4983
5285 4984
5286 4985
5287 4986
5288 4987
5289 4988
5291 4990
5292 4991
5293 4992
5294 4993
5295 4994
5296 4995
5297 4996
5298 4997
5299 4998
5301 5000
5302 5001
5303 5002
5304 5003
5305 5004
5306 5005
5307 5006
5308 5007
5309 5008
5311 5010
5312 5011
5313 5012
5314 5013
5315 5014
5316 5015
5317 5016
5318 5017
5319 5018
5321 5020
5322 5021
5323 5022
5324 5023
5325 5024
5326 5025
5327 5026
5328 5027
5329 5028
5331 5030
5332 5031
5333 5032
5334 5033
5335 5034
5336 5035
5337 5036
5338 5037
5339 5038
5341 5040
5342 5041
5343 5042
5344 5043
5345 5044
5346 5045
5347 5046
5348 5047
5349 5048
5351 5050
5352 5051
5353 5052
5354 5053
5355 5054
5356 5055
5357 5056
5358 5057
5359 5058
5361 5060
5362 5061
5363 5062
5364 5063
5365 5064
5366 5065
5367 5066
5368 5067
5369 5068
5371 5070
5372 5071
5373 5072
5374 5073
5375 5074
5376 5075
5377 5076
5378 5077
5379 5078
5381 5080
5382 5081
5383 5082
5384 5083
5385 5084
5386 5085
5387 5086
5388 5087
5389 5088
5391 5090
5392 5091
5393 5092
5394 5093
5395 5094
5396 5095
5397 5096
5398 5097
5399 5098
5401 5100
5402 5101
5403 5102
5404 5103
5405 5104
5406 5105
5407 5106
5408 5107
5409 5108
5411 5110
5412 5111
5413 5112
5414 5113
5415 5114
5416 5115
5417 5116
5418 5117
5419 5118
5421 5120
5422 5121
5423 5122
5424 5123
5425 5124
5426 5125
5427 5126
5428 5127
5429 5128
5431 5130
5432 5131
5433 5132
5434 5133
5435 5134
5436 5135
5437 5136
5438 5137
5439 5138
5441 5140
5442 5141
5443 5142
5444 5143
5445 5144
5446 5145
5447 5146
5448 5147
5449 5148
5451 5150
5452 5151
5453 5152
5454 5153
5455 5154
5456 5155
5457 5156
5458 5157
5459 5158
5461 5160
5462 5161
5463 5162
5464 5163
5465 5164
5466 5165
5467 5166
5468 5167
5469 5168
5471 5170
5472 5171
5473 5172
5474 5173
5475 5174
5476 5175
5477 5176
5478 5177
5479 5178
5481 5180
5482 5181
5483 5182
5484 5183
5485 5184
5486 5185
5487 5186
5488 5187
5489 5188
5491 5190
5492 5191
5493 5192
5494 5193
5495 5194
5496 5195
5497 5196
5498 5197
5499 5198
5501 5200
5502 5201
5503 5202
5504 5203
5505 5204
5506 5205
5507 5206
5508 5207
5509 5208
5511 5210
5512 5211
5513 5212
5514 5213
5515 5214
5516 5215
5517 5216
5518 5217
5519 5218
5521 5220
5522 5221
5523 5222
5524 5223
5525 5224
5526 5225
5527 5226
5528 5227
5529 5228
5531 5230
5532 5231
5533 5232
5534 5233
5535 5234
5536 5235
5537 5236
5538 5237
5539 5238
5541 5240
5542 5241
5543 5242
5544 5243
5545 5244
5546 5245
5547 5246
5548 5247
5549 5248
5551 5250
5552 5251
5553 5252
5554 5253
5555 5254
5556 5255
5557 5256
5558 5257
5559 5258
5561 5260
5562 5261
5563 5262
5564 5263
5565 5264
5566 5265
5567 5266
5568 5267
5569 5268
5571 5270
5572 5271
5573 5272
5574 5273
5575 5274
5576 5275
5577 5276
5578 5277
5579 5278
5581 5280
5582 5281
5583 5282
5584 5283
5585 5284
5586 5285
5587 5286
5588 5287
5589 5288
5591 5290
5592 5291
5593 5292
5594 5293
5595 5294
5596 5295
5597 5296
5598 5297
5599 5298
5601 5300
5602 5301
5603 5302
5604 5303
5605 5304
5606 5305
5607 5306
5608 5307
5609 5308
5611 5310
5612 5311
5613 5312
5614 5313
5615 5314
5616 5315
5617 5316
5618 5317
5619 5318
5621 5320
5622 5321
5623 5322
5624 5323
5625 5324
5626 5325
5627 5326
5628 5327
5629 5328
5631 5330
5632 5331
5633 5332
5634 5333
5635 5334
5636 5335
5637 5336
5638 5337
5639 5338
5641 5340
5642 5341
5643 5342
5644 5343
5645 5344
5646 5345
5647 5346
5648 5347
5649 5348
5651 5350
5652 5351
5653 5352
5654 5353
5655 5354
5656 5355
5657 5356
5658 5357
5659 5358
5661 5360
5662 5361
5663 5362
5664 5363
5665 5364
5666 5365
5667 5366
5668 5367
5669 5368
5671 5370
5672 5371
5673 5372
5674 5373
5675 5374
5676 5375
5677 5376
5678 5377
5679 5378
5681 5380
5682 5381
5683 5382
5684 5383
5685 5384
5686 5385
5687 5386
5688 5387
5689 5388
5691 5390
5692 5391
5693 5392
5694 5393
5695 5394
5696 5395
5697 5396
5698 5397
5699 5398
5701 5400
5702 5401
5703 5402
5704 5403
5705 5404
5706 5405
5707 5406
5708 5407
5709 5408
5711 5410
5712 5411
5713 5412
5714 5413
5715 5414
5716 5415
5717 5416
5718 5417
5719 5418
5721 5420
5722 5421
5723 5422
5724 5423
5725 5424
5726 5425
5727 5426
5728 5427
5729 5428
5731 5430
5732 5431
5733 5432
5734 5433
5735 5434
5736 5435
5737 5436
5738 5437
5739 5438
5741 5440
5742 5441
5743 5442
5744 5443
5745 5444
5746 5445
5747 5446
5748 5447
5749 5448
5751 5450
5752 5451
5753 5452
5754 5453
5755 5454
5756 5455
5757 5456
5758 5457
5759 5458
5761 5460
5762 5461
5763 5462
5764 5463
5765 5464
5766 5465
5767 5466
5768 5467
5769 5468
5771 5470
5772 5471
5773 5472
5774 5473
5775 5474
5776 5475
5777 5476
5778 5477
5779 5478
5781 5480
5782 5481
5783 5482
5784 5483
5785 5484
5786 5485
5787 5486
5788 5487
5789 5488
5791 5490
5792 5491
5793 5492
5794 5493
5795 5494
5796 5495
5797 5496
5798 5497
5799 5498
5801 5500
5802 5501
5803 5502
5804 5503
5805 5504
5806 5505
5807 5506
5808 5507
5809 5508
5811 5510
5812 5511
5813 5512
5814 5513
5815 5514
5816 5515
5817 5516
5818 5517
5819 5518
5821 5520
5822 5521
5823 5522
5824 5523
5825 5524
5826 5525
5827 5526
5828 5527
5829 5528
5831 5530
5832 5531
5833 5532
5834 5533
5835 5534
5836 5535
5837 5536
5838 5537
5839 5538
5841 5540
5842 5541
5843 5542
5844 5543
5845 5544
5846 5545
5847 5546
5848 5547
5849 5548
5851 5550
5852 5551
5853 5552
5854 5553
5855 5554
5856 5555
5857 5556
5858 5557
5859 5558
5861 5560
5862 5561
5863 5562
5864 5563
5865 5564
5866 5565
5867 5566
5868 5567
5869 5568
5871 5570
5872 5571
5873 5572
5874 5573
5875 5574
5876 5575
5877 5576
5878 5577
5879 5578
5881 5580
5882 5581
5883 5582
5884 5583
5885 5584
5886 5585
5887 5586
5888 5587
5889 5588
5891 5590
5892 5591
5893 5592
5894 5593
5895 5594
5896 5595
5897 5596
5898 5597
5899 5598
5901 5600
5902 5601
5903 5602
5904 5603
5905 5604
5906 5605
5907 5606
5908 5607
5909 5608
5911 5610
5912 5611
5913 5612
5914 5613
5915 5614
5916 5615
5917 5616
5918 5617
5919 5618
5921 5620
5922 5621
5923 5622
5924 5623
5925 5624
5926 5625
5927 5626
5928 5627
5929 5628
5931 5630
5932 5631
5933 5632
5934 5633
5935 5634
5936 5635
5937 5636
5938 5637
5939 5638
5941 5640
5942 5641
5943 5642
5944 5643
5945 5644
5946 5645
5947 5646
5948 5647
5949 5648
5951 5650
5952 5651
5953 5652
5954 5653
5955 5654
5956 5655
5957 5656
5958 5657
5959 5658
5961 5660
5962 5661
5963 5662
5964 5663
5965 5664
5966 5665
5967 5666
5968 5667
5969 5668
5971 5670
5972 5671
5973 5672
5974 5673
5975 5674
5976 5675
5977 5676
5978 5677
5979 5678
5981 5680
5982 5681
5983 5682
5984 5683
5985 5684
5986 5685
5987 5686
5988 5687
5989 5688
5991 5690
5992 5691
5993 5692
5994 5693
5995 5694
5996 5695
5997 5696
5998 5697
5999 5698
6001 5700
6002 5701
6003 5702
6004 5703
6005 5704
6006 5705
6007 5706
6008 5707
6009 5708
6011 5710
6012 5711
6013 5712
6014 5713
6015 5714
6016 5715
6017 5716
6018 5717
6019 5718
6021 5720
6022 5721
6023 5722
6024 5723
6025 5724
6026 5725
6027 5726
6028 5727
6029 5728
6031 5730
6032 5731
6033 5732
6034 5733
6035 5734
6036 5735
6037 5736
6038 5737
6039 5738
6041 5740
6042 5741
6043 5742
6044 5743
6045 5744
6046 5745
6047 5746
6048 5747
6049 5748
6051 5750
6052 5751
6053 5752
6054 5753
6055 5754
6056 5755
6057 5756
6058 5757
6059 5758
6061 5760
6062 5761
6063 5762
6064 5763
6065 5764
6066 5765
6067 5766
6068 5767
6069 5768
6071 5770
6072 5771
6073 5772
6074 5773
6075 5774
6076 5775
6077 5776
6078 5777
6079 5778
6081 5780
6082 5781
6083 5782
6084 5783
6085 5784
6086 5785
6087 5786
6088 5787
6089 5788
6091 5790
6092 5791
6093 5792
6094 5793
6095 5794
6096 5795
6097 5796
6098 5797
6099 5798
6101 5800
6102 5801
6103 5802
6104 5803
6105 5804
6106 5805
6107 5806
6108 5807
6109 5808
6111 5810
6112 5811
6113 5812
6114 5813
6115 5814
6116 5815
6117 5816
6118 5817
6119 5818
6121 5820
6122 5821
6123 5822
6124 5823
6125 5824
6126 5825
6127 5826
6128 5827
6129 5828
6131 5830
6132 5831
6133 5832
6134 5833
6135 5834
6136 5835
6137 5836
6138 5837
6139 5838
6141 5840
6142 5841
6143 5842
6144 5843
6145 5844
6146 5845
6147 5846
6148 5847
6149 5848
6151 5850
6152 5851
6153 5852
6154 5853
6155 5854
6156 5855
6157 5856
6158 5857
6159 5858
6161 5860
6162 5861
6163 5862
6164 5863
6165 5864
6166 5865
6167 5866
6168 5867
6169 5868
6171 5870
6172 5871
6173 5872
6174 5873
6175 5874
6176 5875
6177 5876
6178 5877
6179 5878
6181 5880
6182 5881
6183 5882
6184 5883
6185 5884
6186 5885
6187 5886
6188 5887
6189 5888
6191 5890
6192 5891
6193 5892
6194 5893
6195 5894
6196 5895
6197 5896
6198 5897
6199 5898
6201 5900
6202 5901
6203 5902
6204 5903
6205 5904
6206 5905
6207 5906
6208 5907
6209 5908
6211 5910
6212 5911
6213 5912
6214 5913
6215 5914
6216 5915
6217 5916
6218 5917
6219 5918
6221 5920
6222 5921
6223 5922
6224 5923
6225 5924
6226 5925
6227 5926
6228 5927
6229 5928
6231 5930
6232 5931
6233 5932
6234 5933
6235 5934
6236 5935
6237 5936
6238 5937
6239 5938
6241 5940
6242 5941
6243 5942
6244 5943
6245 5944
6246 5945
6247 5946
6248 5947
6249 5948
6251 5950
6252 5951
6253 5952
6254 5953
6255 5954
6256 5955
6257 5956
6258 5957
6259 5958
6261 5960
6262 5961
6263 5962
6264 5963
6265 5964
6266 5965
6267 5966
6268 5967
6269 5968
6271 5970
6272 5971
6273 5972
6274 5973
6275 5974
6276 5975
6277 5976
6278 5977
6279 5978
6281 5980
6282 5981
6283 5982
6284 5983
6285 5984
6286 5985
6287 5986
6288 5987
6289 5988
6291 5990
6292 5991
6293 5992
6294 5993
6295 5994
6296 5995
6297 5996
6298 5997
6299 5998
6301 6000
6302 6001
6303 6002
6304 6003
6305 6004
6306 6005
6307 6006
6308 6007
6309 6008
6311 6010
6312 6011
6313 6012
6314 6013
6315 6014
6316 6015
6317 6016
6318 6017
6319 6018
6321 6020
6322 6021
6323 6022
6324 6023
6325 6024
6326 6025
6327 6026
6328 6027
6329 6028
6331 6030
6332 6031
6333 6032
6334 6033
6335 6034
6336 6035
6337 6036
6338 6037
6339 6038
6341 6040
6342 6041
6343 6042
6344 6043
6345 6044
6346 6045
6347 6046
6348 6047
6349 6048
6351 6050
6352 6051
6353 6052
6354 6053
6355 6054
6356 6055
6357 6056
6358 6057
6359 6058
6361 6060
6362 6061
6363 6062
6364 6063
6365 6064
6366 6065
6367 6066
6368 6067
6369 6068
6371 6070
6372 6071
6373 6072
6374 6073
6375 6074
6376 6075
6377 6076
6378 6077
6379 6078
6381 6080
6382 6081
6383 6082
6384 6083
6385 6084
6386 6085
6387 6086
6388 6087
6389 6088
6391 6090
6392 6091
6393 6092
6394 6093
6395 6094
6396 6095
6397 6096
6398 6097
6399 6098
6401 6100
6402 6101
6403 6102
6404 6103
6405 6104
6406 6105
6407 6106
6408 6107
6409 6108
6411 6110
6412 6111
6413 6112
6414 6113
6415 6114
6416 6115
6417 6116
6418 6117
6419 6118
6421 6120
6422 6121
6423 6122
6424 6123
6425 6124
6426 6125
6427 6126
6428 6127
6429 6128
6431 6130
6432 6131
6433 6132
6434 6133
6435 6134
6436 6135
6437 6136
6438 6137
6439 6138
6441 6140
6442 6141
6443 6142
6444 6143
6445 6144
6446 6145
6447 6146
6448 6147
6449 6148
6451 6150
6452 6151
6453 6152
6454 6153
6455 6154
6456 6155
6457 6156
6458 6157
6459 6158
6461 6160
6462 6161
6463 6162
6464 6163
6465 6164
6466 6165
6467 6166
6468 6167
6469 6168
6471 6170
6472 6171
6473 6172
6474 6173
6475 6174
6476 6175
6477 6176
6478 6177
6479 6178
6481 6180
6482 6181
6483 6182
6484 6183
6485 6184
6486 6185
6487 6186
6488 6187
6489 6188
6491 6190
6492 6191
6493 6192
6494 6193
6495 6194
6496 6195
6497 6196
6498 6197
6499 6198
6501 6200
6502 6201
6503 6202
6504 6203
6505 6204
6506 6205
6507 6206
6508 6207
6509 6208
6511 6210
6512 6211
6513 6212
6514 6213
6515 6214
6516 6215
6517 6216
6518 6217
6519 6218
6521 6220
6522 6221
6523 6222
6524 6223
6525 6224
6526 6225
6527 6226
6528 6227
6529 6228
6531 6230
6532 6231
6533 6232
6534 6233
6535 6234
6536 6235
6537 6236
6538 6237
6539 6238
6541 6240
6542 6241
6543 6242
6544 6243
6545 6244
6546 6245
6547 6246
6548 6247
6549 6248
6551 6250
6552 6251
6553 6252
6554 6253
6555 6254
6556 6255
6557 6256
6558 6257
6559 6258
6561 6260
6562 6261
6563 6262
6564 6263
6565 6264
6566 6265
6567 6266
6568 6267
6569 6268
6571 6270
6572 6271
6573 6272
6574 6273
6575 6274
6576 6275
6577 6276
6578 6277
6579 6278
6581 6280
6582 6281
6583 6282
6584 6283
6585 6284
6586 6285
6587 6286
6588 6287
6589 6288
6591 6290
6592 6291
6593 6292
6594 6293
6595 6294
6596 6295
6597 6296
6598 6297
6599 6298
6601 6300
6602 6301
6603 6302
6604 6303
6605 6304
6606 6305
6607 6306
6608 6307
6609 6308
6611 6310
6612 6311
6613 6312
6614 6313
6615 6314
6616 6315
6617 6316
6618 6317
6619 6318
6621 6320
6622 6321
6623 6322
6624 6323
6625 6324
6626 6325
6627 6326
6628 6327
6629 6328
6631 6330
6632 6331
6633 6332
6634 6333
6635 6334
6636 6335
6637 6336
6638 6337
6639 6338
6641 6340
6642 6341
6643 6342
6644 6343
6645 6344
6646 6345
6647 6346
6648 6347
6649 6348
6651 6350
6652 6351
6653 6352
6654 6353
6655 6354
6656 6355
6657 6356
6658 6357
6659 6358
6661 6360
6662 6361
6663 6362
6664 6363
6665 6364
6666 6365
6667 6366
6668 6367
6669 6368
6671 6370
6672 6371
6673 6372
6674 6373
6675 6374
6676 6375
6677 6376
6678 6377
6679 6378
6681 6380
6682 6381
6683 6382
6684 6383
6685 6384
6686 6385
6687 6386
6688 6387
6689 6388
6691 6390
6692 6391
6693 6392
6694 6393
6695 6394
6696 6395
6697 6396
6698 6397
6699 6398
6701 6400
6702 6401
6703 6402
6704 6403
6705 6404
6706 6405
6707 6406
6708 6407
6709 6408
6711 6410
6712 6411
6713 6412
6714 6413
6715 6414
6716 6415
6717 6416
6718 6417
6719 6418
6721 6420
6722 6421
6723 6422
6724 6423
6725 6424
6726 6425
6727 6426
6728 6427
6729 6428
6731 6430
6732 6431
6733 6432
6734 6433
6735 6434
6736 6435
6737 6436
6738 6437
6739 6438
6741 6440
6742 6441
6743 6442
6744 6443
6745 6444
6746 6445
6747 6446
6748 6447
6749 6448
6751 6450
6752 6451
6753 6452
6754 6453
6755 6454
6756 6455
6757 6456
6758 6457
6759 6458
6761 6460
6762 6461
6763 6462
6764 6463
6765 6464
6766 6465
6767 6466
6768 6467
6769 6468
6771 6470
6772 6471
6773 6472
6774 6473
6775 6474
6776 6475
6777 6476
6778 6477
6779 6478
6781 6480
6782 6481
6783 6482
6784 6483
6785 6484
6786 6485
6787 6486
6788 6487
6789 6488
6791 6490
6792 6491
6793 6492
6794 6493
6795 6494
6796 6495
6797 6496
6798 6497
6799 6498
6801 6500
6802 6501
6803 6502
6804 6503
6805 6504
6806 6505
6807 6506
6808 6507
6809 6508
6811 6510
6812 6511
6813 6512
6814 6513
6815 6514
6816 6515
6817 6516
6818 6517
6819 6518
6821 6520
6822 6521
6823 6522
6824 6523
6825 6524
6826 6525
6827 6526
6828 6527
6829 6528
6831 6530
6832 6531
6833 6532
6834 6533
6835 6534
6836 6535
6837 6536
6838 6537
6839 6538
6841 6540
6842 6541
6843 6542
6844 6543
6845 6544
6846 6545
6847 6546
6848 6547
6849 6548
6851 6550
6852 6551
6853 6552
6854 6553
6855 6554
6856 6555
6857 6556
6858 6557
6859 6558
6861 6560
6862 6561
6863 6562
6864 6563
6865 6564
6866 6565
6867 6566
6868 6567
6869 6568
6871 6570
6872 6571
6873 6572
6874 6573
6875 6574
6876 6575
6877 6576
6878 6577
6879 6578
6881 6580
6882 6581
6883 6582
6884 6583
6885 6584
6886 6585
6887 6586
6888 6587
6889 6588
6891 6590
6892 6591
6893 6592
6894 6593
6895 6594
6896 6595
6897 6596
6898 6597
6899 6598
6901 6600
6902 6601
6903 6602
6904 6603
6905 6604
6906 6605
6907 6606
6908 6607
6909 6608
6911 6610
6912 6611
6913 6612
6914 6613
6915 6614
6916 6615
6917 6616
6918 6617
6919 6618
6921 6620
6922 6621
6923 6622
6924 6623
6925 6624
6926 6625
6927 6626
6928 6627
6929 6628
6931 6630
6932 6631
6933 6632
6934 6633
6935 6634
6936 6635
6937 6636
6938 6637
6939 6638
6941 6640
6942 6641
6943 6642
6944 6643
6945 6644
6946 6645
6947 6646
6948 6647
6949 6648
6951 6650
6952 6651
6953 6652
6954 6653
6955 6654
6956 6655
6957 6656
6958 6657
6959 6658
6961 6660
6962 6661
6963 6662
6964 6663
6965 6664
6966 6665
6967 6666
6968 6667
6969 6668
6971 6670
6972 6671
6973 6672
6974 6673
6975 6674
6976 6675
6977 6676
6978 6677
6979 6678
6981 6680
6982 6681
6983 6682
6984 6683
6985 6684
6986 6685
6987 6686
6988 6687
6989 6688
6991 6690
6992 6691
6993 6692
6994 6693
6995 6694
6996 6695
6997 6696
6998 6697
6999 6698
7001 6700
7002 6701
7003 6702
7004 6703
7005 6704
7006 6705
7007 6706
7008 6707
7009 6708
7011 6710
7012 6711
7013 6712
7014 6713
7015 6714
7016 6715
7017 6716
7018 6717
7019 6718
7021 6720
7022 6721
7023 6722
7024 6723
7025 6724
7026 6725
7027 6726
7028 6727
7029 6728
7031 6730
7032 6731
7033 6732
7034 6733
7035 6734
7036 6735
7037 6736
7038 6737
7039 6738
7041 6740
7042 6741
7043 6742
7044 6743
7045 6744
7046 6745
7047 6746
7048 6747
7049 6748
7051 6750
7052 6751
7053 6752
7054 6753
7055 6754
7056 6755
7057 6756
7058 6757
7059 6758
7061 6760
7062 6761
7063 6762
7064 6763
7065 6764
7066 6765
7067 6766
7068 6767
7069 6768
7071 6770
7072 6771
7073 6772
7074 6773
7075 6774
7076 6775
7077 6776
7078 6777
7079 6778
7081 6780
7082 6781
7083 6782
7084 6783
7085 6784
7086 6785
7087 6786
7088 6787
7089 6788
7091 6790
7092 6791
7093 6792
7094 6793
7095 6794
7096 6795
7097 6796
7098 6797
7099 6798
7101 6800
7102 6801
7103 6802
7104 6803
7105 6804
7106 6805
7107 6806
7108 6807
7109 6808
7111 6810
7112 6811
7113 6812
7114 6813
7115 6814
7116 6815
7117 6816
7118 6817
7119 6818
7121 6820
7122 6821
7123 6822
7124 6823
7125 6824
7126 6825
7127 6826
7128 6827
7129 6828
7131 6830
7132 6831
7133 6832
7134 6833
7135 6834
7136 6835
7137 6836
7138 6837
7139 6838
7141 6840
7142 6841
7143 6842
7144 6843
7145 6844
7146 6845
7147 6846
7148 6847
7149 6848
7151 6850
7152 6851
7153 6852
7154 6853
7155 6854
7156 6855
7157 6856
7158 6857
7159 6858
7161 6860
7162 6861
7163 6862
7164 6863
7165 6864
7166 6865
7167 6866
7168 6867
7169 6868
7171 6870
7172 6871
7173 6872
7174 6873
7175 6874
7176 6875
7177 6876
7178 6877
7179 6878
7181 6880
7182 6881
7183 6882
7184 6883
7185 6884
7186 6885
7187 6886
7188 6887
7189 6888
7191 6890
7192 6891
7193 6892
7194 6893
7195 6894
7196 6895
7197 6896
7198 6897
7199 6898
7201 6900
7202 6901
7203 6902
7204 6903
7205 6904
7206 6905
7207 6906
7208 6907
7209 6908
7211 6910
7212 6911
7213 6912
7214 6913
7215 6914
7216 6915
7217 6916
7218 6917
7219 6918
7221 6920
7222 6921
7223 6922
7224 6923
7225 6924
7226 6925
7227 6926
7228 6927
7229 6928
7231 6930
7232 6931
7233 6932
7234 6933
7235 6934
7236 6935
7237 6936
7238 6937
7239 6938
7241 6940
7242 6941
7243 6942
7244 6943
7245 6944
7246 6945
7247 6946
7248 6947
7249 6948
7251 6950
7252 6951
7253 6952
7254 6953
7255 6954
7256 6955
7257 6956
7258 6957
7259 6958
7261 6960
7262 6961
7263 6962
7264 6963
7265 6964
7266 6965
7267 6966
7268 6967
7269 6968
7271 6970
7272 6971
7273 6972
7274 6973
7275 6974
7276 6975
7277 6976
7278 6977
7279 6978
7281 6980
7282 6981
7283 6982
7284 6983
7285 6984
7286 6985
7287 6986
7288 6987
7289 6988
7291 6990
7292 6991
7293 6992
7294 6993
7295 6994
7296 6995
7297 6996
7298 6997
7299 6998
7301 7000
7302 7001
7303 7002
7304 7003
7305 7004
7306 7005
7307 7006
7308 7007
7309 7008
7311 7010
7312 7011
7313 7012
7314 7013
7315 7014
7316 7015
7317 7016
7318 7017
7319 7018
7321 7020
7322 7021
7323 7022
7324 7023
7325 7024
7326 7025
7327 7026
7328 7027
7329 7028
7331 7030
7332 7031
7333 7032
7334 7033
7335 7034
7336 7035
7337 7036
7338 7037
7339 7038
7341 7040
7342 7041
7343 7042
7344 7043
7345 7044
7346 7045
7347 7046
7348 7047
7349 7048
7351 7050
7352 7051
7353 7052
7354 7053
7355 7054
7356 7055
7357 7056
7358 7057
7359 7058
7361 7060
7362 7061
7363 7062
7364 7063
7365 7064
7366 7065
7367 7066
7368 7067
7369 7068
7371 7070
7372 7071
7373 7072
7374 7073
7375 7074
7376 7075
7377 7076
7378 7077
7379 7078
7381 7080
7382 7081
7383 7082
7384 7083
7385 7084
7386 7085
7387 7086
7388 7087
7389 7088
7391 7090
7392 7091
7393 7092
7394 7093
7395 7094
7396 7095
7397 7096
7398 7097
7399 7098
7401 7100
7402 7101
7403 7102
7404 7103
7405 7104
7406 7105
7407 7106
7408 7107
7409 7108
7411 7110
7412 7111
7413 7112
7414 7113
7415 7114
7416 7115
7417 7116
7418 7117
7419 7118
7421 7120
7422 7121
7423 7122
7424 7123
7425 7124
7426 7125
7427 7126
7428 7127
7429 7128
7431 7130
7432 7131
7433 7132
7434 7133
7435 7134
7436 7135
7437 7136
7438 7137
7439 7138
7441 7140
7442 7141
7443 7142
7444 7143
7445 7144
7446 7145
7447 7146
7448 7147
7449 7148
7451 7150
7452 7151
7453 7152
7454 7153
7455 7154
7456 7155
7457 7156
7458 7157
7459 7158
7461 7160
7462 7161
7463 7162
7464 7163
7465 7164
7466 7165
7467 7166
7468 7167
7469 7168
7471 7170
7472 7171
7473 7172
7474 7173
7475 7174
7476 7175
7477 7176
7478 7177
7479 7178
7481 7180
7482 7181
7483 7182
7484 7183
7485 7184
7486 7185
7487 7186
7488 7187
7489 7188
7491 7190
7492 7191
7493 7192
7494 7193
7495 7194
7496 7195
7497 7196
7498 7197
7499 7198
7501 7200
7502 7201
7503 7202
7504 7203
7505 7204
7506 7205
7507 7206
7508 7207
7509 7208
7511 7210
7512 7211
7513 7212
7514 7213
7515 7214
7516 7215
7517 7216
7518 7217
7519 7218
7521 7220
7522 7221
7523 7222
7524 7223
7525 7224
7526 7225
7527 7226
7528 7227
7529 7228
7531 7230
7532 7231
7533 7232
7534 7233
7535 7234
7536 7235
7537 7236
7538 7237
7539 7238
7541 7240
7542 7241
7543 7242
7544 7243
7545 7244
7546 7245
7547 7246
7548 7247
7549 7248
7551 7250
7552 7251
7553 7252
7554 7253
7555 7254
7556 7255
7557 7256
7558 7257
7559 7258
7561 7260
7562 7261
7563 7262
7564 7263
7565 7264
7566 7265
7567 7266
7568 7267
7569 7268
7571 7270
7572 7271
7573 7272
7574 7273
7575 7274
7576 7275
7577 7276
7578 7277
7579 7278
7581 7280
7582 7281
7583 7282
7584 7283
7585 7284
7586 7285
7587 7286
7588 7287
7589 7288
7591 7290
7592 7291
7593 7292
7594 7293
7595 7294
7596 7295
7597 7296
7598 7297
7599 7298
7601 7300
7602 7301
7603 7302
7604 7303
7605 7304
7606 7305
7607 7306
7608 7307
7609 7308
7611 7310
7612 7311
7613 7312
7614 7313
7615 7314
7616 7315
7617 7316
7618 7317
7619 7318
7621 7320
7622 7321
7623 7322
7624 7323
7625 7324
7626 7325
7627 7326
7628 7327
7629 7328
7631 7330
7632 7331
7633 7332
7634 7333
7635 7334
7636 7335
7637 7336
7638 7337
7639 7338
7641 7340
7642 7341
7643 7342
7644 7343
7645 7344
7646 7345
7647 7346
7648 7347
7649 7348
7651 7350
7652 7351
7653 7352
7654 7353
7655 7354
7656 7355
7657 7356
7658 7357
7659 7358
7661 7360
7662 7361
7663 7362
7664 7363
7665 7364
7666 7365
7667 7366
7668 7367
7669 7368
7671 7370
7672 7371
7673 7372
7674 7373
7675 7374
7676 7375
7677 7376
7678 7377
7679 7378
7681 7380
7682 7381
7683 7382
7684 7383
7685 7384
7686 7385
7687 7386
7688 7387
7689 7388
7691 7390
7692 7391
7693 7392
7694 7393
7695 7394
7696 7395
7697 7396
7698 7397
7699 7398
7701 7400
7702 7401
7703 7402
7704 7403
7705 7404
7706 7405
7707 7406
7708 7407
7709 7408
7711 7410
7712 7411
7713 7412
7714 7413
7715 7414
7716 7415
7717 7416
7718 7417
7719 7418
7721 7420
7722 7421
7723 7422
7724 7423
7725 7424
7726 7425
7727 7426
7728 7427
7729 7428
7731 7430
7732 7431
7733 7432
7734 7433
7735 7434
7736 7435
7737 7436
7738 7437
7739 7438
7741 7440
7742 7441
7743 7442
7744 7443
7745 7444
7746 7445
7747 7446
7748 7447
7749 7448
7751 7450
7752 7451
7753 7452
7754 7453
7755 7454
7756 7455
7757 7456
7758 7457
7759 7458
7761 7460
7762 7461
7763 7462
7764 7463
7765 7464
7766 7465
7767 7466
7768 7467
7769 7468
7771 7470
7772 7471
7773 7472
7774 7473
7775 7474
7776 7475
7777 7476
7778 7477
7779 7478
7781 7480
7782 7481
7783 7482
7784 7483
7785 7484
7786 7485
7787 7486
7788 7487
7789 7488
7791 7490
7792 7491
7793 7492
7794 7493
7795 7494
7796 7495
7797 7496
7798 7497
7799 7498
7801 7500
7802 7501
7803 7502
7804 7503
7805 7504
7806 7505
7807 7506
7808 7507
7809 7508
7811 7510
7812 7511
7813 7512
7814 7513
7815 7514
7816 7515
7817 7516
7818 7517
7819 7518
7821 7520
7822 7521
7823 7522
7824 7523
7825 7524
7826 7525
7827 7526
7828 7527
7829 7528
7831 7530
7832 7531
7833 7532
7834 7533
7835 7534
7836 7535
7837 7536
7838 7537
7839 7538
7841 7540
7842 7541
7843 7542
7844 7543
7845 7544
7846 7545
7847 7546
7848 7547
7849 7548
7851 7550
7852 7551
7853 7552
7854 7553
7855 7554
7856 7555
7857 7556
7858 7557
7859 7558
7861 7560
7862 7561
7863 7562
7864 7563
7865 7564
7866 7565
7867 7566
7868 7567
7869 7568
7871 7570
7872 7571
7873 7572
7874 7573
7875 7574
7876 7575
7877 7576
7878 7577
7879 7578
7881 7580
7882 7581
7883 7582
7884 7583
7885 7584
7886 7585
7887 7586
7888 7587
7889 7588
7891 7590
7892 7591
7893 7592
7894 7593
7895 7594
7896 7595
7897 7596
7898 7597
7899 7598
7901 7600
7902 7601
7903 7602
7904 7603
7905 7604
7906 7605
7907 7606
7908 7607
7909 7608
7911 7610
7912 7611
7913 7612
7914 7613
7915 7614
7916 7615
7917 7616
7918 7617
7919 7618
7921 7620
7922 7621
7923 7622
7924 7623
7925 7624
7926 7625
7927 7626
7928 7627
7929 7628
7931 7630
7932 7631
7933 7632
7934 7633
7935 7634
7936 7635
7937 7636
7938 7637
7939 7638
7941 7640
7942 7641
7943 7642
7944 7643
7945 7644
7946 7645
7947 7646
7948 7647
7949 7648
7951 7650
7952 7651
7953 7652
7954 7653
7955 7654
7956 7655
7957 7656
7958 7657
7959 7658
7961 7660
7962 7661
7963 7662
7964 7663
7965 7664
7966 7665
7967 7666
7968 7667
7969 7668
7971 7670
7972 7671
7973 7672
7974 7673
7975 7674
7976 7675
7977 7676
7978 7677
7979 7678
7981 7680
7982 7681
7983 7682
7984 7683
7985 7684
7986 7685
7987 7686
7988 7687
7989 7688
7991 7690
7992 7691
7993 7692
7994 7693
7995 7694
7996 7695
7997 7696
7998 7697
7999 7698
8001 7700
8002 7701
8003 7702
8004 7703
8005 7704
8006 7705
8007 7706
8008 7707
8009 7708
8011 7710
8012 7711
8013 7712
8014 7713
8015 7714
8016 7715
8017 7716
8018 7717
8019 7718
8021 7720
8022 7721
8023 7722
8024 7723
8025 7724
8026 7725
8027 7726
8028 7727
8029 7728
8031 7730
8032 7731
8033 7732
8034 7733
8035 7734
8036 7735
8037 7736
8038 7737
8039 7738
8041 7740
8042 7741
8043 7742
8044 7743
8045 7744
8046 7745
8047 7746
8048 7747
8049 7748
8051 7750
8052 7751
8053 7752
8054 7753
8055 7754
8056 7755
8057 7756
8058 7757
8059 7758
8061 7760
8062 7761
8063 7762
8064 7763
8065 7764
8066 7765
8067 7766
8068 7767
8069 7768
8071 7770
8072 7771
8073 7772
8074 7773
8075 7774
8076 7775
8077 7776
8078 7777
8079 7778
8081 7780
8082 7781
8083 7782
8084 7783
8085 7784
8086 7785
8087 7786
8088 7787
8089 7788
8091 7790
8092 7791
8093 7792
8094 7793
8095 7794
8096 7795
8097 7796
8098 7797
8099 7798
8101 7800
8102 7801
8103 7802
8104 7803
8105 7804
8106 7805
8107 7806
8108 7807
8109 7808
8111 7810
8112 7811
8113 7812
8114 7813
8115 7814
8116 7815
8117 7816
8118 7817
8119 7818
8121 7820
8122 7821
8123 7822
8124 7823
8125 7824
8126 7825
8127 7826
8128 7827
8129 7828
8131 7830
8132 7831
8133 7832
8134 7833
8135 7834
8136 7835
8137 7836
8138 7837
8139 7838
8141 7840
8142 7841
8143 7842
8144 7843
8145 7844
8146 7845
8147 7846
8148 7847
8149 7848
8151 7850
8152 7851
8153 7852
8154 7853
8155 7854
8156 7855
8157 7856
8158 7857
8159 7858
8161 7860
8162 7861
8163 7862
8164 7863
8165 7864
8166 7865
8167 7866
8168 7867
8169 7868
8171 7870
8172 7871
8173 7872
8174 7873
8175 7874
8176 7875
8177 7876
8178 7877
8179 7878
8181 7880
8182 7881
8183 7882
8184 7883
8185 7884
8186 7885
8187 7886
8188 7887
8189 7888
8191 7890
8192 7891
8193 7892
8194 7893
8195 7894
8196 7895
8197 7896
8198 7897
8199 7898
8201 7900
8202 7901
8203 7902
8204 7903
8205 7904
8206 7905
8207 7906
8208 7907
8209 7908
8211 7910
8212 7911
8213 7912
8214 7913
8215 7914
8216 7915
8217 7916
8218 7917
8219 7918
8221 7920
8222 7921
8223 7922
8224 7923
8225 7924
8226 7925
8227 7926
8228 7927
8229 7928
8231 7930
8232 7931
8233 7932
8234 7933
8235 7934
8236 7935
8237 7936
8238 7937
8239 7938
8241 7940
8242 7941
8243 7942
8244 7943
8245 7944
8246 7945
8247 7946
8248 7947
8249 7948
8251 7950
8252 7951
8253 7952
8254 7953
8255 7954
8256 7955
8257 7956
8258 7957
8259 7958
8261 7960
8262 7961
8263 7962
8264 7963
8265 7964
8266 7965
8267 7966
8268 7967
8269 7968
8271 7970
8272 7971
8273 7972
8274 7973
8275 7974
8276 7975
8277 7976
8278 7977
8279 7978
8281 7980
8282 7981
8283 7982
8284 7983
8285 7984
8286 7985
8287 7986
8288 7987
8289 7988
8291 7990
8292 7991
8293 7992
8294 7993
8295 7994
8296 7995
8297 7996
8298 7997
8299 7998
8301 8000
8302 8001
8303 8002
8304 8003
8305 8004
8306 8005
8307 8006
8308 8007
8309 8008
8311 8010
8312 8011
8313 8012
8314 8013
8315 8014
8316 8015
8317 8016
8318 8017
8319 8018
8321 8020
8322 8021
8323 8022
8324 8023
8325 8024
8326 8025
8327 8026
8328 8027
8329 8028
8331 8030
8332 8031
8333 8032
8334 8033
8335 8034
8336 8035
8337 8036
8338 8037
8339 8038
8341 8040
8342 8041
8343 8042
8344 8043
8345 8044
8346 8045
8347 8046
8348 8047
8349 8048
8351 8050
8352 8051
8353 8052
8354 8053
8355 8054
8356 8055
8357 8056
8358 8057
8359 8058
8361 8060
8362 8061
8363 8062
8364 8063
8365 8064
8366 8065
8367 8066
8368 8067
8369 8068
8371 8070
8372 8071
8373 8072
8374 8073
8375 8074
8376 8075
8377 8076
8378 8077
8379 8078
8381 8080
8382 8081
8383 8082
8384 8083
8385 8084
8386 8085
8387 8086
8388 8087
8389 8088
8391 8090
8392 8091
8393 8092
8394 8093
8395 8094
8396 8095
8397 8096
8398 8097
8399 8098
8401 8100
8402 8101
8403 8102
8404 8103
8405 8104
8406 8105
8407 8106
8408 8107
8409 8108
8411 8110
8412 8111
8413 8112
8414 8113
8415 8114
8416 8115
8417 8116
8418 8117
8419 8118
8421 8120
8422 8121
8423 8122
8424 8123
8425 8124
8426 8125
8427 8126
8428 8127
8429 8128
8431 8130
8432 8131
8433 8132
8434 8133
8435 8134
8436 8135
8437 8136
8438 8137
8439 8138
8441 8140
8442 8141
8443 8142
8444 8143
8445 8144
8446 8145
8447 8146
8448 8147
8449 8148
8451 8150
8452 8151
8453 8152
8454 8153
8455 8154
8456 8155
8457 8156
8458 8157
8459 8158
8461 8160
8462 8161
8463 8162
8464 8163
8465 8164
8466 8165
8467 8166
8468 8167
8469 8168
8471 8170
8472 8171
8473 8172
8474 8173
8475 8174
8476 8175
8477 8176
8478 8177
8479 8178
8481 8180
8482 8181
8483 8182
8484 8183
8485 8184
8486 8185
8487 8186
8488 8187
8489 8188
8491 8190
8492 8191
8493 8192
8494 8193
8495 8194
8496 8195
8497 8196
8498 8197
8499 8198
8501 8200
8502 8201
8503 8202
8504 8203
8505 8204
8506 8205
8507 8206
8508 8207
8509 8208
8511 8210
8512 8211
8513 8212
8514 8213
8515 8214
8516 8215
8517 8216
8518 8217
8519 8218
8521 8220
8522 8221
8523 8222
8524 8223
8525 8224
8526 8225
8527 8226
8528 8227
8529 8228
8531 8230
8532 8231
8533 8232
8534 8233
8535 8234
8536 8235
8537 8236
8538 8237
8539 8238
8541 8240
8542 8241
8543 8242
8544 8243
8545 8244
8546 8245
8547 8246
8548 8247
8549 8248
8551 8250
8552 8251
8553 8252
8554 8253
8555 8254
8556 8255
8557 8256
8558 8257
8559 8258
8561 8260
8562 8261
8563 8262
8564 8263
8565 8264
8566 8265
8567 8266
8568 8267
8569 8268
8571 8270
8572 8271
8573 8272
8574 8273
8575 8274
8576 8275
8577 8276
8578 8277
8579 8278
8581 8280
8582 8281
8583 8282
8584 8283
8585 8284
8586 8285
8587 8286
8588 8287
8589 8288
8591 8290
8592 8291
8593 8292
8594 8293
8595 8294
8596 8295
8597 8296
8598 8297
8599 8298
8601 8300
8602 8301
8603 8302
8604 8303
8605 8304
8606 8305
8607 8306
8608 8307
8609 8308
8611 8310
8612 8311
8613 8312
8614 8313
8615 8314
8616 8315
8617 8316
8618 8317
8619 8318
8621 8320
8622 8321
8623 8322
8624 8323
8625 8324
8626 8325
8627 8326
8628 8327
8629 8328
8631 8330
8632 8331
8633 8332
8634 8333
8635 8334
8636 8335
8637 8336
8638 8337
8639 8338
8641 8340
8642 8341
8643 8342
8644 8343
8645 8344
8646 8345
8647 8346
8648 8347
8649 8348
8651 8350
8652 8351
8653 8352
8654 8353
8655 8354
8656 8355
8657 8356
8658 8357
8659 8358
8661 8360
8662 8361
8663 8362
8664 8363
8665 8364
8666 8365
8667 8366
8668 8367
8669 8368
8671 8370
8672 8371
8673 8372
8674 8373
8675 8374
8676 8375
8677 8376
8678 8377
8679 8378
8681 8380
8682 8381
8683 8382
8684 8383
8685 8384
8686 8385
8687 8386
8688 8387
8689 8388
8691 8390
8692 8391
8693 8392
8694 8393
8695 8394
8696 8395
8697 8396
8698 8397
8699 8398
8701 8400
8702 8401
8703 8402
8704 8403
8705 8404
8706 8405
8707 8406
8708 8407
8709 8408
8711 8410
8712 8411
8713 8412
8714 8413
8715 8414
8716 8415
8717 8416
8718 8417
8719 8418
8721 8420
8722 8421
8723 8422
8724 8423
8725 8424
8726 8425
8727 8426
8728 8427
8729 8428
8731 8430
8732 8431
8733 8432
8734 8433
8735 8434
8736 8435
8737 8436
8738 8437
8739 8438
8741 8440
8742 8441
8743 8442
8744 8443
8745 8444
8746 8445
8747 8446
8748 8447
8749 8448
8751 8450
8752 8451
8753 8452
8754 8453
8755 8454
8756 8455
8757 8456
8758 8457
8759 8458
8761 8460
8762 8461
8763 8462
8764 8463
8765 8464
8766 8465
8767 8466
8768 8467
8769 8468
8771 8470
8772 8471
8773 8472
8774 8473
8775 8474
8776 8475
8777 8476
8778 8477
8779 8478
8781 8480
8782 8481
8783 8482
8784 8483
8785 8484
8786 8485
8787 8486
8788 8487
8789 8488
8791 8490
8792 8491
8793 8492
8794 8493
8795 8494
8796 8495
8797 8496
8798 8497
8799 8498
8801 8500
8802 8501
8803 8502
8804 8503
8805 8504
8806 8505
8807 8506
8808 8507
8809 8508
8811 8510
8812 8511
8813 8512
8814 8513
8815 8514
8816 8515
8817 8516
8818 8517
8819 8518
8821 8520
8822 8521
8823 8522
8824 8523
8825 8524
8826 8525
8827 8526
8828 8527
8829 8528
8831 8530
8832 8531
8833 8532
8834 8533
8835 8534
8836 8535
8837 8536
8838 8537
8839 8538
8841 8540
8842 8541
8843 8542
8844 8543
8845 8544
8846 8545
8847 8546
8848 8547
8849 8548
8851 8550
8852 8551
8853 8552
8854 8553
8855 8554
8856 8555
8857 8556
8858 8557
8859 8558
8861 8560
8862 8561
8863 8562
8864 8563
8865 8564
8866 8565
8867 8566
8868 8567
8869 8568
8871 8570
8872 8571
8873 8572
8874 8573
8875 8574
8876 8575
8877 8576
8878 8577
8879 8578
8881 8580
8882 8581
8883 8582
8884 8583
8885 8584
8886 8585
8887 8586
8888 8587
8889 8588
8891 8590
8892 8591
8893 8592
8894 8593
8895 8594
8896 8595
8897 8596
8898 8597
8899 8598
8901 8600
8902 8601
8903 8602
8904 8603
8905 8604
8906 8605
8907 8606
8908 8607
8909 8608
8911 8610
8912 8611
8913 8612
8914 8613
8915 8614
8916 8615
8917 8616
8918 8617
8919 8618
8921 8620
8922 8621
8923 8622
8924 8623
8925 8624
8926 8625
8927 8626
8928 8627
8929 8628
8931 8630
8932 8631
8933 8632
8934 8633
8935 8634
8936 8635
8937 8636
8938 8637
8939 8638
8941 8640
8942 8641
8943 8642
8944 8643
8945 8644
8946 8645
8947 8646
8948 8647
8949 8648
8951 8650
8952 8651
8953 8652
8954 8653
8955 8654
8956 8655
8957 8656
8958 8657
8959 8658
8961 8660
8962 8661
8963 8662
8964 8663
8965 8664
8966 8665
8967 8666
8968 8667
8969 8668
8971 8670
8972 8671
8973 8672
8974 8673
8975 8674
8976 8675
8977 8676
8978 8677
8979 8678
8981 8680
8982 8681
8983 8682
8984 8683
8985 8684
8986 8685
8987 8686
8988 8687
8989 8688
8991 8690
8992 8691
8993 8692
8994 8693
8995 8694
8996 8695
8997 8696
8998 8697
8999 8698
301 10
302 11
303 12
304 13
305 14
306 15
307 16
308 17
309 18
311 20
312 21
313 22
314 23
315 24
316 25
317 26
318 27
319 28
321 30
322 31
323 32
324 33
325 34
326 35
327 36
328 37
329 38
331 40
332 41
333 42
334 43
335 44
336 45
337 46
338 47
339 48
341 50
342 51
343 52
344 53
345 54
346 55
347 56
348 57
349 58
351 60
352 61
353 62
354 63
355 64
356 65
357 66
358 67
359 68
361 70
362 71
363 72
364 73
365 74
366 75
367 76
368 77
369 78
371 80
372 81
373 82
374 83
375 84
376 85
377 86
378 87
379 88
381 90
382 91
383 92
384 93
385 94
386 95
387 96
388 97
389 98
391 100
392 101
393 102
394 103
395 104
396 105
397 106
398 107
399 108
401 110
402 111
403 112
404 113
405 114
406 115
407 116
408 117
409 118
411 120
412 121
413 122
414 123
415 124
416 125
417 126
418 127
419 128
421 130
422 131
423 132
424 133
425 134
426 135
427 136
428 137
429 138
431 140
432 141
433 142
434 143
435 144
436 145
437 146
438 147
439 148
441 150
442 151
443 152
444 153
445 154
446 155
447 156
448 157
449 158
451 160
452 161
453 162
454 163
455 164
456 165
457 166
458 167
459 168
461 170
462 171
463 172
464 173
465 174
466 175
467 176
468 177
469 178
471 180
472 181
473 182
474 183
475 184
476 185
477 186
478 187
479 188
481 190
482 191
483 192
484 193
485 194
486 195
487 196
488 197
489 198
491 200
492 201
493 202
494 203
495 204
496 205
497 206
498 207
499 208
501 210
502 211
503 212
504 213
505 214
506 215
507 216
508 217
509 218
511 220
512 221
513 222
514 223
515 224
516 225
517 226
518 227
519 228
521 230
522 231
523 232
524 233
525 234
526 235
527 236
528 237
529 238
531 240
532 241
533 242
534 243
535 244
536 245
537 246
538 247
539 248
541 250
542 251
543 252
544 253
545 254
546 255
547 256
548 257
549 258
551 260
552 261
553 262
554 263
555 264
556 265
557 266
558 267
559 268
561 270
562 271
563 272
564 273
565 274
566 275
567 276
568 277
569 278
571 280
572 281
573 282
574 283
575 284
576 285
577 286
578 287
579 288
581 290
582 291
583 292
584 293
585 294
586 295
587 296
588 297
589 298
601 310
602 311
603 312
604 313
605 314
606 315
607 316
608 317
609 318
611 320
612 321
613 322
614 323
615 324
616 325
617 326
618 327
619 328
621 330
622 331
623 332
624 333
625 334
626 335
627 336
628 337
629 338
631 340
632 341
633 342
634 343
635 344
636 345
637 346
638 347
639 348
641 350
642 351
643 352
644 353
645 354
646 355
647 356
648 357
649 358
651 360
652 361
653 362
654 363
655 364
656 365
657 366
658 367
659 368
661 370
662 371
663 372
664 373
665 374
666 375
667 376
668 377
669 378
671 380
672 381
673 382
674 383
675 384
676 385
677 386
678 387
679 388
681 390
682 391
683 392
684 393
685 394
686 395
687 396
688 397
689 398
691 400
692 401
693 402
694 403
695 404
696 405
697 406
698 407
699 408
701 410
702 411
703 412
704 413
705 414
706 415
707 416
708 417
709 418
711 420
712 421
713 422
714 423
715 424
716 425
717 426
718 427
719 428
721 430
722 431
723 432
724 433
725 434
726 435
727 436
728 437
729 438
731 440
732 441
733 442
734 443
735 444
736 445
737 446
738 447
739 448
741 450
742 451
743 452
744 453
745 454
746 455
747 456
748 457
749 458
751 460
752 461
753 462
754 463
755 464
756 465
757 466
758 467
759 468
761 470
762 471
763 472
764 473
765 474
766 475
767 476
768 477
769 478
771 480
772 481
773 482
774 483
775 484
776 485
777 486
778 487
779 488
781 490
782 491
783 492
784 493
785 494
786 495
787 496
788 497
789 498
791 500
792 501
793 502
794 503
795 504
796 505
797 506
798 507
799 508
801 510
802 511
803 512
804 513
805 514
806 515
807 516
808 517
809 518
811 520
812 521
813 522
814 523
815 524
816 525
817 526
818 527
819 528
821 530
822 531
823 532
824 533
825 534
826 535
827 536
828 537
829 538
831 540
832 541
833 542
834 543
835 544
836 545
837 546
838 547
839 548
841 550
842 551
843 552
844 553
845 554
846 555
847 556
848 557
849 558
851 560
852 561
853 562
854 563
855 564
856 565
857 566
858 567
859 568
861 570
862 571
863 572
864 573
865 574
866 575
867 576
868 577
869 578
871 580
872 581
873 582
874 583
875 584
876 585
877 586
878 587
879 588
881 590
882 591
883 592
884 593
885 594
886 595
887 596
888 597
889 598
901 610
902 611
903 612
904 613
905 614
906 615
907 616
908 617
909 618
911 620
912 621
913 622
914 623
915 624
916 625
917 626
918 627
919 628
921 630
922 631
923 632
924 633
925 634
926 635
927 636
928 637
929 638
931 640
932 641
933 642
934 643
935 644
936 645
937 646
938 647
939 648
941 650
942 651
943 652
944 653
945 654
946 655
947 656
948 657
949 658
951 660
952 661
953 662
954 663
955 664
956 665
957 666
958 667
959 668
961 670
962 671
963 672
964 673
965 674
966 675
967 676
968 677
969 678
971 680
972 681
973 682
974 683
975 684
976 685
977 686
978 687
979 688
981 690
982 691
983 692
984 693
985 694
986 695
987 696
988 697
989 698
991 700
992 701
993 702
994 703
995 704
996 705
997 706
998 707
999 708
1001 710
1002 711
1003 712
1004 713
1005 714
1006 715
1007 716
1008 717
1009 718
1011 720
1012 721
1013 722
1014 723
1015 724
1016 725
1017 726
1018 727
1019 728
1021 730
1022 731
1023 732
1024 733
1025 734
1026 735
1027 736
1028 737
1029 738
1031 740
1032 741
1033 742
1034 743
1035 744
1036 745
1037 746
1038 747
1039 748
1041 750
1042 751
1043 752
1044 753
1045 754
1046 755
1047 756
1048 757
1049 758
1051 760
1052 761
1053 762
1054 763
1055 764
1056 765
1057 766
1058 767
1059 768
1061 770
1062 771
1063 772
1064 773
1065 774
1066 775
1067 776
1068 777
1069 778
1071 780
1072 781
1073 782
1074 783
1075 784
1076 785
1077 786
1078 787
1079 788
1081 790
1082 791
1083 792
1084 793
1085 794
1086 795
1087 796
1088 797
1089 798
1091 800
1092 801
1093 802
1094 803
1095 804
1096 805
1097 806
1098 807
1099 808
1101 810
1102 811
1103 812
1104 813
1105 814
1106 815
1107 816
1108 817
1109 818
1111 820
1112 821
1113 822
1114 823
1115 824
1116 825
1117 826
1118 827
1119 828
1121 830
1122 831
1123 832
1124 833
1125 834
1126 835
1127 836
1128 837
1129 838
1131 840
1132 841
1133 842
1134 843
1135 844
1136 845
1137 846
1138 847
1139 848
1141 850
1142 851
1143 852
1144 853
1145 854
1146 855
1147 856
1148 857
1149 858
1151 860
1152 861
1153 862
1154 863
1155 864
1156 865
1157 866
1158 867
1159 868
1161 870
1162 871
1163 872
1164 873
1165 874
1166 875
1167 876
1168 877
1169 878
1171 880
1172 881
1173 882
1174 883
1175 884
1176 885
1177 886
1178 887
1179 888
1181 890
1182 891
1183 892
1184 893
1185 894
1186 895
1187 896
1188 897
1189 898
1201 910
1202 911
1203 912
1204 913
1205 914
1206 915
1207 916
1208 917
1209 918
1211 920
1212 921
1213 922
1214 923
1215 924
1216 925
1217 926
1218 927
1219 928
1221 930
1222 931
1223 932
1224 933
1225 934
1226 935
1227 936
1228 937
1229 938
1231 940
1232 941
1233 942
1234 943
1235 944
1236 945
1237 946
1238 947
1239 948
1241 950
1242 951
1243 952
1244 953
1245 954
1246 955
1247 956
1248 957
1249 958
1251 960
1252 961
1253 962
1254 963
1255 964
1256 965
1257 966
1258 967
1259 968
1261 970
1262 971
1263 972
1264 973
1265 974
1266 975
1267 976
1268 977
1269 978
1271 980
1272 981
1273 982
1274 983
1275 984
1276 985
1277 986
1278 987
1279 988
1281 990
1282 991
1283 992
1284 993
1285 994
1286 995
1287 996
1288 997
1289 998
1291 1000
1292 1001
1293 1002
1294 1003
1295 1004
1296 1005
1297 1006
1298 1007
1299 1008
1301 1010
1302 1011
1303 1012
1304 1013
1305 1014
1306 1015
1307 1016
1308 1017
1309 1018
1311 1020
1312 1021
1313 1022
1314 1023
1315 1024
1316 1025
1317 1026
1318 1027
1319 1028
1321 1030
1322 1031
1323 1032
1324 1033
1325 1034
1326 1035
1327 1036
1328 1037
1329 1038
1331 1040
1332 1041
1333 1042
1334 1043
1335 1044
1336 1045
1337 1046
1338 1047
1339 1048
1341 1050
1342 1051
1343 1052
1344 1053
1345 1054
1346 1055
1347 1056
1348 1057
1349 1058
1351 1060
1352 1061
1353 1062
1354 1063
1355 1064
1356 1065
1357 1066
1358 1067
1359 1068
1361 1070
1362 1071
1363 1072
1364 1073
1365 1074
1366 1075
1367 1076
1368 1077
1369 1078
1371 1080
1372 1081
1373 1082
1374 1083
1375 1084
1376 1085
1377 1086
1378 1087
1379 1088
1381 1090
1382 1091
1383 1092
1384 1093
1385 1094
1386 1095
1387 1096
1388 1097
1389 1098
1391 1100
1392 1101
1393 1102
1394 1103
1395 1104
1396 1105
1397 1106
1398 1107
1399 1108
1401 1110
1402 1111
1403 1112
1404 1113
1405 1114
1406 1115
1407 1116
1408 1117
1409 1118
1411 1120
1412 1121
1413 1122
1414 1123
1415 1124
1416 1125
1417 1126
1418 1127
1419 1128
1421 1130
1422 1131
1423 1132
1424 1133
1425 1134
1426 1135
1427 1136
1428 1137
1429 1138
1431 1140
1432 1141
1433 1142
1434 1143
1435 1144
1436 1145
1437 1146
1438 1147
1439 1148
1441 1150
1442 1151
1443 1152
1444 1153
1445 1154
1446 1155
1447 1156
1448 1157
1449 1158
1451 1160
1452 1161
1453 1162
1454 1163
1455 1164
1456 1165
1457 1166
1458 1167
1459 1168
1461 1170
1462 1171
1463 1172
1464 1173
1465 1174
1466 1175
1467 1176
1468 1177
1469 1178
1471 1180
1472 1181
1473 1182
1474 1183
1475 1184
1476 1185
1477 1186
1478 1187
1479 1188
1481 1190
1482 1191
1483 1192
1484 1193
1485 1194
1486 1195
1487 1196
1488 1197
1489 1198
1501 1210
1502 1211
1503 1212
1504 1213
1505 1214
1506 1215
1507 1216
1508 1217
1509 1218
1511 1220
1512 1221
1513 1222
1514 1223
1515 1224
1516 1225
1517 1226
1518 1227
1519 1228
1521 1230
1522 1231
1523 1232
1524 1233
1525 1234
1526 1235
1527 1236
1528 1237
1529 1238
1531 1240
1532 1241
1533 1242
1534 1243
1535 1244
1536 1245
1537 1246
1538 1247
1539 1248
1541 1250
1542 1251
1543 1252
1544 1253
1545 1254
1546 1255
1547 1256
1548 1257
1549 1258
1551 1260
1552 1261
1553 1262
1554 1263
1555 1264
1556 1265
1557 1266
1558 1267
1559 1268
1561 1270
1562 1271
1563 1272
1564 1273
1565 1274
1566 1275
1567 1276
1568 1277
1569 1278
1571 1280
1572 1281
1573 1282
1574 1283
1575 1284
1576 1285
1577 1286
1578 1287
1579 1288
1581 1290
1582 1291
1583 1292
1584 1293
1585 1294
1586 1295
1587 1296
1588 1297
1589 1298
1591 1300
1592 1301
1593 1302
1594 1303
1595 1304
1596 1305
1597 1306
1598 1307
1599 1308
1601 1310
1602 1311
1603 1312
1604 1313
1605 1314
1606 1315
1607 1316
1608 1317
1609 1318
1611 1320
1612 1321
1613 1322
1614 1323
1615 1324
1616 1325
1617 1326
1618 1327
1619 1328
1621 1330
1622 1331
1623 1332
1624 1333
1625 1334
1626 1335
1627 1336
1628 1337
1629 1338
1631 1340
1632 1341
1633 1342
1634 1343
1635 1344
1636 1345
1637 1346
1638 1347
1639 1348
1641 1350
1642 1351
1643 1352
1644 1353
1645 1354
1646 1355
1647 1356
1648 1357
1649 1358
1651 1360
1652 1361
1653 1362
1654 1363
1655 1364
1656 1365
1657 1366
1658 1367
1659 1368
1661 1370
1662 1371
1663 1372
1664 1373
1665 1374
1666 1375
1667 1376
1668 1377
1669 1378
1671 1380
1672 1381
1673 1382
1674 1383
1675 1384
1676 1385
1677 1386
1678 1387
1679 1388
1681 1390
1682 1391
1683 1392
1684 1393
1685 1394
1686 1395
1687 1396
1688 1397
1689 1398
1691 1400
1692 1401
1693 1402
1694 1403
1695 1404
1696 1405
1697 1406
1698 1407
1699 1408
1701 1410
1702 1411
1703 1412
1704 1413
1705 1414
1706 1415
1707 1416
1708 1417
1709 1418
1711 1420
1712 1421
1713 1422
1714 1423
1715 1424
1716 1425
1717 1426
1718 1427
1719 1428
1721 1430
1722 1431
1723 1432
1724 1433
1725 1434
1726 1435
1727 1436
1728 1437
1729 1438
1731 1440
1732 1441
1733 1442
1734 1443
1735 1444
1736 1445
1737 1446
1738 1447
1739 1448
1741 1450
1742 1451
1743 1452
1744 1453
1745 1454
1746 1455
1747 1456
1748 1457
1749 1458
1751 1460
1752 1461
1753 1462
1754 1463
1755 1464
1756 1465
1757 1466
1758 1467
1759 1468
1761 1470
1762 1471
1763 1472
1764 1473
1765 1474
1766 1475
1767 1476
1768 1477
1769 1478
1771 1480
1772 1481
1773 1482
1774 1483
1775 1484
1776 1485
1777 1486
1778 1487
1779 1488
1781 1490
1782 1491
1783 1492
1784 1493
1785 1494
1786 1495
1787 1496
1788 1497
1789 1498
1801 1510
1802 1511
1803 1512
1804 1513
1805 1514
1806 1515
1807 1516
1808 1517
1809 1518
1811 1520
1812 1521
1813 1522
1814 1523
1815 1524
1816 1525
1817 1526
1818 1527
1819 1528
1821 1530
1822 1531
1823 1532
1824 1533
1825 1534
1826 1535
1827 1536
1828 1537
1829 1538
1831 1540
1832 1541
1833 1542
1834 1543
1835 1544
1836 1545
1837 1546
1838 1547
1839 1548
1841 1550
1842 1551
1843 1552
1844 1553
1845 1554
1846 1555
1847 1556
1848 1557
1849 1558
1851 1560
1852 1561
1853 1562
1854 1563
1855 1564
1856 1565
1857 1566
1858 1567
1859 1568
1861 1570
1862 1571
1863 1572
1864 1573
1865 1574
1866 1575
1867 1576
1868 1577
1869 1578
1871 1580
1872 1581
1873 1582
1874 1583
1875 1584
1876 1585
1877 1586
1878 1587
1879 1588
1881 1590
1882 1591
1883 1592
1884 1593
1885 1594
1886 1595
1887 1596
1888 1597
1889 1598
1891 1600
1892 1601
1893 1602
1894 1603
1895 1604
1896 1605
1897 1606
1898 1607
1899 1608
1901 1610
1902 1611
1903 1612
1904 1613
1905 1614
1906 1615
1907 1616
1908 1617
1909 1618
1911 1620
1912 1621
1913 1622
1914 1623
1915 1624
1916 1625
1917 1626
1918 1627
1919 1628
1921 1630
1922 1631
1923 1632
1924 1633
1925 1634
1926 1635
1927 1636
1928 1637
1929 1638
1931 1640
1932 1641
1933 1642
1934 1643
1935 1644
1936 1645
1937 1646
1938 1647
1939 1648
1941 1650
1942 1651
1943 1652
1944 1653
1945 1654
1946 1655
1947 1656
1948 1657
1949 1658
1951 1660
1952 1661
1953 1662
1954 1663
1955 1664
1956 1665
1957 1666
1958 1667
1959 1668
1961 1670
1962 1671
1963 1672
1964 1673
1965 1674
1966 1675
1967 1676
1968 1677
1969 1678
1971 1680
1972 1681
1973 1682
1974 1683
1975 1684
1976 1685
1977 1686
1978 1687
1979 1688
1981 1690
1982 1691
1983 1692
1984 1693
1985 1694
1986 1695
1987 1696
1988 1697
1989 1698
1991 1700
1992 1701
1993 1702
1994 1703
1995 1704
1996 1705
1997 1706
1998 1707
1999 1708
2001 1710
2002 1711
2003 1712
2004 1713
2005 1714
2006 1715
2007 1716
2008 1717
2009 1718
2011 1720
2012 1721
2013 1722
2014 1723
2015 1724
2016 1725
2017 1726
2018 1727
2019 1728
2021 1730
2022 1731
2023 1732
2024 1733
2025 1734
2026 1735
2027 1736
2028 1737
2029 1738
2031 1740
2032 1741
2033 1742
2034 1743
2035 1744
2036 1745
2037 1746
2038 1747
2039 1748
2041 1750
2042 1751
2043 1752
2044 1753
2045 1754
2046 1755
2047 1756
2048 1757
2049 1758
2051 1760
2052 1761
2053 1762
2054 1763
2055 1764
2056 1765
2057 1766
2058 1767
2059 1768
2061 1770
2062 1771
2063 1772
2064 1773
2065 1774
2066 1775
2067 1776
2068 1777
2069 1778
2071 1780
2072 1781
2073 1782
2074 1783
2075 1784
2076 1785
2077 1786
2078 1787
2079 1788
2081 1790
2082 1791
2083 1792
2084 1793
2085 1794
2086 1795
2087 1796
2088 1797
2089 1798
2101 1810
2102 1811
2103 1812
2104 1813
2105 1814
2106 1815
2107 1816
2108 1817
2109 1818
2111 1820
2112 1821
2113 1822
2114 1823
2115 1824
2116 1825
2117 1826
2118 1827
2119 1828
2121 1830
2122 1831
2123 1832
2124 1833
2125 1834
2126 1835
2127 1836
2128 1837
2129 1838
2131 1840
2132 1841
2133 1842
2134 1843
2135 1844
2136 1845
2137 1846
2138 1847
2139 1848
2141 1850
2142 1851
2143 1852
2144 1853
2145 1854
2146 1855
2147 1856
2148 1857
2149 1858
2151 1860
2152 1861
2153 1862
2154 1863
2155 1864
2156 1865
2157 1866
2158 1867
2159 1868
2161 1870
2162 1871
2163 1872
2164 1873
2165 1874
2166 1875
2167 1876
2168 1877
2169 1878
2171 1880
2172 1881
2173 1882
2174 1883
2175 1884
2176 1885
2177 1886
2178 1887
2179 1888
2181 1890
2182 1891
2183 1892
2184 1893
2185 1894
2186 1895
2187 1896
2188 1897
2189 1898
2191 1900
2192 1901
2193 1902
2194 1903
2195 1904
2196 1905
2197 1906
2198 1907
2199 1908
2201 1910
2202 1911
2203 1912
2204 1913
2205 1914
2206 1915
2207 1916
2208 1917
2209 1918
2211 1920
2212 1921
2213 1922
2214 1923
2215 1924
2216 1925
2217 1926
2218 1927
2219 1928
2221 1930
2222 1931
2223 1932
2224 1933
2225 1934
2226 1935
2227 1936
2228 1937
2229 1938
2231 1940
2232 1941
2233 1942
2234 1943
2235 1944
2236 1945
2237 1946
2238 1947
2239 1948
2241 1950
2242 1951
2243 1952
2244 1953
2245 1954
2246 1955
2247 1956
2248 1957
2249 1958
2251 1960
2252 1961
2253 1962
2254 1963
2255 1964
2256 1965
2257 1966
2258 1967
2259 1968
2261 1970
2262 1971
2263 1972
2264 1973
2265 1974
2266 1975
2267 1976
2268 1977
2269 1978
2271 1980
2272 1981
2273 1982
2274 1983
2275 1984
2276 1985
2277 1986
2278 1987
2279 1988
2281 1990
2282 1991
2283 1992
2284 1993
2285 1994
2286 1995
2287 1996
2288 1997
2289 1998
2291 2000
2292 2001
2293 2002
2294 2003
2295 2004
2296 2005
2297 2006
2298 2007
2299 2008
2301 2010
2302 2011
2303 2012
2304 2013
2305 2014
2306 2015
2307 2016
2308 2017
2309 2018
2311 2020
2312 2021
2313 2022
2314 2023
2315 2024
2316 2025
2317 2026
2318 2027
2319 2028
2321 2030
2322 2031
2323 2032
2324 2033
2325 2034
2326 2035
2327 2036
2328 2037
2329 2038
2331 2040
2332 2041
2333 2042
2334 2043
2335 2044
2336 2045
2337 2046
2338 2047
2339 2048
2341 2050
2342 2051
2343 2052
2344 2053
2345 2054
2346 2055
2347 2056
2348 2057
2349 2058
2351 2060
2352 2061
2353 2062
2354 2063
2355 2064
2356 2065
2357 2066
2358 2067
2359 2068
2361 2070
2362 2071
2363 2072
2364 2073
2365 2074
2366 2075
2367 2076
2368 2077
2369 2078
2371 2080
2372 2081
2373 2082
2374 2083
2375 2084
2376 2085
2377 2086
2378 2087
2379 2088
2381 2090
2382 2091
2383 2092
2384 2093
2385 2094
2386 2095
2387 2096
2388 2097
2389 2098
2401 2110
2402 2111
2403 2112
2404 2113
2405 2114
2406 2115
2407 2116
2408 2117
2409 2118
2411 2120
2412 2121
2413 2122
2414 2123
2415 2124
2416 2125
2417 2126
2418 2127
2419 2128
2421 2130
2422 2131
2423 2132
2424 2133
2425 2134
2426 2135
2427 2136
2428 2137
2429 2138
2431 2140
2432 2141
2433 2142
2434 2143
2435 2144
2436 2145
2437 2146
2438 2147
2439 2148
2441 2150
2442 2151
2443 2152
2444 2153
2445 2154
2446 2155
2447 2156
2448 2157
2449 2158
2451 2160
2452 2161
2453 2162
2454 2163
2455 2164
2456 2165
2457 2166
2458 2167
2459 2168
2461 2170
2462 2171
2463 2172
2464 2173
2465 2174
2466 2175
2467 2176
2468 2177
2469 2178
2471 2180
2472 2181
2473 2182
2474 2183
2475 2184
2476 2185
2477 2186
2478 2187
2479 2188
2481 2190
2482 2191
2483 2192
2484 2193
2485 2194
2486 2195
2487 2196
2488 2197
2489 2198
2491 2200
2492 2201
2493 2202
2494 2203
2495 2204
2496 2205
2497 2206
2498 2207
2499 2208
2501 2210
2502 2211
2503 2212
2504 2213
2505 2214
2506 2215
2507 2216
2508 2217
2509 2218
2511 2220
2512 2221
2513 2222
2514 2223
2515 2224
2516 2225
2517 2226
2518 2227
2519 2228
2521 2230
2522 2231
2523 2232
2524 2233
2525 2234
2526 2235
2527 2236
2528 2237
2529 2238
2531 2240
2532 2241
2533 2242
2534 2243
2535 2244
2536 2245
2537 2246
2538 2247
2539 2248
2541 2250
2542 2251
2543 2252
2544 2253
2545 2254
2546 2255
2547 2256
2548 2257
2549 2258
2551 2260
2552 2261
2553 2262
2554 2263
2555 2264
2556 2265
2557 2266
2558 2267
2559 2268
2561 2270
2562 2271
2563 2272
2564 2273
2565 2274
2566 2275
2567 2276
2568 2277
2569 2278
2571 2280
2572 2281
2573 2282
2574 2283
2575 2284
2576 2285
2577 2286
2578 2287
2579 2288
2581 2290
2582 2291
2583 2292
2584 2293
2585 2294
2586 2295
2587 2296
2588 2297
2589 2298
2591 2300
2592 2301
2593 2302
2594 2303
2595 2304
2596 2305
2597 2306
2598 2307
2599 2308
2601 2310
2602 2311
2603 2312
2604 2313
2605 2314
2606 2315
2607 2316
2608 2317
2609 2318
2611 2320
2612 2321
2613 2322
2614 2323
2615 2324
2616 2325
2617 2326
2618 2327
2619 2328
2621 2330
2622 2331
2623 2332
2624 2333
2625 2334
2626 2335
2627 2336
2628 2337
2629 2338
2631 2340
2632 2341
2633 2342
2634 2343
2635 2344
2636 2345
2637 2346
2638 2347
2639 2348
2641 2350
2642 2351
2643 2352
2644 2353
2645 2354
2646 2355
2647 2356
2648 2357
2649 2358
2651 2360
2652 2361
2653 2362
2654 2363
2655 2364
2656 2365
2657 2366
2658 2367
2659 2368
2661 2370
2662 2371
2663 2372
2664 2373
2665 2374
2666 2375
2667 2376
2668 2377
2669 2378
2671 2380
2672 2381
2673 2382
2674 2383
2675 2384
2676 2385
2677 2386
2678 2387
2679 2388
2681 2390
2682 2391
2683 2392
2684 2393
2685 2394
2686 2395
2687 2396
2688 2397
2689 2398
2701 2410
2702 2411
2703 2412
2704 2413
2705 2414
2706 2415
2707 2416
2708 2417
2709 2418
2711 2420
2712 2421
2713 2422
2714 2423
2715 2424
2716 2425
2717 2426
2718 2427
2719 2428
2721 2430
2722 2431
2723 2432
2724 2433
2725 2434
2726 2435
2727 2436
2728 2437
2729 2438
2731 2440
2732 2441
2733 2442
2734 2443
2735 2444
2736 2445
2737 2446
2738 2447
2739 2448
2741 2450
2742 2451
2743 2452
2744 2453
2745 2454
2746 2455
2747 2456
2748 2457
2749 2458
2751 2460
2752 2461
2753 2462
2754 2463
2755 2464
2756 2465
2757 2466
2758 2467
2759 2468
2761 2470
2762 2471
2763 2472
2764 2473
2765 2474
2766 2475
2767 2476
2768 2477
2769 2478
2771 2480
2772 2481
2773 2482
2774 2483
2775 2484
2776 2485
2777 2486
2778 2487
2779 2488
2781 2490
2782 2491
2783 2492
2784 2493
2785 2494
2786 2495
2787 2496
2788 2497
2789 2498
2791 2500
2792 2501
2793 2502
2794 2503
2795 2504
2796 2505
2797 2506
2798 2507
2799 2508
2801 2510
2802 2511
2803 2512
2804 2513
2805 2514
2806 2515
2807 2516
2808 2517
2809 2518
2811 2520
2812 2521
2813 2522
2814 2523
2815 2524
2816 2525
2817 2526
2818 2527
2819 2528
2821 2530
2822 2531
2823 2532
2824 2533
2825 2534
2826 2535
2827 2536
2828 2537
2829 2538
2831 2540
2832 2541
2833 2542
2834 2543
2835 2544
2836 2545
2837 2546
2838 2547
2839 2548
2841 2550
2842 2551
2843 2552
2844 2553
2845 2554
2846 2555
2847 2556
2848 2557
2849 2558
2851 2560
2852 2561
2853 2562
2854 2563
2855 2564
2856 2565
2857 2566
2858 2567
2859 2568
2861 2570
2862 2571
2863 2572
2864 2573
2865 2574
2866 2575
2867 2576
2868 2577
2869 2578
2871 2580
2872 2581
2873 2582
2874 2583
2875 2584
2876 2585
2877 2586
2878 2587
2879 2588
2881 2590
2882 2591
2883 2592
2884 2593
2885 2594
2886 2595
2887 2596
2888 2597
2889 2598
2891 2600
2892 2601
2893 2602
2894 2603
2895 2604
2896 2605
2897 2606
2898 2607
2899 2608
2901 2610
2902 2611
2903 2612
2904 2613
2905 2614
2906 2615
2907 2616
2908 2617
2909 2618
2911 2620
2912 2621
2913 2622
2914 2623
2915 2624
2916 2625
2917 2626
2918 2627
2919 2628
2921 2630
2922 2631
2923 2632
2924 2633
2925 2634
2926 2635
2927 2636
2928 2637
2929 2638
2931 2640
2932 2641
2933 2642
2934 2643
2935 2644
2936 2645
2937 2646
2938 2647
2939 2648
2941 2650
2942 2651
2943 2652
2944 2653
2945 2654
2946 2655
2947 2656
2948 2657
2949 2658
2951 2660
2952 2661
2953 2662
2954 2663
2955 2664
2956 2665
2957 2666
2958 2667
2959 2668
2961 2670
2962 2671
2963 2672
2964 2673
2965 2674
2966 2675
2967 2676
2968 2677
2969 2678
2971 2680
2972 2681
2973 2682
2974 2683
2975 2684
2976 2685
2977 2686
2978 2687
2979 2688
2981 2690
2982 2691
2983 2692
2984 2693
2985 2694
2986 2695
2987 2696
2988 2697
2989 2698
3001 2710
3002 2711
3003 2712
3004 2713
3005 2714
3006 2715
3007 2716
3008 2717
3009 2718
3011 2720
3012 2721
3013 2722
3014 2723
3015 2724
3016 2725
3017 2726
3018 2727
3019 2728
3021 2730
3022 2731
3023 2732
3024 2733
3025 2734
3026 2735
3027 2736
3028 2737
3029 2738
3031 2740
3032 2741
3033 2742
3034 2743
3035 2744
3036 2745
3037 2746
3038 2747
3039 2748
3041 2750
3042 2751
3043 2752
3044 2753
3045 2754
3046 2755
3047 2756
3048 2757
3049 2758
3051 2760
3052 2761
3053 2762
3054 2763
3055 2764
3056 2765
3057 2766
3058 2767
3059 2768
3061 2770
3062 2771
3063 2772
3064 2773
3065 2774
3066 2775
3067 2776
3068 2777
3069 2778
3071 2780
3072 2781
3073 2782
3074 2783
3075 2784
3076 2785
3077 2786
3078 2787
3079 2788
3081 2790
3082 2791
3083 2792
3084 2793
3085 2794
3086 2795
3087 2796
3088 2797
3089 2798
3091 2800
3092 2801
3093 2802
3094 2803
3095 2804
3096 2805
3097 2806
3098 2807
3099 2808
3101 2810
3102 2811
3103 2812
3104 2813
3105 2814
3106 2815
3107 2816
3108 2817
3109 2818
3111 2820
3112 2821
3113 2822
3114 2823
3115 2824
3116 2825
3117 2826
3118 2827
3119 2828
3121 2830
3122 2831
3123 2832
3124 2833
3125 2834
3126 2835
3127 2836
3128 2837
3129 2838
3131 2840
3132 2841
3133 2842
3134 2843
3135 2844
3136 2845
3137 2846
3138 2847
3139 2848
3141 2850
3142 2851
3143 2852
3144 2853
3145 2854
3146 2855
3147 2856
3148 2857
3149 2858
3151 2860
3152 2861
3153 2862
3154 2863
3155 2864
3156 2865
3157 2866
3158 2867
3159 2868
3161 2870
3162 2871
3163 2872
3164 2873
3165 2874
3166 2875
3167 2876
3168 2877
3169 2878
3171 2880
3172 2881
3173 2882
3174 2883
3175 2884
3176 2885
3177 2886
3178 2887
3179 2888
3181 2890
3182 2891
3183 2892
3184 2893
3185 2894
3186 2895
3187 2896
3188 2897
3189 2898
3191 2900
3192 2901
3193 2902
3194 2903
3195 2904
3196 2905
3197 2906
3198 2907
3199 2908
3201 2910
3202 2911
3203 2912
3204 2913
3205 2914
3206 2915
3207 2916
3208 2917
3209 2918
3211 2920
3212 2921
3213 2922
3214 2923
3215 2924
3216 2925
3217 2926
3218 2927
3219 2928
3221 2930
3222 2931
3223 2932
3224 2933
3225 2934
3226 2935
3227 2936
3228 2937
3229 2938
3231 2940
3232 2941
3233 2942
3234 2943
3235 2944
3236 2945
3237 2946
3238 2947
3239 2948
3241 2950
3242 2951
3243 2952
3244 2953
3245 2954
3246 2955
3247 2956
3248 2957
3249 2958
3251 2960
3252 2961
3253 2962
3254 2963
3255 2964
3256 2965
3257 2966
3258 2967
3259 2968
3261 2970
3262 2971
3263 2972
3264 2973
3265 2974
3266 2975
3267 2976
3268 2977
3269 2978
3271 2980
3272 2981
3273 2982
3274 2983
3275 2984
3276 2985
3277 2986
3278 2987
3279 2988
3281 2990
3282 2991
3283 2992
3284 2993
3285 2994
3286 2995
3287 2996
3288 2997
3289 2998
3301 3010
3302 3011
3303 3012
3304 3013
3305 3014
3306 3015
3307 3016
3308 3017
3309 3018
3311 3020
3312 3021
3313 3022
3314 3023
3315 3024
3316 3025
3317 3026
3318 3027
3319 3028
3321 3030
3322 3031
3323 3032
3324 3033
3325 3034
3326 3035
3327 3036
3328 3037
3329 3038
3331 3040
3332 3041
3333 3042
3334 3043
3335 3044
3336 3045
3337 3046
3338 3047
3339 3048
3341 3050
3342 3051
3343 3052
3344 3053
3345 3054
3346 3055
3347 3056
3348 3057
3349 3058
3351 3060
3352 3061
3353 3062
3354 3063
3355 3064
3356 3065
3357 3066
3358 3067
3359 3068
3361 3070
3362 3071
3363 3072
3364 3073
3365 3074
3366 3075
3367 3076
3368 3077
3369 3078
3371 3080
3372 3081
3373 3082
3374 3083
3375 3084
3376 3085
3377 3086
3378 3087
3379 3088
3381 3090
3382 3091
3383 3092
3384 3093
3385 3094
3386 3095
3387 3096
3388 3097
3389 3098
3391 3100
3392 3101
3393 3102
3394 3103
3395 3104
3396 3105
3397 3106
3398 3107
3399 3108
3401 3110
3402 3111
3403 3112
3404 3113
3405 3114
3406 3115
3407 3116
3408 3117
3409 3118
3411 3120
3412 3121
3413 3122
3414 3123
3415 3124
3416 3125
3417 3126
3418 3127
3419 3128
3421 3130
3422 3131
3423 3132
3424 3133
3425 3134
3426 3135
3427 3136
3428 3137
3429 3138
3431 3140
3432 3141
3433 3142
3434 3143
3435 3144
3436 3145
3437 3146
3438 3147
3439 3148
3441 3150
3442 3151
3443 3152
3444 3153
3445 3154
3446 3155
3447 3156
3448 3157
3449 3158
3451 3160
3452 3161
3453 3162
3454 3163
3455 3164
3456 3165
3457 3166
3458 3167
3459 3168
3461 3170
3462 3171
3463 3172
3464 3173
3465 3174
3466 3175
3467 3176
3468 3177
3469 3178
3471 3180
3472 3181
3473 3182
3474 3183
3475 3184
3476 3185
3477 3186
3478 3187
3479 3188
3481 3190
3482 3191
3483 3192
3484 3193
3485 3194
3486 3195
3487 3196
3488 3197
3489 3198
3491 3200
3492 3201
3493 3202
3494 3203
3495 3204
3496 3205
3497 3206
3498 3207
3499 3208
3501 3210
3502 3211
3503 3212
3504 3213
3505 3214
3506 3215
3507 3216
3508 3217
3509 3218
3511 3220
3512 3221
3513 3222
3514 3223
3515 3224
3516 3225
3517 3226
3518 3227
3519 3228
3521 3230
3522 3231
3523 3232
3524 3233
3525 3234
3526 3235
3527 3236
3528 3237
3529 3238
3531 3240
3532 3241
3533 3242
3534 3243
3535 3244
3536 3245
3537 3246
3538 3247
3539 3248
3541 3250
3542 3251
3543 3252
3544 3253
3545 3254
3546 3255
3547 3256
3548 3257
3549 3258
3551 3260
3552 3261
3553 3262
3554 3263
3555 3264
3556 3265
3557 3266
3558 3267
3559 3268
3561 3270
3562 3271
3563 3272
3564 3273
3565 3274
3566 3275
3567 3276
3568 3277
3569 3278
3571 3280
3572 3281
3573 3282
3574 3283
3575 3284
3576 3285
3577 3286
3578 3287
3579 3288
3581 3290
3582 3291
3583 3292
3584 3293
3585 3294
3586 3295
3587 3296
3588 3297
3589 3298
3601 3310
3602 3311
3603 3312
3604 3313
3605 3314
3606 3315
3607 3316
3608 3317
3609 3318
3611 3320
3612 3321
3613 3322
3614 3323
3615 3324
3616 3325
3617 3326
3618 3327
3619 3328
3621 3330
3622 3331
3623 3332
3624 3333
3625 3334
3626 3335
3627 3336
3628 3337
3629 3338
3631 3340
3632 3341
3633 3342
3634 3343
3635 3344
3636 3345
3637 3346
3638 3347
3639 3348
3641 3350
3642 3351
3643 3352
3644 3353
3645 3354
3646 3355
3647 3356
3648 3357
3649 3358
3651 3360
3652 3361
3653 3362
3654 3363
3655 3364
3656 3365
3657 3366
3658 3367
3659 3368
3661 3370
3662 3371
3663 3372
3664 3373
3665 3374
3666 3375
3667 3376
3668 3377
3669 3378
3671 3380
3672 3381
3673 3382
3674 3383
3675 3384
3676 3385
3677 3386
3678 3387
3679 3388
3681 3390
3682 3391
3683 3392
3684 3393
3685 3394
3686 3395
3687 3396
3688 3397
3689 3398
3691 3400
3692 3401
3693 3402
3694 3403
3695 3404
3696 3405
3697 3406
3698 3407
3699 3408
3701 3410
3702 3411
3703 3412
3704 3413
3705 3414
3706 3415
3707 3416
3708 3417
3709 3418
3711 3420
3712 3421
3713 3422
3714 3423
3715 3424
3716 3425
3717 3426
3718 3427
3719 3428
3721 3430
3722 3431
3723 3432
3724 3433
3725 3434
3726 3435
3727 3436
3728 3437
3729 3438
3731 3440
3732 3441
3733 3442
3734 3443
3735 3444
3736 3445
3737 3446
3738 3447
3739 3448
3741 3450
3742 3451
3743 3452
3744 3453
3745 3454
3746 3455
3747 3456
3748 3457
3749 3458
3751 3460
3752 3461
3753 3462
3754 3463
3755 3464
3756 3465
3757 3466
3758 3467
3759 3468
3761 3470
3762 3471
3763 3472
3764 3473
3765 3474
3766 3475
3767 3476
3768 3477
3769 3478
3771 3480
3772 3481
3773 3482
3774 3483
3775 3484
3776 3485
3777 3486
3778 3487
3779 3488
3781 3490
3782 3491
3783 3492
3784 3493
3785 3494
3786 3495
3787 3496
3788 3497
3789 3498
3791 3500
3792 3501
3793 3502
3794 3503
3795 3504
3796 3505
3797 3506
3798 3507
3799 3508
3801 3510
3802 3511
3803 3512
3804 3513
3805 3514
3806 3515
3807 3516
3808 3517
3809 3518
3811 3520
3812 3521
3813 3522
3814 3523
3815 3524
3816 3525
3817 3526
3818 3527
3819 3528
3821 3530
3822 3531
3823 3532
3824 3533
3825 3534
3826 3535
3827 3536
3828 3537
3829 3538
3831 3540
3832 3541
3833 3542
3834 3543
3835 3544
3836 3545
3837 3546
3838 3547
3839 3548
3841 3550
3842 3551
3843 3552
3844 3553
3845 3554
3846 3555
3847 3556
3848 3557
3849 3558
3851 3560
3852 3561
3853 3562
3854 3563
3855 3564
3856 3565
3857 3566
3858 3567
3859 3568
3861 3570
3862 3571
3863 3572
3864 3573
3865 3574
3866 3575
3867 3576
3868 3577
3869 3578
3871 3580
3872 3581
3873 3582
3874 3583
3875 3584
3876 3585
3877 3586
3878 3587
3879 3588
3881 3590
3882 3591
3883 3592
3884 3593
3885 3594
3886 3595
3887 3596
3888 3597
3889 3598
3901 3610
3902 3611
3903 3612
3904 3613
3905 3614
3906 3615
3907 3616
3908 3617
3909 3618
3911 3620
3912 3621
3913 3622
3914 3623
3915 3624
3916 3625
3917 3626
3918 3627
3919 3628
3921 3630
3922 3631
3923 3632
3924 3633
3925 3634
3926 3635
3927 3636
3928 3637
3929 3638
3931 3640
3932 3641
3933 3642
3934 3643
3935 3644
3936 3645
3937 3646
3938 3647
3939 3648
3941 3650
3942 3651
3943 3652
3944 3653
3945 3654
3946 3655
3947 3656
3948 3657
3949 3658
3951 3660
3952 3661
3953 3662
3954 3663
3955 3664
3956 3665
3957 3666
3958 3667
3959 3668
3961 3670
3962 3671
3963 3672
3964 3673
3965 3674
3966 3675
3967 3676
3968 3677
3969 3678
3971 3680
3972 3681
3973 3682
3974 3683
3975 3684
3976 3685
3977 3686
3978 3687
3979 3688
3981 3690
3982 3691
3983 3692
3984 3693
3985 3694
3986 3695
3987 3696
3988 3697
3989 3698
3991 3700
3992 3701
3993 3702
3994 3703
3995 3704
3996 3705
3997 3706
3998 3707
3999 3708
4001 3710
4002 3711
4003 3712
4004 3713
4005 3714
4006 3715
4007 3716
4008 3717
4009 3718
4011 3720
4012 3721
4013 3722
4014 3723
4015 3724
4016 3725
4017 3726
4018 3727
4019 3728
4021 3730
4022 3731
4023 3732
4024 3733
4025 3734
4026 3735
4027 3736
4028 3737
4029 3738
4031 3740
4032 3741
4033 3742
4034 3743
4035 3744
4036 3745
4037 3746
4038 3747
4039 3748
4041 3750
4042 3751
4043 3752
4044 3753
4045 3754
4046 3755
4047 3756
4048 3757
4049 3758
4051 3760
4052 3761
4053 3762
4054 3763
4055 3764
4056 3765
4057 3766
4058 3767
4059 3768
4061 3770
4062 3771
4063 3772
4064 3773
4065 3774
4066 3775
4067 3776
4068 3777
4069 3778
4071 3780
4072 3781
4073 3782
4074 3783
4075 3784
4076 3785
4077 3786
4078 3787
4079 3788
4081 3790
4082 3791
4083 3792
4084 3793
4085 3794
4086 3795
4087 3796
4088 3797
4089 3798
4091 3800
4092 3801
4093 3802
4094 3803
4095 3804
4096 3805
4097 3806
4098 3807
4099 3808
4101 3810
4102 3811
4103 3812
4104 3813
4105 3814
4106 3815
4107 3816
4108 3817
4109 3818
4111 3820
4112 3821
4113 3822
4114 3823
4115 3824
4116 3825
4117 3826
4118 3827
4119 3828
4121 3830
4122 3831
4123 3832
4124 3833
4125 3834
4126 3835
4127 3836
4128 3837
4129 3838
4131 3840
4132 3841
4133 3842
4134 3843
4135 3844
4136 3845
4137 3846
4138 3847
4139 3848
4141 3850
4142 3851
4143 3852
4144 3853
4145 3854
4146 3855
4147 3856
4148 3857
4149 3858
4151 3860
4152 3861
4153 3862
4154 3863
4155 3864
4156 3865
4157 3866
4158 3867
4159 3868
4161 3870
4162 3871
4163 3872
4164 3873
4165 3874
4166 3875
4167 3876
4168 3877
4169 3878
4171 3880
4172 3881
4173 3882
4174 3883
4175 3884
4176 3885
4177 3886
4178 3887
4179 3888
4181 3890
4182 3891
4183 3892
4184 3893
4185 3894
4186 3895
4187 3896
4188 3897
4189 3898
4201 3910
4202 3911
4203 3912
4204 3913
4205 3914
4206 3915
4207 3916
4208 3917
4209 3918
4211 3920
4212 3921
4213 3922
4214 3923
4215 3924
4216 3925
4217 3926
4218 3927
4219 3928
4221 3930
4222 3931
4223 3932
4224 3933
4225 3934
4226 3935
4227 3936
4228 3937
4229 3938
4231 3940
4232 3941
4233 3942
4234 3943
4235 3944
4236 3945
4237 3946
4238 3947
4239 3948
4241 3950
4242 3951
4243 3952
4244 3953
4245 3954
4246 3955
4247 3956
4248 3957
4249 3958
4251 3960
4252 3961
4253 3962
4254 3963
4255 3964
4256 3965
4257 3966
4258 3967
4259 3968
4261 3970
4262 3971
4263 3972
4264 3973
4265 3974
4266 3975
4267 3976
4268 3977
4269 3978
4271 3980
4272 3981
4273 3982
4274 3983
4275 3984
4276 3985
4277 3986
4278 3987
4279 3988
4281 3990
4282 3991
4283 3992
4284 3993
4285 3994
4286 3995
4287 3996
4288 3997
4289 3998
4291 4000
4292 4001
4293 4002
4294 4003
4295 4004
4296 4005
4297 4006
4298 4007
4299 4008
4301 4010
4302 4011
4303 4012
4304 4013
4305 4014
4306 4015
4307 4016
4308 4017
4309 4018
4311 4020
4312 4021
4313 4022
4314 4023
4315 4024
4316 4025
4317 4026
4318 4027
4319 4028
4321 4030
4322 4031
4323 4032
4324 4033
4325 4034
4326 4035
4327 4036
4328 4037
4329 4038
4331 4040
4332 4041
4333 4042
4334 4043
4335 4044
4336 4045
4337 4046
4338 4047
4339 4048
4341 4050
4342 4051
4343 4052
4344 4053
4345 4054
4346 4055
4347 4056
4348 4057
4349 4058
4351 4060
4352 4061
4353 4062
4354 4063
4355 4064
4356 4065
4357 4066
4358 4067
4359 4068
4361 4070
4362 4071
4363 4072
4364 4073
4365 4074
4366 4075
4367 4076
4368 4077
4369 4078
4371 4080
4372 4081
4373 4082
4374 4083
4375 4084
4376 4085
4377 4086
4378 4087
4379 4088
4381 4090
4382 4091
4383 4092
4384 4093
4385 4094
4386 4095
4387 4096
4388 4097
4389 4098
4391 4100
4392 4101
4393 4102
4394 4103
4395 4104
4396 4105
4397 4106
4398 4107
4399 4108
4401 4110
4402 4111
4403 4112
4404 4113
4405 4114
4406 4115
4407 4116
4408 4117
4409 4118
4411 4120
4412 4121
4413 4122
4414 4123
4415 4124
4416 4125
4417 4126
4418 4127
4419 4128
4421 4130
4422 4131
4423 4132
4424 4133
4425 4134
4426 4135
4427 4136
4428 4137
4429 4138
4431 4140
4432 4141
4433 4142
4434 4143
4435 4144
4436 4145
4437 4146
4438 4147
4439 4148
4441 4150
4442 4151
4443 4152
4444 4153
4445 4154
4446 4155
4447 4156
4448 4157
4449 4158
4451 4160
4452 4161
4453 4162
4454 4163
4455 4164
4456 4165
4457 4166
4458 4167
4459 4168
4461 4170
4462 4171
4463 4172
4464 4173
4465 4174
4466 4175
4467 4176
4468 4177
4469 4178
4471 4180
4472 4181
4473 4182
4474 4183
4475 4184
4476 4185
4477 4186
4478 4187
4479 4188
4481 4190
4482 4191
4483 4192
4484 4193
4485 4194
4486 4195
4487 4196
4488 4197
4489 4198
4501 4210
4502 4211
4503 4212
4504 4213
4505 4214
4506 4215
4507 4216
4508 4217
4509 4218
4511 4220
4512 4221
4513 4222
4514 4223
4515 4224
4516 4225
4517 4226
4518 4227
4519 4228
4521 4230
4522 4231
4523 4232
4524 4233
4525 4234
4526 4235
4527 4236
4528 4237
4529 4238
4531 4240
4532 4241
4533 4242
4534 4243
4535 4244
4536 4245
4537 4246
4538 4247
4539 4248
4541 4250
4542 4251
4543 4252
4544 4253
4545 4254
4546 4255
4547 4256
4548 4257
4549 4258
4551 4260
4552 4261
4553 4262
4554 4263
4555 4264
4556 4265
4557 4266
4558 4267
4559 4268
4561 4270
4562 4271
4563 4272
4564 4273
4565 4274
4566 4275
4567 4276
4568 4277
4569 4278
4571 4280
4572 4281
4573 4282
4574 4283
4575 4284
4576 4285
4577 4286
4578 4287
4579 4288
4581 4290
4582 4291
4583 4292
4584 4293
4585 4294
4586 4295
4587 4296
4588 4297
4589 4298
4591 4300
4592 4301
4593 4302
4594 4303
4595 4304
4596 4305
4597 4306
4598 4307
4599 4308
4601 4310
4602 4311
4603 4312
4604 4313
4605 4314
4606 4315
4607 4316
4608 4317
4609 4318
4611 4320
4612 4321
4613 4322
4614 4323
4615 4324
4616 4325
4617 4326
4618 4327
4619 4328
4621 4330
4622 4331
4623 4332
4624 4333
4625 4334
4626 4335
4627 4336
4628 4337
4629 4338
4631 4340
4632 4341
4633 4342
4634 4343
4635 4344
4636 4345
4637 4346
4638 4347
4639 4348
4641 4350
4642 4351
4643 4352
4644 4353
4645 4354
4646 4355
4647 4356
4648 4357
4649 4358
4651 4360
4652 4361
4653 4362
4654 4363
4655 4364
4656 4365
4657 4366
4658 4367
4659 4368
4661 4370
4662 4371
4663 4372
4664 4373
4665 4374
4666 4375
4667 4376
4668 4377
4669 4378
4671 4380
4672 4381
4673 4382
4674 4383
4675 4384
4676 4385
4677 4386
4678 4387
4679 4388
4681 4390
4682 4391
4683 4392
4684 4393
4685 4394
4686 4395
4687 4396
4688 4397
4689 4398
4691 4400
4692 4401
4693 4402
4694 4403
4695 4404
4696 4405
4697 4406
4698 4407
4699 4408
4701 4410
4702 4411
4703 4412
4704 4413
4705 4414
4706 4415
4707 4416
4708 4417
4709 4418
4711 4420
4712 4421
4713 4422
4714 4423
4715 4424
4716 4425
4717 4426
4718 4427
4719 4428
4721 4430
4722 4431
4723 4432
4724 4433
4725 4434
4726 4435
4727 4436
4728 4437
4729 4438
4731 4440
4732 4441
4733 4442
4734 4443
4735 4444
4736 4445
4737 4446
4738 4447
4739 4448
4741 4450
4742 4451
4743 4452
4744 4453
4745 4454
4746 4455
4747 4456
4748 4457
4749 4458
4751 4460
4752 4461
4753 4462
4754 4463
4755 4464
4756 4465
4757 4466
4758 4467
4759 4468
4761 4470
4762 4471
4763 4472
4764 4473
4765 4474
4766 4475
4767 4476
4768 4477
4769 4478
4771 4480
4772 4481
4773 4482
4774 4483
4775 4484
4776 4485
4777 4486
4778 4487
4779 4488
4781 4490
4782 4491
4783 4492
4784 4493
4785 4494
4786 4495
4787 4496
4788 4497
4789 4498
4801 4510
4802 4511
4803 4512
4804 4513
4805 4514
4806 4515
4807 4516
4808 4517
4809 4518
4811 4520
4812 4521
4813 4522
4814 4523
4815 4524
4816 4525
4817 4526
4818 4527
4819 4528
4821 4530
4822 4531
4823 4532
4824 4533
4825 4534
4826 4535
4827 4536
4828 4537
4829 4538
4831 4540
4832 4541
4833 4542
4834 4543
4835 4544
4836 4545
4837 4546
4838 4547
4839 4548
4841 4550
4842 4551
4843 4552
4844 4553
4845 4554
4846 4555
4847 4556
4848 4557
4849 4558
4851 4560
4852 4561
4853 4562
4854 4563
4855 4564
4856 4565
4857 4566
4858 4567
4859 4568
4861 4570
4862 4571
4863 4572
4864 4573
4865 4574
4866 4575
4867 4576
4868 4577
4869 4578
4871 4580
4872 4581
4873 4582
4874 4583
4875 4584
4876 4585
4877 4586
4878 4587
4879 4588
4881 4590
4882 4591
4883 4592
4884 4593
4885 4594
4886 4595
4887 4596
4888 4597
4889 4598
4891 4600
4892 4601
4893 4602
4894 4603
4895 4604
4896 4605
4897 4606
4898 4607
4899 4608
4901 4610
4902 4611
4903 4612
4904 4613
4905 4614
4906 4615
4907 4616
4908 4617
4909 4618
4911 4620
4912 4621
4913 4622
4914 4623
4915 4624
4916 4625
4917 4626
4918 4627
4919 4628
4921 4630
4922 4631
4923 4632
4924 4633
4925 4634
4926 4635
4927 4636
4928 4637
4929 4638
4931 4640
4932 4641
4933 4642
4934 4643
4935 4644
4936 4645
4937 4646
4938 4647
4939 4648
4941 4650
4942 4651
4943 4652
4944 4653
4945 4654
4946 4655
4947 4656
4948 4657
4949 4658
4951 4660
4952 4661
4953 4662
4954 4663
4955 4664
4956 4665
4957 4666
4958 4667
4959 4668
4961 4670
4962 4671
4963 4672
4964 4673
4965 4674
4966 4675
4967 4676
4968 4677
4969 4678
4971 4680
4972 4681
4973 4682
4974 4683
4975 4684
4976 4685
4977 4686
4978 4687
4979 4688
4981 4690
4982 4691
4983 4692
4984 4693
4985 4694
4986 4695
4987 4696
4988 4697
4989 4698
4991 4700
4992 4701
4993 4702
4994 4703
4995 4704
4996 4705
4997 4706
4998 4707
4999 4708
5001 4710
5002 4711
5003 4712
5004 4713
5005 4714
5006 4715
5007 4716
5008 4717
5009 4718
5011 4720
5012 4721
5013 4722
5014 4723
5015 4724
5016 4725
5017 4726
5018 4727
5019 4728
5021 4730
5022 4731
5023 4732
5024 4733
5025 4734
5026 4735
5027 4736
5028 4737
5029 4738
5031 4740
5032 4741
5033 4742
5034 4743
5035 4744
5036 4745
5037 4746
5038 4747
5039 4748
5041 4750
5042 4751
5043 4752
5044 4753
5045 4754
5046 4755
5047 4756
5048 4757
5049 4758
5051 4760
5052 4761
5053 4762
5054 4763
5055 4764
5056 4765
5057 4766
5058 4767
5059 4768
5061 4770
5062 4771
5063 4772
5064 4773
5065 4774
5066 4775
5067 4776
5068 4777
5069 4778
5071 4780
5072 4781
5073 4782
5074 4783
5075 4784
5076 4785
5077 4786
5078 4787
5079 4788
5081 4790
5082 4791
5083 4792
5084 4793
5085 4794
5086 4795
5087 4796
5088 4797
5089 4798
5101 4810
5102 4811
5103 4812
5104 4813
5105 4814
5106 4815
5107 4816
5108 4817
5109 4818
5111 4820
5112 4821
5113 4822
5114 4823
5115 4824
5116 4825
5117 4826
5118 4827
5119 4828
5121 4830
5122 4831
5123 4832
5124 4833
5125 4834
5126 4835
5127 4836
5128 4837
5129 4838
5131 4840
5132 4841
5133 4842
5134 4843
5135 4844
5136 4845
5137 4846
5138 4847
5139 4848
5141 4850
5142 4851
5143 4852
5144 4853
5145 4854
5146 4855
5147 4856
5148 4857
5149 4858
5151 4860
5152 4861
5153 4862
5154 4863
5155 4864
5156 4865
5157 4866
5158 4867
5159 4868
5161 4870
5162 4871
5163 4872
5164 4873
5165 4874
5166 4875
5167 4876
5168 4877
5169 4878
5171 4880
5172 4881
5173 4882
5174 4883
5175 4884
5176 4885
5177 4886
5178 4887
5179 4888
5181 4890
5182 4891
5183 4892
5184 4893
5185 4894
5186 4895
5187 4896
5188 4897
5189 4898
5191 4900
5192 4901
5193 4902
5194 4903
5195 4904
5196 4905
5197 4906
5198 4907
5199 4908
5201 4910
5202 4911
5203 4912
5204 4913
5205 4914
5206 4915
5207 4916
5208 4917
5209 4918
5211 4920
5212 4921
5213 4922
5214 4923
5215 4924
5216 4925
5217 4926
5218 4927
5219 4928
5221 4930
5222 4931
5223 4932
5224 4933
5225 4934
5226 4935
5227 4936
5228 4937
5229 4938
5231 4940
5232 4941
5233 4942
5234 4943
5235 4944
5236 4945
5237 4946
5238 4947
5239 4948
5241 4950
5242 4951
5243 4952
5244 4953
5245 4954
5246 4955
5247 4956
5248 4957
5249 4958
5251 4960
5252 4961
5253 4962
5254 4963
5255 4964
5256 4965
5257 4966
5258 4967
5259 4968
5261 4970
5262 4971
5263 4972
5264 4973
5265 4974
5266 4975
5267 4976
5268 4977
5269 4978
5271 4980
5272 4981
5273 4982
5274 4983
5275 4984
5276 4985
5277 4986
5278 4987
5279 4988
5281 4990
5282 4991
5283 4992
5284 4993
5285 4994
5286 4995
5287 4996
5288 4997
5289 4998
5291 5000
5292 5001
5293 5002
5294 5003
5295 5004
5296 5005
5297 5006
5298 5007
5299 5008
5301 5010
5302 5011
5303 5012
5304 5013
5305 5014
5306 5015
5307 5016
5308 5017
5309 5018
5311 5020
5312 5021
5313 5022
5314 5023
5315 5024
5316 5025
5317 5026
5318 5027
5319 5028
5321 5030
5322 5031
5323 5032
5324 5033
5325 5034
5326 5035
5327 5036
5328 5037
5329 5038
5331 5040
5332 5041
5333 5042
5334 5043
5335 5044
5336 5045
5337 5046
5338 5047
5339 5048
5341 5050
5342 5051
5343 5052
5344 5053
5345 5054
5346 5055
5347 5056
5348 5057
5349 5058
5351 5060
5352 5061
5353 5062
5354 5063
5355 5064
5356 5065
5357 5066
5358 5067
5359 5068
5361 5070
5362 5071
5363 5072
5364 5073
5365 5074
5366 5075
5367 5076
5368 5077
5369 5078
5371 5080
5372 5081
5373 5082
5374 5083
5375 5084
5376 5085
5377 5086
5378 5087
5379 5088
5381 5090
5382 5091
5383 5092
5384 5093
5385 5094
5386 5095
5387 5096
5388 5097
5389 5098
5401 5110
5402 5111
5403 5112
5404 5113
5405 5114
5406 5115
5407 5116
5408 5117
5409 5118
5411 5120
5412 5121
5413 5122
5414 5123
5415 5124
5416 5125
5417 5126
5418 5127
5419 5128
5421 5130
5422 5131
5423 5132
5424 5133
5425 5134
5426 5135
5427 5136
5428 5137
5429 5138
5431 5140
5432 5141
5433 5142
5434 5143
5435 5144
5436 5145
5437 5146
5438 5147
5439 5148
5441 5150
5442 5151
5443 5152
5444 5153
5445 5154
5446 5155
5447 5156
5448 5157
5449 5158
5451 5160
5452 5161
5453 5162
5454 5163
5455 5164
5456 5165
5457 5166
5458 5167
5459 5168
5461 5170
5462 5171
5463 5172
5464 5173
5465 5174
5466 5175
5467 5176
5468 5177
5469 5178
5471 5180
5472 5181
5473 5182
5474 5183
5475 5184
5476 5185
5477 5186
5478 5187
5479 5188
5481 5190
5482 5191
5483 5192
5484 5193
5485 5194
5486 5195
5487 5196
5488 5197
5489 5198
5491 5200
5492 5201
5493 5202
5494 5203
5495 5204
5496 5205
5497 5206
5498 5207
5499 5208
5501 5210
5502 5211
5503 5212
5504 5213
5505 5214
5506 5215
5507 5216
5508 5217
5509 5218
5511 5220
5512 5221
5513 5222
5514 5223
5515 5224
5516 5225
5517 5226
5518 5227
5519 5228
5521 5230
5522 5231
5523 5232
5524 5233
5525 5234
5526 5235
5527 5236
5528 5237
5529 5238
5531 5240
5532 5241
5533 5242
5534 5243
5535 5244
5536 5245
5537 5246
5538 5247
5539 5248
5541 5250
5542 5251
5543 5252
5544 5253
5545 5254
5546 5255
5547 5256
5548 5257
5549 5258
5551 5260
5552 5261
5553 5262
5554 5263
5555 5264
5556 5265
5557 5266
5558 5267
5559 5268
5561 5270
5562 5271
5563 5272
5564 5273
5565 5274
5566 5275
5567 5276
5568 5277
5569 5278
5571 5280
5572 5281
5573 5282
5574 5283
5575 5284
5576 5285
5577 5286
5578 5287
5579 5288
5581 5290
5582 5291
5583 5292
5584 5293
5585 5294
5586 5295
5587 5296
5588 5297
5589 5298
5591 5300
5592 5301
5593 5302
5594 5303
5595 5304
5596 5305
5597 5306
5598 5307
5599 5308
5601 5310
5602 5311
5603 5312
5604 5313
5605 5314
5606 5315
5607 5316
5608 5317
5609 5318
5611 5320
5612 5321
5613 5322
5614 5323
5615 5324
5616 5325
5617 5326
5618 5327
5619 5328
5621 5330
5622 5331
5623 5332
5624 5333
5625 5334
5626 5335
5627 5336
5628 5337
5629 5338
5631 5340
5632 5341
5633 5342
5634 5343
5635 5344
5636 5345
5637 5346
5638 5347
5639 5348
5641 5350
5642 5351
5643 5352
5644 5353
5645 5354
5646 5355
5647 5356
5648 5357
5649 5358
5651 5360
5652 5361
5653 5362
5654 5363
5655 5364
5656 5365
5657 5366
5658 5367
5659 5368
5661 5370
5662 5371
5663 5372
5664 5373
5665 5374
5666 5375
5667 5376
5668 5377
5669 5378
5671 5380
5672 5381
5673 5382
5674 5383
5675 5384
5676 5385
5677 5386
5678 5387
5679 5388
5681 5390
5682 5391
5683 5392
5684 5393
5685 5394
5686 5395
5687 5396
5688 5397
5689 5398
5701 5410
5702 5411
5703 5412
5704 5413
5705 5414
5706 5415
5707 5416
5708 5417
5709 5418
5711 5420
5712 5421
5713 5422
5714 5423
5715 5424
5716 5425
5717 5426
5718 5427
5719 5428
5721 5430
5722 5431
5723 5432
5724 5433
5725 5434
5726 5435
5727 5436
5728 5437
5729 5438
5731 5440
5732 5441
5733 5442
5734 5443
5735 5444
5736 5445
5737 5446
5738 5447
5739 5448
5741 5450
5742 5451
5743 5452
5744 5453
5745 5454
5746 5455
5747 5456
5748 5457
5749 5458
5751 5460
5752 5461
5753 5462
5754 5463
5755 5464
5756 5465
5757 5466
5758 5467
5759 5468
5761 5470
5762 5471
5763 5472
5764 5473
5765 5474
5766 5475
5767 5476
5768 5477
5769 5478
5771 5480
5772 5481
5773 5482
5774 5483
5775 5484
5776 5485
5777 5486
5778 5487
5779 5488
5781 5490
5782 5491
5783 5492
5784 5493
5785 5494
5786 5495
5787 5496
5788 5497
5789 5498
5791 5500
5792 5501
5793 5502
5794 5503
5795 5504
5796 5505
5797 5506
5798 5507
5799 5508
5801 5510
5802 5511
5803 5512
5804 5513
5805 5514
5806 5515
5807 5516
5808 5517
5809 5518
5811 5520
5812 5521
5813 5522
5814 5523
5815 5524
5816 5525
5817 5526
5818 5527
5819 5528
5821 5530
5822 5531
5823 5532
5824 5533
5825 5534
5826 5535
5827 5536
5828 5537
5829 5538
5831 5540
5832 5541
5833 5542
5834 5543
5835 5544
5836 5545
5837 5546
5838 5547
5839 5548
5841 5550
5842 5551
5843 5552
5844 5553
5845 5554
5846 5555
5847 5556
5848 5557
5849 5558
5851 5560
5852 5561
5853 5562
5854 5563
5855 5564
5856 5565
5857 5566
5858 5567
5859 5568
5861 5570
5862 5571
5863 5572
5864 5573
5865 5574
5866 5575
5867 5576
5868 5577
5869 5578
5871 5580
5872 5581
5873 5582
5874 5583
5875 5584
5876 5585
5877 5586
5878 5587
5879 5588
5881 5590
5882 5591
5883 5592
5884 5593
5885 5594
5886 5595
5887 5596
5888 5597
5889 5598
5891 5600
5892 5601
5893 5602
5894 5603
5895 5604
5896 5605
5897 5606
5898 5607
5899 5608
5901 5610
5902 5611
5903 5612
5904 5613
5905 5614
5906 5615
5907 5616
5908 5617
5909 5618
5911 5620
5912 5621
5913 5622
5914 5623
5915 5624
5916 5625
5917 5626
5918 5627
5919 5628
5921 5630
5922 5631
5923 5632
5924 5633
5925 5634
5926 5635
5927 5636
5928 5637
5929 5638
5931 5640
5932 5641
5933 5642
5934 5643
5935 5644
5936 5645
5937 5646
5938 5647
5939 5648
5941 5650
5942 5651
5943 5652
5944 5653
5945 5654
5946 5655
5947 5656
5948 5657
5949 5658
5951 5660
5952 5661
5953 5662
5954 5663
5955 5664
5956 5665
5957 5666
5958 5667
5959 5668
5961 5670
5962 5671
5963 5672
5964 5673
5965 5674
5966 5675
5967 5676
5968 5677
5969 5678
5971 5680
5972 5681
5973 5682
5974 5683
5975 5684
5976 5685
5977 5686
5978 5687
5979 5688
5981 5690
5982 5691
5983 5692
5984 5693
5985 5694
5986 5695
5987 5696
5988 5697
5989 5698
6001 5710
6002 5711
6003 5712
6004 5713
6005 5714
6006 5715
6007 5716
6008 5717
6009 5718
6011 5720
6012 5721
6013 5722
6014 5723
6015 5724
6016 5725
6017 5726
6018 5727
6019 5728
6021 5730
6022 5731
6023 5732
6024 5733
6025 5734
6026 5735
6027 5736
6028 5737
6029 5738
6031 5740
6032 5741
6033 5742
6034 5743
6035 5744
6036 5745
6037 5746
6038 5747
6039 5748
6041 5750
6042 5751
6043 5752
6044 5753
6045 5754
6046 5755
6047 5756
6048 5757
6049 5758
6051 5760
6052 5761
6053 5762
6054 5763
6055 5764
6056 5765
6057 5766
6058 5767
6059 5768
6061 5770
6062 5771
6063 5772
6064 5773
6065 5774
6066 5775
6067 5776
6068 5777
6069 5778
6071 5780
6072 5781
6073 5782
6074 5783
6075 5784
6076 5785
6077 5786
6078 5787
6079 5788
6081 5790
6082 5791
6083 5792
6084 5793
6085 5794
6086 5795
6087 5796
6088 5797
6089 5798
6091 5800
6092 5801
6093 5802
6094 5803
6095 5804
6096 5805
6097 5806
6098 5807
6099 5808
6101 5810
6102 5811
6103 5812
6104 5813
6105 5814
6106 5815
6107 5816
6108 5817
6109 5818
6111 5820
6112 5821
6113 5822
6114 5823
6115 5824
6116 5825
6117 5826
6118 5827
6119 5828
6121 5830
6122 5831
6123 5832
6124 5833
6125 5834
6126 5835
6127 5836
6128 5837
6129 5838
6131 5840
6132 5841
6133 5842
6134 5843
6135 5844
6136 5845
6137 5846
6138 5847
6139 5848
6141 5850
6142 5851
6143 5852
6144 5853
6145 5854
6146 5855
6147 5856
6148 5857
6149 5858
6151 5860
6152 5861
6153 5862
6154 5863
6155 5864
6156 5865
6157 5866
6158 5867
6159 5868
6161 5870
6162 5871
6163 5872
6164 5873
6165 5874
6166 5875
6167 5876
6168 5877
6169 5878
6171 5880
6172 5881
6173 5882
6174 5883
6175 5884
6176 5885
6177 5886
6178 5887
6179 5888
6181 5890
6182 5891
6183 5892
6184 5893
6185 5894
6186 5895
6187 5896
6188 5897
6189 5898
6191 5900
6192 5901
6193 5902
6194 5903
6195 5904
6196 5905
6197 5906
6198 5907
6199 5908
6201 5910
6202 5911
6203 5912
6204 5913
6205 5914
6206 5915
6207 5916
6208 5917
6209 5918
6211 5920
6212 5921
6213 5922
6214 5923
6215 5924
6216 5925
6217 5926
6218 5927
6219 5928
6221 5930
6222 5931
6223 5932
6224 5933
6225 5934
6226 5935
6227 5936
6228 5937
6229 5938
6231 5940
6232 5941
6233 5942
6234 5943
6235 5944
6236 5945
6237 5946
6238 5947
6239 5948
6241 5950
6242 5951
6243 5952
6244 5953
6245 5954
6246 5955
6247 5956
6248 5957
6249 5958
6251 5960
6252 5961
6253 5962
6254 5963
6255 5964
6256 5965
6257 5966
6258 5967
6259 5968
6261 5970
6262 5971
6263 5972
6264 5973
6265 5974
6266 5975
6267 5976
6268 5977
6269 5978
6271 5980
6272 5981
6273 5982
6274 5983
6275 5984
6276 5985
6277 5986
6278 5987
6279 5988
6281 5990
6282 5991
6283 5992
6284 5993
6285 5994
6286 5995
6287 5996
6288 5997
6289 5998
6301 6010
6302 6011
6303 6012
6304 6013
6305 6014
6306 6015
6307 6016
6308 6017
6309 6018
6311 6020
6312 6021
6313 6022
6314 6023
6315 6024
6316 6025
6317 6026
6318 6027
6319 6028
6321 6030
6322 6031
6323 6032
6324 6033
6325 6034
6326 6035
6327 6036
6328 6037
6329 6038
6331 6040
6332 6041
6333 6042
6334 6043
6335 6044
6336 6045
6337 6046
6338 6047
6339 6048
6341 6050
6342 6051
6343 6052
6344 6053
6345 6054
6346 6055
6347 6056
6348 6057
6349 6058
6351 6060
6352 6061
6353 6062
6354 6063
6355 6064
6356 6065
6357 6066
6358 6067
6359 6068
6361 6070
6362 6071
6363 6072
6364 6073
6365 6074
6366 6075
6367 6076
6368 6077
6369 6078
6371 6080
6372 6081
6373 6082
6374 6083
6375 6084
6376 6085
6377 6086
6378 6087
6379 6088
6381 6090
6382 6091
6383 6092
6384 6093
6385 6094
6386 6095
6387 6096
6388 6097
6389 6098
6391 6100
6392 6101
6393 6102
6394 6103
6395 6104
6396 6105
6397 6106
6398 6107
6399 6108
6401 6110
6402 6111
6403 6112
6404 6113
6405 6114
6406 6115
6407 6116
6408 6117
6409 6118
6411 6120
6412 6121
6413 6122
6414 6123
6415 6124
6416 6125
6417 6126
6418 6127
6419 6128
6421 6130
6422 6131
6423 6132
6424 6133
6425 6134
6426 6135
6427 6136
6428 6137
6429 6138
6431 6140
6432 6141
6433 6142
6434 6143
6435 6144
6436 6145
6437 6146
6438 6147
6439 6148
6441 6150
6442 6151
6443 6152
6444 6153
6445 6154
6446 6155
6447 6156
6448 6157
6449 6158
6451 6160
6452 6161
6453 6162
6454 6163
6455 6164
6456 6165
6457 6166
6458 6167
6459 6168
6461 6170
6462 6171
6463 6172
6464 6173
6465 6174
6466 6175
6467 6176
6468 6177
6469 6178
6471 6180
6472 6181
6473 6182
6474 6183
6475 6184
6476 6185
6477 6186
6478 6187
6479 6188
6481 6190
6482 6191
6483 6192
6484 6193
6485 6194
6486 6195
6487 6196
6488 6197
6489 6198
6491 6200
6492 6201
6493 6202
6494 6203
6495 6204
6496 6205
6497 6206
6498 6207
6499 6208
6501 6210
6502 6211
6503 6212
6504 6213
6505 6214
6506 6215
6507 6216
6508 6217
6509 6218
6511 6220
6512 6221
6513 6222
6514 6223
6515 6224
6516 6225
6517 6226
6518 6227
6519 6228
6521 6230
6522 6231
6523 6232
6524 6233
6525 6234
6526 6235
6527 6236
6528 6237
6529 6238
6531 6240
6532 6241
6533 6242
6534 6243
6535 6244
6536 6245
6537 6246
6538 6247
6539 6248
6541 6250
6542 6251
6543 6252
6544 6253
6545 6254
6546 6255
6547 6256
6548 6257
6549 6258
6551 6260
6552 6261
6553 6262
6554 6263
6555 6264
6556 6265
6557 6266
6558 6267
6559 6268
6561 6270
6562 6271
6563 6272
6564 6273
6565 6274
6566 6275
6567 6276
6568 6277
6569 6278
6571 6280
6572 6281
6573 6282
6574 6283
6575 6284
6576 6285
6577 6286
6578 6287
6579 6288
6581 6290
6582 6291
6583 6292
6584 6293
6585 6294
6586 6295
6587 6296
6588 6297
6589 6298
6601 6310
6602 6311
6603 6312
6604 6313
6605 6314
6606 6315
6607 6316
6608 6317
6609 6318
6611 6320
6612 6321
6613 6322
6614 6323
6615 6324
6616 6325
6617 6326
6618 6327
6619 6328
6621 6330
6622 6331
6623 6332
6624 6333
6625 6334
6626 6335
6627 6336
6628 6337
6629 6338
6631 6340
6632 6341
6633 6342
6634 6343
6635 6344
6636 6345
6637 6346
6638 6347
6639 6348
6641 6350
6642 6351
6643 6352
6644 6353
6645 6354
6646 6355
6647 6356
6648 6357
6649 6358
6651 6360
6652 6361
6653 6362
6654 6363
6655 6364
6656 6365
6657 6366
6658 6367
6659 6368
6661 6370
6662 6371
6663 6372
6664 6373
6665 6374
6666 6375
6667 6376
6668 6377
6669 6378
6671 6380
6672 6381
6673 6382
6674 6383
6675 6384
6676 6385
6677 6386
6678 6387
6679 6388
6681 6390
6682 6391
6683 6392
6684 6393
6685 6394
6686 6395
6687 6396
6688 6397
6689 6398
6691 6400
6692 6401
6693 6402
6694 6403
6695 6404
6696 6405
6697 6406
6698 6407
6699 6408
6701 6410
6702 6411
6703 6412
6704 6413
6705 6414
6706 6415
6707 6416
6708 6417
6709 6418
6711 6420
6712 6421
6713 6422
6714 6423
6715 6424
6716 6425
6717 6426
6718 6427
6719 6428
6721 6430
6722 6431
6723 6432
6724 6433
6725 6434
6726 6435
6727 6436
6728 6437
6729 6438
6731 6440
6732 6441
6733 6442
6734 6443
6735 6444
6736 6445
6737 6446
6738 6447
6739 6448
6741 6450
6742 6451
6743 6452
6744 6453
6745 6454
6746 6455
6747 6456
6748 6457
6749 6458
6751 6460
6752 6461
6753 6462
6754 6463
6755 6464
6756 6465
6757 6466
6758 6467
6759 6468
6761 6470
6762 6471
6763 6472
6764 6473
6765 6474
6766 6475
6767 6476
6768 6477
6769 6478
6771 6480
6772 6481
6773 6482
6774 6483
6775 6484
6776 6485
6777 6486
6778 6487
6779 6488
6781 6490
6782 6491
6783 6492
6784 6493
6785 6494
6786 6495
6787 6496
6788 6497
6789 6498
6791 6500
6792 6501
6793 6502
6794 6503
6795 6504
6796 6505
6797 6506
6798 6507
6799 6508
6801 6510
6802 6511
6803 6512
6804 6513
6805 6514
6806 6515
6807 6516
6808 6517
6809 6518
6811 6520
6812 6521
6813 6522
6814 6523
6815 6524
6816 6525
6817 6526
6818 6527
6819 6528
6821 6530
6822 6531
6823 6532
6824 6533
6825 6534
6826 6535
6827 6536
6828 6537
6829 6538
6831 6540
6832 6541
6833 6542
6834 6543
6835 6544
6836 6545
6837 6546
6838 6547
6839 6548
6841 6550
6842 6551
6843 6552
6844 6553
6845 6554
6846 6555
6847 6556
6848 6557
6849 6558
6851 6560
6852 6561
6853 6562
6854 6563
6855 6564
6856 6565
6857 6566
6858 6567
6859 6568
6861 6570
6862 6571
6863 6572
6864 6573
6865 6574
6866 6575
6867 6576
6868 6577
6869 6578
6871 6580
6872 6581
6873 6582
6874 6583
6875 6584
6876 6585
6877 6586
6878 6587
6879 6588
6881 6590
6882 6591
6883 6592
6884 6593
6885 6594
6886 6595
6887 6596
6888 6597
6889 6598
6901 6610
6902 6611
6903 6612
6904 6613
6905 6614
6906 6615
6907 6616
6908 6617
6909 6618
6911 6620
6912 6621
6913 6622
6914 6623
6915 6624
6916 6625
6917 6626
6918 6627
6919 6628
6921 6630
6922 6631
6923 6632
6924 6633
6925 6634
6926 6635
6927 6636
6928 6637
6929 6638
6931 6640
6932 6641
6933 6642
6934 6643
6935 6644
6936 6645
6937 6646
6938 6647
6939 6648
6941 6650
6942 6651
6943 6652
6944 6653
6945 6654
6946 6655
6947 6656
6948 6657
6949 6658
6951 6660
6952 6661
6953 6662
6954 6663
6955 6664
6956 6665
6957 6666
6958 6667
6959 6668
6961 6670
6962 6671
6963 6672
6964 6673
6965 6674
6966 6675
6967 6676
6968 6677
6969 6678
6971 6680
6972 6681
6973 6682
6974 6683
6975 6684
6976 6685
6977 6686
6978 6687
6979 6688
6981 6690
6982 6691
6983 6692
6984 6693
6985 6694
6986 6695
6987 6696
6988 6697
6989 6698
6991 6700
6992 6701
6993 6702
6994 6703
6995 6704
6996 6705
6997 6706
6998 6707
6999 6708
7001 6710
7002 6711
7003 6712
7004 6713
7005 6714
7006 6715
7007 6716
7008 6717
7009 6718
7011 6720
7012 6721
7013 6722
7014 6723
7015 6724
7016 6725
7017 6726
7018 6727
7019 6728
7021 6730
7022 6731
7023 6732
7024 6733
7025 6734
7026 6735
7027 6736
7028 6737
7029 6738
7031 6740
7032 6741
7033 6742
7034 6743
7035 6744
7036 6745
7037 6746
7038 6747
7039 6748
7041 6750
7042 6751
7043 6752
7044 6753
7045 6754
7046 6755
7047 6756
7048 6757
7049 6758
7051 6760
7052 6761
7053 6762
7054 6763
7055 6764
7056 6765
7057 6766
7058 6767
7059 6768
7061 6770
7062 6771
7063 6772
7064 6773
7065 6774
7066 6775
7067 6776
7068 6777
7069 6778
7071 6780
7072 6781
7073 6782
7074 6783
7075 6784
7076 6785
7077 6786
7078 6787
7079 6788
7081 6790
7082 6791
7083 6792
7084 6793
7085 6794
7086 6795
7087 6796
7088 6797
7089 6798
7091 6800
7092 6801
7093 6802
7094 6803
7095 6804
7096 6805
7097 6806
7098 6807
7099 6808
7101 6810
7102 6811
7103 6812
7104 6813
7105 6814
7106 6815
7107 6816
7108 6817
7109 6818
7111 6820
7112 6821
7113 6822
7114 6823
7115 6824
7116 6825
7117 6826
7118 6827
7119 6828
7121 6830
7122 6831
7123 6832
7124 6833
7125 6834
7126 6835
7127 6836
7128 6837
7129 6838
7131 6840
7132 6841
7133 6842
7134 6843
7135 6844
7136 6845
7137 6846
7138 6847
7139 6848
7141 6850
7142 6851
7143 6852
7144 6853
7145 6854
7146 6855
7147 6856
7148 6857
7149 6858
7151 6860
7152 6861
7153 6862
7154 6863
7155 6864
7156 6865
7157 6866
7158 6867
7159 6868
7161 6870
7162 6871
7163 6872
7164 6873
7165 6874
7166 6875
7167 6876
7168 6877
7169 6878
7171 6880
7172 6881
7173 6882
7174 6883
7175 6884
7176 6885
7177 6886
7178 6887
7179 6888
7181 6890
7182 6891
7183 6892
7184 6893
7185 6894
7186 6895
7187 6896
7188 6897
7189 6898
7201 6910
7202 6911
7203 6912
7204 6913
7205 6914
7206 6915
7207 6916
7208 6917
7209 6918
7211 6920
7212 6921
7213 6922
7214 6923
7215 6924
7216 6925
7217 6926
7218 6927
7219 6928
7221 6930
7222 6931
7223 6932
7224 6933
7225 6934
7226 6935
7227 6936
7228 6937
7229 6938
7231 6940
7232 6941
7233 6942
7234 6943
7235 6944
7236 6945
7237 6946
7238 6947
7239 6948
7241 6950
7242 6951
7243 6952
7244 6953
7245 6954
7246 6955
7247 6956
7248 6957
7249 6958
7251 6960
7252 6961
7253 6962
7254 6963
7255 6964
7256 6965
7257 6966
7258 6967
7259 6968
7261 6970
7262 6971
7263 6972
7264 6973
7265 6974
7266 6975
7267 6976
7268 6977
7269 6978
7271 6980
7272 6981
7273 6982
7274 6983
7275 6984
7276 6985
7277 6986
7278 6987
7279 6988
7281 6990
7282 6991
7283 6992
7284 6993
7285 6994
7286 6995
7287 6996
7288 6997
7289 6998
7291 7000
7292 7001
7293 7002
7294 7003
7295 7004
7296 7005
7297 7006
7298 7007
7299 7008
7301 7010
7302 7011
7303 7012
7304 7013
7305 7014
7306 7015
7307 7016
7308 7017
7309 7018
7311 7020
7312 7021
7313 7022
7314 7023
7315 7024
7316 7025
7317 7026
7318 7027
7319 7028
7321 7030
7322 7031
7323 7032
7324 7033
7325 7034
7326 7035
7327 7036
7328 7037
7329 7038
7331 7040
7332 7041
7333 7042
7334 7043
7335 7044
7336 7045
7337 7046
7338 7047
7339 7048
7341 7050
7342 7051
7343 7052
7344 7053
7345 7054
7346 7055
7347 7056
7348 7057
7349 7058
7351 7060
7352 7061
7353 7062
7354 7063
7355 7064
7356 7065
7357 7066
7358 7067
7359 7068
7361 7070
7362 7071
7363 7072
7364 7073
7365 7074
7366 7075
7367 7076
7368 7077
7369 7078
7371 7080
7372 7081
7373 7082
7374 7083
7375 7084
7376 7085
7377 7086
7378 7087
7379 7088
7381 7090
7382 7091
7383 7092
7384 7093
7385 7094
7386 7095
7387 7096
7388 7097
7389 7098
7391 7100
7392 7101
7393 7102
7394 7103
7395 7104
7396 7105
7397 7106
7398 7107
7399 7108
7401 7110
7402 7111
7403 7112
7404 7113
7405 7114
7406 7115
7407 7116
7408 7117
7409 7118
7411 7120
7412 7121
7413 7122
7414 7123
7415 7124
7416 7125
7417 7126
7418 7127
7419 7128
7421 7130
7422 7131
7423 7132
7424 7133
7425 7134
7426 7135
7427 7136
7428 7137
7429 7138
7431 7140
7432 7141
7433 7142
7434 7143
7435 7144
7436 7145
7437 7146
7438 7147
7439 7148
7441 7150
7442 7151
7443 7152
7444 7153
7445 7154
7446 7155
7447 7156
7448 7157
7449 7158
7451 7160
7452 7161
7453 7162
7454 7163
7455 7164
7456 7165
7457 7166
7458 7167
7459 7168
7461 7170
7462 7171
7463 7172
7464 7173
7465 7174
7466 7175
7467 7176
7468 7177
7469 7178
7471 7180
7472 7181
7473 7182
7474 7183
7475 7184
7476 7185
7477 7186
7478 7187
7479 7188
7481 7190
7482 7191
7483 7192
7484 7193
7485 7194
7486 7195
7487 7196
7488 7197
7489 7198
7501 7210
7502 7211
7503 7212
7504 7213
7505 7214
7506 7215
7507 7216
7508 7217
7509 7218
7511 7220
7512 7221
7513 7222
7514 7223
7515 7224
7516 7225
7517 7226
7518 7227
7519 7228
7521 7230
7522 7231
7523 7232
7524 7233
7525 7234
7526 7235
7527 7236
7528 7237
7529 7238
7531 7240
7532 7241
7533 7242
7534 7243
7535 7244
7536 7245
7537 7246
7538 7247
7539 7248
7541 7250
7542 7251
7543 7252
7544 7253
7545 7254
7546 7255
7547 7256
7548 7257
7549 7258
7551 7260
7552 7261
7553 7262
7554 7263
7555 7264
7556 7265
7557 7266
7558 7267
7559 7268
7561 7270
7562 7271
7563 7272
7564 7273
7565 7274
7566 7275
7567 7276
7568 7277
7569 7278
7571 7280
7572 7281
7573 7282
7574 7283
7575 7284
7576 7285
7577 7286
7578 7287
7579 7288
7581 7290
7582 7291
7583 7292
7584 7293
7585 7294
7586 7295
7587 7296
7588 7297
7589 7298
7591 7300
7592 7301
7593 7302
7594 7303
7595 7304
7596 7305
7597 7306
7598 7307
7599 7308
7601 7310
7602 7311
7603 7312
7604 7313
7605 7314
7606 7315
7607 7316
7608 7317
7609 7318
7611 7320
7612 7321
7613 7322
7614 7323
7615 7324
7616 7325
7617 7326
7618 7327
7619 7328
7621 7330
7622 7331
7623 7332
7624 7333
7625 7334
7626 7335
7627 7336
7628 7337
7629 7338
7631 7340
7632 7341
7633 7342
7634 7343
7635 7344
7636 7345
7637 7346
7638 7347
7639 7348
7641 7350
7642 7351
7643 7352
7644 7353
7645 7354
7646 7355
7647 7356
7648 7357
7649 7358
7651 7360
7652 7361
7653 7362
7654 7363
7655 7364
7656 7365
7657 7366
7658 7367
7659 7368
7661 7370
7662 7371
7663 7372
7664 7373
7665 7374
7666 7375
7667 7376
7668 7377
7669 7378
7671 7380
7672 7381
7673 7382
7674 7383
7675 7384
7676 7385
7677 7386
7678 7387
7679 7388
7681 7390
7682 7391
7683 7392
7684 7393
7685 7394
7686 7395
7687 7396
7688 7397
7689 7398
7691 7400
7692 7401
7693 7402
7694 7403
7695 7404
7696 7405
7697 7406
7698 7407
7699 7408
7701 7410
7702 7411
7703 7412
7704 7413
7705 7414
7706 7415
7707 7416
7708 7417
7709 7418
7711 7420
7712 7421
7713 7422
7714 7423
7715 7424
7716 7425
7717 7426
7718 7427
7719 7428
7721 7430
7722 7431
7723 7432
7724 7433
7725 7434
7726 7435
7727 7436
7728 7437
7729 7438
7731 7440
7732 7441
7733 7442
7734 7443
7735 7444
7736 7445
7737 7446
7738 7447
7739 7448
7741 7450
7742 7451
7743 7452
7744 7453
7745 7454
7746 7455
7747 7456
7748 7457
7749 7458
7751 7460
7752 7461
7753 7462
7754 7463
7755 7464
7756 7465
7757 7466
7758 7467
7759 7468
7761 7470
7762 7471
7763 7472
7764 7473
7765 7474
7766 7475
7767 7476
7768 7477
7769 7478
7771 7480
7772 7481
7773 7482
7774 7483
7775 7484
7776 7485
7777 7486
7778 7487
7779 7488
7781 7490
7782 7491
7783 7492
7784 7493
7785 7494
7786 7495
7787 7496
7788 7497
7789 7498
7801 7510
7802 7511
7803 7512
7804 7513
7805 7514
7806 7515
7807 7516
7808 7517
7809 7518
7811 7520
7812 7521
7813 7522
7814 7523
7815 7524
7816 7525
7817 7526
7818 7527
7819 7528
7821 7530
7822 7531
7823 7532
7824 7533
7825 7534
7826 7535
7827 7536
7828 7537
7829 7538
7831 7540
7832 7541
7833 7542
7834 7543
7835 7544
7836 7545
7837 7546
7838 7547
7839 7548
7841 7550
7842 7551
7843 7552
7844 7553
7845 7554
7846 7555
7847 7556
7848 7557
7849 7558
7851 7560
7852 7561
7853 7562
7854 7563
7855 7564
7856 7565
7857 7566
7858 7567
7859 7568
7861 7570
7862 7571
7863 7572
7864 7573
7865 7574
7866 7575
7867 7576
7868 7577
7869 7578
7871 7580
7872 7581
7873 7582
7874 7583
7875 7584
7876 7585
7877 7586
7878 7587
7879 7588
7881 7590
7882 7591
7883 7592
7884 7593
7885 7594
7886 7595
7887 7596
7888 7597
7889 7598
7891 7600
7892 7601
7893 7602
7894 7603
7895 7604
7896 7605
7897 7606
7898 7607
7899 7608
7901 7610
7902 7611
7903 7612
7904 7613
7905 7614
7906 7615
7907 7616
7908 7617
7909 7618
7911 7620
7912 7621
7913 7622
7914 7623
7915 7624
7916 7625
7917 7626
7918 7627
7919 7628
7921 7630
7922 7631
7923 7632
7924 7633
7925 7634
7926 7635
7927 7636
7928 7637
7929 7638
7931 7640
7932 7641
7933 7642
7934 7643
7935 7644
7936 7645
7937 7646
7938 7647
7939 7648
7941 7650
7942 7651
7943 7652
7944 7653
7945 7654
7946 7655
7947 7656
7948 7657
7949 7658
7951 7660
7952 7661
7953 7662
7954 7663
7955 7664
7956 7665
7957 7666
7958 7667
7959 7668
7961 7670
7962 7671
7963 7672
7964 7673
7965 7674
7966 7675
7967 7676
7968 7677
7969 7678
7971 7680
7972 7681
7973 7682
7974 7683
7975 7684
7976 7685
7977 7686
7978 7687
7979 7688
7981 7690
7982 7691
7983 7692
7984 7693
7985 7694
7986 7695
7987 7696
7988 7697
7989 7698
7991 7700
7992 7701
7993 7702
7994 7703
7995 7704
7996 7705
7997 7706
7998 7707
7999 7708
8001 7710
8002 7711
8003 7712
8004 7713
8005 7714
8006 7715
8007 7716
8008 7717
8009 7718
8011 7720
8012 7721
8013 7722
8014 7723
8015 7724
8016 7725
8017 7726
8018 7727
8019 7728
8021 7730
8022 7731
8023 7732
8024 7733
8025 7734
8026 7735
8027 7736
8028 7737
8029 7738
8031 7740
8032 7741
8033 7742
8034 7743
8035 7744
8036 7745
8037 7746
8038 7747
8039 7748
8041 7750
8042 7751
8043 7752
8044 7753
8045 7754
8046 7755
8047 7756
8048 7757
8049 7758
8051 7760
8052 7761
8053 7762
8054 7763
8055 7764
8056 7765
8057 7766
8058 7767
8059 7768
8061 7770
8062 7771
8063 7772
8064 7773
8065 7774
8066 7775
8067 7776
8068 7777
8069 7778
8071 7780
8072 7781
8073 7782
8074 7783
8075 7784
8076 7785
8077 7786
8078 7787
8079 7788
8081 7790
8082 7791
8083 7792
8084 7793
8085 7794
8086 7795
8087 7796
8088 7797
8089 7798
8101 7810
8102 7811
8103 7812
8104 7813
8105 7814
8106 7815
8107 7816
8108 7817
8109 7818
8111 7820
8112 7821
8113 7822
8114 7823
8115 7824
8116 7825
8117 7826
8118 7827
8119 7828
8121 7830
8122 7831
8123 7832
8124 7833
8125 7834
8126 7835
8127 7836
8128 7837
8129 7838
8131 7840
8132 7841
8133 7842
8134 7843
8135 7844
8136 7845
8137 7846
8138 7847
8139 7848
8141 7850
8142 7851
8143 7852
8144 7853
8145 7854
8146 7855
8147 7856
8148 7857
8149 7858
8151 7860
8152 7861
8153 7862
8154 7863
8155 7864
8156 7865
8157 7866
8158 7867
8159 7868
8161 7870
8162 7871
8163 7872
8164 7873
8165 7874
8166 7875
8167 7876
8168 7877
8169 7878
8171 7880
8172 7881
8173 7882
8174 7883
8175 7884
8176 7885
8177 7886
8178 7887
8179 7888
8181 7890
8182 7891
8183 7892
8184 7893
8185 7894
8186 7895
8187 7896
8188 7897
8189 7898
8191 7900
8192 7901
8193 7902
8194 7903
8195 7904
8196 7905
8197 7906
8198 7907
8199 7908
8201 7910
8202 7911
8203 7912
8204 7913
8205 7914
8206 7915
8207 7916
8208 7917
8209 7918
8211 7920
8212 7921
8213 7922
8214 7923
8215 7924
8216 7925
8217 7926
8218 7927
8219 7928
8221 7930
8222 7931
8223 7932
8224 7933
8225 7934
8226 7935
8227 7936
8228 7937
8229 7938
8231 7940
8232 7941
8233 7942
8234 7943
8235 7944
8236 7945
8237 7946
8238 7947
8239 7948
8241 7950
8242 7951
8243 7952
8244 7953
8245 7954
8246 7955
8247 7956
8248 7957
8249 7958
8251 7960
8252 7961
8253 7962
8254 7963
8255 7964
8256 7965
8257 7966
8258 7967
8259 7968
8261 7970
8262 7971
8263 7972
8264 7973
8265 7974
8266 7975
8267 7976
8268 7977
8269 7978
8271 7980
8272 7981
8273 7982
8274 7983
8275 7984
8276 7985
8277 7986
8278 7987
8279 7988
8281 7990
8282 7991
8283 7992
8284 7993
8285 7994
8286 7995
8287 7996
8288 7997
8289 7998
8291 8000
8292 8001
8293 8002
8294 8003
8295 8004
8296 8005
8297 8006
8298 8007
8299 8008
8301 8010
8302 8011
8303 8012
8304 8013
8305 8014
8306 8015
8307 8016
8308 8017
8309 8018
8311 8020
8312 8021
8313 8022
8314 8023
8315 8024
8316 8025
8317 8026
8318 8027
8319 8028
8321 8030
8322 8031
8323 8032
8324 8033
8325 8034
8326 8035
8327 8036
8328 8037
8329 8038
8331 8040
8332 8041
8333 8042
8334 8043
8335 8044
8336 8045
8337 8046
8338 8047
8339 8048
8341 8050
8342 8051
8343 8052
8344 8053
8345 8054
8346 8055
8347 8056
8348 8057
8349 8058
8351 8060
8352 8061
8353 8062
8354 8063
8355 8064
8356 8065
8357 8066
8358 8067
8359 8068
8361 8070
8362 8071
8363 8072
8364 8073
8365 8074
8366 8075
8367 8076
8368 8077
8369 8078
8371 8080
8372 8081
8373 8082
8374 8083
8375 8084
8376 8085
8377 8086
8378 8087
8379 8088
8381 8090
8382 8091
8383 8092
8384 8093
8385 8094
8386 8095
8387 8096
8388 8097
8389 8098
8401 8110
8402 8111
8403 8112
8404 8113
8405 8114
8406 8115
8407 8116
8408 8117
8409 8118
8411 8120
8412 8121
8413 8122
8414 8123
8415 8124
8416 8125
8417 8126
8418 8127
8419 8128
8421 8130
8422 8131
8423 8132
8424 8133
8425 8134
8426 8135
8427 8136
8428 8137
8429 8138
8431 8140
8432 8141
8433 8142
8434 8143
8435 8144
8436 8145
8437 8146
8438 8147
8439 8148
8441 8150
8442 8151
8443 8152
8444 8153
8445 8154
8446 8155
8447 8156
8448 8157
8449 8158
8451 8160
8452 8161
8453 8162
8454 8163
8455 8164
8456 8165
8457 8166
8458 8167
8459 8168
8461 8170
8462 8171
8463 8172
8464 8173
8465 8174
8466 8175
8467 8176
8468 8177
8469 8178
8471 8180
8472 8181
8473 8182
8474 8183
8475 8184
8476 8185
8477 8186
8478 8187
8479 8188
8481 8190
8482 8191
8483 8192
8484 8193
8485 8194
8486 8195
8487 8196
8488 8197
8489 8198
8491 8200
8492 8201
8493 8202
8494 8203
8495 8204
8496 8205
8497 8206
8498 8207
8499 8208
8501 8210
8502 8211
8503 8212
8504 8213
8505 8214
8506 8215
8507 8216
8508 8217
8509 8218
8511 8220
8512 8221
8513 8222
8514 8223
8515 8224
8516 8225
8517 8226
8518 8227
8519 8228
8521 8230
8522 8231
8523 8232
8524 8233
8525 8234
8526 8235
8527 8236
8528 8237
8529 8238
8531 8240
8532 8241
8533 8242
8534 8243
8535 8244
8536 8245
8537 8246
8538 8247
8539 8248
8541 8250
8542 8251
8543 8252
8544 8253
8545 8254
8546 8255
8547 8256
8548 8257
8549 8258
8551 8260
8552 8261
8553 8262
8554 8263
8555 8264
8556 8265
8557 8266
8558 8267
8559 8268
8561 8270
8562 8271
8563 8272
8564 8273
8565 8274
8566 8275
8567 8276
8568 8277
8569 8278
8571 8280
8572 8281
8573 8282
8574 8283
8575 8284
8576 8285
8577 8286
8578 8287
8579 8288
8581 8290
8582 8291
8583 8292
8584 8293
8585 8294
8586 8295
8587 8296
8588 8297
8589 8298
8591 8300
8592 8301
8593 8302
8594 8303
8595 8304
8596 8305
8597 8306
8598 8307
8599 8308
8601 8310
8602 8311
8603 8312
8604 8313
8605 8314
8606 8315
8607 8316
8608 8317
8609 8318
8611 8320
8612 8321
8613 8322
8614 8323
8615 8324
8616 8325
8617 8326
8618 8327
8619 8328
8621 8330
8622 8331
8623 8332
8624 8333
8625 8334
8626 8335
8627 8336
8628 8337
8629 8338
8631 8340
8632 8341
8633 8342
8634 8343
8635 8344
8636 8345
8637 8346
8638 8347
8639 8348
8641 8350
8642 8351
8643 8352
8644 8353
8645 8354
8646 8355
8647 8356
8648 8357
8649 8358
8651 8360
8652 8361
8653 8362
8654 8363
8655 8364
8656 8365
8657 8366
8658 8367
8659 8368
8661 8370
8662 8371
8663 8372
8664 8373
8665 8374
8666 8375
8667 8376
8668 8377
8669 8378
8671 8380
8672 8381
8673 8382
8674 8383
8675 8384
8676 8385
8677 8386
8678 8387
8679 8388
8681 8390
8682 8391
8683 8392
8684 8393
8685 8394
8686 8395
8687 8396
8688 8397
8689 8398
8701 8410
8702 8411
8703 8412
8704 8413
8705 8414
8706 8415
8707 8416
8708 8417
8709 8418
8711 8420
8712 8421
8713 8422
8714 8423
8715 8424
8716 8425
8717 8426
8718 8427
8719 8428
8721 8430
8722 8431
8723 8432
8724 8433
8725 8434
8726 8435
8727 8436
8728 8437
8729 8438
8731 8440
8732 8441
8733 8442
8734 8443
8735 8444
8736 8445
8737 8446
8738 8447
8739 8448
8741 8450
8742 8451
8743 8452
8744 8453
8745 8454
8746 8455
8747 8456
8748 8457
8749 8458
8751 8460
8752 8461
8753 8462
8754 8463
8755 8464
8756 8465
8757 8466
8758 8467
8759 8468
8761 8470
8762 8471
8763 8472
8764 8473
8765 8474
8766 8475
8767 8476
8768 8477
8769 8478
8771 8480
8772 8481
8773 8482
8774 8483
8775 8484
8776 8485
8777 8486
8778 8487
8779 8488
8781 8490
8782 8491
8783 8492
8784 8493
8785 8494
8786 8495
8787 8496
8788 8497
8789 8498
8791 8500
8792 8501
8793 8502
8794 8503
8795 8504
8796 8505
8797 8506
8798 8507
8799 8508
8801 8510
8802 8511
8803 8512
8804 8513
8805 8514
8806 8515
8807 8516
8808 8517
8809 8518
8811 8520
8812 8521
8813 8522
8814 8523
8815 8524
8816 8525
8817 8526
8818 8527
8819 8528
8821 8530
8822 8531
8823 8532
8824 8533
8825 8534
8826 8535
8827 8536
8828 8537
8829 8538
8831 8540
8832 8541
8833 8542
8834 8543
8835 8544
8836 8545
8837 8546
8838 8547
8839 8548
8841 8550
8842 8551
8843 8552
8844 8553
8845 8554
8846 8555
8847 8556
8848 8557
8849 8558
8851 8560
8852 8561
8853 8562
8854 8563
8855 8564
8856 8565
8857 8566
8858 8567
8859 8568
8861 8570
8862 8571
8863 8572
8864 8573
8865 8574
8866 8575
8867 8576
8868 8577
8869 8578
8871 8580
8872 8581
8873 8582
8874 8583
8875 8584
8876 8585
8877 8586
8878 8587
8879 8588
8881 8590
8882 8591
8883 8592
8884 8593
8885 8594
8886 8595
8887 8596
8888 8597
8889 8598
8891 8600
8892 8601
8893 8602
8894 8603
8895 8604
8896 8605
8897 8606
8898 8607
8899 8608
8901 8610
8902 8611
8903 8612
8904 8613
8905 8614
8906 8615
8907 8616
8908 8617
8909 8618
8911 8620
8912 8621
8913 8622
8914 8623
8915 8624
8916 8625
8917 8626
8918 8627
8919 8628
8921 8630
8922 8631
8923 8632
8924 8633
8925 8634
8926 8635
8927 8636
8928 8637
8929 8638
8931 8640
8932 8641
8933 8642
8934 8643
8935 8644
8936 8645
8937 8646
8938 8647
8939 8648
8941 8650
8942 8651
8943 8652
8944 8653
8945 8654
8946 8655
8947 8656
8948 8657
8949 8658
8951 8660
8952 8661
8953 8662
8954 8663
8955 8664
8956 8665
8957 8666
8958 8667
8959 8668
8961 8670
8962 8671
8963 8672
8964 8673
8965 8674
8966 8675
8967 8676
8968 8677
8969 8678
8971 8680
8972 8681
8973 8682
8974 8683
8975 8684
8976 8685
8977 8686
8978 8687
8979 8688
8981 8690
8982 8691
8983 8692
8984 8693
8985 8694
8986 8695
8987 8696
8988 8697
8989 8698
11 0
12 1
13 2
14 3
15 4
16 5
17 6
18 7
19 8
21 10
22 11
23 12
24 13
25 14
26 15
27 16
28 17
29 18
31 20
32 21
33 22
34 23
35 24
36 25
37 26
38 27
39 28
41 30
42 31
43 32
44 33
45 34
46 35
47 36
48 37
49 38
51 40
52 41
53 42
54 43
55 44
56 45
57 46
58 47
59 48
61 50
62 51
63 52
64 53
65 54
66 55
67 56
68 57
69 58
71 60
72 61
73 62
74 63
75 64
76 65
77 66
78 67
79 68
81 70
82 71
83 72
84 73
85 74
86 75
87 76
88 77
89 78
91 80
92 81
93 82
94 83
95 84
96 85
97 86
98 87
99 88
101 90
102 91
103 92
104 93
105 94
106 95
107 96
108 97
109 98
111 100
112 101
113 102
114 103
115 104
116 105
117 106
118 107
119 108
121 110
122 111
123 112
124 113
125 114
126 115
127 116
128 117
129 118
131 120
132 121
133 122
134 123
135 124
136 125
137 126
138 127
139 128
141 130
142 131
143 132
144 133
145 134
146 135
147 136
148 137
149 138
151 140
152 141
153 142
154 143
155 144
156 145
157 146
158 147
159 148
161 150
162 151
163 152
164 153
165 154
166 155
167 156
168 157
169 158
171 160
172 161
173 162
174 163
175 164
176 165
177 166
178 167
179 168
181 170
182 171
183 172
184 173
185 174
186 175
187 176
188 177
189 178
191 180
192 181
193 182
194 183
195 184
196 185
197 186
198 187
199 188
201 190
202 191
203 192
204 193
205 194
206 195
207 196
208 197
209 198
211 200
212 201
213 202
214 203
215 204
216 205
217 206
218 207
219 208
221 210
222 211
223 212
224 213
225 214
226 215
227 216
228 217
229 218
231 220
232 221
233 222
234 223
235 224
236 225
237 226
238 227
239 228
241 230
242 231
243 232
244 233
245 234
246 235
247 236
248 237
249 238
251 240
252 241
253 242
254 243
255 244
256 245
257 246
258 247
259 248
261 250
262 251
263 252
264 253
265 254
266 255
267 256
268 257
269 258
271 260
272 261
273 262
274 263
275 264
276 265
277 266
278 267
279 268
281 270
282 271
283 272
284 273
285 274
286 275
287 276
288 277
289 278
291 280
292 281
293 282
294 283
295 284
296 285
297 286
298 287
299 288
311 300
312 301
313 302
314 303
315 304
316 305
317 306
318 307
319 308
321 310
322 311
323 312
324 313
325 314
326 315
327 316
328 317
329 318
331 320
332 321
333 322
334 323
335 324
336 325
337 326
338 327
339 328
341 330
342 331
343 332
344 333
345 334
346 335
347 336
348 337
349 338
351 340
352 341
353 342
354 343
355 344
356 345
357 346
358 347
359 348
361 350
362 351
363 352
364 353
365 354
366 355
367 356
368 357
369 358
371 360
372 361
373 362
374 363
375 364
376 365
377 366
378 367
379 368
381 370
382 371
383 372
384 373
385 374
386 375
387 376
388 377
389 378
391 380
392 381
393 382
394 383
395 384
396 385
397 386
398 387
399 388
401 390
402 391
403 392
404 393
405 394
406 395
407 396
408 397
409 398
411 400
412 401
413 402
414 403
415 404
416 405
417 406
418 407
419 408
421 410
422 411
423 412
424 413
425 414
426 415
427 416
428 417
429 418
431 420
432 421
433 422
434 423
435 424
436 425
437 426
438 427
439 428
441 430
442 431
443 432
444 433
445 434
446 435
447 436
448 437
449 438
451 440
452 441
453 442
454 443
455 444
456 445
457 446
458 447
459 448
461 450
462 451
463 452
464 453
465 454
466 455
467 456
468 457
469 458
471 460
472 461
473 462
474 463
475 464
476 465
477 466
478 467
479 468
481 470
482 471
483 472
484 473
485 474
486 475
487 476
488 477
489 478
491 480
492 481
493 482
494 483
495 484
496 485
497 486
498 487
499 488
501 490
502 491
503 492
504 493
505 494
506 495
507 496
508 497
509 498
511 500
512 501
513 502
514 503
515 504
516 505
517 506
518 507
519 508
521 510
522 511
523 512
524 513
525 514
526 515
527 516
528 517
529 518
531 520
532 521
533 522
534 523
535 524
536 525
537 526
538 527
539 528
541 530
542 531
543 532
544 533
545 534
546 535
547 536
548 537
549 538
551 540
552 541
553 542
554 543
555 544
556 545
557 546
558 547
559 548
561 550
562 551
563 552
564 553
565 554
566 555
567 556
568 557
569 558
571 560
572 561
573 562
574 563
575 564
576 565
577 566
578 567
579 568
581 570
582 571
583 572
584 573
585 574
586 575
587 576
588 577
589 578
591 580
592 581
593 582
594 583
595 584
596 585
597 586
598 587
599 588
611 600
612 601
613 602
614 603
615 604
616 605
617 606
618 607
619 608
621 610
622 611
623 612
624 613
625 614
626 615
627 616
628 617
629 618
631 620
632 621
633 622
634 623
635 624
636 625
637 626
638 627
639 628
641 630
642 631
643 632
644 633
645 634
646 635
647 636
648 637
649 638
651 640
652 641
653 642
654 643
655 644
656 645
657 646
658 647
659 648
661 650
662 651
663 652
664 653
665 654
666 655
667 656
668 657
669 658
671 660
672 661
673 662
674 663
675 664
676 665
677 666
678 667
679 668
681 670
682 671
683 672
684 673
685 674
686 675
687 676
688 677
689 678
691 680
692 681
693 682
694 683
695 684
696 685
697 686
698 687
699 688
701 690
702 691
703 692
704 693
705 694
706 695
707 696
708 697
709 698
711 700
712 701
713 702
714 703
715 704
716 705
717 706
718 707
719 708
721 710
722 711
723 712
724 713
725 714
726 715
727 716
728 717
729 718
731 720
732 721
733 722
734 723
735 724
736 725
737 726
738 727
739 728
741 730
742 731
743 732
744 733
745 734
746 735
747 736
748 737
749 738
751 740
752 741
753 742
754 743
755 744
756 745
757 746
758 747
759 748
761 750
762 751
763 752
764 753
765 754
766 755
767 756
768 757
769 758
771 760
772 761
773 762
774 763
775 764
776 765
777 766
778 767
779 768
781 770
782 771
783 772
784 773
785 774
786 775
787 776
788 777
789 778
791 780
792 781
793 782
794 783
795 784
796 785
797 786
798 787
799 788
801 790
802 791
803 792
804 793
805 794
806 795
807 796
808 797
809 798
811 800
812 801
813 802
814 803
815 804
816 805
817 806
818 807
819 808
821 810
822 811
823 812
824 813
825 814
826 815
827 816
828 817
829 818
831 820
832 821
833 822
834 823
835 824
836 825
837 826
838 827
839 828
841 830
842 831
843 832
844 833
845 834
846 835
847 836
848 837
849 838
851 840
852 841
853 842
854 843
855 844
856 845
857 846
858 847
859 848
861 850
862 851
863 852
864 853
865 854
866 855
867 856
868 857
869 858
871 860
872 861
873 862
874 863
875 864
876 865
877 866
878 867
879 868
881 870
882 871
883 872
884 873
885 874
886 875
887 876
888 877
889 878
891 880
892 881
893 882
894 883
895 884
896 885
897 886
898 887
899 888
911 900
912 901
913 902
914 903
915 904
916 905
917 906
918 907
919 908
921 910
922 911
923 912
924 913
925 914
926 915
927 916
928 917
929 918
931 920
932 921
933 922
934 923
935 924
936 925
937 926
938 927
939 928
941 930
942 931
943 932
944 933
945 934
946 935
947 936
948 937
949 938
951 940
952 941
953 942
954 943
955 944
956 945
957 946
958 947
959 948
961 950
962 951
963 952
964 953
965 954
966 955
967 956
968 957
969 958
971 960
972 961
973 962
974 963
975 964
976 965
977 966
978 967
979 968
981 970
982 971
983 972
984 973
985 974
986 975
987 976
988 977
989 978
991 980
992 981
993 982
994 983
995 984
996 985
997 986
998 987
999 988
1001 990
1002 991
1003 992
1004 993
1005 994
1006 995
1007 996
1008 997
1009 998
1011 1000
1012 1001
1013 1002
1014 1003
1015 1004
1016 1005
1017 1006
1018 1007
1019 1008
1021 1010
1022 1011
1023 1012
1024 1013
1025 1014
1026 1015
1027 1016
1028 1017
1029 1018
1031 1020
1032 1021
1033 1022
1034 1023
1035 1024
1036 1025
1037 1026
1038 1027
1039 1028
1041 1030
1042 1031
1043 1032
1044 1033
1045 1034
1046 1035
1047 1036
1048 1037
1049 1038
1051 1040
1052 1041
1053 1042
1054 1043
1055 1044
1056 1045
1057 1046
1058 1047
1059 1048
1061 1050
1062 1051
1063 1052
1064 1053
1065 1054
1066 1055
1067 1056
1068 1057
1069 1058
1071 1060
1072 1061
1073 1062
1074 1063
1075 1064
1076 1065
1077 1066
1078 1067
1079 1068
1081 1070
1082 1071
1083 1072
1084 1073
1085 1074
1086 1075
1087 1076
1088 1077
1089 1078
1091 1080
1092 1081
1093 1082
1094 1083
1095 1084
1096 1085
1097 1086
1098 1087
1099 1088
1101 1090
1102 1091
1103 1092
1104 1093
1105 1094
1106 1095
1107 1096
1108 1097
1109 1098
1111 1100
1112 1101
1113 1102
1114 1103
1115 1104
1116 1105
1117 1106
1118 1107
1119 1108
1121 1110
1122 1111
1123 1112
1124 1113
1125 1114
1126 1115
1127 1116
1128 1117
1129 1118
1131 1120
1132 1121
1133 1122
1134 1123
1135 1124
1136 1125
1137 1126
1138 1127
1139 1128
1141 1130
1142 1131
1143 1132
1144 1133
1145 1134
1146 1135
1147 1136
1148 1137
1149 1138
1151 1140
1152 1141
1153 1142
1154 1143
1155 1144
1156 1145
1157 1146
1158 1147
1159 1148
1161 1150
1162 1151
1163 1152
1164 1153
1165 1154
1166 1155
1167 1156
1168 1157
1169 1158
1171 1160
1172 1161
1173 1162
1174 1163
1175 1164
1176 1165
1177 1166
1178 1167
1179 1168
1181 1170
1182 1171
1183 1172
1184 1173
1185 1174
1186 1175
1187 1176
1188 1177
1189 1178
1191 1180
1192 1181
1193 1182
1194 1183
1195 1184
1196 1185
1197 1186
1198 1187
1199 1188
1211 1200
1212 1201
1213 1202
1214 1203
1215 1204
1216 1205
1217 1206
1218 1207
1219 1208
1221 1210
1222 1211
1223 1212
1224 1213
1225 1214
1226 1215
1227 1216
1228 1217
1229 1218
1231 1220
1232 1221
1233 1222
1234 1223
1235 1224
1236 1225
1237 1226
1238 1227
1239 1228
1241 1230
1242 1231
1243 1232
1244 1233
1245 1234
1246 1235
1247 1236
1248 1237
1249 1238
1251 1240
1252 1241
1253 1242
1254 1243
1255 1244
1256 1245
1257 1246
1258 1247
1259 1248
1261 1250
1262 1251
1263 1252
1264 1253
1265 1254
1266 1255
1267 1256
1268 1257
1269 1258
1271 1260
1272 1261
1273 1262
1274 1263
1275 1264
1276 1265
1277 1266
1278 1267
1279 1268
1281 1270
1282 1271
1283 1272
1284 1273
1285 1274
1286 1275
1287 1276
1288 1277
1289 1278
1291 1280
1292 1281
1293 1282
1294 1283
1295 1284
1296 1285
1297 1286
1298 1287
1299 1288
1301 1290
1302 1291
1303 1292
1304 1293
1305 1294
1306 1295
1307 1296
1308 1297
1309 1298
1311 1300
1312 1301
1313 1302
1314 1303
1315 1304
1316 1305
1317 1306
1318 1307
1319 1308
1321 1310
1322 1311
1323 1312
1324 1313
1325 1314
1326 1315
1327 1316
1328 1317
1329 1318
1331 1320
1332 1321
1333 1322
1334 1323
1335 1324
1336 1325
1337 1326
1338 1327
1339 1328
1341 1330
1342 1331
1343 1332
1344 1333
1345 1334
1346 1335
1347 1336
1348 1337
1349 1338
1351 1340
1352 1341
1353 1342
1354 1343
1355 1344
1356 1345
1357 1346
1358 1347
1359 1348
1361 1350
1362 1351
1363 1352
1364 1353
1365 1354
1366 1355
1367 1356
1368 1357
1369 1358
1371 1360
1372 1361
1373 1362
1374 1363
1375 1364
1376 1365
1377 1366
1378 1367
1379 1368
1381 1370
1382 1371
1383 1372
1384 1373
1385 1374
1386 1375
1387 1376
1388 1377
1389 1378
1391 1380
1392 1381
1393 1382
1394 1383
1395 1384
1396 1385
1397 1386
1398 1387
1399 1388
1401 1390
1402 1391
1403 1392
1404 1393
1405 1394
1406 1395
1407 1396
1408 1397
1409 1398
1411 1400
1412 1401
1413 1402
1414 1403
1415 1404
1416 1405
1417 1406
1418 1407
1419 1408
1421 1410
1422 1411
1423 1412
1424 1413
1425 1414
1426 1415
1427 1416
1428 1417
1429 1418
1431 1420
1432 1421
1433 1422
1434 1423
1435 1424
1436 1425
1437 1426
1438 1427
1439 1428
1441 1430
1442 1431
1443 1432
1444 1433
1445 1434
1446 1435
1447 1436
1448 1437
1449 1438
1451 1440
1452 1441
1453 1442
1454 1443
1455 1444
1456 1445
1457 1446
1458 1447
1459 1448
1461 1450
1462 1451
1463 1452
1464 1453
1465 1454
1466 1455
1467 1456
1468 1457
1469 1458
1471 1460
1472 1461
1473 1462
1474 1463
1475 1464
1476 1465
1477 1466
1478 1467
1479 1468
1481 1470
1482 1471
1483 1472
1484 1473
1485 1474
1486 1475
1487 1476
1488 1477
1489 1478
1491 1480
1492 1481
1493 1482
1494 1483
1495 1484
1496 1485
1497 1486
1498 1487
1499 1488
1511 1500
1512 1501
1513 1502
1514 1503
1515 1504
1516 1505
1517 1506
1518 1507
1519 1508
1521 1510
1522 1511
1523 1512
1524 1513
1525 1514
1526 1515
1527 1516
1528 1517
1529 1518
1531 1520
1532 1521
1533 1522
1534 1523
1535 1524
1536 1525
1537 1526
1538 1527
1539 1528
1541 1530
1542 1531
1543 1532
1544 1533
1545 1534
1546 1535
1547 1536
1548 1537
1549 1538
1551 1540
1552 1541
1553 1542
1554 1543
1555 1544
1556 1545
1557 1546
1558 1547
1559 1548
1561 1550
1562 1551
1563 1552
1564 1553
1565 1554
1566 1555
1567 1556
1568 1557
1569 1558
1571 1560
1572 1561
1573 1562
1574 1563
1575 1564
1576 1565
1577 1566
1578 1567
1579 1568
1581 1570
1582 1571
1583 1572
1584 1573
1585 1574
1586 1575
1587 1576
1588 1577
1589 1578
1591 1580
1592 1581
1593 1582
1594 1583
1595 1584
1596 1585
1597 1586
1598 1587
1599 1588
1601 1590
1602 1591
1603 1592
1604 1593
1605 1594
1606 1595
1607 1596
1608 1597
1609 1598
1611 1600
1612 1601
1613 1602
1614 1603
1615 1604
1616 1605
1617 1606
1618 1607
1619 1608
1621 1610
1622 1611
1623 1612
1624 1613
1625 1614
1626 1615
1627 1616
1628 1617
1629 1618
1631 1620
1632 1621
1633 1622
1634 1623
1635 1624
1636 1625
1637 1626
1638 1627
1639 1628
1641 1630
1642 1631
1643 1632
1644 1633
1645 1634
1646 1635
1647 1636
1648 1637
1649 1638
1651 1640
1652 1641
1653 1642
1654 1643
1655 1644
1656 1645
1657 1646
1658 1647
1659 1648
1661 1650
1662 1651
1663 1652
1664 1653
1665 1654
1666 1655
1667 1656
1668 1657
1669 1658
1671 1660
1672 1661
1673 1662
1674 1663
1675 1664
1676 1665
1677 1666
1678 1667
1679 1668
1681 1670
1682 1671
1683 1672
1684 1673
1685 1674
1686 1675
1687 1676
1688 1677
1689 1678
1691 1680
1692 1681
1693 1682
1694 1683
1695 1684
1696 1685
1697 1686
1698 1687
1699 1688
1701 1690
1702 1691
1703 1692
1704 1693
1705 1694
1706 1695
1707 1696
1708 1697
1709 1698
1711 1700
1712 1701
1713 1702
1714 1703
1715 1704
1716 1705
1717 1706
1718 1707
1719 1708
1721 1710
1722 1711
1723 1712
1724 1713
1725 1714
1726 1715
1727 1716
1728 1717
1729 1718
1731 1720
1732 1721
1733 1722
1734 1723
1735 1724
1736 1725
1737 1726
1738 1727
1739 1728
1741 1730
1742 1731
1743 1732
1744 1733
1745 1734
1746 1735
1747 1736
1748 1737
1749 1738
1751 1740
1752 1741
1753 1742
1754 1743
1755 1744
1756 1745
1757 1746
1758 1747
1759 1748
1761 1750
1762 1751
1763 1752
1764 1753
1765 1754
1766 1755
1767 1756
1768 1757
1769 1758
1771 1760
1772 1761
1773 1762
1774 1763
1775 1764
1776 1765
1777 1766
1778 1767
1779 1768
1781 1770
1782 1771
1783 1772
1784 1773
1785 1774
1786 1775
1787 1776
1788 1777
1789 1778
1791 1780
1792 1781
1793 1782
1794 1783
1795 1784
1796 1785
1797 1786
1798 1787
1799 1788
1811 1800
1812 1801
1813 1802
1814 1803
1815 1804
1816 1805
1817 1806
1818 1807
1819 1808
1821 1810
1822 1811
1823 1812
1824 1813
1825 1814
1826 1815
1827 1816
1828 1817
1829 1818
1831 1820
1832 1821
1833 1822
1834 1823
1835 1824
1836 1825
1837 1826
1838 1827
1839 1828
1841 1830
1842 1831
1843 1832
1844 1833
1845 1834
1846 1835
1847 1836
1848 1837
1849 1838
1851 1840
1852 1841
1853 1842
1854 1843
1855 1844
1856 1845
1857 1846
1858 1847
1859 1848
1861 1850
1862 1851
1863 1852
1864 1853
1865 1854
1866 1855
1867 1856
1868 1857
1869 1858
1871 1860
1872 1861
1873 1862
1874 1863
1875 1864
1876 1865
1877 1866
1878 1867
1879 1868
1881 1870
1882 1871
1883 1872
1884 1873
1885 1874
1886 1875
1887 1876
1888 1877
1889 1878
1891 1880
1892 1881
1893 1882
1894 1883
1895 1884
1896 1885
1897 1886
1898 1887
1899 1888
1901 1890
1902 1891
1903 1892
1904 1893
1905 1894
1906 1895
1907 1896
1908 1897
1909 1898
1911 1900
1912 1901
1913 1902
1914 1903
1915 1904
1916 1905
1917 1906
1918 1907
1919 1908
1921 1910
1922 1911
1923 1912
1924 1913
1925 1914
1926 1915
1927 1916
1928 1917
1929 1918
1931 1920
1932 1921
1933 1922
1934 1923
1935 1924
1936 1925
1937 1926
1938 1927
1939 1928
1941 1930
1942 1931
1943 1932
1944 1933
1945 1934
1946 1935
1947 1936
1948 1937
1949 1938
1951 1940
1952 1941
1953 1942
1954 1943
1955 1944
1956 1945
1957 1946
1958 1947
1959 1948
1961 1950
1962 1951
1963 1952
1964 1953
1965 1954
1966 1955
1967 1956
1968 1957
1969 1958
1971 1960
1972 1961
1973 1962
1974 1963
1975 1964
1976 1965
1977 1966
1978 1967
1979 1968
1981 1970
1982 1971
1983 1972
1984 1973
1985 1974
1986 1975
1987 1976
1988 1977
1989 1978
1991 1980
1992 1981
1993 1982
1994 1983
1995 1984
1996 1985
1997 1986
1998 1987
1999 1988
2001 1990
2002 1991
2003 1992
2004 1993
2005 1994
2006 1995
2007 1996
2008 1997
2009 1998
2011 2000
2012 2001
2013 2002
2014 2003
2015 2004
2016 2005
2017 2006
2018 2007
2019 2008
2021 2010
2022 2011
2023 2012
2024 2013
2025 2014
2026 2015
2027 2016
2028 2017
2029 2018
2031 2020
2032 2021
2033 2022
2034 2023
2035 2024
2036 2025
2037 2026
2038 2027
2039 2028
2041 2030
2042 2031
2043 2032
2044 2033
2045 2034
2046 2035
2047 2036
2048 2037
2049 2038
2051 2040
2052 2041
2053 2042
2054 2043
2055 2044
2056 2045
2057 2046
2058 2047
2059 2048
2061 2050
2062 2051
2063 2052
2064 2053
2065 2054
2066 2055
2067 2056
2068 2057
2069 2058
2071 2060
2072 2061
2073 2062
2074 2063
2075 2064
2076 2065
2077 2066
2078 2067
2079 2068
2081 2070
2082 2071
2083 2072
2084 2073
2085 2074
2086 2075
2087 2076
2088 2077
2089 2078
2091 2080
2092 2081
2093 2082
2094 2083
2095 2084
2096 2085
2097 2086
2098 2087
2099 2088
2111 2100
2112 2101
2113 2102
2114 2103
2115 2104
2116 2105
2117 2106
2118 2107
2119 2108
2121 2110
2122 2111
2123 2112
2124 2113
2125 2114
2126 2115
2127 2116
2128 2117
2129 2118
2131 2120
2132 2121
2133 2122
2134 2123
2135 2124
2136 2125
2137 2126
2138 2127
2139 2128
2141 2130
2142 2131
2143 2132
2144 2133
2145 2134
2146 2135
2147 2136
2148 2137
2149 2138
2151 2140
2152 2141
2153 2142
2154 2143
2155 2144
2156 2145
2157 2146
2158 2147
2159 2148
2161 2150
2162 2151
2163 2152
2164 2153
2165 2154
2166 2155
2167 2156
2168 2157
2169 2158
2171 2160
2172 2161
2173 2162
2174 2163
2175 2164
2176 2165
2177 2166
2178 2167
2179 2168
2181 2170
2182 2171
2183 2172
2184 2173
2185 2174
2186 2175
2187 2176
2188 2177
2189 2178
2191 2180
2192 2181
2193 2182
2194 2183
2195 2184
2196 2185
2197 2186
2198 2187
2199 2188
2201 2190
2202 2191
2203 2192
2204 2193
2205 2194
2206 2195
2207 2196
2208 2197
2209 2198
2211 2200
2212 2201
2213 2202
2214 2203
2215 2204
2216 2205
2217 2206
2218 2207
2219 2208
2221 2210
2222 2211
2223 2212
2224 2213
2225 2214
2226 2215
2227 2216
2228 2217
2229 2218
2231 2220
2232 2221
2233 2222
2234 2223
2235 2224
2236 2225
2237 2226
2238 2227
2239 2228
2241 2230
2242 2231
2243 2232
2244 2233
2245 2234
2246 2235
2247 2236
2248 2237
2249 2238
2251 2240
2252 2241
2253 2242
2254 2243
2255 2244
2256 2245
2257 2246
2258 2247
2259 2248
2261 2250
2262 2251
2263 2252
2264 2253
2265 2254
2266 2255
2267 2256
2268 2257
2269 2258
2271 2260
2272 2261
2273 2262
2274 2263
2275 2264
2276 2265
2277 2266
2278 2267
2279 2268
2281 2270
2282 2271
2283 2272
2284 2273
2285 2274
2286 2275
2287 2276
2288 2277
2289 2278
2291 2280
2292 2281
2293 2282
2294 2283
2295 2284
2296 2285
2297 2286
2298 2287
2299 2288
2301 2290
2302 2291
2303 2292
2304 2293
2305 2294
2306 2295
2307 2296
2308 2297
2309 2298
2311 2300
2312 2301
2313 2302
2314 2303
2315 2304
2316 2305
2317 2306
2318 2307
2319 2308
2321 2310
2322 2311
2323 2312
2324 2313
2325 2314
2326 2315
2327 2316
2328 2317
2329 2318
2331 2320
2332 2321
2333 2322
2334 2323
2335 2324
2336 2325
2337 2326
2338 2327
2339 2328
2341 2330
2342 2331
2343 2332
2344 2333
2345 2334
2346 2335
2347 2336
2348 2337
2349 2338
2351 2340
2352 2341
2353 2342
2354 2343
2355 2344
2356 2345
2357 2346
2358 2347
2359 2348
2361 2350
2362 2351
2363 2352
2364 2353
2365 2354
2366 2355
2367 2356
2368 2357
2369 2358
2371 2360
2372 2361
2373 2362
2374 2363
2375 2364
2376 2365
2377 2366
2378 2367
2379 2368
2381 2370
2382 2371
2383 2372
2384 2373
2385 2374
2386 2375
2387 2376
2388 2377
2389 2378
2391 2380
2392 2381
2393 2382
2394 2383
2395 2384
2396 2385
2397 2386
2398 2387
2399 2388
2411 2400
2412 2401
2413 2402
2414 2403
2415 2404
2416 2405
2417 2406
2418 2407
2419 2408
2421 2410
2422 2411
2423 2412
2424 2413
2425 2414
2426 2415
2427 2416
2428 2417
2429 2418
2431 2420
2432 2421
2433 2422
2434 2423
2435 2424
2436 2425
2437 2426
2438 2427
2439 2428
2441 2430
2442 2431
2443 2432
2444 2433
2445 2434
2446 2435
2447 2436
2448 2437
2449 2438
2451 2440
2452 2441
2453 2442
2454 2443
2455 2444
2456 2445
2457 2446
2458 2447
2459 2448
2461 2450
2462 2451
2463 2452
2464 2453
2465 2454
2466 2455
2467 2456
2468 2457
2469 2458
2471 2460
2472 2461
2473 2462
2474 2463
2475 2464
2476 2465
2477 2466
2478 2467
2479 2468
2481 2470
2482 2471
2483 2472
2484 2473
2485 2474
2486 2475
2487 2476
2488 2477
2489 2478
2491 2480
2492 2481
2493 2482
2494 2483
2495 2484
2496 2485
2497 2486
2498 2487
2499 2488
2501 2490
2502 2491
2503 2492
2504 2493
2505 2494
2506 2495
2507 2496
2508 2497
2509 2498
2511 2500
2512 2501
2513 2502
2514 2503
2515 2504
2516 2505
2517 2506
2518 2507
2519 2508
2521 2510
2522 2511
2523 2512
2524 2513
2525 2514
2526 2515
2527 2516
2528 2517
2529 2518
2531 2520
2532 2521
2533 2522
2534 2523
2535 2524
2536 2525
2537 2526
2538 2527
2539 2528
2541 2530
2542 2531
2543 2532
2544 2533
2545 2534
2546 2535
2547 2536
2548 2537
2549 2538
2551 2540
2552 2541
2553 2542
2554 2543
2555 2544
2556 2545
2557 2546
2558 2547
2559 2548
2561 2550
2562 2551
2563 2552
2564 2553
2565 2554
2566 2555
2567 2556
2568 2557
2569 2558
2571 2560
2572 2561
2573 2562
2574 2563
2575 2564
2576 2565
2577 2566
2578 2567
2579 2568
2581 2570
2582 2571
2583 2572
2584 2573
2585 2574
2586 2575
2587 2576
2588 2577
2589 2578
2591 2580
2592 2581
2593 2582
2594 2583
2595 2584
2596 2585
2597 2586
2598 2587
2599 2588
2601 2590
2602 2591
2603 2592
2604 2593
2605 2594
2606 2595
2607 2596
2608 2597
2609 2598
2611 2600
2612 2601
2613 2602
2614 2603
2615 2604
2616 2605
2617 2606
2618 2607
2619 2608
2621 2610
2622 2611
2623 2612
2624 2613
2625 2614
2626 2615
2627 2616
2628 2617
2629 2618
2631 2620
2632 2621
2633 2622
2634 2623
2635 2624
2636 2625
2637 2626
2638 2627
2639 2628
2641 2630
2642 2631
2643 2632
2644 2633
2645 2634
2646 2635
2647 2636
2648 2637
2649 2638
2651 2640
2652 2641
2653 2642
2654 2643
2655 2644
2656 2645
2657 2646
2658 2647
2659 2648
2661 2650
2662 2651
2663 2652
2664 2653
2665 2654
2666 2655
2667 2656
2668 2657
2669 2658
2671 2660
2672 2661
2673 2662
2674 2663
2675 2664
2676 2665
2677 2666
2678 2667
2679 2668
2681 2670
2682 2671
2683 2672
2684 2673
2685 2674
2686 2675
2687 2676
2688 2677
2689 2678
2691 2680
2692 2681
2693 2682
2694 2683
2695 2684
2696 2685
2697 2686
2698 2687
2699 2688
2711 2700
2712 2701
2713 2702
2714 2703
2715 2704
2716 2705
2717 2706
2718 2707
2719 2708
2721 2710
2722 2711
2723 2712
2724 2713
2725 2714
2726 2715
2727 2716
2728 2717
2729 2718
2731 2720
2732 2721
2733 2722
2734 2723
2735 2724
2736 2725
2737 2726
2738 2727
2739 2728
2741 2730
2742 2731
2743 2732
2744 2733
2745 2734
2746 2735
2747 2736
2748 2737
2749 2738
2751 2740
2752 2741
2753 2742
2754 2743
2755 2744
2756 2745
2757 2746
2758 2747
2759 2748
2761 2750
2762 2751
2763 2752
2764 2753
2765 2754
2766 2755
2767 2756
2768 2757
2769 2758
2771 2760
2772 2761
2773 2762
2774 2763
2775 2764
2776 2765
2777 2766
2778 2767
2779 2768
2781 2770
2782 2771
2783 2772
2784 2773
2785 2774
2786 2775
2787 2776
2788 2777
2789 2778
2791 2780
2792 2781
2793 2782
2794 2783
2795 2784
2796 2785
2797 2786
2798 2787
2799 2788
2801 2790
2802 2791
2803 2792
2804 2793
2805 2794
2806 2795
2807 2796
2808 2797
2809 2798
2811 2800
2812 2801
2813 2802
2814 2803
2815 2804
2816 2805
2817 2806
2818 2807
2819 2808
2821 2810
2822 2811
2823 2812
2824 2813
2825 2814
2826 2815
2827 2816
2828 2817
2829 2818
2831 2820
2832 2821
2833 2822
2834 2823
2835 2824
2836 2825
2837 2826
2838 2827
2839 2828
2841 2830
2842 2831
2843 2832
2844 2833
2845 2834
2846 2835
2847 2836
2848 2837
2849 2838
2851 2840
2852 2841
2853 2842
2854 2843
2855 2844
2856 2845
2857 2846
2858 2847
2859 2848
2861 2850
2862 2851
2863 2852
2864 2853
2865 2854
2866 2855
2867 2856
2868 2857
2869 2858
2871 2860
2872 2861
2873 2862
2874 2863
2875 2864
2876 2865
2877 2866
2878 2867
2879 2868
2881 2870
2882 2871
2883 2872
2884 2873
2885 2874
2886 2875
2887 2876
2888 2877
2889 2878
2891 2880
2892 2881
2893 2882
2894 2883
2895 2884
2896 2885
2897 2886
2898 2887
2899 2888
2901 2890
2902 2891
2903 2892
2904 2893
2905 2894
2906 2895
2907 2896
2908 2897
2909 2898
2911 2900
2912 2901
2913 2902
2914 2903
2915 2904
2916 2905
2917 2906
2918 2907
2919 2908
2921 2910
2922 2911
2923 2912
2924 2913
2925 2914
2926 2915
2927 2916
2928 2917
2929 2918
2931 2920
2932 2921
2933 2922
2934 2923
2935 2924
2936 2925
2937 2926
2938 2927
2939 2928
2941 2930
2942 2931
2943 2932
2944 2933
2945 2934
2946 2935
2947 2936
2948 2937
2949 2938
2951 2940
2952 2941
2953 2942
2954 2943
2955 2944
2956 2945
2957 2946
2958 2947
2959 2948
2961 2950
2962 2951
2963 2952
2964 2953
2965 2954
2966 2955
2967 2956
2968 2957
2969 2958
2971 2960
2972 2961
2973 2962
2974 2963
2975 2964
2976 2965
2977 2966
2978 2967
2979 2968
2981 2970
2982 2971
2983 2972
2984 2973
2985 2974
2986 2975
2987 2976
2988 2977
2989 2978
2991 2980
2992 2981
2993 2982
2994 2983
2995 2984
2996 2985
2997 2986
2998 2987
2999 2988
3011 3000
3012 3001
3013 3002
3014 3003
3015 3004
3016 3005
3017 3006
3018 3007
3019 3008
3021 3010
3022 3011
3023 3012
3024 3013
3025 3014
3026 3015
3027 3016
3028 3017
3029 3018
3031 3020
3032 3021
3033 3022
3034 3023
3035 3024
3036 3025
3037 3026
3038 3027
3039 3028
3041 3030
3042 3031
3043 3032
3044 3033
3045 3034
3046 3035
3047 3036
3048 3037
3049 3038
3051 3040
3052 3041
3053 3042
3054 3043
3055 3044
3056 3045
3057 3046
3058 3047
3059 3048
3061 3050
3062 3051
3063 3052
3064 3053
3065 3054
3066 3055
3067 3056
3068 3057
3069 3058
3071 3060
3072 3061
3073 3062
3074 3063
3075 3064
3076 3065
3077 3066
3078 3067
3079 3068
3081 3070
3082 3071
3083 3072
3084 3073
3085 3074
3086 3075
3087 3076
3088 3077
3089 3078
3091 3080
3092 3081
3093 3082
3094 3083
3095 3084
3096 3085
3097 3086
3098 3087
3099 3088
3101 3090
3102 3091
3103 3092
3104 3093
3105 3094
3106 3095
3107 3096
3108 3097
3109 3098
3111 3100
3112 3101
3113 3102
3114 3103
3115 3104
3116 3105
3117 3106
3118 3107
3119 3108
3121 3110
3122 3111
3123 3112
3124 3113
3125 3114
3126 3115
3127 3116
3128 3117
3129 3118
3131 3120
3132 3121
3133 3122
3134 3123
3135 3124
3136 3125
3137 3126
3138 3127
3139 3128
3141 3130
3142 3131
3143 3132
3144 3133
3145 3134
3146 3135
3147 3136
3148 3137
3149 3138
3151 3140
3152 3141
3153 3142
3154 3143
3155 3144
3156 3145
3157 3146
3158 3147
3159 3148
3161 3150
3162 3151
3163 3152
3164 3153
3165 3154
3166 3155
3167 3156
3168 3157
3169 3158
3171 3160
3172 3161
3173 3162
3174 3163
3175 3164
3176 3165
3177 3166
3178 3167
3179 3168
3181 3170
3182 3171
3183 3172
3184 3173
3185 3174
3186 3175
3187 3176
3188 3177
3189 3178
3191 3180
3192 3181
3193 3182
3194 3183
3195 3184
3196 3185
3197 3186
3198 3187
3199 3188
3201 3190
3202 3191
3203 3192
3204 3193
3205 3194
3206 3195
3207 3196
3208 3197
3209 3198
3211 3200
3212 3201
3213 3202
3214 3203
3215 3204
3216 3205
3217 3206
3218 3207
3219 3208
3221 3210
3222 3211
3223 3212
3224 3213
3225 3214
3226 3215
3227 3216
3228 3217
3229 3218
3231 3220
3232 3221
3233 3222
3234 3223
3235 3224
3236 3225
3237 3226
3238 3227
3239 3228
3241 3230
3242 3231
3243 3232
3244 3233
3245 3234
3246 3235
3247 3236
3248 3237
3249 3238
3251 3240
3252 3241
3253 3242
3254 3243
3255 3244
3256 3245
3257 3246
3258 3247
3259 3248
3261 3250
3262 3251
3263 3252
3264 3253
3265 3254
3266 3255
3267 3256
3268 3257
3269 3258
3271 3260
3272 3261
3273 3262
3274 3263
3275 3264
3276 3265
3277 3266
3278 3267
3279 3268
3281 3270
3282 3271
3283 3272
3284 3273
3285 3274
3286 3275
3287 3276
3288 3277
3289 3278
3291 3280
3292 3281
3293 3282
3294 3283
3295 3284
3296 3285
3297 3286
3298 3287
3299 3288
3311 3300
3312 3301
3313 3302
3314 3303
3315 3304
3316 3305
3317 3306
3318 3307
3319 3308
3321 3310
3322 3311
3323 3312
3324 3313
3325 3314
3326 3315
3327 3316
3328 3317
3329 3318
3331 3320
3332 3321
3333 3322
3334 3323
3335 3324
3336 3325
3337 3326
3338 3327
3339 3328
3341 3330
3342 3331
3343 3332
3344 3333
3345 3334
3346 3335
3347 3336
3348 3337
3349 3338
3351 3340
3352 3341
3353 3342
3354 3343
3355 3344
3356 3345
3357 3346
3358 3347
3359 3348
3361 3350
3362 3351
3363 3352
3364 3353
3365 3354
3366 3355
3367 3356
3368 3357
3369 3358
3371 3360
3372 3361
3373 3362
3374 3363
3375 3364
3376 3365
3377 3366
3378 3367
3379 3368
3381 3370
3382 3371
3383 3372
3384 3373
3385 3374
3386 3375
3387 3376
3388 3377
3389 3378
3391 3380
3392 3381
3393 3382
3394 3383
3395 3384
3396 3385
3397 3386
3398 3387
3399 3388
3401 3390
3402 3391
3403 3392
3404 3393
3405 3394
3406 3395
3407 3396
3408 3397
3409 3398
3411 3400
3412 3401
3413 3402
3414 3403
3415 3404
3416 3405
3417 3406
3418 3407
3419 3408
3421 3410
3422 3411
3423 3412
3424 3413
3425 3414
3426 3415
3427 3416
3428 3417
3429 3418
3431 3420
3432 3421
3433 3422
3434 3423
3435 3424
3436 3425
3437 3426
3438 3427
3439 3428
3441 3430
3442 3431
3443 3432
3444 3433
3445 3434
3446 3435
3447 3436
3448 3437
3449 3438
3451 3440
3452 3441
3453 3442
3454 3443
3455 3444
3456 3445
3457 3446
3458 3447
3459 3448
3461 3450
3462 3451
3463 3452
3464 3453
3465 3454
3466 3455
3467 3456
3468 3457
3469 3458
3471 3460
3472 3461
3473 3462
3474 3463
3475 3464
3476 3465
3477 3466
3478 3467
3479 3468
3481 3470
3482 3471
3483 3472
3484 3473
3485 3474
3486 3475
3487 3476
3488 3477
3489 3478
3491 3480
3492 3481
3493 3482
3494 3483
3495 3484
3496 3485
3497 3486
3498 3487
3499 3488
3501 3490
3502 3491
3503 3492
3504 3493
3505 3494
3506 3495
3507 3496
3508 3497
3509 3498
3511 3500
3512 3501
3513 3502
3514 3503
3515 3504
3516 3505
3517 3506
3518 3507
3519 3508
3521 3510
3522 3511
3523 3512
3524 3513
3525 3514
3526 3515
3527 3516
3528 3517
3529 3518
3531 3520
3532 3521
3533 3522
3534 3523
3535 3524
3536 3525
3537 3526
3538 3527
3539 3528
3541 3530
3542 3531
3543 3532
3544 3533
3545 3534
3546 3535
3547 3536
3548 3537
3549 3538
3551 3540
3552 3541
3553 3542
3554 3543
3555 3544
3556 3545
3557 3546
3558 3547
3559 3548
3561 3550
3562 3551
3563 3552
3564 3553
3565 3554
3566 3555
3567 3556
3568 3557
3569 3558
3571 3560
3572 3561
3573 3562
3574 3563
3575 3564
3576 3565
3577 3566
3578 3567
3579 3568
3581 3570
3582 3571
3583 3572
3584 3573
3585 3574
3586 3575
3587 3576
3588 3577
3589 3578
3591 3580
3592 3581
3593 3582
3594 3583
3595 3584
3596 3585
3597 3586
3598 3587
3599 3588
3611 3600
3612 3601
3613 3602
3614 3603
3615 3604
3616 3605
3617 3606
3618 3607
3619 3608
3621 3610
3622 3611
3623 3612
3624 3613
3625 3614
3626 3615
3627 3616
3628 3617
3629 3618
3631 3620
3632 3621
3633 3622
3634 3623
3635 3624
3636 3625
3637 3626
3638 3627
3639 3628
3641 3630
3642 3631
3643 3632
3644 3633
3645 3634
3646 3635
3647 3636
3648 3637
3649 3638
3651 3640
3652 3641
3653 3642
3654 3643
3655 3644
3656 3645
3657 3646
3658 3647
3659 3648
3661 3650
3662 3651
3663 3652
3664 3653
3665 3654
3666 3655
3667 3656
3668 3657
3669 3658
3671 3660
3672 3661
3673 3662
3674 3663
3675 3664
3676 3665
3677 3666
3678 3667
3679 3668
3681 3670
3682 3671
3683 3672
3684 3673
3685 3674
3686 3675
3687 3676
3688 3677
3689 3678
3691 3680
3692 3681
3693 3682
3694 3683
3695 3684
3696 3685
3697 3686
3698 3687
3699 3688
3701 3690
3702 3691
3703 3692
3704 3693
3705 3694
3706 3695
3707 3696
3708 3697
3709 3698
3711 3700
3712 3701
3713 3702
3714 3703
3715 3704
3716 3705
3717 3706
3718 3707
3719 3708
3721 3710
3722 3711
3723 3712
3724 3713
3725 3714
3726 3715
3727 3716
3728 3717
3729 3718
3731 3720
3732 3721
3733 3722
3734 3723
3735 3724
3736 3725
3737 3726
3738 3727
3739 3728
3741 3730
3742 3731
3743 3732
3744 3733
3745 3734
3746 3735
3747 3736
3748 3737
3749 3738
3751 3740
3752 3741
3753 3742
3754 3743
3755 3744
3756 3745
3757 3746
3758 3747
3759 3748
3761 3750
3762 3751
3763 3752
3764 3753
3765 3754
3766 3755
3767 3756
3768 3757
3769 3758
3771 3760
3772 3761
3773 3762
3774 3763
3775 3764
3776 3765
3777 3766
3778 3767
3779 3768
3781 3770
3782 3771
3783 3772
3784 3773
3785 3774
3786 3775
3787 3776
3788 3777
3789 3778
3791 3780
3792 3781
3793 3782
3794 3783
3795 3784
3796 3785
3797 3786
3798 3787
3799 3788
3801 3790
3802 3791
3803 3792
3804 3793
3805 3794
3806 3795
3807 3796
3808 3797
3809 3798
3811 3800
3812 3801
3813 3802
3814 3803
3815 3804
3816 3805
3817 3806
3818 3807
3819 3808
3821 3810
3822 3811
3823 3812
3824 3813
3825 3814
3826 3815
3827 3816
3828 3817
3829 3818
3831 3820
3832 3821
3833 3822
3834 3823
3835 3824
3836 3825
3837 3826
3838 3827
3839 3828
3841 3830
3842 3831
3843 3832
3844 3833
3845 3834
3846 3835
3847 3836
3848 3837
3849 3838
3851 3840
3852 3841
3853 3842
3854 3843
3855 3844
3856 3845
3857 3846
3858 3847
3859 3848
3861 3850
3862 3851
3863 3852
3864 3853
3865 3854
3866 3855
3867 3856
3868 3857
3869 3858
3871 3860
3872 3861
3873 3862
3874 3863
3875 3864
3876 3865
3877 3866
3878 3867
3879 3868
3881 3870
3882 3871
3883 3872
3884 3873
3885 3874
3886 3875
3887 3876
3888 3877
3889 3878
3891 3880
3892 3881
3893 3882
3894 3883
3895 3884
3896 3885
3897 3886
3898 3887
3899 3888
3911 3900
3912 3901
3913 3902
3914 3903
3915 3904
3916 3905
3917 3906
3918 3907
3919 3908
3921 3910
3922 3911
3923 3912
3924 3913
3925 3914
3926 3915
3927 3916
3928 3917
3929 3918
3931 3920
3932 3921
3933 3922
3934 3923
3935 3924
3936 3925
3937 3926
3938 3927
3939 3928
3941 3930
3942 3931
3943 3932
3944 3933
3945 3934
3946 3935
3947 3936
3948 3937
3949 3938
3951 3940
3952 3941
3953 3942
3954 3943
3955 3944
3956 3945
3957 3946
3958 3947
3959 3948
3961 3950
3962 3951
3963 3952
3964 3953
3965 3954
3966 3955
3967 3956
3968 3957
3969 3958
3971 3960
3972 3961
3973 3962
3974 3963
3975 3964
3976 3965
3977 3966
3978 3967
3979 3968
3981 3970
3982 3971
3983 3972
3984 3973
3985 3974
3986 3975
3987 3976
3988 3977
3989 3978
3991 3980
3992 3981
3993 3982
3994 3983
3995 3984
3996 3985
3997 3986
3998 3987
3999 3988
4001 3990
4002 3991
4003 3992
4004 3993
4005 3994
4006 3995
4007 3996
4008 3997
4009 3998
4011 4000
4012 4001
4013 4002
4014 4003
4015 4004
4016 4005
4017 4006
4018 4007
4019 4008
4021 4010
4022 4011
4023 4012
4024 4013
4025 4014
4026 4015
4027 4016
4028 4017
4029 4018
4031 4020
4032 4021
4033 4022
4034 4023
4035 4024
4036 4025
4037 4026
4038 4027
4039 4028
4041 4030
4042 4031
4043 4032
4044 4033
4045 4034
4046 4035
4047 4036
4048 4037
4049 4038
4051 4040
4052 4041
4053 4042
4054 4043
4055 4044
4056 4045
4057 4046
4058 4047
4059 4048
4061 4050
4062 4051
4063 4052
4064 4053
4065 4054
4066 4055
4067 4056
4068 4057
4069 4058
4071 4060
4072 4061
4073 4062
4074 4063
4075 4064
4076 4065
4077 4066
4078 4067
4079 4068
4081 4070
4082 4071
4083 4072
4084 4073
4085 4074
4086 4075
4087 4076
4088 4077
4089 4078
4091 4080
4092 4081
4093 4082
4094 4083
4095 4084
4096 4085
4097 4086
4098 4087
4099 4088
4101 4090
4102 4091
4103 4092
4104 4093
4105 4094
4106 4095
4107 4096
4108 4097
4109 4098
4111 4100
4112 4101
4113 4102
4114 4103
4115 4104
4116 4105
4117 4106
4118 4107
4119 4108
4121 4110
4122 4111
4123 4112
4124 4113
4125 4114
4126 4115
4127 4116
4128 4117
4129 4118
4131 4120
4132 4121
4133 4122
4134 4123
4135 4124
4136 4125
4137 4126
4138 4127
4139 4128
4141 4130
4142 4131
4143 4132
4144 4133
4145 4134
4146 4135
4147 4136
4148 4137
4149 4138
4151 4140
4152 4141
4153 4142
4154 4143
4155 4144
4156 4145
4157 4146
4158 4147
4159 4148
4161 4150
4162 4151
4163 4152
4164 4153
4165 4154
4166 4155
4167 4156
4168 4157
4169 4158
4171 4160
4172 4161
4173 4162
4174 4163
4175 4164
4176 4165
4177 4166
4178 4167
4179 4168
4181 4170
4182 4171
4183 4172
4184 4173
4185 4174
4186 4175
4187 4176
4188 4177
4189 4178
4191 4180
4192 4181
4193 4182
4194 4183
4195 4184
4196 4185
4197 4186
4198 4187
4199 4188
4211 4200
4212 4201
4213 4202
4214 4203
4215 4204
4216 4205
4217 4206
4218 4207
4219 4208
4221 4210
4222 4211
4223 4212
4224 4213
4225 4214
4226 4215
4227 4216
4228 4217
4229 4218
4231 4220
4232 4221
4233 4222
4234 4223
4235 4224
4236 4225
4237 4226
4238 4227
4239 4228
4241 4230
4242 4231
4243 4232
4244 4233
4245 4234
4246 4235
4247 4236
4248 4237
4249 4238
4251 4240
4252 4241
4253 4242
4254 4243
4255 4244
4256 4245
4257 4246
4258 4247
4259 4248
4261 4250
4262 4251
4263 4252
4264 4253
4265 4254
4266 4255
4267 4256
4268 4257
4269 4258
4271 4260
4272 4261
4273 4262
4274 4263
4275 4264
4276 4265
4277 4266
4278 4267
4279 4268
4281 4270
4282 4271
4283 4272
4284 4273
4285 4274
4286 4275
4287 4276
4288 4277
4289 4278
4291 4280
4292 4281
4293 4282
4294 4283
4295 4284
4296 4285
4297 4286
4298 4287
4299 4288
4301 4290
4302 4291
4303 4292
4304 4293
4305 4294
4306 4295
4307 4296
4308 4297
4309 4298
4311 4300
4312 4301
4313 4302
4314 4303
4315 4304
4316 4305
4317 4306
4318 4307
4319 4308
4321 4310
4322 4311
4323 4312
4324 4313
4325 4314
4326 4315
4327 4316
4328 4317
4329 4318
4331 4320
4332 4321
4333 4322
4334 4323
4335 4324
4336 4325
4337 4326
4338 4327
4339 4328
4341 4330
4342 4331
4343 4332
4344 4333
4345 4334
4346 4335
4347 4336
4348 4337
4349 4338
4351 4340
4352 4341
4353 4342
4354 4343
4355 4344
4356 4345
4357 4346
4358 4347
4359 4348
4361 4350
4362 4351
4363 4352
4364 4353
4365 4354
4366 4355
4367 4356
4368 4357
4369 4358
4371 4360
4372 4361
4373 4362
4374 4363
4375 4364
4376 4365
4377 4366
4378 4367
4379 4368
4381 4370
4382 4371
4383 4372
4384 4373
4385 4374
4386 4375
4387 4376
4388 4377
4389 4378
4391 4380
4392 4381
4393 4382
4394 4383
4395 4384
4396 4385
4397 4386
4398 4387
4399 4388
4401 4390
4402 4391
4403 4392
4404 4393
4405 4394
4406 4395
4407 4396
4408 4397
4409 4398
4411 4400
4412 4401
4413 4402
4414 4403
4415 4404
4416 4405
4417 4406
4418 4407
4419 4408
4421 4410
4422 4411
4423 4412
4424 4413
4425 4414
4426 4415
4427 4416
4428 4417
4429 4418
4431 4420
4432 4421
4433 4422
4434 4423
4435 4424
4436 4425
4437 4426
4438 4427
4439 4428
4441 4430
4442 4431
4443 4432
4444 4433
4445 4434
4446 4435
4447 4436
4448 4437
4449 4438
4451 4440
4452 4441
4453 4442
4454 4443
4455 4444
4456 4445
4457 4446
4458 4447
4459 4448
4461 4450
4462 4451
4463 4452
4464 4453
4465 4454
4466 4455
4467 4456
4468 4457
4469 4458
4471 4460
4472 4461
4473 4462
4474 4463
4475 4464
4476 4465
4477 4466
4478 4467
4479 4468
4481 4470
4482 4471
4483 4472
4484 4473
4485 4474
4486 4475
4487 4476
4488 4477
4489 4478
4491 4480
4492 4481
4493 4482
4494 4483
4495 4484
4496 4485
4497 4486
4498 4487
4499 4488
4511 4500
4512 4501
4513 4502
4514 4503
4515 4504
4516 4505
4517 4506
4518 4507
4519 4508
4521 4510
4522 4511
4523 4512
4524 4513
4525 4514
4526 4515
4527 4516
4528 4517
4529 4518
4531 4520
4532 4521
4533 4522
4534 4523
4535 4524
4536 4525
4537 4526
4538 4527
4539 4528
4541 4530
4542 4531
4543 4532
4544 4533
4545 4534
4546 4535
4547 4536
4548 4537
4549 4538
4551 4540
4552 4541
4553 4542
4554 4543
4555 4544
4556 4545
4557 4546
4558 4547
4559 4548
4561 4550
4562 4551
4563 4552
4564 4553
4565 4554
4566 4555
4567 4556
4568 4557
4569 4558
4571 4560
4572 4561
4573 4562
4574 4563
4575 4564
4576 4565
4577 4566
4578 4567
4579 4568
4581 4570
4582 4571
4583 4572
4584 4573
4585 4574
4586 4575
4587 4576
4588 4577
4589 4578
4591 4580
4592 4581
4593 4582
4594 4583
4595 4584
4596 4585
4597 4586
4598 4587
4599 4588
4601 4590
4602 4591
4603 4592
4604 4593
4605 4594
4606 4595
4607 4596
4608 4597
4609 4598
4611 4600
4612 4601
4613 4602
4614 4603
4615 4604
4616 4605
4617 4606
4618 4607
4619 4608
4621 4610
4622 4611
4623 4612
4624 4613
4625 4614
4626 4615
4627 4616
4628 4617
4629 4618
4631 4620
4632 4621
4633 4622
4634 4623
4635 4624
4636 4625
4637 4626
4638 4627
4639 4628
4641 4630
4642 4631
4643 4632
4644 4633
4645 4634
4646 4635
4647 4636
4648 4637
4649 4638
4651 4640
4652 4641
4653 4642
4654 4643
4655 4644
4656 4645
4657 4646
4658 4647
4659 4648
4661 4650
4662 4651
4663 4652
4664 4653
4665 4654
4666 4655
4667 4656
4668 4657
4669 4658
4671 4660
4672 4661
4673 4662
4674 4663
4675 4664
4676 4665
4677 4666
4678 4667
4679 4668
4681 4670
4682 4671
4683 4672
4684 4673
4685 4674
4686 4675
4687 4676
4688 4677
4689 4678
4691 4680
4692 4681
4693 4682
4694 4683
4695 4684
4696 4685
4697 4686
4698 4687
4699 4688
4701 4690
4702 4691
4703 4692
4704 4693
4705 4694
4706 4695
4707 4696
4708 4697
4709 4698
4711 4700
4712 4701
4713 4702
4714 4703
4715 4704
4716 4705
4717 4706
4718 4707
4719 4708
4721 4710
4722 4711
4723 4712
4724 4713
4725 4714
4726 4715
4727 4716
4728 4717
4729 4718
4731 4720
4732 4721
4733 4722
4734 4723
4735 4724
4736 4725
4737 4726
4738 4727
4739 4728
4741 4730
4742 4731
4743 4732
4744 4733
4745 4734
4746 4735
4747 4736
4748 4737
4749 4738
4751 4740
4752 4741
4753 4742
4754 4743
4755 4744
4756 4745
4757 4746
4758 4747
4759 4748
4761 4750
4762 4751
4763 4752
4764 4753
4765 4754
4766 4755
4767 4756
4768 4757
4769 4758
4771 4760
4772 4761
4773 4762
4774 4763
4775 4764
4776 4765
4777 4766
4778 4767
4779 4768
4781 4770
4782 4771
4783 4772
4784 4773
4785 4774
4786 4775
4787 4776
4788 4777
4789 4778
4791 4780
4792 4781
4793 4782
4794 4783
4795 4784
4796 4785
4797 4786
4798 4787
4799 4788
4811 4800
4812 4801
4813 4802
4814 4803
4815 4804
4816 4805
4817 4806
4818 4807
4819 4808
4821 4810
4822 4811
4823 4812
4824 4813
4825 4814
4826 4815
4827 4816
4828 4817
4829 4818
4831 4820
4832 4821
4833 4822
4834 4823
4835 4824
4836 4825
4837 4826
4838 4827
4839 4828
4841 4830
4842 4831
4843 4832
4844 4833
4845 4834
4846 4835
4847 4836
4848 4837
4849 4838
4851 4840
4852 4841
4853 4842
4854 4843
4855 4844
4856 4845
4857 4846
4858 4847
4859 4848
4861 4850
4862 4851
4863 4852
4864 4853
4865 4854
4866 4855
4867 4856
4868 4857
4869 4858
4871 4860
4872 4861
4873 4862
4874 4863
4875 4864
4876 4865
4877 4866
4878 4867
4879 4868
4881 4870
4882 4871
4883 4872
4884 4873
4885 4874
4886 4875
4887 4876
4888 4877
4889 4878
4891 4880
4892 4881
4893 4882
4894 4883
4895 4884
4896 4885
4897 4886
4898 4887
4899 4888
4901 4890
4902 4891
4903 4892
4904 4893
4905 4894
4906 4895
4907 4896
4908 4897
4909 4898
4911 4900
4912 4901
4913 4902
4914 4903
4915 4904
4916 4905
4917 4906
4918 4907
4919 4908
4921 4910
4922 4911
4923 4912
4924 4913
4925 4914
4926 4915
4927 4916
4928 4917
4929 4918
4931 4920
4932 4921
4933 4922
4934 4923
4935 4924
4936 4925
4937 4926
4938 4927
4939 4928
4941 4930
4942 4931
4943 4932
4944 4933
4945 4934
4946 4935
4947 4936
4948 4937
4949 4938
4951 4940
4952 4941
4953 4942
4954 4943
4955 4944
4956 4945
4957 4946
4958 4947
4959 4948
4961 4950
4962 4951
4963 4952
4964 4953
4965 4954
4966 4955
4967 4956
4968 4957
4969 4958
4971 4960
4972 4961
4973 4962
4974 4963
4975 4964
4976 4965
4977 4966
4978 4967
4979 4968
4981 4970
4982 4971
4983 4972
4984 4973
4985 4974
4986 4975
4987 4976
4988 4977
4989 4978
4991 4980
4992 4981
4993 4982
4994 4983
4995 4984
4996 4985
4997 4986
4998 4987
4999 4988
5001 4990
5002 4991
5003 4992
5004 4993
5005 4994
5006 4995
5007 4996
5008 4997
5009 4998
5011 5000
5012 5001
5013 5002
5014 5003
5015 5004
5016 5005
5017 5006
5018 5007
5019 5008
5021 5010
5022 5011
5023 5012
5024 5013
5025 5014
5026 5015
5027 5016
5028 5017
5029 5018
5031 5020
5032 5021
5033 5022
5034 5023
5035 5024
5036 5025
5037 5026
5038 5027
5039 5028
5041 5030
5042 5031
5043 5032
5044 5033
5045 5034
5046 5035
5047 5036
5048 5037
5049 5038
5051 5040
5052 5041
5053 5042
5054 5043
5055 5044
5056 5045
5057 5046
5058 5047
5059 5048
5061 5050
5062 5051
5063 5052
5064 5053
5065 5054
5066 5055
5067 5056
5068 5057
5069 5058
5071 5060
5072 5061
5073 5062
5074 5063
5075 5064
5076 5065
5077 5066
5078 5067
5079 5068
5081 5070
5082 5071
5083 5072
5084 5073
5085 5074
5086 5075
5087 5076
5088 5077
5089 5078
5091 5080
5092 5081
5093 5082
5094 5083
5095 5084
5096 5085
5097 5086
5098 5087
5099 5088
5111 5100
5112 5101
5113 5102
5114 5103
5115 5104
5116 5105
5117 5106
5118 5107
5119 5108
5121 5110
5122 5111
5123 5112
5124 5113
5125 5114
5126 5115
5127 5116
5128 5117
5129 5118
5131 5120
5132 5121
5133 5122
5134 5123
5135 5124
5136 5125
5137 5126
5138 5127
5139 5128
5141 5130
5142 5131
5143 5132
5144 5133
5145 5134
5146 5135
5147 5136
5148 5137
5149 5138
5151 5140
5152 5141
5153 5142
5154 5143
5155 5144
5156 5145
5157 5146
5158 5147
5159 5148
5161 5150
5162 5151
5163 5152
5164 5153
5165 5154
5166 5155
5167 5156
5168 5157
5169 5158
5171 5160
5172 5161
5173 5162
5174 5163
5175 5164
5176 5165
5177 5166
5178 5167
5179 5168
5181 5170
5182 5171
5183 5172
5184 5173
5185 5174
5186 5175
5187 5176
5188 5177
5189 5178
5191 5180
5192 5181
5193 5182
5194 5183
5195 5184
5196 5185
5197 5186
5198 5187
5199 5188
5201 5190
5202 5191
5203 5192
5204 5193
5205 5194
5206 5195
5207 5196
5208 5197
5209 5198
5211 5200
5212 5201
5213 5202
5214 5203
5215 5204
5216 5205
5217 5206
5218 5207
5219 5208
5221 5210
5222 5211
5223 5212
5224 5213
5225 5214
5226 5215
5227 5216
5228 5217
5229 5218
5231 5220
5232 5221
5233 5222
5234 5223
5235 5224
5236 5225
5237 5226
5238 5227
5239 5228
5241 5230
5242 5231
5243 5232
5244 5233
5245 5234
5246 5235
5247 5236
5248 5237
5249 5238
5251 5240
5252 5241
5253 5242
5254 5243
5255 5244
5256 5245
5257 5246
5258 5247
5259 5248
5261 5250
5262 5251
5263 5252
5264 5253
5265 5254
5266 5255
5267 5256
5268 5257
5269 5258
5271 5260
5272 5261
5273 5262
5274 5263
5275 5264
5276 5265
5277 5266
5278 5267
5279 5268
5281 5270
5282 5271
5283 5272
5284 5273
5285 5274
5286 5275
5287 5276
5288 5277
5289 5278
5291 5280
5292 5281
5293 5282
5294 5283
5295 5284
5296 5285
5297 5286
5298 5287
5299 5288
5301 5290
5302 5291
5303 5292
5304 5293
5305 5294
5306 5295
5307 5296
5308 5297
5309 5298
5311 5300
5312 5301
5313 5302
5314 5303
5315 5304
5316 5305
5317 5306
5318 5307
5319 5308
5321 5310
5322 5311
5323 5312
5324 5313
5325 5314
5326 5315
5327 5316
5328 5317
5329 5318
5331 5320
5332 5321
5333 5322
5334 5323
5335 5324
5336 5325
5337 5326
5338 5327
5339 5328
5341 5330
5342 5331
5343 5332
5344 5333
5345 5334
5346 5335
5347 5336
5348 5337
5349 5338
5351 5340
5352 5341
5353 5342
5354 5343
5355 5344
5356 5345
5357 5346
5358 5347
5359 5348
5361 5350
5362 5351
5363 5352
5364 5353
5365 5354
5366 5355
5367 5356
5368 5357
5369 5358
5371 5360
5372 5361
5373 5362
5374 5363
5375 5364
5376 5365
5377 5366
5378 5367
5379 5368
5381 5370
5382 5371
5383 5372
5384 5373
5385 5374
5386 5375
5387 5376
5388 5377
5389 5378
5391 5380
5392 5381
5393 5382
5394 5383
5395 5384
5396 5385
5397 5386
5398 5387
5399 5388
5411 5400
5412 5401
5413 5402
5414 5403
5415 5404
5416 5405
5417 5406
5418 5407
5419 5408
5421 5410
5422 5411
5423 5412
5424 5413
5425 5414
5426 5415
5427 5416
5428 5417
5429 5418
5431 5420
5432 5421
5433 5422
5434 5423
5435 5424
5436 5425
5437 5426
5438 5427
5439 5428
5441 5430
5442 5431
5443 5432
5444 5433
5445 5434
5446 5435
5447 5436
5448 5437
5449 5438
5451 5440
5452 5441
5453 5442
5454 5443
5455 5444
5456 5445
5457 5446
5458 5447
5459 5448
5461 5450
5462 5451
5463 5452
5464 5453
5465 5454
5466 5455
5467 5456
5468 5457
5469 5458
5471 5460
5472 5461
5473 5462
5474 5463
5475 5464
5476 5465
5477 5466
5478 5467
5479 5468
5481 5470
5482 5471
5483 5472
5484 5473
5485 5474
5486 5475
5487 5476
5488 5477
5489 5478
5491 5480
5492 5481
5493 5482
5494 5483
5495 5484
5496 5485
5497 5486
5498 5487
5499 5488
5501 5490
5502 5491
5503 5492
5504 5493
5505 5494
5506 5495
5507 5496
5508 5497
5509 5498
5511 5500
5512 5501
5513 5502
5514 5503
5515 5504
5516 5505
5517 5506
5518 5507
5519 5508
5521 5510
5522 5511
5523 5512
5524 5513
5525 5514
5526 5515
5527 5516
5528 5517
5529 5518
5531 5520
5532 5521
5533 5522
5534 5523
5535 5524
5536 5525
5537 5526
5538 5527
5539 5528
5541 5530
5542 5531
5543 5532
5544 5533
5545 5534
5546 5535
5547 5536
5548 5537
5549 5538
5551 5540
5552 5541
5553 5542
5554 5543
5555 5544
5556 5545
5557 5546
5558 5547
5559 5548
5561 5550
5562 5551
5563 5552
5564 5553
5565 5554
5566 5555
5567 5556
5568 5557
5569 5558
5571 5560
5572 5561
5573 5562
5574 5563
5575 5564
5576 5565
5577 5566
5578 5567
5579 5568
5581 5570
5582 5571
5583 5572
5584 5573
5585 5574
5586 5575
5587 5576
5588 5577
5589 5578
5591 5580
5592 5581
5593 5582
5594 5583
5595 5584
5596 5585
5597 5586
5598 5587
5599 5588
5601 5590
5602 5591
5603 5592
5604 5593
5605 5594
5606 5595
5607 5596
5608 5597
5609 5598
5611 5600
5612 5601
5613 5602
5614 5603
5615 5604
5616 5605
5617 5606
5618 5607
5619 5608
5621 5610
5622 5611
5623 5612
5624 5613
5625 5614
5626 5615
5627 5616
5628 5617
5629 5618
5631 5620
5632 5621
5633 5622
5634 5623
5635 5624
5636 5625
5637 5626
5638 5627
5639 5628
5641 5630
5642 5631
5643 5632
5644 5633
5645 5634
5646 5635
5647 5636
5648 5637
5649 5638
5651 5640
5652 5641
5653 5642
5654 5643
5655 5644
5656 5645
5657 5646
5658 5647
5659 5648
5661 5650
5662 5651
5663 5652
5664 5653
5665 5654
5666 5655
5667 5656
5668 5657
5669 5658
5671 5660
5672 5661
5673 5662
5674 5663
5675 5664
5676 5665
5677 5666
5678 5667
5679 5668
5681 5670
5682 5671
5683 5672
5684 5673
5685 5674
5686 5675
5687 5676
5688 5677
5689 5678
5691 5680
5692 5681
5693 5682
5694 5683
5695 5684
5696 5685
5697 5686
5698 5687
5699 5688
5711 5700
5712 5701
5713 5702
5714 5703
5715 5704
5716 5705
5717 5706
5718 5707
5719 5708
5721 5710
5722 5711
5723 5712
5724 5713
5725 5714
5726 5715
5727 5716
5728 5717
5729 5718
5731 5720
5732 5721
5733 5722
5734 5723
5735 5724
5736 5725
5737 5726
5738 5727
5739 5728
5741 5730
5742 5731
5743 5732
5744 5733
5745 5734
5746 5735
5747 5736
5748 5737
5749 5738
5751 5740
5752 5741
5753 5742
5754 5743
5755 5744
5756 5745
5757 5746
5758 5747
5759 5748
5761 5750
5762 5751
5763 5752
5764 5753
5765 5754
5766 5755
5767 5756
5768 5757
5769 5758
5771 5760
5772 5761
5773 5762
5774 5763
5775 5764
5776 5765
5777 5766
5778 5767
5779 5768
5781 5770
5782 5771
5783 5772
5784 5773
5785 5774
5786 5775
5787 5776
5788 5777
5789 5778
5791 5780
5792 5781
5793 5782
5794 5783
5795 5784
5796 5785
5797 5786
5798 5787
5799 5788
5801 5790
5802 5791
5803 5792
5804 5793
5805 5794
5806 5795
5807 5796
5808 5797
5809 5798
5811 5800
5812 5801
5813 5802
5814 5803
5815 5804
5816 5805
5817 5806
5818 5807
5819 5808
5821 5810
5822 5811
5823 5812
5824 5813
5825 5814
5826 5815
5827 5816
5828 5817
5829 5818
5831 5820
5832 5821
5833 5822
5834 5823
5835 5824
5836 5825
5837 5826
5838 5827
5839 5828
5841 5830
5842 5831
5843 5832
5844 5833
5845 5834
5846 5835
5847 5836
5848 5837
5849 5838
5851 5840
5852 5841
5853 5842
5854 5843
5855 5844
5856 5845
5857 5846
5858 5847
5859 5848
5861 5850
5862 5851
5863 5852
5864 5853
5865 5854
5866 5855
5867 5856
5868 5857
5869 5858
5871 5860
5872 5861
5873 5862
5874 5863
5875 5864
5876 5865
5877 5866
5878 5867
5879 5868
5881 5870
5882 5871
5883 5872
5884 5873
5885 5874
5886 5875
5887 5876
5888 5877
5889 5878
5891 5880
5892 5881
5893 5882
5894 5883
5895 5884
5896 5885
5897 5886
5898 5887
5899 5888
5901 5890
5902 5891
5903 5892
5904 5893
5905 5894
5906 5895
5907 5896
5908 5897
5909 5898
5911 5900
5912 5901
5913 5902
5914 5903
5915 5904
5916 5905
5917 5906
5918 5907
5919 5908
5921 5910
5922 5911
5923 5912
5924 5913
5925 5914
5926 5915
5927 5916
5928 5917
5929 5918
5931 5920
5932 5921
5933 5922
5934 5923
5935 5924
5936 5925
5937 5926
5938 5927
5939 5928
5941 5930
5942 5931
5943 5932
5944 5933
5945 5934
5946 5935
5947 5936
5948 5937
5949 5938
5951 5940
5952 5941
5953 5942
5954 5943
5955 5944
5956 5945
5957 5946
5958 5947
5959 5948
5961 5950
5962 5951
5963 5952
5964 5953
5965 5954
5966 5955
5967 5956
5968 5957
5969 5958
5971 5960
5972 5961
5973 5962
5974 5963
5975 5964
5976 5965
5977 5966
5978 5967
5979 5968
5981 5970
5982 5971
5983 5972
5984 5973
5985 5974
5986 5975
5987 5976
5988 5977
5989 5978
5991 5980
5992 5981
5993 5982
5994 5983
5995 5984
5996 5985
5997 5986
5998 5987
5999 5988
6011 6000
6012 6001
6013 6002
6014 6003
6015 6004
6016 6005
6017 6006
6018 6007
6019 6008
6021 6010
6022 6011
6023 6012
6024 6013
6025 6014
6026 6015
6027 6016
6028 6017
6029 6018
6031 6020
6032 6021
6033 6022
6034 6023
6035 6024
6036 6025
6037 6026
6038 6027
6039 6028
6041 6030
6042 6031
6043 6032
6044 6033
6045 6034
6046 6035
6047 6036
6048 6037
6049 6038
6051 6040
6052 6041
6053 6042
6054 6043
6055 6044
6056 6045
6057 6046
6058 6047
6059 6048
6061 6050
6062 6051
6063 6052
6064 6053
6065 6054
6066 6055
6067 6056
6068 6057
6069 6058
6071 6060
6072 6061
6073 6062
6074 6063
6075 6064
6076 6065
6077 6066
6078 6067
6079 6068
6081 6070
6082 6071
6083 6072
6084 6073
6085 6074
6086 6075
6087 6076
6088 6077
6089 6078
6091 6080
6092 6081
6093 6082
6094 6083
6095 6084
6096 6085
6097 6086
6098 6087
6099 6088
6101 6090
6102 6091
6103 6092
6104 6093
6105 6094
6106 6095
6107 6096
6108 6097
6109 6098
6111 6100
6112 6101
6113 6102
6114 6103
6115 6104
6116 6105
6117 6106
6118 6107
6119 6108
6121 6110
6122 6111
6123 6112
6124 6113
6125 6114
6126 6115
6127 6116
6128 6117
6129 6118
6131 6120
6132 6121
6133 6122
6134 6123
6135 6124
6136 6125
6137 6126
6138 6127
6139 6128
6141 6130
6142 6131
6143 6132
6144 6133
6145 6134
6146 6135
6147 6136
6148 6137
6149 6138
6151 6140
6152 6141
6153 6142
6154 6143
6155 6144
6156 6145
6157 6146
6158 6147
6159 6148
6161 6150
6162 6151
6163 6152
6164 6153
6165 6154
6166 6155
6167 6156
6168 6157
6169 6158
6171 6160
6172 6161
6173 6162
6174 6163
6175 6164
6176 6165
6177 6166
6178 6167
6179 6168
6181 6170
6182 6171
6183 6172
6184 6173
6185 6174
6186 6175
6187 6176
6188 6177
6189 6178
6191 6180
6192 6181
6193 6182
6194 6183
6195 6184
6196 6185
6197 6186
6198 6187
6199 6188
6201 6190
6202 6191
6203 6192
6204 6193
6205 6194
6206 6195
6207 6196
6208 6197
6209 6198
6211 6200
6212 6201
6213 6202
6214 6203
6215 6204
6216 6205
6217 6206
6218 6207
6219 6208
6221 6210
6222 6211
6223 6212
6224 6213
6225 6214
6226 6215
6227 6216
6228 6217
6229 6218
6231 6220
6232 6221
6233 6222
6234 6223
6235 6224
6236 6225
6237 6226
6238 6227
6239 6228
6241 6230
6242 6231
6243 6232
6244 6233
6245 6234
6246 6235
6247 6236
6248 6237
6249 6238
6251 6240
6252 6241
6253 6242
6254 6243
6255 6244
6256 6245
6257 6246
6258 6247
6259 6248
6261 6250
6262 6251
6263 6252
6264 6253
6265 6254
6266 6255
6267 6256
6268 6257
6269 6258
6271 6260
6272 6261
6273 6262
6274 6263
6275 6264
6276 6265
6277 6266
6278 6267
6279 6268
6281 6270
6282 6271
6283 6272
6284 6273
6285 6274
6286 6275
6287 6276
6288 6277
6289 6278
6291 6280
6292 6281
6293 6282
6294 6283
6295 6284
6296 6285
6297 6286
6298 6287
6299 6288
6311 6300
6312 6301
6313 6302
6314 6303
6315 6304
6316 6305
6317 6306
6318 6307
6319 6308
6321 6310
6322 6311
6323 6312
6324 6313
6325 6314
6326 6315
6327 6316
6328 6317
6329 6318
6331 6320
6332 6321
6333 6322
6334 6323
6335 6324
6336 6325
6337 6326
6338 6327
6339 6328
6341 6330
6342 6331
6343 6332
6344 6333
6345 6334
6346 6335
6347 6336
6348 6337
6349 6338
6351 6340
6352 6341
6353 6342
6354 6343
6355 6344
6356 6345
6357 6346
6358 6347
6359 6348
6361 6350
6362 6351
6363 6352
6364 6353
6365 6354
6366 6355
6367 6356
6368 6357
6369 6358
6371 6360
6372 6361
6373 6362
6374 6363
6375 6364
6376 6365
6377 6366
6378 6367
6379 6368
6381 6370
6382 6371
6383 6372
6384 6373
6385 6374
6386 6375
6387 6376
6388 6377
6389 6378
6391 6380
6392 6381
6393 6382
6394 6383
6395 6384
6396 6385
6397 6386
6398 6387
6399 6388
6401 6390
6402 6391
6403 6392
6404 6393
6405 6394
6406 6395
6407 6396
6408 6397
6409 6398
6411 6400
6412 6401
6413 6402
6414 6403
6415 6404
6416 6405
6417 6406
6418 6407
6419 6408
6421 6410
6422 6411
6423 6412
6424 6413
6425 6414
6426 6415
6427 6416
6428 6417
6429 6418
6431 6420
6432 6421
6433 6422
6434 6423
6435 6424
6436 6425
6437 6426
6438 6427
6439 6428
6441 6430
6442 6431
6443 6432
6444 6433
6445 6434
6446 6435
6447 6436
6448 6437
6449 6438
6451 6440
6452 6441
6453 6442
6454 6443
6455 6444
6456 6445
6457 6446
6458 6447
6459 6448
6461 6450
6462 6451
6463 6452
6464 6453
6465 6454
6466 6455
6467 6456
6468 6457
6469 6458
6471 6460
6472 6461
6473 6462
6474 6463
6475 6464
6476 6465
6477 6466
6478 6467
6479 6468
6481 6470
6482 6471
6483 6472
6484 6473
6485 6474
6486 6475
6487 6476
6488 6477
6489 6478
6491 6480
6492 6481
6493 6482
6494 6483
6495 6484
6496 6485
6497 6486
6498 6487
6499 6488
6501 6490
6502 6491
6503 6492
6504 6493
6505 6494
6506 6495
6507 6496
6508 6497
6509 6498
6511 6500
6512 6501
6513 6502
6514 6503
6515 6504
6516 6505
6517 6506
6518 6507
6519 6508
6521 6510
6522 6511
6523 6512
6524 6513
6525 6514
6526 6515
6527 6516
6528 6517
6529 6518
6531 6520
6532 6521
6533 6522
6534 6523
6535 6524
6536 6525
6537 6526
6538 6527
6539 6528
6541 6530
6542 6531
6543 6532
6544 6533
6545 6534
6546 6535
6547 6536
6548 6537
6549 6538
6551 6540
6552 6541
6553 6542
6554 6543
6555 6544
6556 6545
6557 6546
6558 6547
6559 6548
6561 6550
6562 6551
6563 6552
6564 6553
6565 6554
6566 6555
6567 6556
6568 6557
6569 6558
6571 6560
6572 6561
6573 6562
6574 6563
6575 6564
6576 6565
6577 6566
6578 6567
6579 6568
6581 6570
6582 6571
6583 6572
6584 6573
6585 6574
6586 6575
6587 6576
6588 6577
6589 6578
6591 6580
6592 6581
6593 6582
6594 6583
6595 6584
6596 6585
6597 6586
6598 6587
6599 6588
6611 6600
6612 6601
6613 6602
6614 6603
6615 6604
6616 6605
6617 6606
6618 6607
6619 6608
6621 6610
6622 6611
6623 6612
6624 6613
6625 6614
6626 6615
6627 6616
6628 6617
6629 6618
6631 6620
6632 6621
6633 6622
6634 6623
6635 6624
6636 6625
6637 6626
6638 6627
6639 6628
6641 6630
6642 6631
6643 6632
6644 6633
6645 6634
6646 6635
6647 6636
6648 6637
6649 6638
6651 6640
6652 6641
6653 6642
6654 6643
6655 6644
6656 6645
6657 6646
6658 6647
6659 6648
6661 6650
6662 6651
6663 6652
6664 6653
6665 6654
6666 6655
6667 6656
6668 6657
6669 6658
6671 6660
6672 6661
6673 6662
6674 6663
6675 6664
6676 6665
6677 6666
6678 6667
6679 6668
6681 6670
6682 6671
6683 6672
6684 6673
6685 6674
6686 6675
6687 6676
6688 6677
6689 6678
6691 6680
6692 6681
6693 6682
6694 6683
6695 6684
6696 6685
6697 6686
6698 6687
6699 6688
6701 6690
6702 6691
6703 6692
6704 6693
6705 6694
6706 6695
6707 6696
6708 6697
6709 6698
6711 6700
6712 6701
6713 6702
6714 6703
6715 6704
6716 6705
6717 6706
6718 6707
6719 6708
6721 6710
6722 6711
6723 6712
6724 6713
6725 6714
6726 6715
6727 6716
6728 6717
6729 6718
6731 6720
6732 6721
6733 6722
6734 6723
6735 6724
6736 6725
6737 6726
6738 6727
6739 6728
6741 6730
6742 6731
6743 6732
6744 6733
6745 6734
6746 6735
6747 6736
6748 6737
6749 6738
6751 6740
6752 6741
6753 6742
6754 6743
6755 6744
6756 6745
6757 6746
6758 6747
6759 6748
6761 6750
6762 6751
6763 6752
6764 6753
6765 6754
6766 6755
6767 6756
6768 6757
6769 6758
6771 6760
6772 6761
6773 6762
6774 6763
6775 6764
6776 6765
6777 6766
6778 6767
6779 6768
6781 6770
6782 6771
6783 6772
6784 6773
6785 6774
6786 6775
6787 6776
6788 6777
6789 6778
6791 6780
6792 6781
6793 6782
6794 6783
6795 6784
6796 6785
6797 6786
6798 6787
6799 6788
6801 6790
6802 6791
6803 6792
6804 6793
6805 6794
6806 6795
6807 6796
6808 6797
6809 6798
6811 6800
6812 6801
6813 6802
6814 6803
6815 6804
6816 6805
6817 6806
6818 6807
6819 6808
6821 6810
6822 6811
6823 6812
6824 6813
6825 6814
6826 6815
6827 6816
6828 6817
6829 6818
6831 6820
6832 6821
6833 6822
6834 6823
6835 6824
6836 6825
6837 6826
6838 6827
6839 6828
6841 6830
6842 6831
6843 6832
6844 6833
6845 6834
6846 6835
6847 6836
6848 6837
6849 6838
6851 6840
6852 6841
6853 6842
6854 6843
6855 6844
6856 6845
6857 6846
6858 6847
6859 6848
6861 6850
6862 6851
6863 6852
6864 6853
6865 6854
6866 6855
6867 6856
6868 6857
6869 6858
6871 6860
6872 6861
6873 6862
6874 6863
6875 6864
6876 6865
6877 6866
6878 6867
6879 6868
6881 6870
6882 6871
6883 6872
6884 6873
6885 6874
6886 6875
6887 6876
6888 6877
6889 6878
6891 6880
6892 6881
6893 6882
6894 6883
6895 6884
6896 6885
6897 6886
6898 6887
6899 6888
6911 6900
6912 6901
6913 6902
6914 6903
6915 6904
6916 6905
6917 6906
6918 6907
6919 6908
6921 6910
6922 6911
6923 6912
6924 6913
6925 6914
6926 6915
6927 6916
6928 6917
6929 6918
6931 6920
6932 6921
6933 6922
6934 6923
6935 6924
6936 6925
6937 6926
6938 6927
6939 6928
6941 6930
6942 6931
6943 6932
6944 6933
6945 6934
6946 6935
6947 6936
6948 6937
6949 6938
6951 6940
6952 6941
6953 6942
6954 6943
6955 6944
6956 6945
6957 6946
6958 6947
6959 6948
6961 6950
6962 6951
6963 6952
6964 6953
6965 6954
6966 6955
6967 6956
6968 6957
6969 6958
6971 6960
6972 6961
6973 6962
6974 6963
6975 6964
6976 6965
6977 6966
6978 6967
6979 6968
6981 6970
6982 6971
6983 6972
6984 6973
6985 6974
6986 6975
6987 6976
6988 6977
6989 6978
6991 6980
6992 6981
6993 6982
6994 6983
6995 6984
6996 6985
6997 6986
6998 6987
6999 6988
7001 6990
7002 6991
7003 6992
7004 6993
7005 6994
7006 6995
7007 6996
7008 6997
7009 6998
7011 7000
7012 7001
7013 7002
7014 7003
7015 7004
7016 7005
7017 7006
7018 7007
7019 7008
7021 7010
7022 7011
7023 7012
7024 7013
7025 7014
7026 7015
7027 7016
7028 7017
7029 7018
7031 7020
7032 7021
7033 7022
7034 7023
7035 7024
7036 7025
7037 7026
7038 7027
7039 7028
7041 7030
7042 7031
7043 7032
7044 7033
7045 7034
7046 7035
7047 7036
7048 7037
7049 7038
7051 7040
7052 7041
7053 7042
7054 7043
7055 7044
7056 7045
7057 7046
7058 7047
7059 7048
7061 7050
7062 7051
7063 7052
7064 7053
7065 7054
7066 7055
7067 7056
7068 7057
7069 7058
7071 7060
7072 7061
7073 7062
7074 7063
7075 7064
7076 7065
7077 7066
7078 7067
7079 7068
7081 7070
7082 7071
7083 7072
7084 7073
7085 7074
7086 7075
7087 7076
7088 7077
7089 7078
7091 7080
7092 7081
7093 7082
7094 7083
7095 7084
7096 7085
7097 7086
7098 7087
7099 7088
7101 7090
7102 7091
7103 7092
7104 7093
7105 7094
7106 7095
7107 7096
7108 7097
7109 7098
7111 7100
7112 7101
7113 7102
7114 7103
7115 7104
7116 7105
7117 7106
7118 7107
7119 7108
7121 7110
7122 7111
7123 7112
7124 7113
7125 7114
7126 7115
7127 7116
7128 7117
7129 7118
7131 7120
7132 7121
7133 7122
7134 7123
7135 7124
7136 7125
7137 7126
7138 7127
7139 7128
7141 7130
7142 7131
7143 7132
7144 7133
7145 7134
7146 7135
7147 7136
7148 7137
7149 7138
7151 7140
7152 7141
7153 7142
7154 7143
7155 7144
7156 7145
7157 7146
7158 7147
7159 7148
7161 7150
7162 7151
7163 7152
7164 7153
7165 7154
7166 7155
7167 7156
7168 7157
7169 7158
7171 7160
7172 7161
7173 7162
7174 7163
7175 7164
7176 7165
7177 7166
7178 7167
7179 7168
7181 7170
7182 7171
7183 7172
7184 7173
7185 7174
7186 7175
7187 7176
7188 7177
7189 7178
7191 7180
7192 7181
7193 7182
7194 7183
7195 7184
7196 7185
7197 7186
7198 7187
7199 7188
7211 7200
7212 7201
7213 7202
7214 7203
7215 7204
7216 7205
7217 7206
7218 7207
7219 7208
7221 7210
7222 7211
7223 7212
7224 7213
7225 7214
7226 7215
7227 7216
7228 7217
7229 7218
7231 7220
7232 7221
7233 7222
7234 7223
7235 7224
7236 7225
7237 7226
7238 7227
7239 7228
7241 7230
7242 7231
7243 7232
7244 7233
7245 7234
7246 7235
7247 7236
7248 7237
7249 7238
7251 7240
7252 7241
7253 7242
7254 7243
7255 7244
7256 7245
7257 7246
7258 7247
7259 7248
7261 7250
7262 7251
7263 7252
7264 7253
7265 7254
7266 7255
7267 7256
7268 7257
7269 7258
7271 7260
7272 7261
7273 7262
7274 7263
7275 7264
7276 7265
7277 7266
7278 7267
7279 7268
7281 7270
7282 7271
7283 7272
7284 7273
7285 7274
7286 7275
7287 7276
7288 7277
7289 7278
7291 7280
7292 7281
7293 7282
7294 7283
7295 7284
7296 7285
7297 7286
7298 7287
7299 7288
7301 7290
7302 7291
7303 7292
7304 7293
7305 7294
7306 7295
7307 7296
7308 7297
7309 7298
7311 7300
7312 7301
7313 7302
7314 7303
7315 7304
7316 7305
7317 7306
7318 7307
7319 7308
7321 7310
7322 7311
7323 7312
7324 7313
7325 7314
7326 7315
7327 7316
7328 7317
7329 7318
7331 7320
7332 7321
7333 7322
7334 7323
7335 7324
7336 7325
7337 7326
7338 7327
7339 7328
7341 7330
7342 7331
7343 7332
7344 7333
7345 7334
7346 7335
7347 7336
7348 7337
7349 7338
7351 7340
7352 7341
7353 7342
7354 7343
7355 7344
7356 7345
7357 7346
7358 7347
7359 7348
7361 7350
7362 7351
7363 7352
7364 7353
7365 7354
7366 7355
7367 7356
7368 7357
7369 7358
7371 7360
7372 7361
7373 7362
7374 7363
7375 7364
7376 7365
7377 7366
7378 7367
7379 7368
7381 7370
7382 7371
7383 7372
7384 7373
7385 7374
7386 7375
7387 7376
7388 7377
7389 7378
7391 7380
7392 7381
7393 7382
7394 7383
7395 7384
7396 7385
7397 7386
7398 7387
7399 7388
7401 7390
7402 7391
7403 7392
7404 7393
7405 7394
7406 7395
7407 7396
7408 7397
7409 7398
7411 7400
7412 7401
7413 7402
7414 7403
7415 7404
7416 7405
7417 7406
7418 7407
7419 7408
7421 7410
7422 7411
7423 7412
7424 7413
7425 7414
7426 7415
7427 7416
7428 7417
7429 7418
7431 7420
7432 7421
7433 7422
7434 7423
7435 7424
7436 7425
7437 7426
7438 7427
7439 7428
7441 7430
7442 7431
7443 7432
7444 7433
7445 7434
7446 7435
7447 7436
7448 7437
7449 7438
7451 7440
7452 7441
7453 7442
7454 7443
7455 7444
7456 7445
7457 7446
7458 7447
7459 7448
7461 7450
7462 7451
7463 7452
7464 7453
7465 7454
7466 7455
7467 7456
7468 7457
7469 7458
7471 7460
7472 7461
7473 7462
7474 7463
7475 7464
7476 7465
7477 7466
7478 7467
7479 7468
7481 7470
7482 7471
7483 7472
7484 7473
7485 7474
7486 7475
7487 7476
7488 7477
7489 7478
7491 7480
7492 7481
7493 7482
7494 7483
7495 7484
7496 7485
7497 7486
7498 7487
7499 7488
7511 7500
7512 7501
7513 7502
7514 7503
7515 7504
7516 7505
7517 7506
7518 7507
7519 7508
7521 7510
7522 7511
7523 7512
7524 7513
7525 7514
7526 7515
7527 7516
7528 7517
7529 7518
7531 7520
7532 7521
7533 7522
7534 7523
7535 7524
7536 7525
7537 7526
7538 7527
7539 7528
7541 7530
7542 7531
7543 7532
7544 7533
7545 7534
7546 7535
7547 7536
7548 7537
7549 7538
7551 7540
7552 7541
7553 7542
7554 7543
7555 7544
7556 7545
7557 7546
7558 7547
7559 7548
7561 7550
7562 7551
7563 7552
7564 7553
7565 7554
7566 7555
7567 7556
7568 7557
7569 7558
7571 7560
7572 7561
7573 7562
7574 7563
7575 7564
7576 7565
7577 7566
7578 7567
7579 7568
7581 7570
7582 7571
7583 7572
7584 7573
7585 7574
7586 7575
7587 7576
7588 7577
7589 7578
7591 7580
7592 7581
7593 7582
7594 7583
7595 7584
7596 7585
7597 7586
7598 7587
7599 7588
7601 7590
7602 7591
7603 7592
7604 7593
7605 7594
7606 7595
7607 7596
7608 7597
7609 7598
7611 7600
7612 7601
7613 7602
7614 7603
7615 7604
7616 7605
7617 7606
7618 7607
7619 7608
7621 7610
7622 7611
7623 7612
7624 7613
7625 7614
7626 7615
7627 7616
7628 7617
7629 7618
7631 7620
7632 7621
7633 7622
7634 7623
7635 7624
7636 7625
7637 7626
7638 7627
7639 7628
7641 7630
7642 7631
7643 7632
7644 7633
7645 7634
7646 7635
7647 7636
7648 7637
7649 7638
7651 7640
7652 7641
7653 7642
7654 7643
7655 7644
7656 7645
7657 7646
7658 7647
7659 7648
7661 7650
7662 7651
7663 7652
7664 7653
7665 7654
7666 7655
7667 7656
7668 7657
7669 7658
7671 7660
7672 7661
7673 7662
7674 7663
7675 7664
7676 7665
7677 7666
7678 7667
7679 7668
7681 7670
7682 7671
7683 7672
7684 7673
7685 7674
7686 7675
7687 7676
7688 7677
7689 7678
7691 7680
7692 7681
7693 7682
7694 7683
7695 7684
7696 7685
7697 7686
7698 7687
7699 7688
7701 7690
7702 7691
7703 7692
7704 7693
7705 7694
7706 7695
7707 7696
7708 7697
7709 7698
7711 7700
7712 7701
7713 7702
7714 7703
7715 7704
7716 7705
7717 7706
7718 7707
7719 7708
7721 7710
7722 7711
7723 7712
7724 7713
7725 7714
7726 7715
7727 7716
7728 7717
7729 7718
7731 7720
7732 7721
7733 7722
7734 7723
7735 7724
7736 7725
7737 7726
7738 7727
7739 7728
7741 7730
7742 7731
7743 7732
7744 7733
7745 7734
7746 7735
7747 7736
7748 7737
7749 7738
7751 7740
7752 7741
7753 7742
7754 7743
7755 7744
7756 7745
7757 7746
7758 7747
7759 7748
7761 7750
7762 7751
7763 7752
7764 7753
7765 7754
7766 7755
7767 7756
7768 7757
7769 7758
7771 7760
7772 7761
7773 7762
7774 7763
7775 7764
7776 7765
7777 7766
7778 7767
7779 7768
7781 7770
7782 7771
7783 7772
7784 7773
7785 7774
7786 7775
7787 7776
7788 7777
7789 7778
7791 7780
7792 7781
7793 7782
7794 7783
7795 7784
7796 7785
7797 7786
7798 7787
7799 7788
7811 7800
7812 7801
7813 7802
7814 7803
7815 7804
7816 7805
7817 7806
7818 7807
7819 7808
7821 7810
7822 7811
7823 7812
7824 7813
7825 7814
7826 7815
7827 7816
7828 7817
7829 7818
7831 7820
7832 7821
7833 7822
7834 7823
7835 7824
7836 7825
7837 7826
7838 7827
7839 7828
7841 7830
7842 7831
7843 7832
7844 7833
7845 7834
7846 7835
7847 7836
7848 7837
7849 7838
7851 7840
7852 7841
7853 7842
7854 7843
7855 7844
7856 7845
7857 7846
7858 7847
7859 7848
7861 7850
7862 7851
7863 7852
7864 7853
7865 7854
7866 7855
7867 7856
7868 7857
7869 7858
7871 7860
7872 7861
7873 7862
7874 7863
7875 7864
7876 7865
7877 7866
7878 7867
7879 7868
7881 7870
7882 7871
7883 7872
7884 7873
7885 7874
7886 7875
7887 7876
7888 7877
7889 7878
7891 7880
7892 7881
7893 7882
7894 7883
7895 7884
7896 7885
7897 7886
7898 7887
7899 7888
7901 7890
7902 7891
7903 7892
7904 7893
7905 7894
7906 7895
7907 7896
7908 7897
7909 7898
7911 7900
7912 7901
7913 7902
7914 7903
7915 7904
7916 7905
7917 7906
7918 7907
7919 7908
7921 7910
7922 7911
7923 7912
7924 7913
7925 7914
7926 7915
7927 7916
7928 7917
7929 7918
7931 7920
7932 7921
7933 7922
7934 7923
7935 7924
7936 7925
7937 7926
7938 7927
7939 7928
7941 7930
7942 7931
7943 7932
7944 7933
7945 7934
7946 7935
7947 7936
7948 7937
7949 7938
7951 7940
7952 7941
7953 7942
7954 7943
7955 7944
7956 7945
7957 7946
7958 7947
7959 7948
7961 7950
7962 7951
7963 7952
7964 7953
7965 7954
7966 7955
7967 7956
7968 7957
7969 7958
7971 7960
7972 7961
7973 7962
7974 7963
7975 7964
7976 7965
7977 7966
7978 7967
7979 7968
7981 7970
7982 7971
7983 7972
7984 7973
7985 7974
7986 7975
7987 7976
7988 7977
7989 7978
7991 7980
7992 7981
7993 7982
7994 7983
7995 7984
7996 7985
7997 7986
7998 7987
7999 7988
8001 7990
8002 7991
8003 7992
8004 7993
8005 7994
8006 7995
8007 7996
8008 7997
8009 7998
8011 8000
8012 8001
8013 8002
8014 8003
8015 8004
8016 8005
8017 8006
8018 8007
8019 8008
8021 8010
8022 8011
8023 8012
8024 8013
8025 8014
8026 8015
8027 8016
8028 8017
8029 8018
8031 8020
8032 8021
8033 8022
8034 8023
8035 8024
8036 8025
8037 8026
8038 8027
8039 8028
8041 8030
8042 8031
8043 8032
8044 8033
8045 8034
8046 8035
8047 8036
8048 8037
8049 8038
8051 8040
8052 8041
8053 8042
8054 8043
8055 8044
8056 8045
8057 8046
8058 8047
8059 8048
8061 8050
8062 8051
8063 8052
8064 8053
8065 8054
8066 8055
8067 8056
8068 8057
8069 8058
8071 8060
8072 8061
8073 8062
8074 8063
8075 8064
8076 8065
8077 8066
8078 8067
8079 8068
8081 8070
8082 8071
8083 8072
8084 8073
8085 8074
8086 8075
8087 8076
8088 8077
8089 8078
8091 8080
8092 8081
8093 8082
8094 8083
8095 8084
8096 8085
8097 8086
8098 8087
8099 8088
8111 8100
8112 8101
8113 8102
8114 8103
8115 8104
8116 8105
8117 8106
8118 8107
8119 8108
8121 8110
8122 8111
8123 8112
8124 8113
8125 8114
8126 8115
8127 8116
8128 8117
8129 8118
8131 8120
8132 8121
8133 8122
8134 8123
8135 8124
8136 8125
8137 8126
8138 8127
8139 8128
8141 8130
8142 8131
8143 8132
8144 8133
8145 8134
8146 8135
8147 8136
8148 8137
8149 8138
8151 8140
8152 8141
8153 8142
8154 8143
8155 8144
8156 8145
8157 8146
8158 8147
8159 8148
8161 8150
8162 8151
8163 8152
8164 8153
8165 8154
8166 8155
8167 8156
8168 8157
8169 8158
8171 8160
8172 8161
8173 8162
8174 8163
8175 8164
8176 8165
8177 8166
8178 8167
8179 8168
8181 8170
8182 8171
8183 8172
8184 8173
8185 8174
8186 8175
8187 8176
8188 8177
8189 8178
8191 8180
8192 8181
8193 8182
8194 8183
8195 8184
8196 8185
8197 8186
8198 8187
8199 8188
8201 8190
8202 8191
8203 8192
8204 8193
8205 8194
8206 8195
8207 8196
8208 8197
8209 8198
8211 8200
8212 8201
8213 8202
8214 8203
8215 8204
8216 8205
8217 8206
8218 8207
8219 8208
8221 8210
8222 8211
8223 8212
8224 8213
8225 8214
8226 8215
8227 8216
8228 8217
8229 8218
8231 8220
8232 8221
8233 8222
8234 8223
8235 8224
8236 8225
8237 8226
8238 8227
8239 8228
8241 8230
8242 8231
8243 8232
8244 8233
8245 8234
8246 8235
8247 8236
8248 8237
8249 8238
8251 8240
8252 8241
8253 8242
8254 8243
8255 8244
8256 8245
8257 8246
8258 8247
8259 8248
8261 8250
8262 8251
8263 8252
8264 8253
8265 8254
8266 8255
8267 8256
8268 8257
8269 8258
8271 8260
8272 8261
8273 8262
8274 8263
8275 8264
8276 8265
8277 8266
8278 8267
8279 8268
8281 8270
8282 8271
8283 8272
8284 8273
8285 8274
8286 8275
8287 8276
8288 8277
8289 8278
8291 8280
8292 8281
8293 8282
8294 8283
8295 8284
8296 8285
8297 8286
8298 8287
8299 8288
8301 8290
8302 8291
8303 8292
8304 8293
8305 8294
8306 8295
8307 8296
8308 8297
8309 8298
8311 8300
8312 8301
8313 8302
8314 8303
8315 8304
8316 8305
8317 8306
8318 8307
8319 8308
8321 8310
8322 8311
8323 8312
8324 8313
8325 8314
8326 8315
8327 8316
8328 8317
8329 8318
8331 8320
8332 8321
8333 8322
8334 8323
8335 8324
8336 8325
8337 8326
8338 8327
8339 8328
8341 8330
8342 8331
8343 8332
8344 8333
8345 8334
8346 8335
8347 8336
8348 8337
8349 8338
8351 8340
8352 8341
8353 8342
8354 8343
8355 8344
8356 8345
8357 8346
8358 8347
8359 8348
8361 8350
8362 8351
8363 8352
8364 8353
8365 8354
8366 8355
8367 8356
8368 8357
8369 8358
8371 8360
8372 8361
8373 8362
8374 8363
8375 8364
8376 8365
8377 8366
8378 8367
8379 8368
8381 8370
8382 8371
8383 8372
8384 8373
8385 8374
8386 8375
8387 8376
8388 8377
8389 8378
8391 8380
8392 8381
8393 8382
8394 8383
8395 8384
8396 8385
8397 8386
8398 8387
8399 8388
8411 8400
8412 8401
8413 8402
8414 8403
8415 8404
8416 8405
8417 8406
8418 8407
8419 8408
8421 8410
8422 8411
8423 8412
8424 8413
8425 8414
8426 8415
8427 8416
8428 8417
8429 8418
8431 8420
8432 8421
8433 8422
8434 8423
8435 8424
8436 8425
8437 8426
8438 8427
8439 8428
8441 8430
8442 8431
8443 8432
8444 8433
8445 8434
8446 8435
8447 8436
8448 8437
8449 8438
8451 8440
8452 8441
8453 8442
8454 8443
8455 8444
8456 8445
8457 8446
8458 8447
8459 8448
8461 8450
8462 8451
8463 8452
8464 8453
8465 8454
8466 8455
8467 8456
8468 8457
8469 8458
8471 8460
8472 8461
8473 8462
8474 8463
8475 8464
8476 8465
8477 8466
8478 8467
8479 8468
8481 8470
8482 8471
8483 8472
8484 8473
8485 8474
8486 8475
8487 8476
8488 8477
8489 8478
8491 8480
8492 8481
8493 8482
8494 8483
8495 8484
8496 8485
8497 8486
8498 8487
8499 8488
8501 8490
8502 8491
8503 8492
8504 8493
8505 8494
8506 8495
8507 8496
8508 8497
8509 8498
8511 8500
8512 8501
8513 8502
8514 8503
8515 8504
8516 8505
8517 8506
8518 8507
8519 8508
8521 8510
8522 8511
8523 8512
8524 8513
8525 8514
8526 8515
8527 8516
8528 8517
8529 8518
8531 8520
8532 8521
8533 8522
8534 8523
8535 8524
8536 8525
8537 8526
8538 8527
8539 8528
8541 8530
8542 8531
8543 8532
8544 8533
8545 8534
8546 8535
8547 8536
8548 8537
8549 8538
8551 8540
8552 8541
8553 8542
8554 8543
8555 8544
8556 8545
8557 8546
8558 8547
8559 8548
8561 8550
8562 8551
8563 8552
8564 8553
8565 8554
8566 8555
8567 8556
8568 8557
8569 8558
8571 8560
8572 8561
8573 8562
8574 8563
8575 8564
8576 8565
8577 8566
8578 8567
8579 8568
8581 8570
8582 8571
8583 8572
8584 8573
8585 8574
8586 8575
8587 8576
8588 8577
8589 8578
8591 8580
8592 8581
8593 8582
8594 8583
8595 8584
8596 8585
8597 8586
8598 8587
8599 8588
8601 8590
8602 8591
8603 8592
8604 8593
8605 8594
8606 8595
8607 8596
8608 8597
8609 8598
8611 8600
8612 8601
8613 8602
8614 8603
8615 8604
8616 8605
8617 8606
8618 8607
8619 8608
8621 8610
8622 8611
8623 8612
8624 8613
8625 8614
8626 8615
8627 8616
8628 8617
8629 8618
8631 8620
8632 8621
8633 8622
8634 8623
8635 8624
8636 8625
8637 8626
8638 8627
8639 8628
8641 8630
8642 8631
8643 8632
8644 8633
8645 8634
8646 8635
8647 8636
8648 8637
8649 8638
8651 8640
8652 8641
8653 8642
8654 8643
8655 8644
8656 8645
8657 8646
8658 8647
8659 8648
8661 8650
8662 8651
8663 8652
8664 8653
8665 8654
8666 8655
8667 8656
8668 8657
8669 8658
8671 8660
8672 8661
8673 8662
8674 8663
8675 8664
8676 8665
8677 8666
8678 8667
8679 8668
8681 8670
8682 8671
8683 8672
8684 8673
8685 8674
8686 8675
8687 8676
8688 8677
8689 8678
8691 8680
8692 8681
8693 8682
8694 8683
8695 8684
8696 8685
8697 8686
8698 8687
8699 8688
8711 8700
8712 8701
8713 8702
8714 8703
8715 8704
8716 8705
8717 8706
8718 8707
8719 8708
8721 8710
8722 8711
8723 8712
8724 8713
8725 8714
8726 8715
8727 8716
8728 8717
8729 8718
8731 8720
8732 8721
8733 8722
8734 8723
8735 8724
8736 8725
8737 8726
8738 8727
8739 8728
8741 8730
8742 8731
8743 8732
8744 8733
8745 8734
8746 8735
8747 8736
8748 8737
8749 8738
8751 8740
8752 8741
8753 8742
8754 8743
8755 8744
8756 8745
8757 8746
8758 8747
8759 8748
8761 8750
8762 8751
8763 8752
8764 8753
8765 8754
8766 8755
8767 8756
8768 8757
8769 8758
8771 8760
8772 8761
8773 8762
8774 8763
8775 8764
8776 8765
8777 8766
8778 8767
8779 8768
8781 8770
8782 8771
8783 8772
8784 8773
8785 8774
8786 8775
8787 8776
8788 8777
8789 8778
8791 8780
8792 8781
8793 8782
8794 8783
8795 8784
8796 8785
8797 8786
8798 8787
8799 8788
8801 8790
8802 8791
8803 8792
8804 8793
8805 8794
8806 8795
8807 8796
8808 8797
8809 8798
8811 8800
8812 8801
8813 8802
8814 8803
8815 8804
8816 8805
8817 8806
8818 8807
8819 8808
8821 8810
8822 8811
8823 8812
8824 8813
8825 8814
8826 8815
8827 8816
8828 8817
8829 8818
8831 8820
8832 8821
8833 8822
8834 8823
8835 8824
8836 8825
8837 8826
8838 8827
8839 8828
8841 8830
8842 8831
8843 8832
8844 8833
8845 8834
8846 8835
8847 8836
8848 8837
8849 8838
8851 8840
8852 8841
8853 8842
8854 8843
8855 8844
8856 8845
8857 8846
8858 8847
8859 8848
8861 8850
8862 8851
8863 8852
8864 8853
8865 8854
8866 8855
8867 8856
8868 8857
8869 8858
8871 8860
8872 8861
8873 8862
8874 8863
8875 8864
8876 8865
8877 8866
8878 8867
8879 8868
8881 8870
8882 8871
8883 8872
8884 8873
8885 8874
8886 8875
8887 8876
8888 8877
8889 8878
8891 8880
8892 8881
8893 8882
8894 8883
8895 8884
8896 8885
8897 8886
8898 8887
8899 8888
8901 8890
8902 8891
8903 8892
8904 8893
8905 8894
8906 8895
8907 8896
8908 8897
8909 8898
8911 8900
8912 8901
8913 8902
8914 8903
8915 8904
8916 8905
8917 8906
8918 8907
8919 8908
8921 8910
8922 8911
8923 8912
8924 8913
8925 8914
8926 8915
8927 8916
8928 8917
8929 8918
8931 8920
8932 8921
8933 8922
8934 8923
8935 8924
8936 8925
8937 8926
8938 8927
8939 8928
8941 8930
8942 8931
8943 8932
8944 8933
8945 8934
8946 8935
8947 8936
8948 8937
8949 8938
8951 8940
8952 8941
8953 8942
8954 8943
8955 8944
8956 8945
8957 8946
8958 8947
8959 8948
8961 8950
8962 8951
8963 8952
8964 8953
8965 8954
8966 8955
8967 8956
8968 8957
8969 8958
8971 8960
8972 8961
8973 8962
8974 8963
8975 8964
8976 8965
8977 8966
8978 8967
8979 8968
8981 8970
8982 8971
8983 8972
8984 8973
8985 8974
8986 8975
8987 8976
8988 8977
8989 8978
8991 8980
8992 8981
8993 8982
8994 8983
8995 8984
8996 8985
8997 8986
8998 8987
8999 8988
1 0
2 1
3 2
4 3
5 4
6 5
7 6
8 7
9 8
11 10
12 11
13 12
14 13
15 14
16 15
17 16
18 17
19 18
21 20
22 21
23 22
24 23
25 24
26 25
27 26
28 27
29 28
31 30
32 31
33 32
34 33
35 34
36 35
37 36
38 37
39 38
41 40
42 41
43 42
44 43
45 44
46 45
47 46
48 47
49 48
51 50
52 51
53 52
54 53
55 54
56 55
57 56
58 57
59 58
61 60
62 61
63 62
64 63
65 64
66 65
67 66
68 67
69 68
71 70
72 71
73 72
74 73
75 74
76 75
77 76
78 77
79 78
81 80
82 81
83 82
84 83
85 84
86 85
87 86
88 87
89 88
91 90
92 91
93 92
94 93
95 94
96 95
97 96
98 97
99 98
101 100
102 101
103 102
104 103
105 104
106 105
107 106
108 107
109 108
111 110
112 111
113 112
114 113
115 114
116 115
117 116
118 117
119 118
121 120
122 121
123 122
124 123
125 124
126 125
127 126
128 127
129 128
131 130
132 131
133 132
134 133
135 134
136 135
137 136
138 137
139 138
141 140
142 141
143 142
144 143
145 144
146 145
147 146
148 147
149 148
151 150
152 151
153 152
154 153
155 154
156 155
157 156
158 157
159 158
161 160
162 161
163 162
164 163
165 164
166 165
167 166
168 167
169 168
171 170
172 171
173 172
174 173
175 174
176 175
177 176
178 177
179 178
181 180
182 181
183 182
184 183
185 184
186 185
187 186
188 187
189 188
191 190
192 191
193 192
194 193
195 194
196 195
197 196
198 197
199 198
201 200
202 201
203 202
204 203
205 204
206 205
207 206
208 207
209 208
211 210
212 211
213 212
214 213
215 214
216 215
217 216
218 217
219 218
221 220
222 221
223 222
224 223
225 224
226 225
227 226
228 227
229 228
231 230
232 231
233 232
234 233
235 234
236 235
237 236
238 237
239 238
241 240
242 241
243 242
244 243
245 244
246 245
247 246
248 247
249 248
251 250
252 251
253 252
254 253
255 254
256 255
257 256
258 257
259 258
261 260
262 261
263 262
264 263
265 264
266 265
267 266
268 267
269 268
271 270
272 271
273 272
274 273
275 274
276 275
277 276
278 277
279 278
281 280
282 281
283 282
284 283
285 284
286 285
287 286
288 287
289 288
291 290
292 291
293 292
294 293
295 294
296 295
297 296
298 297
299 298
301 300
302 301
303 302
304 303
305 304
306 305
307 306
308 307
309 308
311 310
312 311
313 312
314 313
315 314
316 315
317 316
318 317
319 318
321 320
322 321
323 322
324 323
325 324
326 325
327 326
328 327
329 328
331 330
332 331
333 332
334 333
335 334
336 335
337 336
338 337
339 338
341 340
342 341
343 342
344 343
345 344
346 345
347 346
348 347
349 348
351 350
352 351
353 352
354 353
355 354
356 355
357 356
358 357
359 358
361 360
362 361
363 362
364 363
365 364
366 365
367 366
368 367
369 368
371 370
372 371
373 372
374 373
375 374
376 375
377 376
378 377
379 378
381 380
382 381
383 382
384 383
385 384
386 385
387 386
388 387
389 388
391 390
392 391
393 392
394 393
395 394
396 395
397 396
398 397
399 398
401 400
402 401
403 402
404 403
405 404
406 405
407 406
408 407
409 408
411 410
412 411
413 412
414 413
415 414
416 415
417 416
418 417
419 418
421 420
422 421
423 422
424 423
425 424
426 425
427 426
428 427
429 428
431 430
432 431
433 432
434 433
435 434
436 435
437 436
438 437
439 438
441 440
442 441
443 442
444 443
445 444
446 445
447 446
448 447
449 448
451 450
452 451
453 452
454 453
455 454
456 455
457 456
458 457
459 458
461 460
462 461
463 462
464 463
465 464
466 465
467 466
468 467
469 468
471 470
472 471
473 472
474 473
475 474
476 475
477 476
478 477
479 478
481 480
482 481
483 482
484 483
485 484
486 485
487 486
488 487
489 488
491 490
492 491
493 492
494 493
495 494
496 495
497 496
498 497
499 498
501 500
502 501
503 502
504 503
505 504
506 505
507 506
508 507
509 508
511 510
512 511
513 512
514 513
515 514
516 515
517 516
518 517
519 518
521 520
522 521
523 522
524 523
525 524
526 525
527 526
528 527
529 528
531 530
532 531
533 532
534 533
535 534
536 535
537 536
538 537
539 538
541 540
542 541
543 542
544 543
545 544
546 545
547 546
548 547
549 548
551 550
552 551
553 552
554 553
555 554
556 555
557 556
558 557
559 558
561 560
562 561
563 562
564 563
565 564
566 565
567 566
568 567
569 568
571 570
572 571
573 572
574 573
575 574
576 575
577 576
578 577
579 578
581 580
582 581
583 582
584 583
585 584
586 585
587 586
588 587
589 588
591 590
592 591
593 592
594 593
595 594
596 595
597 596
598 597
599 598
601 600
602 601
603 602
604 603
605 604
606 605
607 606
608 607
609 608
611 610
612 611
613 612
614 613
615 614
616 615
617 616
618 617
619 618
621 620
622 621
623 622
624 623
625 624
626 625
627 626
628 627
629 628
631 630
632 631
633 632
634 633
635 634
636 635
637 636
638 637
639 638
641 640
642 641
643 642
644 643
645 644
646 645
647 646
648 647
649 648
651 650
652 651
653 652
654 653
655 654
656 655
657 656
658 657
659 658
661 660
662 661
663 662
664 663
665 664
666 665
667 666
668 667
669 668
671 670
672 671
673 672
674 673
675 674
676 675
677 676
678 677
679 678
681 680
682 681
683 682
684 683
685 684
686 685
687 686
688 687
689 688
691 690
692 691
693 692
694 693
695 694
696 695
697 696
698 697
699 698
701 700
702 701
703 702
704 703
705 704
706 705
707 706
708 707
709 708
711 710
712 711
713 712
714 713
715 714
716 715
717 716
718 717
719 718
721 720
722 721
723 722
724 723
725 724
726 725
727 726
728 727
729 728
731 730
732 731
733 732
734 733
735 734
736 735
737 736
738 737
739 738
741 740
742 741
743 742
744 743
745 744
746 745
747 746
748 747
749 748
751 750
752 751
753 752
754 753
755 754
756 755
757 756
758 757
759 758
761 760
762 761
763 762
764 763
765 764
766 765
767 766
768 767
769 768
771 770
772 771
773 772
774 773
775 774
776 775
777 776
778 777
779 778
781 780
782 781
783 782
784 783
785 784
786 785
787 786
788 787
789 788
791 790
792 791
793 792
794 793
795 794
796 795
797 796
798 797
799 798
801 800
802 801
803 802
804 803
805 804
806 805
807 806
808 807
809 808
811 810
812 811
813 812
814 813
815 814
816 815
817 816
818 817
819 818
821 820
822 821
823 822
824 823
825 824
826 825
827 826
828 827
829 828
831 830
832 831
833 832
834 833
835 834
836 835
837 836
838 837
839 838
841 840
842 841
843 842
844 843
845 844
846 845
847 846
848 847
849 848
851 850
852 851
853 852
854 853
855 854
856 855
857 856
858 857
859 858
861 860
862 861
863 862
864 863
865 864
866 865
867 866
868 867
869 868
871 870
872 871
873 872
874 873
875 874
876 875
877 876
878 877
879 878
881 880
882 881
883 882
884 883
885 884
886 885
887 886
888 887
889 888
891 890
892 891
893 892
894 893
895 894
896 895
897 896
898 897
899 898
901 900
902 901
903 902
904 903
905 904
906 905
907 906
908 907
909 908
911 910
912 911
913 912
914 913
915 914
916 915
917 916
918 917
919 918
921 920
922 921
923 922
924 923
925 924
926 925
927 926
928 927
929 928
931 930
932 931
933 932
934 933
935 934
936 935
937 936
938 937
939 938
941 940
942 941
943 942
944 943
945 944
946 945
947 946
948 947
949 948
951 950
952 951
953 952
954 953
955 954
956 955
957 956
958 957
959 958
961 960
962 961
963 962
964 963
965 964
966 965
967 966
968 967
969 968
971 970
972 971
973 972
974 973
975 974
976 975
977 976
978 977
979 978
981 980
982 981
983 982
984 983
985 984
986 985
987 986
988 987
989 988
991 990
992 991
993 992
994 993
995 994
996 995
997 996
998 997
999 998
1001 1000
1002 1001
1003 1002
1004 1003
1005 1004
1006 1005
1007 1006
1008 1007
1009 1008
1011 1010
1012 1011
1013 1012
1014 1013
1015 1014
1016 1015
1017 1016
1018 1017
1019 1018
1021 1020
1022 1021
1023 1022
1024 1023
1025 1024
1026 1025
1027 1026
1028 1027
1029 1028
1031 1030
1032 1031
1033 1032
1034 1033
1035 1034
1036 1035
1037 1036
1038 1037
1039 1038
1041 1040
1042 1041
1043 1042
1044 1043
1045 1044
1046 1045
1047 1046
1048 1047
1049 1048
1051 1050
1052 1051
1053 1052
1054 1053
1055 1054
1056 1055
1057 1056
1058 1057
1059 1058
1061 1060
1062 1061
1063 1062
1064 1063
1065 1064
1066 1065
1067 1066
1068 1067
1069 1068
1071 1070
1072 1071
1073 1072
1074 1073
1075 1074
1076 1075
1077 1076
1078 1077
1079 1078
1081 1080
1082 1081
1083 1082
1084 1083
1085 1084
1086 1085
1087 1086
1088 1087
1089 1088
1091 1090
1092 1091
1093 1092
1094 1093
1095 1094
1096 1095
1097 1096
1098 1097
1099 1098
1101 1100
1102 1101
1103 1102
1104 1103
1105 1104
1106 1105
1107 1106
1108 1107
1109 1108
1111 1110
1112 1111
1113 1112
1114 1113
1115 1114
1116 1115
1117 1116
1118 1117
1119 1118
1121 1120
1122 1121
1123 1122
1124 1123
1125 1124
1126 1125
1127 1126
1128 1127
1129 1128
1131 1130
1132 1131
1133 1132
1134 1133
1135 1134
1136 1135
1137 1136
1138 1137
1139 1138
1141 1140
1142 1141
1143 1142
1144 1143
1145 1144
1146 1145
1147 1146
1148 1147
1149 1148
1151 1150
1152 1151
1153 1152
1154 1153
1155 1154
1156 1155
1157 1156
1158 1157
1159 1158
1161 1160
1162 1161
1163 1162
1164 1163
1165 1164
1166 1165
1167 1166
1168 1167
1169 1168
1171 1170
1172 1171
1173 1172
1174 1173
1175 1174
1176 1175
1177 1176
1178 1177
1179 1178
1181 1180
1182 1181
1183 1182
1184 1183
1185 1184
1186 1185
1187 1186
1188 1187
1189 1188
1191 1190
1192 1191
1193 1192
1194 1193
1195 1194
1196 1195
1197 1196
1198 1197
1199 1198
1201 1200
1202 1201
1203 1202
1204 1203
1205 1204
1206 1205
1207 1206
1208 1207
1209 1208
1211 1210
1212 1211
1213 1212
1214 1213
1215 1214
1216 1215
1217 1216
1218 1217
1219 1218
1221 1220
1222 1221
1223 1222
1224 1223
1225 1224
1226 1225
1227 1226
1228 1227
1229 1228
1231 1230
1232 1231
1233 1232
1234 1233
1235 1234
1236 1235
1237 1236
1238 1237
1239 1238
1241 1240
1242 1241
1243 1242
1244 1243
1245 1244
1246 1245
1247 1246
1248 1247
1249 1248
1251 1250
1252 1251
1253 1252
1254 1253
1255 1254
1256 1255
1257 1256
1258 1257
1259 1258
1261 1260
1262 1261
1263 1262
1264 1263
1265 1264
1266 1265
1267 1266
1268 1267
1269 1268
1271 1270
1272 1271
1273 1272
1274 1273
1275 1274
1276 1275
1277 1276
1278 1277
1279 1278
1281 1280
1282 1281
1283 1282
1284 1283
1285 1284
1286 1285
1287 1286
1288 1287
1289 1288
1291 1290
1292 1291
1293 1292
1294 1293
1295 1294
1296 1295
1297 1296
1298 1297
1299 1298
1301 1300
1302 1301
1303 1302
1304 1303
1305 1304
1306 1305
1307 1306
1308 1307
1309 1308
1311 1310
1312 1311
1313 1312
1314 1313
1315 1314
1316 1315
1317 1316
1318 1317
1319 1318
1321 1320
1322 1321
1323 1322
1324 1323
1325 1324
1326 1325
1327 1326
1328 1327
1329 1328
1331 1330
1332 1331
1333 1332
1334 1333
1335 1334
1336 1335
1337 1336
1338 1337
1339 1338
1341 1340
1342 1341
1343 1342
1344 1343
1345 1344
1346 1345
1347 1346
1348 1347
1349 1348
1351 1350
1352 1351
1353 1352
1354 1353
1355 1354
1356 1355
1357 1356
1358 1357
1359 1358
1361 1360
1362 1361
1363 1362
1364 1363
1365 1364
1366 1365
1367 1366
1368 1367
1369 1368
1371 1370
1372 1371
1373 1372
1374 1373
1375 1374
1376 1375
1377 1376
1378 1377
1379 1378
1381 1380
1382 1381
1383 1382
1384 1383
1385 1384
1386 1385
1387 1386
1388 1387
1389 1388
1391 1390
1392 1391
1393 1392
1394 1393
1395 1394
1396 1395
1397 1396
1398 1397
1399 1398
1401 1400
1402 1401
1403 1402
1404 1403
1405 1404
1406 1405
1407 1406
1408 1407
1409 1408
1411 1410
1412 1411
1413 1412
1414 1413
1415 1414
1416 1415
1417 1416
1418 1417
1419 1418
1421 1420
1422 1421
1423 1422
1424 1423
1425 1424
1426 1425
1427 1426
1428 1427
1429 1428
1431 1430
1432 1431
1433 1432
1434 1433
1435 1434
1436 1435
1437 1436
1438 1437
1439 1438
1441 1440
1442 1441
1443 1442
1444 1443
1445 1444
1446 1445
1447 1446
1448 1447
1449 1448
1451 1450
1452 1451
1453 1452
1454 1453
1455 1454
1456 1455
1457 1456
1458 1457
1459 1458
1461 1460
1462 1461
1463 1462
1464 1463
1465 1464
1466 1465
1467 1466
1468 1467
1469 1468
1471 1470
1472 1471
1473 1472
1474 1473
1475 1474
1476 1475
1477 1476
1478 1477
1479 1478
1481 1480
1482 1481
1483 1482
1484 1483
1485 1484
1486 1485
1487 1486
1488 1487
1489 1488
1491 1490
1492 1491
1493 1492
1494 1493
1495 1494
1496 1495
1497 1496
1498 1497
1499 1498
1501 1500
1502 1501
1503 1502
1504 1503
1505 1504
1506 1505
1507 1506
1508 1507
1509 1508
1511 1510
1512 1511
1513 1512
1514 1513
1515 1514
1516 1515
1517 1516
1518 1517
1519 1518
1521 1520
1522 1521
1523 1522
1524 1523
1525 1524
1526 1525
1527 1526
1528 1527
1529 1528
1531 1530
1532 1531
1533 1532
1534 1533
1535 1534
1536 1535
1537 1536
1538 1537
1539 1538
1541 1540
1542 1541
1543 1542
1544 1543
1545 1544
1546 1545
1547 1546
1548 1547
1549 1548
1551 1550
1552 1551
1553 1552
1554 1553
1555 1554
1556 1555
1557 1556
1558 1557
1559 1558
1561 1560
1562 1561
1563 1562
1564 1563
1565 1564
1566 1565
1567 1566
1568 1567
1569 1568
1571 1570
1572 1571
1573 1572
1574 1573
1575 1574
1576 1575
1577 1576
1578 1577
1579 1578
1581 1580
1582 1581
1583 1582
1584 1583
1585 1584
1586 1585
1587 1586
1588 1587
1589 1588
1591 1590
1592 1591
1593 1592
1594 1593
1595 1594
1596 1595
1597 1596
1598 1597
1599 1598
1601 1600
1602 1601
1603 1602
1604 1603
1605 1604
1606 1605
1607 1606
1608 1607
1609 1608
1611 1610
1612 1611
1613 1612
1614 1613
1615 1614
1616 1615
1617 1616
1618 1617
1619 1618
1621 1620
1622 1621
1623 1622
1624 1623
1625 1624
1626 1625
1627 1626
1628 1627
1629 1628
1631 1630
1632 1631
1633 1632
1634 1633
1635 1634
1636 1635
1637 1636
1638 1637
1639 1638
1641 1640
1642 1641
1643 1642
1644 1643
1645 1644
1646 1645
1647 1646
1648 1647
1649 1648
1651 1650
1652 1651
1653 1652
1654 1653
1655 1654
1656 1655
1657 1656
1658 1657
1659 1658
1661 1660
1662 1661
1663 1662
1664 1663
1665 1664
1666 1665
1667 1666
1668 1667
1669 1668
1671 1670
1672 1671
1673 1672
1674 1673
1675 1674
1676 1675
1677 1676
1678 1677
1679 1678
1681 1680
1682 1681
1683 1682
1684 1683
1685 1684
1686 1685
1687 1686
1688 1687
1689 1688
1691 1690
1692 1691
1693 1692
1694 1693
1695 1694
1696 1695
1697 1696
1698 1697
1699 1698
1701 1700
1702 1701
1703 1702
1704 1703
1705 1704
1706 1705
1707 1706
1708 1707
1709 1708
1711 1710
1712 1711
1713 1712
1714 1713
1715 1714
1716 1715
1717 1716
1718 1717
1719 1718
1721 1720
1722 1721
1723 1722
1724 1723
1725 1724
1726 1725
1727 1726
1728 1727
1729 1728
1731 1730
1732 1731
1733 1732
1734 1733
1735 1734
1736 1735
1737 1736
1738 1737
1739 1738
1741 1740
1742 1741
1743 1742
1744 1743
1745 1744
1746 1745
1747 1746
1748 1747
1749 1748
1751 1750
1752 1751
1753 1752
1754 1753
1755 1754
1756 1755
1757 1756
1758 1757
1759 1758
1761 1760
1762 1761
1763 1762
1764 1763
1765 1764
1766 1765
1767 1766
1768 1767
1769 1768
1771 1770
1772 1771
1773 1772
1774 1773
1775 1774
1776 1775
1777 1776
1778 1777
1779 1778
1781 1780
1782 1781
1783 1782
1784 1783
1785 1784
1786 1785
1787 1786
1788 1787
1789 1788
1791 1790
1792 1791
1793 1792
1794 1793
1795 1794
1796 1795
1797 1796
1798 1797
1799 1798
1801 1800
1802 1801
1803 1802
1804 1803
1805 1804
1806 1805
1807 1806
1808 1807
1809 1808
1811 1810
1812 1811
1813 1812
1814 1813
1815 1814
1816 1815
1817 1816
1818 1817
1819 1818
1821 1820
1822 1821
1823 1822
1824 1823
1825 1824
1826 1825
1827 1826
1828 1827
1829 1828
1831 1830
1832 1831
1833 1832
1834 1833
1835 1834
1836 1835
1837 1836
1838 1837
1839 1838
1841 1840
1842 1841
1843 1842
1844 1843
1845 1844
1846 1845
1847 1846
1848 1847
1849 1848
1851 1850
1852 1851
1853 1852
1854 1853
1855 1854
1856 1855
1857 1856
1858 1857
1859 1858
1861 1860
1862 1861
1863 1862
1864 1863
1865 1864
1866 1865
1867 1866
1868 1867
1869 1868
1871 1870
1872 1871
1873 1872
1874 1873
1875 1874
1876 1875
1877 1876
1878 1877
1879 1878
1881 1880
1882 1881
1883 1882
1884 1883
1885 1884
1886 1885
1887 1886
1888 1887
1889 1888
1891 1890
1892 1891
1893 1892
1894 1893
1895 1894
1896 1895
1897 1896
1898 1897
1899 1898
1901 1900
1902 1901
1903 1902
1904 1903
1905 1904
1906 1905
1907 1906
1908 1907
1909 1908
1911 1910
1912 1911
1913 1912
1914 1913
1915 1914
1916 1915
1917 1916
1918 1917
1919 1918
1921 1920
1922 1921
1923 1922
1924 1923
1925 1924
1926 1925
1927 1926
1928 1927
1929 1928
1931 1930
1932 1931
1933 1932
1934 1933
1935 1934
1936 1935
1937 1936
1938 1937
1939 1938
1941 1940
1942 1941
1943 1942
1944 1943
1945 1944
1946 1945
1947 1946
1948 1947
1949 1948
1951 1950
1952 1951
1953 1952
1954 1953
1955 1954
1956 1955
1957 1956
1958 1957
1959 1958
1961 1960
1962 1961
1963 1962
1964 1963
1965 1964
1966 1965
1967 1966
1968 1967
1969 1968
1971 1970
1972 1971
1973 1972
1974 1973
1975 1974
1976 1975
1977 1976
1978 1977
1979 1978
1981 1980
1982 1981
1983 1982
1984 1983
1985 1984
1986 1985
1987 1986
1988 1987
1989 1988
1991 1990
1992 1991
1993 1992
1994 1993
1995 1994
1996 1995
1997 1996
1998 1997
1999 1998
2001 2000
2002 2001
2003 2002
2004 2003
2005 2004
2006 2005
2007 2006
2008 2007
2009 2008
2011 2010
2012 2011
2013 2012
2014 2013
2015 2014
2016 2015
2017 2016
2018 2017
2019 2018
2021 2020
2022 2021
2023 2022
2024 2023
2025 2024
2026 2025
2027 2026
2028 2027
2029 2028
2031 2030
2032 2031
2033 2032
2034 2033
2035 2034
2036 2035
2037 2036
2038 2037
2039 2038
2041 2040
2042 2041
2043 2042
2044 2043
2045 2044
2046 2045
2047 2046
2048 2047
2049 2048
2051 2050
2052 2051
2053 2052
2054 2053
2055 2054
2056 2055
2057 2056
2058 2057
2059 2058
2061 2060
2062 2061
2063 2062
2064 2063
2065 2064
2066 2065
2067 2066
2068 2067
2069 2068
2071 2070
2072 2071
2073 2072
2074 2073
2075 2074
2076 2075
2077 2076
2078 2077
2079 2078
2081 2080
2082 2081
2083 2082
2084 2083
2085 2084
2086 2085
2087 2086
2088 2087
2089 2088
2091 2090
2092 2091
2093 2092
2094 2093
2095 2094
2096 2095
2097 2096
2098 2097
2099 2098
2101 2100
2102 2101
2103 2102
2104 2103
2105 2104
2106 2105
2107 2106
2108 2107
2109 2108
2111 2110
2112 2111
2113 2112
2114 2113
2115 2114
2116 2115
2117 2116
2118 2117
2119 2118
2121 2120
2122 2121
2123 2122
2124 2123
2125 2124
2126 2125
2127 2126
2128 2127
2129 2128
2131 2130
2132 2131
2133 2132
2134 2133
2135 2134
2136 2135
2137 2136
2138 2137
2139 2138
2141 2140
2142 2141
2143 2142
2144 2143
2145 2144
2146 2145
2147 2146
2148 2147
2149 2148
2151 2150
2152 2151
2153 2152
2154 2153
2155 2154
2156 2155
2157 2156
2158 2157
2159 2158
2161 2160
2162 2161
2163 2162
2164 2163
2165 2164
2166 2165
2167 2166
2168 2167
2169 2168
2171 2170
2172 2171
2173 2172
2174 2173
2175 2174
2176 2175
2177 2176
2178 2177
2179 2178
2181 2180
2182 2181
2183 2182
2184 2183
2185 2184
2186 2185
2187 2186
2188 2187
2189 2188
2191 2190
2192 2191
2193 2192
2194 2193
2195 2194
2196 2195
2197 2196
2198 2197
2199 2198
2201 2200
2202 2201
2203 2202
2204 2203
2205 2204
2206 2205
2207 2206
2208 2207
2209 2208
2211 2210
2212 2211
2213 2212
2214 2213
2215 2214
2216 2215
2217 2216
2218 2217
2219 2218
2221 2220
2222 2221
2223 2222
2224 2223
2225 2224
2226 2225
2227 2226
2228 2227
2229 2228
2231 2230
2232 2231
2233 2232
2234 2233
2235 2234
2236 2235
2237 2236
2238 2237
2239 2238
2241 2240
2242 2241
2243 2242
2244 2243
2245 2244
2246 2245
2247 2246
2248 2247
2249 2248
2251 2250
2252 2251
2253 2252
2254 2253
2255 2254
2256 2255
2257 2256
2258 2257
2259 2258
2261 2260
2262 2261
2263 2262
2264 2263
2265 2264
2266 2265
2267 2266
2268 2267
2269 2268
2271 2270
2272 2271
2273 2272
2274 2273
2275 2274
2276 2275
2277 2276
2278 2277
2279 2278
2281 2280
2282 2281
2283 2282
2284 2283
2285 2284
2286 2285
2287 2286
2288 2287
2289 2288
2291 2290
2292 2291
2293 2292
2294 2293
2295 2294
2296 2295
2297 2296
2298 2297
2299 2298
2301 2300
2302 2301
2303 2302
2304 2303
2305 2304
2306 2305
2307 2306
2308 2307
2309 2308
2311 2310
2312 2311
2313 2312
2314 2313
2315 2314
2316 2315
2317 2316
2318 2317
2319 2318
2321 2320
2322 2321
2323 2322
2324 2323
2325 2324
2326 2325
2327 2326
2328 2327
2329 2328
2331 2330
2332 2331
2333 2332
2334 2333
2335 2334
2336 2335
2337 2336
2338 2337
2339 2338
2341 2340
2342 2341
2343 2342
2344 2343
2345 2344
2346 2345
2347 2346
2348 2347
2349 2348
2351 2350
2352 2351
2353 2352
2354 2353
2355 2354
2356 2355
2357 2356
2358 2357
2359 2358
2361 2360
2362 2361
2363 2362
2364 2363
2365 2364
2366 2365
2367 2366
2368 2367
2369 2368
2371 2370
2372 2371
2373 2372
2374 2373
2375 2374
2376 2375
2377 2376
2378 2377
2379 2378
2381 2380
2382 2381
2383 2382
2384 2383
2385 2384
2386 2385
2387 2386
2388 2387
2389 2388
2391 2390
2392 2391
2393 2392
2394 2393
2395 2394
2396 2395
2397 2396
2398 2397
2399 2398
2401 2400
2402 2401
2403 2402
2404 2403
2405 2404
2406 2405
2407 2406
2408 2407
2409 2408
2411 2410
2412 2411
2413 2412
2414 2413
2415 2414
2416 2415
2417 2416
2418 2417
2419 2418
2421 2420
2422 2421
2423 2422
2424 2423
2425 2424
2426 2425
2427 2426
2428 2427
2429 2428
2431 2430
2432 2431
2433 2432
2434 2433
2435 2434
2436 2435
2437 2436
2438 2437
2439 2438
2441 2440
2442 2441
2443 2442
2444 2443
2445 2444
2446 2445
2447 2446
2448 2447
2449 2448
2451 2450
2452 2451
2453 2452
2454 2453
2455 2454
2456 2455
2457 2456
2458 2457
2459 2458
2461 2460
2462 2461
2463 2462
2464 2463
2465 2464
2466 2465
2467 2466
2468 2467
2469 2468
2471 2470
2472 2471
2473 2472
2474 2473
2475 2474
2476 2475
2477 2476
2478 2477
2479 2478
2481 2480
2482 2481
2483 2482
2484 2483
2485 2484
2486 2485
2487 2486
2488 2487
2489 2488
2491 2490
2492 2491
2493 2492
2494 2493
2495 2494
2496 2495
2497 2496
2498 2497
2499 2498
2501 2500
2502 2501
2503 2502
2504 2503
2505 2504
2506 2505
2507 2506
2508 2507
2509 2508
2511 2510
2512 2511
2513 2512
2514 2513
2515 2514
2516 2515
2517 2516
2518 2517
2519 2518
2521 2520
2522 2521
2523 2522
2524 2523
2525 2524
2526 2525
2527 2526
2528 2527
2529 2528
2531 2530
2532 2531
2533 2532
2534 2533
2535 2534
2536 2535
2537 2536
2538 2537
2539 2538
2541 2540
2542 2541
2543 2542
2544 2543
2545 2544
2546 2545
2547 2546
2548 2547
2549 2548
2551 2550
2552 2551
2553 2552
2554 2553
2555 2554
2556 2555
2557 2556
2558 2557
2559 2558
2561 2560
2562 2561
2563 2562
2564 2563
2565 2564
2566 2565
2567 2566
2568 2567
2569 2568
2571 2570
2572 2571
2573 2572
2574 2573
2575 2574
2576 2575
2577 2576
2578 2577
2579 2578
2581 2580
2582 2581
2583 2582
2584 2583
2585 2584
2586 2585
2587 2586
2588 2587
2589 2588
2591 2590
2592 2591
2593 2592
2594 2593
2595 2594
2596 2595
2597 2596
2598 2597
2599 2598
2601 2600
2602 2601
2603 2602
2604 2603
2605 2604
2606 2605
2607 2606
2608 2607
2609 2608
2611 2610
2612 2611
2613 2612
2614 2613
2615 2614
2616 2615
2617 2616
2618 2617
2619 2618
2621 2620
2622 2621
2623 2622
2624 2623
2625 2624
2626 2625
2627 2626
2628 2627
2629 2628
2631 2630
2632 2631
2633 2632
2634 2633
2635 2634
2636 2635
2637 2636
2638 2637
2639 2638
2641 2640
2642 2641
2643 2642
2644 2643
2645 2644
2646 2645
2647 2646
2648 2647
2649 2648
2651 2650
2652 2651
2653 2652
2654 2653
2655 2654
2656 2655
2657 2656
2658 2657
2659 2658
2661 2660
2662 2661
2663 2662
2664 2663
2665 2664
2666 2665
2667 2666
2668 2667
2669 2668
2671 2670
2672 2671
2673 2672
2674 2673
2675 2674
2676 2675
2677 2676
2678 2677
2679 2678
2681 2680
2682 2681
2683 2682
2684 2683
2685 2684
2686 2685
2687 2686
2688 2687
2689 2688
2691 2690
2692 2691
2693 2692
2694 2693
2695 2694
2696 2695
2697 2696
2698 2697
2699 2698
2701 2700
2702 2701
2703 2702
2704 2703
2705 2704
2706 2705
2707 2706
2708 2707
2709 2708
2711 2710
2712 2711
2713 2712
2714 2713
2715 2714
2716 2715
2717 2716
2718 2717
2719 2718
2721 2720
2722 2721
2723 2722
2724 2723
2725 2724
2726 2725
2727 2726
2728 2727
2729 2728
2731 2730
2732 2731
2733 2732
2734 2733
2735 2734
2736 2735
2737 2736
2738 2737
2739 2738
2741 2740
2742 2741
2743 2742
2744 2743
2745 2744
2746 2745
2747 2746
2748 2747
2749 2748
2751 2750
2752 2751
2753 2752
2754 2753
2755 2754
2756 2755
2757 2756
2758 2757
2759 2758
2761 2760
2762 2761
2763 2762
2764 2763
2765 2764
2766 2765
2767 2766
2768 2767
2769 2768
2771 2770
2772 2771
2773 2772
2774 2773
2775 2774
2776 2775
2777 2776
2778 2777
2779 2778
2781 2780
2782 2781
2783 2782
2784 2783
2785 2784
2786 2785
2787 2786
2788 2787
2789 2788
2791 2790
2792 2791
2793 2792
2794 2793
2795 2794
2796 2795
2797 2796
2798 2797
2799 2798
2801 2800
2802 2801
2803 2802
2804 2803
2805 2804
2806 2805
2807 2806
2808 2807
2809 2808
2811 2810
2812 2811
2813 2812
2814 2813
2815 2814
2816 2815
2817 2816
2818 2817
2819 2818
2821 2820
2822 2821
2823 2822
2824 2823
2825 2824
2826 2825
2827 2826
2828 2827
2829 2828
2831 2830
2832 2831
2833 2832
2834 2833
2835 2834
2836 2835
2837 2836
2838 2837
2839 2838
2841 2840
2842 2841
2843 2842
2844 2843
2845 2844
2846 2845
2847 2846
2848 2847
2849 2848
2851 2850
2852 2851
2853 2852
2854 2853
2855 2854
2856 2855
2857 2856
2858 2857
2859 2858
2861 2860
2862 2861
2863 2862
2864 2863
2865 2864
2866 2865
2867 2866
2868 2867
2869 2868
2871 2870
2872 2871
2873 2872
2874 2873
2875 2874
2876 2875
2877 2876
2878 2877
2879 2878
2881 2880
2882 2881
2883 2882
2884 2883
2885 2884
2886 2885
2887 2886
2888 2887
2889 2888
2891 2890
2892 2891
2893 2892
2894 2893
2895 2894
2896 2895
2897 2896
2898 2897
2899 2898
2901 2900
2902 2901
2903 2902
2904 2903
2905 2904
2906 2905
2907 2906
2908 2907
2909 2908
2911 2910
2912 2911
2913 2912
2914 2913
2915 2914
2916 2915
2917 2916
2918 2917
2919 2918
2921 2920
2922 2921
2923 2922
2924 2923
2925 2924
2926 2925
2927 2926
2928 2927
2929 2928
2931 2930
2932 2931
2933 2932
2934 2933
2935 2934
2936 2935
2937 2936
2938 2937
2939 2938
2941 2940
2942 2941
2943 2942
2944 2943
2945 2944
2946 2945
2947 2946
2948 2947
2949 2948
2951 2950
2952 2951
2953 2952
2954 2953
2955 2954
2956 2955
2957 2956
2958 2957
2959 2958
2961 2960
2962 2961
2963 2962
2964 2963
2965 2964
2966 2965
2967 2966
2968 2967
2969 2968
2971 2970
2972 2971
2973 2972
2974 2973
2975 2974
2976 2975
2977 2976
2978 2977
2979 2978
2981 2980
2982 2981
2983 2982
2984 2983
2985 2984
2986 2985
2987 2986
2988 2987
2989 2988
2991 2990
2992 2991
2993 2992
2994 2993
2995 2994
2996 2995
2997 2996
2998 2997
2999 2998
3001 3000
3002 3001
3003 3002
3004 3003
3005 3004
3006 3005
3007 3006
3008 3007
3009 3008
3011 3010
3012 3011
3013 3012
3014 3013
3015 3014
3016 3015
3017 3016
3018 3017
3019 3018
3021 3020
3022 3021
3023 3022
3024 3023
3025 3024
3026 3025
3027 3026
3028 3027
3029 3028
3031 3030
3032 3031
3033 3032
3034 3033
3035 3034
3036 3035
3037 3036
3038 3037
3039 3038
3041 3040
3042 3041
3043 3042
3044 3043
3045 3044
3046 3045
3047 3046
3048 3047
3049 3048
3051 3050
3052 3051
3053 3052
3054 3053
3055 3054
3056 3055
3057 3056
3058 3057
3059 3058
3061 3060
3062 3061
3063 3062
3064 3063
3065 3064
3066 3065
3067 3066
3068 3067
3069 3068
3071 3070
3072 3071
3073 3072
3074 3073
3075 3074
3076 3075
3077 3076
3078 3077
3079 3078
3081 3080
3082 3081
3083 3082
3084 3083
3085 3084
3086 3085
3087 3086
3088 3087
3089 3088
3091 3090
3092 3091
3093 3092
3094 3093
3095 3094
3096 3095
3097 3096
3098 3097
3099 3098
3101 3100
3102 3101
3103 3102
3104 3103
3105 3104
3106 3105
3107 3106
3108 3107
3109 3108
3111 3110
3112 3111
3113 3112
3114 3113
3115 3114
3116 3115
3117 3116
3118 3117
3119 3118
3121 3120
3122 3121
3123 3122
3124 3123
3125 3124
3126 3125
3127 3126
3128 3127
3129 3128
3131 3130
3132 3131
3133 3132
3134 3133
3135 3134
3136 3135
3137 3136
3138 3137
3139 3138
3141 3140
3142 3141
3143 3142
3144 3143
3145 3144
3146 3145
3147 3146
3148 3147
3149 3148
3151 3150
3152 3151
3153 3152
3154 3153
3155 3154
3156 3155
3157 3156
3158 3157
3159 3158
3161 3160
3162 3161
3163 3162
3164 3163
3165 3164
3166 3165
3167 3166
3168 3167
3169 3168
3171 3170
3172 3171
3173 3172
3174 3173
3175 3174
3176 3175
3177 3176
3178 3177
3179 3178
3181 3180
3182 3181
3183 3182
3184 3183
3185 3184
3186 3185
3187 3186
3188 3187
3189 3188
3191 3190
3192 3191
3193 3192
3194 3193
3195 3194
3196 3195
3197 3196
3198 3197
3199 3198
3201 3200
3202 3201
3203 3202
3204 3203
3205 3204
3206 3205
3207 3206
3208 3207
3209 3208
3211 3210
3212 3211
3213 3212
3214 3213
3215 3214
3216 3215
3217 3216
3218 3217
3219 3218
3221 3220
3222 3221
3223 3222
3224 3223
3225 3224
3226 3225
3227 3226
3228 3227
3229 3228
3231 3230
3232 3231
3233 3232
3234 3233
3235 3234
3236 3235
3237 3236
3238 3237
3239 3238
3241 3240
3242 3241
3243 3242
3244 3243
3245 3244
3246 3245
3247 3246
3248 3247
3249 3248
3251 3250
3252 3251
3253 3252
3254 3253
3255 3254
3256 3255
3257 3256
3258 3257
3259 3258
3261 3260
3262 3261
3263 3262
3264 3263
3265 3264
3266 3265
3267 3266
3268 3267
3269 3268
3271 3270
3272 3271
3273 3272
3274 3273
3275 3274
3276 3275
3277 3276
3278 3277
3279 3278
3281 3280
3282 3281
3283 3282
3284 3283
3285 3284
3286 3285
3287 3286
3288 3287
3289 3288
3291 3290
3292 3291
3293 3292
3294 3293
3295 3294
3296 3295
3297 3296
3298 3297
3299 3298
3301 3300
3302 3301
3303 3302
3304 3303
3305 3304
3306 3305
3307 3306
3308 3307
3309 3308
3311 3310
3312 3311
3313 3312
3314 3313
3315 3314
3316 3315
3317 3316
3318 3317
3319 3318
3321 3320
3322 3321
3323 3322
3324 3323
3325 3324
3326 3325
3327 3326
3328 3327
3329 3328
3331 3330
3332 3331
3333 3332
3334 3333
3335 3334
3336 3335
3337 3336
3338 3337
3339 3338
3341 3340
3342 3341
3343 3342
3344 3343
3345 3344
3346 3345
3347 3346
3348 3347
3349 3348
3351 3350
3352 3351
3353 3352
3354 3353
3355 3354
3356 3355
3357 3356
3358 3357
3359 3358
3361 3360
3362 3361
3363 3362
3364 3363
3365 3364
3366 3365
3367 3366
3368 3367
3369 3368
3371 3370
3372 3371
3373 3372
3374 3373
3375 3374
3376 3375
3377 3376
3378 3377
3379 3378
3381 3380
3382 3381
3383 3382
3384 3383
3385 3384
3386 3385
3387 3386
3388 3387
3389 3388
3391 3390
3392 3391
3393 3392
3394 3393
3395 3394
3396 3395
3397 3396
3398 3397
3399 3398
3401 3400
3402 3401
3403 3402
3404 3403
3405 3404
3406 3405
3407 3406
3408 3407
3409 3408
3411 3410
3412 3411
3413 3412
3414 3413
3415 3414
3416 3415
3417 3416
3418 3417
3419 3418
3421 3420
3422 3421
3423 3422
3424 3423
3425 3424
3426 3425
3427 3426
3428 3427
3429 3428
3431 3430
3432 3431
3433 3432
3434 3433
3435 3434
3436 3435
3437 3436
3438 3437
3439 3438
3441 3440
3442 3441
3443 3442
3444 3443
3445 3444
3446 3445
3447 3446
3448 3447
3449 3448
3451 3450
3452 3451
3453 3452
3454 3453
3455 3454
3456 3455
3457 3456
3458 3457
3459 3458
3461 3460
3462 3461
3463 3462
3464 3463
3465 3464
3466 3465
3467 3466
3468 3467
3469 3468
3471 3470
3472 3471
3473 3472
3474 3473
3475 3474
3476 3475
3477 3476
3478 3477
3479 3478
3481 3480
3482 3481
3483 3482
3484 3483
3485 3484
3486 3485
3487 3486
3488 3487
3489 3488
3491 3490
3492 3491
3493 3492
3494 3493
3495 3494
3496 3495
3497 3496
3498 3497
3499 3498
3501 3500
3502 3501
3503 3502
3504 3503
3505 3504
3506 3505
3507 3506
3508 3507
3509 3508
3511 3510
3512 3511
3513 3512
3514 3513
3515 3514
3516 3515
3517 3516
3518 3517
3519 3518
3521 3520
3522 3521
3523 3522
3524 3523
3525 3524
3526 3525
3527 3526
3528 3527
3529 3528
3531 3530
3532 3531
3533 3532
3534 3533
3535 3534
3536 3535
3537 3536
3538 3537
3539 3538
3541 3540
3542 3541
3543 3542
3544 3543
3545 3544
3546 3545
3547 3546
3548 3547
3549 3548
3551 3550
3552 3551
3553 3552
3554 3553
3555 3554
3556 3555
3557 3556
3558 3557
3559 3558
3561 3560
3562 3561
3563 3562
3564 3563
3565 3564
3566 3565
3567 3566
3568 3567
3569 3568
3571 3570
3572 3571
3573 3572
3574 3573
3575 3574
3576 3575
3577 3576
3578 3577
3579 3578
3581 3580
3582 3581
3583 3582
3584 3583
3585 3584
3586 3585
3587 3586
3588 3587
3589 3588
3591 3590
3592 3591
3593 3592
3594 3593
3595 3594
3596 3595
3597 3596
3598 3597
3599 3598
3601 3600
3602 3601
3603 3602
3604 3603
3605 3604
3606 3605
3607 3606
3608 3607
3609 3608
3611 3610
3612 3611
3613 3612
3614 3613
3615 3614
3616 3615
3617 3616
3618 3617
3619 3618
3621 3620
3622 3621
3623 3622
3624 3623
3625 3624
3626 3625
3627 3626
3628 3627
3629 3628
3631 3630
3632 3631
3633 3632
3634 3633
3635 3634
3636 3635
3637 3636
3638 3637
3639 3638
3641 3640
3642 3641
3643 3642
3644 3643
3645 3644
3646 3645
3647 3646
3648 3647
3649 3648
3651 3650
3652 3651
3653 3652
3654 3653
3655 3654
3656 3655
3657 3656
3658 3657
3659 3658
3661 3660
3662 3661
3663 3662
3664 3663
3665 3664
3666 3665
3667 3666
3668 3667
3669 3668
3671 3670
3672 3671
3673 3672
3674 3673
3675 3674
3676 3675
3677 3676
3678 3677
3679 3678
3681 3680
3682 3681
3683 3682
3684 3683
3685 3684
3686 3685
3687 3686
3688 3687
3689 3688
3691 3690
3692 3691
3693 3692
3694 3693
3695 3694
3696 3695
3697 3696
3698 3697
3699 3698
3701 3700
3702 3701
3703 3702
3704 3703
3705 3704
3706 3705
3707 3706
3708 3707
3709 3708
3711 3710
3712 3711
3713 3712
3714 3713
3715 3714
3716 3715
3717 3716
3718 3717
3719 3718
3721 3720
3722 3721
3723 3722
3724 3723
3725 3724
3726 3725
3727 3726
3728 3727
3729 3728
3731 3730
3732 3731
3733 3732
3734 3733
3735 3734
3736 3735
3737 3736
3738 3737
3739 3738
3741 3740
3742 3741
3743 3742
3744 3743
3745 3744
3746 3745
3747 3746
3748 3747
3749 3748
3751 3750
3752 3751
3753 3752
3754 3753
3755 3754
3756 3755
3757 3756
3758 3757
3759 3758
3761 3760
3762 3761
3763 3762
3764 3763
3765 3764
3766 3765
3767 3766
3768 3767
3769 3768
3771 3770
3772 3771
3773 3772
3774 3773
3775 3774
3776 3775
3777 3776
3778 3777
3779 3778
3781 3780
3782 3781
3783 3782
3784 3783
3785 3784
3786 3785
3787 3786
3788 3787
3789 3788
3791 3790
3792 3791
3793 3792
3794 3793
3795 3794
3796 3795
3797 3796
3798 3797
3799 3798
3801 3800
3802 3801
3803 3802
3804 3803
3805 3804
3806 3805
3807 3806
3808 3807
3809 3808
3811 3810
3812 3811
3813 3812
3814 3813
3815 3814
3816 3815
3817 3816
3818 3817
3819 3818
3821 3820
3822 3821
3823 3822
3824 3823
3825 3824
3826 3825
3827 3826
3828 3827
3829 3828
3831 3830
3832 3831
3833 3832
3834 3833
3835 3834
3836 3835
3837 3836
3838 3837
3839 3838
3841 3840
3842 3841
3843 3842
3844 3843
3845 3844
3846 3845
3847 3846
3848 3847
3849 3848
3851 3850
3852 3851
3853 3852
3854 3853
3855 3854
3856 3855
3857 3856
3858 3857
3859 3858
3861 3860
3862 3861
3863 3862
3864 3863
3865 3864
3866 3865
3867 3866
3868 3867
3869 3868
3871 3870
3872 3871
3873 3872
3874 3873
3875 3874
3876 3875
3877 3876
3878 3877
3879 3878
3881 3880
3882 3881
3883 3882
3884 3883
3885 3884
3886 3885
3887 3886
3888 3887
3889 3888
3891 3890
3892 3891
3893 3892
3894 3893
3895 3894
3896 3895
3897 3896
3898 3897
3899 3898
3901 3900
3902 3901
3903 3902
3904 3903
3905 3904
3906 3905
3907 3906
3908 3907
3909 3908
3911 3910
3912 3911
3913 3912
3914 3913
3915 3914
3916 3915
3917 3916
3918 3917
3919 3918
3921 3920
3922 3921
3923 3922
3924 3923
3925 3924
3926 3925
3927 3926
3928 3927
3929 3928
3931 3930
3932 3931
3933 3932
3934 3933
3935 3934
3936 3935
3937 3936
3938 3937
3939 3938
3941 3940
3942 3941
3943 3942
3944 3943
3945 3944
3946 3945
3947 3946
3948 3947
3949 3948
3951 3950
3952 3951
3953 3952
3954 3953
3955 3954
3956 3955
3957 3956
3958 3957
3959 3958
3961 3960
3962 3961
3963 3962
3964 3963
3965 3964
3966 3965
3967 3966
3968 3967
3969 3968
3971 3970
3972 3971
3973 3972
3974 3973
3975 3974
3976 3975
3977 3976
3978 3977
3979 3978
3981 3980
3982 3981
3983 3982
3984 3983
3985 3984
3986 3985
3987 3986
3988 3987
3989 3988
3991 3990
3992 3991
3993 3992
3994 3993
3995 3994
3996 3995
3997 3996
3998 3997
3999 3998
4001 4000
4002 4001
4003 4002
4004 4003
4005 4004
4006 4005
4007 4006
4008 4007
4009 4008
4011 4010
4012 4011
4013 4012
4014 4013
4015 4014
4016 4015
4017 4016
4018 4017
4019 4018
4021 4020
4022 4021
4023 4022
4024 4023
4025 4024
4026 4025
4027 4026
4028 4027
4029 4028
4031 4030
4032 4031
4033 4032
4034 4033
4035 4034
4036 4035
4037 4036
4038 4037
4039 4038
4041 4040
4042 4041
4043 4042
4044 4043
4045 4044
4046 4045
4047 4046
4048 4047
4049 4048
4051 4050
4052 4051
4053 4052
4054 4053
4055 4054
4056 4055
4057 4056
4058 4057
4059 4058
4061 4060
4062 4061
4063 4062
4064 4063
4065 4064
4066 4065
4067 4066
4068 4067
4069 4068
4071 4070
4072 4071
4073 4072
4074 4073
4075 4074
4076 4075
4077 4076
4078 4077
4079 4078
4081 4080
4082 4081
4083 4082
4084 4083
4085 4084
4086 4085
4087 4086
4088 4087
4089 4088
4091 4090
4092 4091
4093 4092
4094 4093
4095 4094
4096 4095
4097 4096
4098 4097
4099 4098
4101 4100
4102 4101
4103 4102
4104 4103
4105 4104
4106 4105
4107 4106
4108 4107
4109 4108
4111 4110
4112 4111
4113 4112
4114 4113
4115 4114
4116 4115
4117 4116
4118 4117
4119 4118
4121 4120
4122 4121
4123 4122
4124 4123
4125 4124
4126 4125
4127 4126
4128 4127
4129 4128
4131 4130
4132 4131
4133 4132
4134 4133
4135 4134
4136 4135
4137 4136
4138 4137
4139 4138
4141 4140
4142 4141
4143 4142
4144 4143
4145 4144
4146 4145
4147 4146
4148 4147
4149 4148
4151 4150
4152 4151
4153 4152
4154 4153
4155 4154
4156 4155
4157 4156
4158 4157
4159 4158
4161 4160
4162 4161
4163 4162
4164 4163
4165 4164
4166 4165
4167 4166
4168 4167
4169 4168
4171 4170
4172 4171
4173 4172
4174 4173
4175 4174
4176 4175
4177 4176
4178 4177
4179 4178
4181 4180
4182 4181
4183 4182
4184 4183
4185 4184
4186 4185
4187 4186
4188 4187
4189 4188
4191 4190
4192 4191
4193 4192
4194 4193
4195 4194
4196 4195
4197 4196
4198 4197
4199 4198
4201 4200
4202 4201
4203 4202
4204 4203
4205 4204
4206 4205
4207 4206
4208 4207
4209 4208
4211 4210
4212 4211
4213 4212
4214 4213
4215 4214
4216 4215
4217 4216
4218 4217
4219 4218
4221 4220
4222 4221
4223 4222
4224 4223
4225 4224
4226 4225
4227 4226
4228 4227
4229 4228
4231 4230
4232 4231
4233 4232
4234 4233
4235 4234
4236 4235
4237 4236
4238 4237
4239 4238
4241 4240
4242 4241
4243 4242
4244 4243
4245 4244
4246 4245
4247 4246
4248 4247
4249 4248
4251 4250
4252 4251
4253 4252
4254 4253
4255 4254
4256 4255
4257 4256
4258 4257
4259 4258
4261 4260
4262 4261
4263 4262
4264 4263
4265 4264
4266 4265
4267 4266
4268 4267
4269 4268
4271 4270
4272 4271
4273 4272
4274 4273
4275 4274
4276 4275
4277 4276
4278 4277
4279 4278
4281 4280
4282 4281
4283 4282
4284 4283
4285 4284
4286 4285
4287 4286
4288 4287
4289 4288
4291 4290
4292 4291
4293 4292
4294 4293
4295 4294
4296 4295
4297 4296
4298 4297
4299 4298
4301 4300
4302 4301
4303 4302
4304 4303
4305 4304
4306 4305
4307 4306
4308 4307
4309 4308
4311 4310
4312 4311
4313 4312
4314 4313
4315 4314
4316 4315
4317 4316
4318 4317
4319 4318
4321 4320
4322 4321
4323 4322
4324 4323
4325 4324
4326 4325
4327 4326
4328 4327
4329 4328
4331 4330
4332 4331
4333 4332
4334 4333
4335 4334
4336 4335
4337 4336
4338 4337
4339 4338
4341 4340
4342 4341
4343 4342
4344 4343
4345 4344
4346 4345
4347 4346
4348 4347
4349 4348
4351 4350
4352 4351
4353 4352
4354 4353
4355 4354
4356 4355
4357 4356
4358 4357
4359 4358
4361 4360
4362 4361
4363 4362
4364 4363
4365 4364
4366 4365
4367 4366
4368 4367
4369 4368
4371 4370
4372 4371
4373 4372
4374 4373
4375 4374
4376 4375
4377 4376
4378 4377
4379 4378
4381 4380
4382 4381
4383 4382
4384 4383
4385 4384
4386 4385
4387 4386
4388 4387
4389 4388
4391 4390
4392 4391
4393 4392
4394 4393
4395 4394
4396 4395
4397 4396
4398 4397
4399 4398
4401 4400
4402 4401
4403 4402
4404 4403
4405 4404
4406 4405
4407 4406
4408 4407
4409 4408
4411 4410
4412 4411
4413 4412
4414 4413
4415 4414
4416 4415
4417 4416
4418 4417
4419 4418
4421 4420
4422 4421
4423 4422
4424 4423
4425 4424
4426 4425
4427 4426
4428 4427
4429 4428
4431 4430
4432 4431
4433 4432
4434 4433
4435 4434
4436 4435
4437 4436
4438 4437
4439 4438
4441 4440
4442 4441
4443 4442
4444 4443
4445 4444
4446 4445
4447 4446
4448 4447
4449 4448
4451 4450
4452 4451
4453 4452
4454 4453
4455 4454
4456 4455
4457 4456
4458 4457
4459 4458
4461 4460
4462 4461
4463 4462
4464 4463
4465 4464
4466 4465
4467 4466
4468 4467
4469 4468
4471 4470
4472 4471
4473 4472
4474 4473
4475 4474
4476 4475
4477 4476
4478 4477
4479 4478
4481 4480
4482 4481
4483 4482
4484 4483
4485 4484
4486 4485
4487 4486
4488 4487
4489 4488
4491 4490
4492 4491
4493 4492
4494 4493
4495 4494
4496 4495
4497 4496
4498 4497
4499 4498
4501 4500
4502 4501
4503 4502
4504 4503
4505 4504
4506 4505
4507 4506
4508 4507
4509 4508
4511 4510
4512 4511
4513 4512
4514 4513
4515 4514
4516 4515
4517 4516
4518 4517
4519 4518
4521 4520
4522 4521
4523 4522
4524 4523
4525 4524
4526 4525
4527 4526
4528 4527
4529 4528
4531 4530
4532 4531
4533 4532
4534 4533
4535 4534
4536 4535
4537 4536
4538 4537
4539 4538
4541 4540
4542 4541
4543 4542
4544 4543
4545 4544
4546 4545
4547 4546
4548 4547
4549 4548
4551 4550
4552 4551
4553 4552
4554 4553
4555 4554
4556 4555
4557 4556
4558 4557
4559 4558
4561 4560
4562 4561
4563 4562
4564 4563
4565 4564
4566 4565
4567 4566
4568 4567
4569 4568
4571 4570
4572 4571
4573 4572
4574 4573
4575 4574
4576 4575
4577 4576
4578 4577
4579 4578
4581 4580
4582 4581
4583 4582
4584 4583
4585 4584
4586 4585
4587 4586
4588 4587
4589 4588
4591 4590
4592 4591
4593 4592
4594 4593
4595 4594
4596 4595
4597 4596
4598 4597
4599 4598
4601 4600
4602 4601
4603 4602
4604 4603
4605 4604
4606 4605
4607 4606
4608 4607
4609 4608
4611 4610
4612 4611
4613 4612
4614 4613
4615 4614
4616 4615
4617 4616
4618 4617
4619 4618
4621 4620
4622 4621
4623 4622
4624 4623
4625 4624
4626 4625
4627 4626
4628 4627
4629 4628
4631 4630
4632 4631
4633 4632
4634 4633
4635 4634
4636 4635
4637 4636
4638 4637
4639 4638
4641 4640
4642 4641
4643 4642
4644 4643
4645 4644
4646 4645
4647 4646
4648 4647
4649 4648
4651 4650
4652 4651
4653 4652
4654 4653
4655 4654
4656 4655
4657 4656
4658 4657
4659 4658
4661 4660
4662 4661
4663 4662
4664 4663
4665 4664
4666 4665
4667 4666
4668 4667
4669 4668
4671 4670
4672 4671
4673 4672
4674 4673
4675 4674
4676 4675
4677 4676
4678 4677
4679 4678
4681 4680
4682 4681
4683 4682
4684 4683
4685 4684
4686 4685
4687 4686
4688 4687
4689 4688
4691 4690
4692 4691
4693 4692
4694 4693
4695 4694
4696 4695
4697 4696
4698 4697
4699 4698
4701 4700
4702 4701
4703 4702
4704 4703
4705 4704
4706 4705
4707 4706
4708 4707
4709 4708
4711 4710
4712 4711
4713 4712
4714 4713
4715 4714
4716 4715
4717 4716
4718 4717
4719 4718
4721 4720
4722 4721
4723 4722
4724 4723
4725 4724
4726 4725
4727 4726
4728 4727
4729 4728
4731 4730
4732 4731
4733 4732
4734 4733
4735 4734
4736 4735
4737 4736
4738 4737
4739 4738
4741 4740
4742 4741
4743 4742
4744 4743
4745 4744
4746 4745
4747 4746
4748 4747
4749 4748
4751 4750
4752 4751
4753 4752
4754 4753
4755 4754
4756 4755
4757 4756
4758 4757
4759 4758
4761 4760
4762 4761
4763 4762
4764 4763
4765 4764
4766 4765
4767 4766
4768 4767
4769 4768
4771 4770
4772 4771
4773 4772
4774 4773
4775 4774
4776 4775
4777 4776
4778 4777
4779 4778
4781 4780
4782 4781
4783 4782
4784 4783
4785 4784
4786 4785
4787 4786
4788 4787
4789 4788
4791 4790
4792 4791
4793 4792
4794 4793
4795 4794
4796 4795
4797 4796
4798 4797
4799 4798
4801 4800
4802 4801
4803 4802
4804 4803
4805 4804
4806 4805
4807 4806
4808 4807
4809 4808
4811 4810
4812 4811
4813 4812
4814 4813
4815 4814
4816 4815
4817 4816
4818 4817
4819 4818
4821 4820
4822 4821
4823 4822
4824 4823
4825 4824
4826 4825
4827 4826
4828 4827
4829 4828
4831 4830
4832 4831
4833 4832
4834 4833
4835 4834
4836 4835
4837 4836
4838 4837
4839 4838
4841 4840
4842 4841
4843 4842
4844 4843
4845 4844
4846 4845
4847 4846
4848 4847
4849 4848
4851 4850
4852 4851
4853 4852
4854 4853
4855 4854
4856 4855
4857 4856
4858 4857
4859 4858
4861 4860
4862 4861
4863 4862
4864 4863
4865 4864
4866 4865
4867 4866
4868 4867
4869 4868
4871 4870
4872 4871
4873 4872
4874 4873
4875 4874
4876 4875
4877 4876
4878 4877
4879 4878
4881 4880
4882 4881
4883 4882
4884 4883
4885 4884
4886 4885
4887 4886
4888 4887
4889 4888
4891 4890
4892 4891
4893 4892
4894 4893
4895 4894
4896 4895
4897 4896
4898 4897
4899 4898
4901 4900
4902 4901
4903 4902
4904 4903
4905 4904
4906 4905
4907 4906
4908 4907
4909 4908
4911 4910
4912 4911
4913 4912
4914 4913
4915 4914
4916 4915
4917 4916
4918 4917
4919 4918
4921 4920
4922 4921
4923 4922
4924 4923
4925 4924
4926 4925
4927 4926
4928 4927
4929 4928
4931 4930
4932 4931
4933 4932
4934 4933
4935 4934
4936 4935
4937 4936
4938 4937
4939 4938
4941 4940
4942 4941
4943 4942
4944 4943
4945 4944
4946 4945
4947 4946
4948 4947
4949 4948
4951 4950
4952 4951
4953 4952
4954 4953
4955 4954
4956 4955
4957 4956
4958 4957
4959 4958
4961 4960
4962 4961
4963 4962
4964 4963
4965 4964
4966 4965
4967 4966
4968 4967
4969 4968
4971 4970
4972 4971
4973 4972
4974 4973
4975 4974
4976 4975
4977 4976
4978 4977
4979 4978
4981 4980
4982 4981
4983 4982
4984 4983
4985 4984
4986 4985
4987 4986
4988 4987
4989 4988
4991 4990
4992 4991
4993 4992
4994 4993
4995 4994
4996 4995
4997 4996
4998 4997
4999 4998
5001 5000
5002 5001
5003 5002
5004 5003
5005 5004
5006 5005
5007 5006
5008 5007
5009 5008
5011 5010
5012 5011
5013 5012
5014 5013
5015 5014
5016 5015
5017 5016
5018 5017
5019 5018
5021 5020
5022 5021
5023 5022
5024 5023
5025 5024
5026 5025
5027 5026
5028 5027
5029 5028
5031 5030
5032 5031
5033 5032
5034 5033
5035 5034
5036 5035
5037 5036
5038 5037
5039 5038
5041 5040
5042 5041
5043 5042
5044 5043
5045 5044
5046 5045
5047 5046
5048 5047
5049 5048
5051 5050
5052 5051
5053 5052
5054 5053
5055 5054
5056 5055
5057 5056
5058 5057
5059 5058
5061 5060
5062 5061
5063 5062
5064 5063
5065 5064
5066 5065
5067 5066
5068 5067
5069 5068
5071 5070
5072 5071
5073 5072
5074 5073
5075 5074
5076 5075
5077 5076
5078 5077
5079 5078
5081 5080
5082 5081
5083 5082
5084 5083
5085 5084
5086 5085
5087 5086
5088 5087
5089 5088
5091 5090
5092 5091
5093 5092
5094 5093
5095 5094
5096 5095
5097 5096
5098 5097
5099 5098
5101 5100
5102 5101
5103 5102
5104 5103
5105 5104
5106 5105
5107 5106
5108 5107
5109 5108
5111 5110
5112 5111
5113 5112
5114 5113
5115 5114
5116 5115
5117 5116
5118 5117
5119 5118
5121 5120
5122 5121
5123 5122
5124 5123
5125 5124
5126 5125
5127 5126
5128 5127
5129 5128
5131 5130
5132 5131
5133 5132
5134 5133
5135 5134
5136 5135
5137 5136
5138 5137
5139 5138
5141 5140
5142 5141
5143 5142
5144 5143
5145 5144
5146 5145
5147 5146
5148 5147
5149 5148
5151 5150
5152 5151
5153 5152
5154 5153
5155 5154
5156 5155
5157 5156
5158 5157
5159 5158
5161 5160
5162 5161
5163 5162
5164 5163
5165 5164
5166 5165
5167 5166
5168 5167
5169 5168
5171 5170
5172 5171
5173 5172
5174 5173
5175 5174
5176 5175
5177 5176
5178 5177
5179 5178
5181 5180
5182 5181
5183 5182
5184 5183
5185 5184
5186 5185
5187 5186
5188 5187
5189 5188
5191 5190
5192 5191
5193 5192
5194 5193
5195 5194
5196 5195
5197 5196
5198 5197
5199 5198
5201 5200
5202 5201
5203 5202
5204 5203
5205 5204
5206 5205
5207 5206
5208 5207
5209 5208
5211 5210
5212 5211
5213 5212
5214 5213
5215 5214
5216 5215
5217 5216
5218 5217
5219 5218
5221 5220
5222 5221
5223 5222
5224 5223
5225 5224
5226 5225
5227 5226
5228 5227
5229 5228
5231 5230
5232 5231
5233 5232
5234 5233
5235 5234
5236 5235
5237 5236
5238 5237
5239 5238
5241 5240
5242 5241
5243 5242
5244 5243
5245 5244
5246 5245
5247 5246
5248 5247
5249 5248
5251 5250
5252 5251
5253 5252
5254 5253
5255 5254
5256 5255
5257 5256
5258 5257
5259 5258
5261 5260
5262 5261
5263 5262
5264 5263
5265 5264
5266 5265
5267 5266
5268 5267
5269 5268
5271 5270
5272 5271
5273 5272
5274 5273
5275 5274
5276 5275
5277 5276
5278 5277
5279 5278
5281 5280
5282 5281
5283 5282
5284 5283
5285 5284
5286 5285
5287 5286
5288 5287
5289 5288
5291 5290
5292 5291
5293 5292
5294 5293
5295 5294
5296 5295
5297 5296
5298 5297
5299 5298
5301 5300
5302 5301
5303 5302
5304 5303
5305 5304
5306 5305
5307 5306
5308 5307
5309 5308
5311 5310
5312 5311
5313 5312
5314 5313
5315 5314
5316 5315
5317 5316
5318 5317
5319 5318
5321 5320
5322 5321
5323 5322
5324 5323
5325 5324
5326 5325
5327 5326
5328 5327
5329 5328
5331 5330
5332 5331
5333 5332
5334 5333
5335 5334
5336 5335
5337 5336
5338 5337
5339 5338
5341 5340
5342 5341
5343 5342
5344 5343
5345 5344
5346 5345
5347 5346
5348 5347
5349 5348
5351 5350
5352 5351
5353 5352
5354 5353
5355 5354
5356 5355
5357 5356
5358 5357
5359 5358
5361 5360
5362 5361
5363 5362
5364 5363
5365 5364
5366 5365
5367 5366
5368 5367
5369 5368
5371 5370
5372 5371
5373 5372
5374 5373
5375 5374
5376 5375
5377 5376
5378 5377
5379 5378
5381 5380
5382 5381
5383 5382
5384 5383
5385 5384
5386 5385
5387 5386
5388 5387
5389 5388
5391 5390
5392 5391
5393 5392
5394 5393
5395 5394
5396 5395
5397 5396
5398 5397
5399 5398
5401 5400
5402 5401
5403 5402
5404 5403
5405 5404
5406 5405
5407 5406
5408 5407
5409 5408
5411 5410
5412 5411
5413 5412
5414 5413
5415 5414
5416 5415
5417 5416
5418 5417
5419 5418
5421 5420
5422 5421
5423 5422
5424 5423
5425 5424
5426 5425
5427 5426
5428 5427
5429 5428
5431 5430
5432 5431
5433 5432
5434 5433
5435 5434
5436 5435
5437 5436
5438 5437
5439 5438
5441 5440
5442 5441
5443 5442
5444 5443
5445 5444
5446 5445
5447 5446
5448 5447
5449 5448
5451 5450
5452 5451
5453 5452
5454 5453
5455 5454
5456 5455
5457 5456
5458 5457
5459 5458
5461 5460
5462 5461
5463 5462
5464 5463
5465 5464
5466 5465
5467 5466
5468 5467
5469 5468
5471 5470
5472 5471
5473 5472
5474 5473
5475 5474
5476 5475
5477 5476
5478 5477
5479 5478
5481 5480
5482 5481
5483 5482
5484 5483
5485 5484
5486 5485
5487 5486
5488 5487
5489 5488
5491 5490
5492 5491
5493 5492
5494 5493
5495 5494
5496 5495
5497 5496
5498 5497
5499 5498
5501 5500
5502 5501
5503 5502
5504 5503
5505 5504
5506 5505
5507 5506
5508 5507
5509 5508
5511 5510
5512 5511
5513 5512
5514 5513
5515 5514
5516 5515
5517 5516
5518 5517
5519 5518
5521 5520
5522 5521
5523 5522
5524 5523
5525 5524
5526 5525
5527 5526
5528 5527
5529 5528
5531 5530
5532 5531
5533 5532
5534 5533
5535 5534
5536 5535
5537 5536
5538 5537
5539 5538
5541 5540
5542 5541
5543 5542
5544 5543
5545 5544
5546 5545
5547 5546
5548 5547
5549 5548
5551 5550
5552 5551
5553 5552
5554 5553
5555 5554
5556 5555
5557 5556
5558 5557
5559 5558
5561 5560
5562 5561
5563 5562
5564 5563
5565 5564
5566 5565
5567 5566
5568 5567
5569 5568
5571 5570
5572 5571
5573 5572
5574 5573
5575 5574
5576 5575
5577 5576
5578 5577
5579 5578
5581 5580
5582 5581
5583 5582
5584 5583
5585 5584
5586 5585
5587 5586
5588 5587
5589 5588
5591 5590
5592 5591
5593 5592
5594 5593
5595 5594
5596 5595
5597 5596
5598 5597
5599 5598
5601 5600
5602 5601
5603 5602
5604 5603
5605 5604
5606 5605
5607 5606
5608 5607
5609 5608
5611 5610
5612 5611
5613 5612
5614 5613
5615 5614
5616 5615
5617 5616
5618 5617
5619 5618
5621 5620
5622 5621
5623 5622
5624 5623
5625 5624
5626 5625
5627 5626
5628 5627
5629 5628
5631 5630
5632 5631
5633 5632
5634 5633
5635 5634
5636 5635
5637 5636
5638 5637
5639 5638
5641 5640
5642 5641
5643 5642
5644 5643
5645 5644
5646 5645
5647 5646
5648 5647
5649 5648
5651 5650
5652 5651
5653 5652
5654 5653
5655 5654
5656 5655
5657 5656
5658 5657
5659 5658
5661 5660
5662 5661
5663 5662
5664 5663
5665 5664
5666 5665
5667 5666
5668 5667
5669 5668
5671 5670
5672 5671
5673 5672
5674 5673
5675 5674
5676 5675
5677 5676
5678 5677
5679 5678
5681 5680
5682 5681
5683 5682
5684 5683
5685 5684
5686 5685
5687 5686
5688 5687
5689 5688
5691 5690
5692 5691
5693 5692
5694 5693
5695 5694
5696 5695
5697 5696
5698 5697
5699 5698
5701 5700
5702 5701
5703 5702
5704 5703
5705 5704
5706 5705
5707 5706
5708 5707
5709 5708
5711 5710
5712 5711
5713 5712
5714 5713
5715 5714
5716 5715
5717 5716
5718 5717
5719 5718
5721 5720
5722 5721
5723 5722
5724 5723
5725 5724
5726 5725
5727 5726
5728 5727
5729 5728
5731 5730
5732 5731
5733 5732
5734 5733
5735 5734
5736 5735
5737 5736
5738 5737
5739 5738
5741 5740
5742 5741
5743 5742
5744 5743
5745 5744
5746 5745
5747 5746
5748 5747
5749 5748
5751 5750
5752 5751
5753 5752
5754 5753
5755 5754
5756 5755
5757 5756
5758 5757
5759 5758
5761 5760
5762 5761
5763 5762
5764 5763
5765 5764
5766 5765
5767 5766
5768 5767
5769 5768
5771 5770
5772 5771
5773 5772
5774 5773
5775 5774
5776 5775
5777 5776
5778 5777
5779 5778
5781 5780
5782 5781
5783 5782
5784 5783
5785 5784
5786 5785
5787 5786
5788 5787
5789 5788
5791 5790
5792 5791
5793 5792
5794 5793
5795 5794
5796 5795
5797 5796
5798 5797
5799 5798
5801 5800
5802 5801
5803 5802
5804 5803
5805 5804
5806 5805
5807 5806
5808 5807
5809 5808
5811 5810
5812 5811
5813 5812
5814 5813
5815 5814
5816 5815
5817 5816
5818 5817
5819 5818
5821 5820
5822 5821
5823 5822
5824 5823
5825 5824
5826 5825
5827 5826
5828 5827
5829 5828
5831 5830
5832 5831
5833 5832
5834 5833
5835 5834
5836 5835
5837 5836
5838 5837
5839 5838
5841 5840
5842 5841
5843 5842
5844 5843
5845 5844
5846 5845
5847 5846
5848 5847
5849 5848
5851 5850
5852 5851
5853 5852
5854 5853
5855 5854
5856 5855
5857 5856
5858 5857
5859 5858
5861 5860
5862 5861
5863 5862
5864 5863
5865 5864
5866 5865
5867 5866
5868 5867
5869 5868
5871 5870
5872 5871
5873 5872
5874 5873
5875 5874
5876 5875
5877 5876
5878 5877
5879 5878
5881 5880
5882 5881
5883 5882
5884 5883
5885 5884
5886 5885
5887 5886
5888 5887
5889 5888
5891 5890
5892 5891
5893 5892
5894 5893
5895 5894
5896 5895
5897 5896
5898 5897
5899 5898
5901 5900
5902 5901
5903 5902
5904 5903
5905 5904
5906 5905
5907 5906
5908 5907
5909 5908
5911 5910
5912 5911
5913 5912
5914 5913
5915 5914
5916 5915
5917 5916
5918 5917
5919 5918
5921 5920
5922 5921
5923 5922
5924 5923
5925 5924
5926 5925
5927 5926
5928 5927
5929 5928
5931 5930
5932 5931
5933 5932
5934 5933
5935 5934
5936 5935
5937 5936
5938 5937
5939 5938
5941 5940
5942 5941
5943 5942
5944 5943
5945 5944
5946 5945
5947 5946
5948 5947
5949 5948
5951 5950
5952 5951
5953 5952
5954 5953
5955 5954
5956 5955
5957 5956
5958 5957
5959 5958
5961 5960
5962 5961
5963 5962
5964 5963
5965 5964
5966 5965
5967 5966
5968 5967
5969 5968
5971 5970
5972 5971
5973 5972
5974 5973
5975 5974
5976 5975
5977 5976
5978 5977
5979 5978
5981 5980
5982 5981
5983 5982
5984 5983
5985 5984
5986 5985
5987 5986
5988 5987
5989 5988
5991 5990
5992 5991
5993 5992
5994 5993
5995 5994
5996 5995
5997 5996
5998 5997
5999 5998
6001 6000
6002 6001
6003 6002
6004 6003
6005 6004
6006 6005
6007 6006
6008 6007
6009 6008
6011 6010
6012 6011
6013 6012
6014 6013
6015 6014
6016 6015
6017 6016
6018 6017
6019 6018
6021 6020
6022 6021
6023 6022
6024 6023
6025 6024
6026 6025
6027 6026
6028 6027
6029 6028
6031 6030
6032 6031
6033 6032
6034 6033
6035 6034
6036 6035
6037 6036
6038 6037
6039 6038
6041 6040
6042 6041
6043 6042
6044 6043
6045 6044
6046 6045
6047 6046
6048 6047
6049 6048
6051 6050
6052 6051
6053 6052
6054 6053
6055 6054
6056 6055
6057 6056
6058 6057
6059 6058
6061 6060
6062 6061
6063 6062
6064 6063
6065 6064
6066 6065
6067 6066
6068 6067
6069 6068
6071 6070
6072 6071
6073 6072
6074 6073
6075 6074
6076 6075
6077 6076
6078 6077
6079 6078
6081 6080
6082 6081
6083 6082
6084 6083
6085 6084
6086 6085
6087 6086
6088 6087
6089 6088
6091 6090
6092 6091
6093 6092
6094 6093
6095 6094
6096 6095
6097 6096
6098 6097
6099 6098
6101 6100
6102 6101
6103 6102
6104 6103
6105 6104
6106 6105
6107 6106
6108 6107
6109 6108
6111 6110
6112 6111
6113 6112
6114 6113
6115 6114
6116 6115
6117 6116
6118 6117
6119 6118
6121 6120
6122 6121
6123 6122
6124 6123
6125 6124
6126 6125
6127 6126
6128 6127
6129 6128
6131 6130
6132 6131
6133 6132
6134 6133
6135 6134
6136 6135
6137 6136
6138 6137
6139 6138
6141 6140
6142 6141
6143 6142
6144 6143
6145 6144
6146 6145
6147 6146
6148 6147
6149 6148
6151 6150
6152 6151
6153 6152
6154 6153
6155 6154
6156 6155
6157 6156
6158 6157
6159 6158
6161 6160
6162 6161
6163 6162
6164 6163
6165 6164
6166 6165
6167 6166
6168 6167
6169 6168
6171 6170
6172 6171
6173 6172
6174 6173
6175 6174
6176 6175
6177 6176
6178 6177
6179 6178
6181 6180
6182 6181
6183 6182
6184 6183
6185 6184
6186 6185
6187 6186
6188 6187
6189 6188
6191 6190
6192 6191
6193 6192
6194 6193
6195 6194
6196 6195
6197 6196
6198 6197
6199 6198
6201 6200
6202 6201
6203 6202
6204 6203
6205 6204
6206 6205
6207 6206
6208 6207
6209 6208
6211 6210
6212 6211
6213 6212
6214 6213
6215 6214
6216 6215
6217 6216
6218 6217
6219 6218
6221 6220
6222 6221
6223 6222
6224 6223
6225 6224
6226 6225
6227 6226
6228 6227
6229 6228
6231 6230
6232 6231
6233 6232
6234 6233
6235 6234
6236 6235
6237 6236
6238 6237
6239 6238
6241 6240
6242 6241
6243 6242
6244 6243
6245 6244
6246 6245
6247 6246
6248 6247
6249 6248
6251 6250
6252 6251
6253 6252
6254 6253
6255 6254
6256 6255
6257 6256
6258 6257
6259 6258
6261 6260
6262 6261
6263 6262
6264 6263
6265 6264
6266 6265
6267 6266
6268 6267
6269 6268
6271 6270
6272 6271
6273 6272
6274 6273
6275 6274
6276 6275
6277 6276
6278 6277
6279 6278
6281 6280
6282 6281
6283 6282
6284 6283
6285 6284
6286 6285
6287 6286
6288 6287
6289 6288
6291 6290
6292 6291
6293 6292
6294 6293
6295 6294
6296 6295
6297 6296
6298 6297
6299 6298
6301 6300
6302 6301
6303 6302
6304 6303
6305 6304
6306 6305
6307 6306
6308 6307
6309 6308
6311 6310
6312 6311
6313 6312
6314 6313
6315 6314
6316 6315
6317 6316
6318 6317
6319 6318
6321 6320
6322 6321
6323 6322
6324 6323
6325 6324
6326 6325
6327 6326
6328 6327
6329 6328
6331 6330
6332 6331
6333 6332
6334 6333
6335 6334
6336 6335
6337 6336
6338 6337
6339 6338
6341 6340
6342 6341
6343 6342
6344 6343
6345 6344
6346 6345
6347 6346
6348 6347
6349 6348
6351 6350
6352 6351
6353 6352
6354 6353
6355 6354
6356 6355
6357 6356
6358 6357
6359 6358
6361 6360
6362 6361
6363 6362
6364 6363
6365 6364
6366 6365
6367 6366
6368 6367
6369 6368
6371 6370
6372 6371
6373 6372
6374 6373
6375 6374
6376 6375
6377 6376
6378 6377
6379 6378
6381 6380
6382 6381
6383 6382
6384 6383
6385 6384
6386 6385
6387 6386
6388 6387
6389 6388
6391 6390
6392 6391
6393 6392
6394 6393
6395 6394
6396 6395
6397 6396
6398 6397
6399 6398
6401 6400
6402 6401
6403 6402
6404 6403
6405 6404
6406 6405
6407 6406
6408 6407
6409 6408
6411 6410
6412 6411
6413 6412
6414 6413
6415 6414
6416 6415
6417 6416
6418 6417
6419 6418
6421 6420
6422 6421
6423 6422
6424 6423
6425 6424
6426 6425
6427 6426
6428 6427
6429 6428
6431 6430
6432 6431
6433 6432
6434 6433
6435 6434
6436 6435
6437 6436
6438 6437
6439 6438
6441 6440
6442 6441
6443 6442
6444 6443
6445 6444
6446 6445
6447 6446
6448 6447
6449 6448
6451 6450
6452 6451
6453 6452
6454 6453
6455 6454
6456 6455
6457 6456
6458 6457
6459 6458
6461 6460
6462 6461
6463 6462
6464 6463
6465 6464
6466 6465
6467 6466
6468 6467
6469 6468
6471 6470
6472 6471
6473 6472
6474 6473
6475 6474
6476 6475
6477 6476
6478 6477
6479 6478
6481 6480
6482 6481
6483 6482
6484 6483
6485 6484
6486 6485
6487 6486
6488 6487
6489 6488
6491 6490
6492 6491
6493 6492
6494 6493
6495 6494
6496 6495
6497 6496
6498 6497
6499 6498
6501 6500
6502 6501
6503 6502
6504 6503
6505 6504
6506 6505
6507 6506
6508 6507
6509 6508
6511 6510
6512 6511
6513 6512
6514 6513
6515 6514
6516 6515
6517 6516
6518 6517
6519 6518
6521 6520
6522 6521
6523 6522
6524 6523
6525 6524
6526 6525
6527 6526
6528 6527
6529 6528
6531 6530
6532 6531
6533 6532
6534 6533
6535 6534
6536 6535
6537 6536
6538 6537
6539 6538
6541 6540
6542 6541
6543 6542
6544 6543
6545 6544
6546 6545
6547 6546
6548 6547
6549 6548
6551 6550
6552 6551
6553 6552
6554 6553
6555 6554
6556 6555
6557 6556
6558 6557
6559 6558
6561 6560
6562 6561
6563 6562
6564 6563
6565 6564
6566 6565
6567 6566
6568 6567
6569 6568
6571 6570
6572 6571
6573 6572
6574 6573
6575 6574
6576 6575
6577 6576
6578 6577
6579 6578
6581 6580
6582 6581
6583 6582
6584 6583
6585 6584
6586 6585
6587 6586
6588 6587
6589 6588
6591 6590
6592 6591
6593 6592
6594 6593
6595 6594
6596 6595
6597 6596
6598 6597
6599 6598
6601 6600
6602 6601
6603 6602
6604 6603
6605 6604
6606 6605
6607 6606
6608 6607
6609 6608
6611 6610
6612 6611
6613 6612
6614 6613
6615 6614
6616 6615
6617 6616
6618 6617
6619 6618
6621 6620
6622 6621
6623 6622
6624 6623
6625 6624
6626 6625
6627 6626
6628 6627
6629 6628
6631 6630
6632 6631
6633 6632
6634 6633
6635 6634
6636 6635
6637 6636
6638 6637
6639 6638
6641 6640
6642 6641
6643 6642
6644 6643
6645 6644
6646 6645
6647 6646
6648 6647
6649 6648
6651 6650
6652 6651
6653 6652
6654 6653
6655 6654
6656 6655
6657 6656
6658 6657
6659 6658
6661 6660
6662 6661
6663 6662
6664 6663
6665 6664
6666 6665
6667 6666
6668 6667
6669 6668
6671 6670
6672 6671
6673 6672
6674 6673
6675 6674
6676 6675
6677 6676
6678 6677
6679 6678
6681 6680
6682 6681
6683 6682
6684 6683
6685 6684
6686 6685
6687 6686
6688 6687
6689 6688
6691 6690
6692 6691
6693 6692
6694 6693
6695 6694
6696 6695
6697 6696
6698 6697
6699 6698
6701 6700
6702 6701
6703 6702
6704 6703
6705 6704
6706 6705
6707 6706
6708 6707
6709 6708
6711 6710
6712 6711
6713 6712
6714 6713
6715 6714
6716 6715
6717 6716
6718 6717
6719 6718
6721 6720
6722 6721
6723 6722
6724 6723
6725 6724
6726 6725
6727 6726
6728 6727
6729 6728
6731 6730
6732 6731
6733 6732
6734 6733
6735 6734
6736 6735
6737 6736
6738 6737
6739 6738
6741 6740
6742 6741
6743 6742
6744 6743
6745 6744
6746 6745
6747 6746
6748 6747
6749 6748
6751 6750
6752 6751
6753 6752
6754 6753
6755 6754
6756 6755
6757 6756
6758 6757
6759 6758
6761 6760
6762 6761
6763 6762
6764 6763
6765 6764
6766 6765
6767 6766
6768 6767
6769 6768
6771 6770
6772 6771
6773 6772
6774 6773
6775 6774
6776 6775
6777 6776
6778 6777
6779 6778
6781 6780
6782 6781
6783 6782
6784 6783
6785 6784
6786 6785
6787 6786
6788 6787
6789 6788
6791 6790
6792 6791
6793 6792
6794 6793
6795 6794
6796 6795
6797 6796
6798 6797
6799 6798
6801 6800
6802 6801
6803 6802
6804 6803
6805 6804
6806 6805
6807 6806
6808 6807
6809 6808
6811 6810
6812 6811
6813 6812
6814 6813
6815 6814
6816 6815
6817 6816
6818 6817
6819 6818
6821 6820
6822 6821
6823 6822
6824 6823
6825 6824
6826 6825
6827 6826
6828 6827
6829 6828
6831 6830
6832 6831
6833 6832
6834 6833
6835 6834
6836 6835
6837 6836
6838 6837
6839 6838
6841 6840
6842 6841
6843 6842
6844 6843
6845 6844
6846 6845
6847 6846
6848 6847
6849 6848
6851 6850
6852 6851
6853 6852
6854 6853
6855 6854
6856 6855
6857 6856
6858 6857
6859 6858
6861 6860
6862 6861
6863 6862
6864 6863
6865 6864
6866 6865
6867 6866
6868 6867
6869 6868
6871 6870
6872 6871
6873 6872
6874 6873
6875 6874
6876 6875
6877 6876
6878 6877
6879 6878
6881 6880
6882 6881
6883 6882
6884 6883
6885 6884
6886 6885
6887 6886
6888 6887
6889 6888
6891 6890
6892 6891
6893 6892
6894 6893
6895 6894
6896 6895
6897 6896
6898 6897
6899 6898
6901 6900
6902 6901
6903 6902
6904 6903
6905 6904
6906 6905
6907 6906
6908 6907
6909 6908
6911 6910
6912 6911
6913 6912
6914 6913
6915 6914
6916 6915
6917 6916
6918 6917
6919 6918
6921 6920
6922 6921
6923 6922
6924 6923
6925 6924
6926 6925
6927 6926
6928 6927
6929 6928
6931 6930
6932 6931
6933 6932
6934 6933
6935 6934
6936 6935
6937 6936
6938 6937
6939 6938
6941 6940
6942 6941
6943 6942
6944 6943
6945 6944
6946 6945
6947 6946
6948 6947
6949 6948
6951 6950
6952 6951
6953 6952
6954 6953
6955 6954
6956 6955
6957 6956
6958 6957
6959 6958
6961 6960
6962 6961
6963 6962
6964 6963
6965 6964
6966 6965
6967 6966
6968 6967
6969 6968
6971 6970
6972 6971
6973 6972
6974 6973
6975 6974
6976 6975
6977 6976
6978 6977
6979 6978
6981 6980
6982 6981
6983 6982
6984 6983
6985 6984
6986 6985
6987 6986
6988 6987
6989 6988
6991 6990
6992 6991
6993 6992
6994 6993
6995 6994
6996 6995
6997 6996
6998 6997
6999 6998
7001 7000
7002 7001
7003 7002
7004 7003
7005 7004
7006 7005
7007 7006
7008 7007
7009 7008
7011 7010
7012 7011
7013 7012
7014 7013
7015 7014
7016 7015
7017 7016
7018 7017
7019 7018
7021 7020
7022 7021
7023 7022
7024 7023
7025 7024
7026 7025
7027 7026
7028 7027
7029 7028
7031 7030
7032 7031
7033 7032
7034 7033
7035 7034
7036 7035
7037 7036
7038 7037
7039 7038
7041 7040
7042 7041
7043 7042
7044 7043
7045 7044
7046 7045
7047 7046
7048 7047
7049 7048
7051 7050
7052 7051
7053 7052
7054 7053
7055 7054
7056 7055
7057 7056
7058 7057
7059 7058
7061 7060
7062 7061
7063 7062
7064 7063
7065 7064
7066 7065
7067 7066
7068 7067
7069 7068
7071 7070
7072 7071
7073 7072
7074 7073
7075 7074
7076 7075
7077 7076
7078 7077
7079 7078
7081 7080
7082 7081
7083 7082
7084 7083
7085 7084
7086 7085
7087 7086
7088 7087
7089 7088
7091 7090
7092 7091
7093 7092
7094 7093
7095 7094
7096 7095
7097 7096
7098 7097
7099 7098
7101 7100
7102 7101
7103 7102
7104 7103
7105 7104
7106 7105
7107 7106
7108 7107
7109 7108
7111 7110
7112 7111
7113 7112
7114 7113
7115 7114
7116 7115
7117 7116
7118 7117
7119 7118
7121 7120
7122 7121
7123 7122
7124 7123
7125 7124
7126 7125
7127 7126
7128 7127
7129 7128
7131 7130
7132 7131
7133 7132
7134 7133
7135 7134
7136 7135
7137 7136
7138 7137
7139 7138
7141 7140
7142 7141
7143 7142
7144 7143
7145 7144
7146 7145
7147 7146
7148 7147
7149 7148
7151 7150
7152 7151
7153 7152
7154 7153
7155 7154
7156 7155
7157 7156
7158 7157
7159 7158
7161 7160
7162 7161
7163 7162
7164 7163
7165 7164
7166 7165
7167 7166
7168 7167
7169 7168
7171 7170
7172 7171
7173 7172
7174 7173
7175 7174
7176 7175
7177 7176
7178 7177
7179 7178
7181 7180
7182 7181
7183 7182
7184 7183
7185 7184
7186 7185
7187 7186
7188 7187
7189 7188
7191 7190
7192 7191
7193 7192
7194 7193
7195 7194
7196 7195
7197 7196
7198 7197
7199 7198
7201 7200
7202 7201
7203 7202
7204 7203
7205 7204
7206 7205
7207 7206
7208 7207
7209 7208
7211 7210
7212 7211
7213 7212
7214 7213
7215 7214
7216 7215
7217 7216
7218 7217
7219 7218
7221 7220
7222 7221
7223 7222
7224 7223
7225 7224
7226 7225
7227 7226
7228 7227
7229 7228
7231 7230
7232 7231
7233 7232
7234 7233
7235 7234
7236 7235
7237 7236
7238 7237
7239 7238
7241 7240
7242 7241
7243 7242
7244 7243
7245 7244
7246 7245
7247 7246
7248 7247
7249 7248
7251 7250
7252 7251
7253 7252
7254 7253
7255 7254
7256 7255
7257 7256
7258 7257
7259 7258
7261 7260
7262 7261
7263 7262
7264 7263
7265 7264
7266 7265
7267 7266
7268 7267
7269 7268
7271 7270
7272 7271
7273 7272
7274 7273
7275 7274
7276 7275
7277 7276
7278 7277
7279 7278
7281 7280
7282 7281
7283 7282
7284 7283
7285 7284
7286 7285
7287 7286
7288 7287
7289 7288
7291 7290
7292 7291
7293 7292
7294 7293
7295 7294
7296 7295
7297 7296
7298 7297
7299 7298
7301 7300
7302 7301
7303 7302
7304 7303
7305 7304
7306 7305
7307 7306
7308 7307
7309 7308
7311 7310
7312 7311
7313 7312
7314 7313
7315 7314
7316 7315
7317 7316
7318 7317
7319 7318
7321 7320
7322 7321
7323 7322
7324 7323
7325 7324
7326 7325
7327 7326
7328 7327
7329 7328
7331 7330
7332 7331
7333 7332
7334 7333
7335 7334
7336 7335
7337 7336
7338 7337
7339 7338
7341 7340
7342 7341
7343 7342
7344 7343
7345 7344
7346 7345
7347 7346
7348 7347
7349 7348
7351 7350
7352 7351
7353 7352
7354 7353
7355 7354
7356 7355
7357 7356
7358 7357
7359 7358
7361 7360
7362 7361
7363 7362
7364 7363
7365 7364
7366 7365
7367 7366
7368 7367
7369 7368
7371 7370
7372 7371
7373 7372
7374 7373
7375 7374
7376 7375
7377 7376
7378 7377
7379 7378
7381 7380
7382 7381
7383 7382
7384 7383
7385 7384
7386 7385
7387 7386
7388 7387
7389 7388
7391 7390
7392 7391
7393 7392
7394 7393
7395 7394
7396 7395
7397 7396
7398 7397
7399 7398
7401 7400
7402 7401
7403 7402
7404 7403
7405 7404
7406 7405
7407 7406
7408 7407
7409 7408
7411 7410
7412 7411
7413 7412
7414 7413
7415 7414
7416 7415
7417 7416
7418 7417
7419 7418
7421 7420
7422 7421
7423 7422
7424 7423
7425 7424
7426 7425
7427 7426
7428 7427
7429 7428
7431 7430
7432 7431
7433 7432
7434 7433
7435 7434
7436 7435
7437 7436
7438 7437
7439 7438
7441 7440
7442 7441
7443 7442
7444 7443
7445 7444
7446 7445
7447 7446
7448 7447
7449 7448
7451 7450
7452 7451
7453 7452
7454 7453
7455 7454
7456 7455
7457 7456
7458 7457
7459 7458
7461 7460
7462 7461
7463 7462
7464 7463
7465 7464
7466 7465
7467 7466
7468 7467
7469 7468
7471 7470
7472 7471
7473 7472
7474 7473
7475 7474
7476 7475
7477 7476
7478 7477
7479 7478
7481 7480
7482 7481
7483 7482
7484 7483
7485 7484
7486 7485
7487 7486
7488 7487
7489 7488
7491 7490
7492 7491
7493 7492
7494 7493
7495 7494
7496 7495
7497 7496
7498 7497
7499 7498
7501 7500
7502 7501
7503 7502
7504 7503
7505 7504
7506 7505
7507 7506
7508 7507
7509 7508
7511 7510
7512 7511
7513 7512
7514 7513
7515 7514
7516 7515
7517 7516
7518 7517
7519 7518
7521 7520
7522 7521
7523 7522
7524 7523
7525 7524
7526 7525
7527 7526
7528 7527
7529 7528
7531 7530
7532 7531
7533 7532
7534 7533
7535 7534
7536 7535
7537 7536
7538 7537
7539 7538
7541 7540
7542 7541
7543 7542
7544 7543
7545 7544
7546 7545
7547 7546
7548 7547
7549 7548
7551 7550
7552 7551
7553 7552
7554 7553
7555 7554
7556 7555
7557 7556
7558 7557
7559 7558
7561 7560
7562 7561
7563 7562
7564 7563
7565 7564
7566 7565
7567 7566
7568 7567
7569 7568
7571 7570
7572 7571
7573 7572
7574 7573
7575 7574
7576 7575
7577 7576
7578 7577
7579 7578
7581 7580
7582 7581
7583 7582
7584 7583
7585 7584
7586 7585
7587 7586
7588 7587
7589 7588
7591 7590
7592 7591
7593 7592
7594 7593
7595 7594
7596 7595
7597 7596
7598 7597
7599 7598
7601 7600
7602 7601
7603 7602
7604 7603
7605 7604
7606 7605
7607 7606
7608 7607
7609 7608
7611 7610
7612 7611
7613 7612
7614 7613
7615 7614
7616 7615
7617 7616
7618 7617
7619 7618
7621 7620
7622 7621
7623 7622
7624 7623
7625 7624
7626 7625
7627 7626
7628 7627
7629 7628
7631 7630
7632 7631
7633 7632
7634 7633
7635 7634
7636 7635
7637 7636
7638 7637
7639 7638
7641 7640
7642 7641
7643 7642
7644 7643
7645 7644
7646 7645
7647 7646
7648 7647
7649 7648
7651 7650
7652 7651
7653 7652
7654 7653
7655 7654
7656 7655
7657 7656
7658 7657
7659 7658
7661 7660
7662 7661
7663 7662
7664 7663
7665 7664
7666 7665
7667 7666
7668 7667
7669 7668
7671 7670
7672 7671
7673 7672
7674 7673
7675 7674
7676 7675
7677 7676
7678 7677
7679 7678
7681 7680
7682 7681
7683 7682
7684 7683
7685 7684
7686 7685
7687 7686
7688 7687
7689 7688
7691 7690
7692 7691
7693 7692
7694 7693
7695 7694
7696 7695
7697 7696
7698 7697
7699 7698
7701 7700
7702 7701
7703 7702
7704 7703
7705 7704
7706 7705
7707 7706
7708 7707
7709 7708
7711 7710
7712 7711
7713 7712
7714 7713
7715 7714
7716 7715
7717 7716
7718 7717
7719 7718
7721 7720
7722 7721
7723 7722
7724 7723
7725 7724
7726 7725
7727 7726
7728 7727
7729 7728
7731 7730
7732 7731
7733 7732
7734 7733
7735 7734
7736 7735
7737 7736
7738 7737
7739 7738
7741 7740
7742 7741
7743 7742
7744 7743
7745 7744
7746 7745
7747 7746
7748 7747
7749 7748
7751 7750
7752 7751
7753 7752
7754 7753
7755 7754
7756 7755
7757 7756
7758 7757
7759 7758
7761 7760
7762 7761
7763 7762
7764 7763
7765 7764
7766 7765
7767 7766
7768 7767
7769 7768
7771 7770
7772 7771
7773 7772
7774 7773
7775 7774
7776 7775
7777 7776
7778 7777
7779 7778
7781 7780
7782 7781
7783 7782
7784 7783
7785 7784
7786 7785
7787 7786
7788 7787
7789 7788
7791 7790
7792 7791
7793 7792
7794 7793
7795 7794
7796 7795
7797 7796
7798 7797
7799 7798
7801 7800
7802 7801
7803 7802
7804 7803
7805 7804
7806 7805
7807 7806
7808 7807
7809 7808
7811 7810
7812 7811
7813 7812
7814 7813
7815 7814
7816 7815
7817 7816
7818 7817
7819 7818
7821 7820
7822 7821
7823 7822
7824 7823
7825 7824
7826 7825
7827 7826
7828 7827
7829 7828
7831 7830
7832 7831
7833 7832
7834 7833
7835 7834
7836 7835
7837 7836
7838 7837
7839 7838
7841 7840
7842 7841
7843 7842
7844 7843
7845 7844
7846 7845
7847 7846
7848 7847
7849 7848
7851 7850
7852 7851
7853 7852
7854 7853
7855 7854
7856 7855
7857 7856
7858 7857
7859 7858
7861 7860
7862 7861
7863 7862
7864 7863
7865 7864
7866 7865
7867 7866
7868 7867
7869 7868
7871 7870
7872 7871
7873 7872
7874 7873
7875 7874
7876 7875
7877 7876
7878 7877
7879 7878
7881 7880
7882 7881
7883 7882
7884 7883
7885 7884
7886 7885
7887 7886
7888 7887
7889 7888
7891 7890
7892 7891
7893 7892
7894 7893
7895 7894
7896 7895
7897 7896
7898 7897
7899 7898
7901 7900
7902 7901
7903 7902
7904 7903
7905 7904
7906 7905
7907 7906
7908 7907
7909 7908
7911 7910
7912 7911
7913 7912
7914 7913
7915 7914
7916 7915
7917 7916
7918 7917
7919 7918
7921 7920
7922 7921
7923 7922
7924 7923
7925 7924
7926 7925
7927 7926
7928 7927
7929 7928
7931 7930
7932 7931
7933 7932
7934 7933
7935 7934
7936 7935
7937 7936
7938 7937
7939 7938
7941 7940
7942 7941
7943 7942
7944 7943
7945 7944
7946 7945
7947 7946
7948 7947
7949 7948
7951 7950
7952 7951
7953 7952
7954 7953
7955 7954
7956 7955
7957 7956
7958 7957
7959 7958
7961 7960
7962 7961
7963 7962
7964 7963
7965 7964
7966 7965
7967 7966
7968 7967
7969 7968
7971 7970
7972 7971
7973 7972
7974 7973
7975 7974
7976 7975
7977 7976
7978 7977
7979 7978
7981 7980
7982 7981
7983 7982
7984 7983
7985 7984
7986 7985
7987 7986
7988 7987
7989 7988
7991 7990
7992 7991
7993 7992
7994 7993
7995 7994
7996 7995
7997 7996
7998 7997
7999 7998
8001 8000
8002 8001
8003 8002
8004 8003
8005 8004
8006 8005
8007 8006
8008 8007
8009 8008
8011 8010
8012 8011
8013 8012
8014 8013
8015 8014
8016 8015
8017 8016
8018 8017
8019 8018
8021 8020
8022 8021
8023 8022
8024 8023
8025 8024
8026 8025
8027 8026
8028 8027
8029 8028
8031 8030
8032 8031
8033 8032
8034 8033
8035 8034
8036 8035
8037 8036
8038 8037
8039 8038
8041 8040
8042 8041
8043 8042
8044 8043
8045 8044
8046 8045
8047 8046
8048 8047
8049 8048
8051 8050
8052 8051
8053 8052
8054 8053
8055 8054
8056 8055
8057 8056
8058 8057
8059 8058
8061 8060
8062 8061
8063 8062
8064 8063
8065 8064
8066 8065
8067 8066
8068 8067
8069 8068
8071 8070
8072 8071
8073 8072
8074 8073
8075 8074
8076 8075
8077 8076
8078 8077
8079 8078
8081 8080
8082 8081
8083 8082
8084 8083
8085 8084
8086 8085
8087 8086
8088 8087
8089 8088
8091 8090
8092 8091
8093 8092
8094 8093
8095 8094
8096 8095
8097 8096
8098 8097
8099 8098
8101 8100
8102 8101
8103 8102
8104 8103
8105 8104
8106 8105
8107 8106
8108 8107
8109 8108
8111 8110
8112 8111
8113 8112
8114 8113
8115 8114
8116 8115
8117 8116
8118 8117
8119 8118
8121 8120
8122 8121
8123 8122
8124 8123
8125 8124
8126 8125
8127 8126
8128 8127
8129 8128
8131 8130
8132 8131
8133 8132
8134 8133
8135 8134
8136 8135
8137 8136
8138 8137
8139 8138
8141 8140
8142 8141
8143 8142
8144 8143
8145 8144
8146 8145
8147 8146
8148 8147
8149 8148
8151 8150
8152 8151
8153 8152
8154 8153
8155 8154
8156 8155
8157 8156
8158 8157
8159 8158
8161 8160
8162 8161
8163 8162
8164 8163
8165 8164
8166 8165
8167 8166
8168 8167
8169 8168
8171 8170
8172 8171
8173 8172
8174 8173
8175 8174
8176 8175
8177 8176
8178 8177
8179 8178
8181 8180
8182 8181
8183 8182
8184 8183
8185 8184
8186 8185
8187 8186
8188 8187
8189 8188
8191 8190
8192 8191
8193 8192
8194 8193
8195 8194
8196 8195
8197 8196
8198 8197
8199 8198
8201 8200
8202 8201
8203 8202
8204 8203
8205 8204
8206 8205
8207 8206
8208 8207
8209 8208
8211 8210
8212 8211
8213 8212
8214 8213
8215 8214
8216 8215
8217 8216
8218 8217
8219 8218
8221 8220
8222 8221
8223 8222
8224 8223
8225 8224
8226 8225
8227 8226
8228 8227
8229 8228
8231 8230
8232 8231
8233 8232
8234 8233
8235 8234
8236 8235
8237 8236
8238 8237
8239 8238
8241 8240
8242 8241
8243 8242
8244 8243
8245 8244
8246 8245
8247 8246
8248 8247
8249 8248
8251 8250
8252 8251
8253 8252
8254 8253
8255 8254
8256 8255
8257 8256
8258 8257
8259 8258
8261 8260
8262 8261
8263 8262
8264 8263
8265 8264
8266 8265
8267 8266
8268 8267
8269 8268
8271 8270
8272 8271
8273 8272
8274 8273
8275 8274
8276 8275
8277 8276
8278 8277
8279 8278
8281 8280
8282 8281
8283 8282
8284 8283
8285 8284
8286 8285
8287 8286
8288 8287
8289 8288
8291 8290
8292 8291
8293 8292
8294 8293
8295 8294
8296 8295
8297 8296
8298 8297
8299 8298
8301 8300
8302 8301
8303 8302
8304 8303
8305 8304
8306 8305
8307 8306
8308 8307
8309 8308
8311 8310
8312 8311
8313 8312
8314 8313
8315 8314
8316 8315
8317 8316
8318 8317
8319 8318
8321 8320
8322 8321
8323 8322
8324 8323
8325 8324
8326 8325
8327 8326
8328 8327
8329 8328
8331 8330
8332 8331
8333 8332
8334 8333
8335 8334
8336 8335
8337 8336
8338 8337
8339 8338
8341 8340
8342 8341
8343 8342
8344 8343
8345 8344
8346 8345
8347 8346
8348 8347
8349 8348
8351 8350
8352 8351
8353 8352
8354 8353
8355 8354
8356 8355
8357 8356
8358 8357
8359 8358
8361 8360
8362 8361
8363 8362
8364 8363
8365 8364
8366 8365
8367 8366
8368 8367
8369 8368
8371 8370
8372 8371
8373 8372
8374 8373
8375 8374
8376 8375
8377 8376
8378 8377
8379 8378
8381 8380
8382 8381
8383 8382
8384 8383
8385 8384
8386 8385
8387 8386
8388 8387
8389 8388
8391 8390
8392 8391
8393 8392
8394 8393
8395 8394
8396 8395
8397 8396
8398 8397
8399 8398
8401 8400
8402 8401
8403 8402
8404 8403
8405 8404
8406 8405
8407 8406
8408 8407
8409 8408
8411 8410
8412 8411
8413 8412
8414 8413
8415 8414
8416 8415
8417 8416
8418 8417
8419 8418
8421 8420
8422 8421
8423 8422
8424 8423
8425 8424
8426 8425
8427 8426
8428 8427
8429 8428
8431 8430
8432 8431
8433 8432
8434 8433
8435 8434
8436 8435
8437 8436
8438 8437
8439 8438
8441 8440
8442 8441
8443 8442
8444 8443
8445 8444
8446 8445
8447 8446
8448 8447
8449 8448
8451 8450
8452 8451
8453 8452
8454 8453
8455 8454
8456 8455
8457 8456
8458 8457
8459 8458
8461 8460
8462 8461
8463 8462
8464 8463
8465 8464
8466 8465
8467 8466
8468 8467
8469 8468
8471 8470
8472 8471
8473 8472
8474 8473
8475 8474
8476 8475
8477 8476
8478 8477
8479 8478
8481 8480
8482 8481
8483 8482
8484 8483
8485 8484
8486 8485
8487 8486
8488 8487
8489 8488
8491 8490
8492 8491
8493 8492
8494 8493
8495 8494
8496 8495
8497 8496
8498 8497
8499 8498
8501 8500
8502 8501
8503 8502
8504 8503
8505 8504
8506 8505
8507 8506
8508 8507
8509 8508
8511 8510
8512 8511
8513 8512
8514 8513
8515 8514
8516 8515
8517 8516
8518 8517
8519 8518
8521 8520
8522 8521
8523 8522
8524 8523
8525 8524
8526 8525
8527 8526
8528 8527
8529 8528
8531 8530
8532 8531
8533 8532
8534 8533
8535 8534
8536 8535
8537 8536
8538 8537
8539 8538
8541 8540
8542 8541
8543 8542
8544 8543
8545 8544
8546 8545
8547 8546
8548 8547
8549 8548
8551 8550
8552 8551
8553 8552
8554 8553
8555 8554
8556 8555
8557 8556
8558 8557
8559 8558
8561 8560
8562 8561
8563 8562
8564 8563
8565 8564
8566 8565
8567 8566
8568 8567
8569 8568
8571 8570
8572 8571
8573 8572
8574 8573
8575 8574
8576 8575
8577 8576
8578 8577
8579 8578
8581 8580
8582 8581
8583 8582
8584 8583
8585 8584
8586 8585
8587 8586
8588 8587
8589 8588
8591 8590
8592 8591
8593 8592
8594 8593
8595 8594
8596 8595
8597 8596
8598 8597
8599 8598
8601 8600
8602 8601
8603 8602
8604 8603
8605 8604
8606 8605
8607 8606
8608 8607
8609 8608
8611 8610
8612 8611
8613 8612
8614 8613
8615 8614
8616 8615
8617 8616
8618 8617
8619 8618
8621 8620
8622 8621
8623 8622
8624 8623
8625 8624
8626 8625
8627 8626
8628 8627
8629 8628
8631 8630
8632 8631
8633 8632
8634 8633
8635 8634
8636 8635
8637 8636
8638 8637
8639 8638
8641 8640
8642 8641
8643 8642
8644 8643
8645 8644
8646 8645
8647 8646
8648 8647
8649 8648
8651 8650
8652 8651
8653 8652
8654 8653
8655 8654
8656 8655
8657 8656
8658 8657
8659 8658
8661 8660
8662 8661
8663 8662
8664 8663
8665 8664
8666 8665
8667 8666
8668 8667
8669 8668
8671 8670
8672 8671
8673 8672
8674 8673
8675 8674
8676 8675
8677 8676
8678 8677
8679 8678
8681 8680
8682 8681
8683 8682
8684 8683
8685 8684
8686 8685
8687 8686
8688 8687
8689 8688
8691 8690
8692 8691
8693 8692
8694 8693
8695 8694
8696 8695
8697 8696
8698 8697
8699 8698
8701 8700
8702 8701
8703 8702
8704 8703
8705 8704
8706 8705
8707 8706
8708 8707
8709 8708
8711 8710
8712 8711
8713 8712
8714 8713
8715 8714
8716 8715
8717 8716
8718 8717
8719 8718
8721 8720
8722 8721
8723 8722
8724 8723
8725 8724
8726 8725
8727 8726
8728 8727
8729 8728
8731 8730
8732 8731
8733 8732
8734 8733
8735 8734
8736 8735
8737 8736
8738 8737
8739 8738
8741 8740
8742 8741
8743 8742
8744 8743
8745 8744
8746 8745
8747 8746
8748 8747
8749 8748
8751 8750
8752 8751
8753 8752
8754 8753
8755 8754
8756 8755
8757 8756
8758 8757
8759 8758
8761 8760
8762 8761
8763 8762
8764 8763
8765 8764
8766 8765
8767 8766
8768 8767
8769 8768
8771 8770
8772 8771
8773 8772
8774 8773
8775 8774
8776 8775
8777 8776
8778 8777
8779 8778
8781 8780
8782 8781
8783 8782
8784 8783
8785 8784
8786 8785
8787 8786
8788 8787
8789 8788
8791 8790
8792 8791
8793 8792
8794 8793
8795 8794
8796 8795
8797 8796
8798 8797
8799 8798
8801 8800
8802 8801
8803 8802
8804 8803
8805 8804
8806 8805
8807 8806
8808 8807
8809 8808
8811 8810
8812 8811
8813 8812
8814 8813
8815 8814
8816 8815
8817 8816
8818 8817
8819 8818
8821 8820
8822 8821
8823 8822
8824 8823
8825 8824
8826 8825
8827 8826
8828 8827
8829 8828
8831 8830
8832 8831
8833 8832
8834 8833
8835 8834
8836 8835
8837 8836
8838 8837
8839 8838
8841 8840
8842 8841
8843 8842
8844 8843
8845 8844
8846 8845
8847 8846
8848 8847
8849 8848
8851 8850
8852 8851
8853 8852
8854 8853
8855 8854
8856 8855
8857 8856
8858 8857
8859 8858
8861 8860
8862 8861
8863 8862
8864 8863
8865 8864
8866 8865
8867 8866
8868 8867
8869 8868
8871 8870
8872 8871
8873 8872
8874 8873
8875 8874
8876 8875
8877 8876
8878 8877
8879 8878
8881 8880
8882 8881
8883 8882
8884 8883
8885 8884
8886 8885
8887 8886
8888 8887
8889 8888
8891 8890
8892 8891
8893 8892
8894 8893
8895 8894
8896 8895
8897 8896
8898 8897
8899 8898
8901 8900
8902 8901
8903 8902
8904 8903
8905 8904
8906 8905
8907 8906
8908 8907
8909 8908
8911 8910
8912 8911
8913 8912
8914 8913
8915 8914
8916 8915
8917 8916
8918 8917
8919 8918
8921 8920
8922 8921
8923 8922
8924 8923
8925 8924
8926 8925
8927 8926
8928 8927
8929 8928
8931 8930
8932 8931
8933 8932
8934 8933
8935 8934
8936 8935
8937 8936
8938 8937
8939 8938
8941 8940
8942 8941
8943 8942
8944 8943
8945 8944
8946 8945
8947 8946
8948 8947
8949 8948
8951 8950
8952 8951
8953 8952
8954 8953
8955 8954
8956 8955
8957 8956
8958 8957
8959 8958
8961 8960
8962 8961
8963 8962
8964 8963
8965 8964
8966 8965
8967 8966
8968 8967
8969 8968
8971 8970
8972 8971
8973 8972
8974 8973
8975 8974
8976 8975
8977 8976
8978 8977
8979 8978
8981 8980
8982 8981
8983 8982
8984 8983
8985 8984
8986 8985
8987 8986
8988 8987
8989 8988
8991 8990
8992 8991
8993 8992
8994 8993
8995 8994
8996 8995
8997 8996
8998 8997
8999 8998
1 10
2 11
3 12
4 13
5 14
6 15
7 16
8 17
9 18
11 20
12 21
13 22
14 23
15 24
16 25
17 26
18 27
19 28
21 30
22 31
23 32
24 33
25 34
26 35
27 36
28 37
29 38
31 40
32 41
33 42
34 43
35 44
36 45
37 46
38 47
39 48
41 50
42 51
43 52
44 53
45 54
46 55
47 56
48 57
49 58
51 60
52 61
53 62
54 63
55 64
56 65
57 66
58 67
59 68
61 70
62 71
63 72
64 73
65 74
66 75
67 76
68 77
69 78
71 80
72 81
73 82
74 83
75 84
76 85
77 86
78 87
79 88
81 90
82 91
83 92
84 93
85 94
86 95
87 96
88 97
89 98
91 100
92 101
93 102
94 103
95 104
96 105
97 106
98 107
99 108
101 110
102 111
103 112
104 113
105 114
106 115
107 116
108 117
109 118
111 120
112 121
113 122
114 123
115 124
116 125
117 126
118 127
119 128
121 130
122 131
123 132
124 133
125 134
126 135
127 136
128 137
129 138
131 140
132 141
133 142
134 143
135 144
136 145
137 146
138 147
139 148
141 150
142 151
143 152
144 153
145 154
146 155
147 156
148 157
149 158
151 160
152 161
153 162
154 163
155 164
156 165
157 166
158 167
159 168
161 170
162 171
163 172
164 173
165 174
166 175
167 176
168 177
169 178
171 180
172 181
173 182
174 183
175 184
176 185
177 186
178 187
179 188
181 190
182 191
183 192
184 193
185 194
186 195
187 196
188 197
189 198
191 200
192 201
193 202
194 203
195 204
196 205
197 206
198 207
199 208
201 210
202 211
203 212
204 213
205 214
206 215
207 216
208 217
209 218
211 220
212 221
213 222
214 223
215 224
216 225
217 226
218 227
219 228
221 230
222 231
223 232
224 233
225 234
226 235
227 236
228 237
229 238
231 240
232 241
233 242
234 243
235 244
236 245
237 246
238 247
239 248
241 250
242 251
243 252
244 253
245 254
246 255
247 256
248 257
249 258
251 260
252 261
253 262
254 263
255 264
256 265
257 266
258 267
259 268
261 270
262 271
263 272
264 273
265 274
266 275
267 276
268 277
269 278
271 280
272 281
273 282
274 283
275 284
276 285
277 286
278 287
279 288
281 290
282 291
283 292
284 293
285 294
286 295
287 296
288 297
289 298
301 310
302 311
303 312
304 313
305 314
306 315
307 316
308 317
309 318
311 320
312 321
313 322
314 323
315 324
316 325
317 326
318 327
319 328
321 330
322 331
323 332
324 333
325 334
326 335
327 336
328 337
329 338
331 340
332 341
333 342
334 343
335 344
336 345
337 346
338 347
339 348
341 350
342 351
343 352
344 353
345 354
346 355
347 356
348 357
349 358
351 360
352 361
353 362
354 363
355 364
356 365
357 366
358 367
359 368
361 370
362 371
363 372
364 373
365 374
366 375
367 376
368 377
369 378
371 380
372 381
373 382
374 383
375 384
376 385
377 386
378 387
379 388
381 390
382 391
383 392
384 393
385 394
386 395
387 396
388 397
389 398
391 400
392 401
393 402
394 403
395 404
396 405
397 406
398 407
399 408
401 410
402 411
403 412
404 413
405 414
406 415
407 416
408 417
409 418
411 420
412 421
413 422
414 423
415 424
416 425
417 426
418 427
419 428
421 430
422 431
423 432
424 433
425 434
426 435
427 436
428 437
429 438
431 440
432 441
433 442
434 443
435 444
436 445
437 446
438 447
439 448
441 450
442 451
443 452
444 453
445 454
446 455
447 456
448 457
449 458
451 460
452 461
453 462
454 463
455 464
456 465
457 466
458 467
459 468
461 470
462 471
463 472
464 473
465 474
466 475
467 476
468 477
469 478
471 480
472 481
473 482
474 483
475 484
476 485
477 486
478 487
479 488
481 490
482 491
483 492
484 493
485 494
486 495
487 496
488 497
489 498
491 500
492 501
493 502
494 503
495 504
496 505
497 506
498 507
499 508
501 510
502 511
503 512
504 513
505 514
506 515
507 516
508 517
509 518
511 520
512 521
513 522
514 523
515 524
516 525
517 526
518 527
519 528
521 530
522 531
523 532
524 533
525 534
526 535
527 536
528 537
529 538
531 540
532 541
533 542
534 543
535 544
536 545
537 546
538 547
539 548
541 550
542 551
543 552
544 553
545 554
546 555
547 556
548 557
549 558
551 560
552 561
553 562
554 563
555 564
556 565
557 566
558 567
559 568
561 570
562 571
563 572
564 573
565 574
566 575
567 576
568 577
569 578
571 580
572 581
573 582
574 583
575 584
576 585
577 586
578 587
579 588
581 590
582 591
583 592
584 593
585 594
586 595
587 596
588 597
589 598
601 610
602 611
603 612
604 613
605 614
606 615
607 616
608 617
609 618
611 620
612 621
613 622
614 623
615 624
616 625
617 626
618 627
619 628
621 630
622 631
623 632
624 633
625 634
626 635
627 636
628 637
629 638
631 640
632 641
633 642
634 643
635 644
636 645
637 646
638 647
639 648
641 650
642 651
643 652
644 653
645 654
646 655
647 656
648 657
649 658
651 660
652 661
653 662
654 663
655 664
656 665
657 666
658 667
659 668
661 670
662 671
663 672
664 673
665 674
666 675
667 676
668 677
669 678
671 680
672 681
673 682
674 683
675 684
676 685
677 686
678 687
679 688
681 690
682 691
683 692
684 693
685 694
686 695
687 696
688 697
689 698
691 700
692 701
693 702
694 703
695 704
696 705
697 706
698 707
699 708
701 710
702 711
703 712
704 713
705 714
706 715
707 716
708 717
709 718
711 720
712 721
713 722
714 723
715 724
716 725
717 726
718 727
719 728
721 730
722 731
723 732
724 733
725 734
726 735
727 736
728 737
729 738
731 740
732 741
733 742
734 743
735 744
736 745
737 746
738 747
739 748
741 750
742 751
743 752
744 753
745 754
746 755
747 756
748 757
749 758
751 760
752 761
753 762
754 763
755 764
756 765
757 766
758 767
759 768
761 770
762 771
763 772
764 773
765 774
766 775
767 776
768 777
769 778
771 780
772 781
773 782
774 783
775 784
776 785
777 786
778 787
779 788
781 790
782 791
783 792
784 793
785 794
786 795
787 796
788 797
789 798
791 800
792 801
793 802
794 803
795 804
796 805
797 806
798 807
799 808
801 810
802 811
803 812
804 813
805 814
806 815
807 816
808 817
809 818
811 820
812 821
813 822
814 823
815 824
816 825
817 826
818 827
819 828
821 830
822 831
823 832
824 833
825 834
826 835
827 836
828 837
829 838
831 840
832 841
833 842
834 843
835 844
836 845
837 846
838 847
839 848
841 850
842 851
843 852
844 853
845 854
846 855
847 856
848 857
849 858
851 860
852 861
853 862
854 863
855 864
856 865
857 866
858 867
859 868
861 870
862 871
863 872
864 873
865 874
866 875
867 876
868 877
869 878
871 880
872 881
873 882
874 883
875 884
876 885
877 886
878 887
879 888
881 890
882 891
883 892
884 893
885 894
886 895
887 896
888 897
889 898
901 910
902 911
903 912
904 913
905 914
906 915
907 916
908 917
909 918
911 920
912 921
913 922
914 923
915 924
916 925
917 926
918 927
919 928
921 930
922 931
923 932
924 933
925 934
926 935
927 936
928 937
929 938
931 940
932 941
933 942
934 943
935 944
936 945
937 946
938 947
939 948
941 950
942 951
943 952
944 953
945 954
946 955
947 956
948 957
949 958
951 960
952 961
953 962
954 963
955 964
956 965
957 966
958 967
959 968
961 970
962 971
963 972
964 973
965 974
966 975
967 976
968 977
969 978
971 980
972 981
973 982
974 983
975 984
976 985
977 986
978 987
979 988
981 990
982 991
983 992
984 993
985 994
986 995
987 996
988 997
989 998
991 1000
992 1001
993 1002
994 1003
995 1004
996 1005
997 1006
998 1007
999 1008
1001 1010
1002 1011
1003 1012
1004 1013
1005 1014
1006 1015
1007 1016
1008 1017
1009 1018
1011 1020
1012 1021
1013 1022
1014 1023
1015 1024
1016 1025
1017 1026
1018 1027
1019 1028
1021 1030
1022 1031
1023 1032
1024 1033
1025 1034
1026 1035
1027 1036
1028 1037
1029 1038
1031 1040
1032 1041
1033 1042
1034 1043
1035 1044
1036 1045
1037 1046
1038 1047
1039 1048
1041 1050
1042 1051
1043 1052
1044 1053
1045 1054
1046 1055
1047 1056
1048 1057
1049 1058
1051 1060
1052 1061
1053 1062
1054 1063
1055 1064
1056 1065
1057 1066
1058 1067
1059 1068
1061 1070
1062 1071
1063 1072
1064 1073
1065 1074
1066 1075
1067 1076
1068 1077
1069 1078
1071 1080
1072 1081
1073 1082
1074 1083
1075 1084
1076 1085
1077 1086
1078 1087
1079 1088
1081 1090
1082 1091
1083 1092
1084 1093
1085 1094
1086 1095
1087 1096
1088 1097
1089 1098
1091 1100
1092 1101
1093 1102
1094 1103
1095 1104
1096 1105
1097 1106
1098 1107
1099 1108
1101 1110
1102 1111
1103 1112
1104 1113
1105 1114
1106 1115
1107 1116
1108 1117
1109 1118
1111 1120
1112 1121
1113 1122
1114 1123
1115 1124
1116 1125
1117 1126
1118 1127
1119 1128
1121 1130
1122 1131
1123 1132
1124 1133
1125 1134
1126 1135
1127 1136
1128 1137
1129 1138
1131 1140
1132 1141
1133 1142
1134 1143
1135 1144
1136 1145
1137 1146
1138 1147
1139 1148
1141 1150
1142 1151
1143 1152
1144 1153
1145 1154
1146 1155
1147 1156
1148 1157
1149 1158
1151 1160
1152 1161
1153 1162
1154 1163
1155 1164
1156 1165
1157 1166
1158 1167
1159 1168
1161 1170
1162 1171
1163 1172
1164 1173
1165 1174
1166 1175
1167 1176
1168 1177
1169 1178
1171 1180
1172 1181
1173 1182
1174 1183
1175 1184
1176 1185
1177 1186
1178 1187
1179 1188
1181 1190
1182 1191
1183 1192
1184 1193
1185 1194
1186 1195
1187 1196
1188 1197
1189 1198
1201 1210
1202 1211
1203 1212
1204 1213
1205 1214
1206 1215
1207 1216
1208 1217
1209 1218
1211 1220
1212 1221
1213 1222
1214 1223
1215 1224
1216 1225
1217 1226
1218 1227
1219 1228
1221 1230
1222 1231
1223 1232
1224 1233
1225 1234
1226 1235
1227 1236
1228 1237
1229 1238
1231 1240
1232 1241
1233 1242
1234 1243
1235 1244
1236 1245
1237 1246
1238 1247
1239 1248
1241 1250
1242 1251
1243 1252
1244 1253
1245 1254
1246 1255
1247 1256
1248 1257
1249 1258
1251 1260
1252 1261
1253 1262
1254 1263
1255 1264
1256 1265
1257 1266
1258 1267
1259 1268
1261 1270
1262 1271
1263 1272
1264 1273
1265 1274
1266 1275
1267 1276
1268 1277
1269 1278
1271 1280
1272 1281
1273 1282
1274 1283
1275 1284
1276 1285
1277 1286
1278 1287
1279 1288
1281 1290
1282 1291
1283 1292
1284 1293
1285 1294
1286 1295
1287 1296
1288 1297
1289 1298
1291 1300
1292 1301
1293 1302
1294 1303
1295 1304
1296 1305
1297 1306
1298 1307
1299 1308
1301 1310
1302 1311
1303 1312
1304 1313
1305 1314
1306 1315
1307 1316
1308 1317
1309 1318
1311 1320
1312 1321
1313 1322
1314 1323
1315 1324
1316 1325
1317 1326
1318 1327
1319 1328
1321 1330
1322 1331
1323 1332
1324 1333
1325 1334
1326 1335
1327 1336
1328 1337
1329 1338
1331 1340
1332 1341
1333 1342
1334 1343
1335 1344
1336 1345
1337 1346
1338 1347
1339 1348
1341 1350
1342 1351
1343 1352
1344 1353
1345 1354
1346 1355
1347 1356
1348 1357
1349 1358
1351 1360
1352 1361
1353 1362
1354 1363
1355 1364
1356 1365
1357 1366
1358 1367
1359 1368
1361 1370
1362 1371
1363 1372
1364 1373
1365 1374
1366 1375
1367 1376
1368 1377
1369 1378
1371 1380
1372 1381
1373 1382
1374 1383
1375 1384
1376 1385
1377 1386
1378 1387
1379 1388
1381 1390
1382 1391
1383 1392
1384 1393
1385 1394
1386 1395
1387 1396
1388 1397
1389 1398
1391 1400
1392 1401
1393 1402
1394 1403
1395 1404
1396 1405
1397 1406
1398 1407
1399 1408
1401 1410
1402 1411
1403 1412
1404 1413
1405 1414
1406 1415
1407 1416
1408 1417
1409 1418
1411 1420
1412 1421
1413 1422
1414 1423
1415 1424
1416 1425
1417 1426
1418 1427
1419 1428
1421 1430
1422 1431
1423 1432
1424 1433
1425 1434
1426 1435
1427 1436
1428 1437
1429 1438
1431 1440
1432 1441
1433 1442
1434 1443
1435 1444
1436 1445
1437 1446
1438 1447
1439 1448
1441 1450
1442 1451
1443 1452
1444 1453
1445 1454
1446 1455
1447 1456
1448 1457
1449 1458
1451 1460
1452 1461
1453 1462
1454 1463
1455 1464
1456 1465
1457 1466
1458 1467
1459 1468
1461 1470
1462 1471
1463 1472
1464 1473
1465 1474
1466 1475
1467 1476
1468 1477
1469 1478
1471 1480
1472 1481
1473 1482
1474 1483
1475 1484
1476 1485
1477 1486
1478 1487
1479 1488
1481 1490
1482 1491
1483 1492
1484 1493
1485 1494
1486 1495
1487 1496
1488 1497
1489 1498
1501 1510
1502 1511
1503 1512
1504 1513
1505 1514
1506 1515
1507 1516
1508 1517
1509 1518
1511 1520
1512 1521
1513 1522
1514 1523
1515 1524
1516 1525
1517 1526
1518 1527
1519 1528
1521 1530
1522 1531
1523 1532
1524 1533
1525 1534
1526 1535
1527 1536
1528 1537
1529 1538
1531 1540
1532 1541
1533 1542
1534 1543
1535 1544
1536 1545
1537 1546
1538 1547
1539 1548
1541 1550
1542 1551
1543 1552
1544 1553
1545 1554
1546 1555
1547 1556
1548 1557
1549 1558
1551 1560
1552 1561
1553 1562
1554 1563
1555 1564
1556 1565
1557 1566
1558 1567
1559 1568
1561 1570
1562 1571
1563 1572
1564 1573
1565 1574
1566 1575
1567 1576
1568 1577
1569 1578
1571 1580
1572 1581
1573 1582
1574 1583
1575 1584
1576 1585
1577 1586
1578 1587
1579 1588
1581 1590
1582 1591
1583 1592
1584 1593
1585 1594
1586 1595
1587 1596
1588 1597
1589 1598
1591 1600
1592 1601
1593 1602
1594 1603
1595 1604
1596 1605
1597 1606
1598 1607
1599 1608
1601 1610
1602 1611
1603 1612
1604 1613
1605 1614
1606 1615
1607 1616
1608 1617
1609 1618
1611 1620
1612 1621
1613 1622
1614 1623
1615 1624
1616 1625
1617 1626
1618 1627
1619 1628
1621 1630
1622 1631
1623 1632
1624 1633
1625 1634
1626 1635
1627 1636
1628 1637
1629 1638
1631 1640
1632 1641
1633 1642
1634 1643
1635 1644
1636 1645
1637 1646
1638 1647
1639 1648
1641 1650
1642 1651
1643 1652
1644 1653
1645 1654
1646 1655
1647 1656
1648 1657
1649 1658
1651 1660
1652 1661
1653 1662
1654 1663
1655 1664
1656 1665
1657 1666
1658 1667
1659 1668
1661 1670
1662 1671
1663 1672
1664 1673
1665 1674
1666 1675
1667 1676
1668 1677
1669 1678
1671 1680
1672 1681
1673 1682
1674 1683
1675 1684
1676 1685
1677 1686
1678 1687
1679 1688
1681 1690
1682 1691
1683 1692
1684 1693
1685 1694
1686 1695
1687 1696
1688 1697
1689 1698
1691 1700
1692 1701
1693 1702
1694 1703
1695 1704
1696 1705
1697 1706
1698 1707
1699 1708
1701 1710
1702 1711
1703 1712
1704 1713
1705 1714
1706 1715
1707 1716
1708 1717
1709 1718
1711 1720
1712 1721
1713 1722
1714 1723
1715 1724
1716 1725
1717 1726
1718 1727
1719 1728
1721 1730
1722 1731
1723 1732
1724 1733
1725 1734
1726 1735
1727 1736
1728 1737
1729 1738
1731 1740
1732 1741
1733 1742
1734 1743
1735 1744
1736 1745
1737 1746
1738 1747
1739 1748
1741 1750
1742 1751
1743 1752
1744 1753
1745 1754
1746 1755
1747 1756
1748 1757
1749 1758
1751 1760
1752 1761
1753 1762
1754 1763
1755 1764
1756 1765
1757 1766
1758 1767
1759 1768
1761 1770
1762 1771
1763 1772
1764 1773
1765 1774
1766 1775
1767 1776
1768 1777
1769 1778
1771 1780
1772 1781
1773 1782
1774 1783
1775 1784
1776 1785
1777 1786
1778 1787
1779 1788
1781 1790
1782 1791
1783 1792
1784 1793
1785 1794
1786 1795
1787 1796
1788 1797
1789 1798
1801 1810
1802 1811
1803 1812
1804 1813
1805 1814
1806 1815
1807 1816
1808 1817
1809 1818
1811 1820
1812 1821
1813 1822
1814 1823
1815 1824
1816 1825
1817 1826
1818 1827
1819 1828
1821 1830
1822 1831
1823 1832
1824 1833
1825 1834
1826 1835
1827 1836
1828 1837
1829 1838
1831 1840
1832 1841
1833 1842
1834 1843
1835 1844
1836 1845
1837 1846
1838 1847
1839 1848
1841 1850
1842 1851
1843 1852
1844 1853
1845 1854
1846 1855
1847 1856
1848 1857
1849 1858
1851 1860
1852 1861
1853 1862
1854 1863
1855 1864
1856 1865
1857 1866
1858 1867
1859 1868
1861 1870
1862 1871
1863 1872
1864 1873
1865 1874
1866 1875
1867 1876
1868 1877
1869 1878
1871 1880
1872 1881
1873 1882
1874 1883
1875 1884
1876 1885
1877 1886
1878 1887
1879 1888
1881 1890
1882 1891
1883 1892
1884 1893
1885 1894
1886 1895
1887 1896
1888 1897
1889 1898
1891 1900
1892 1901
1893 1902
1894 1903
1895 1904
1896 1905
1897 1906
1898 1907
1899 1908
1901 1910
1902 1911
1903 1912
1904 1913
1905 1914
1906 1915
1907 1916
1908 1917
1909 1918
1911 1920
1912 1921
1913 1922
1914 1923
1915 1924
1916 1925
1917 1926
1918 1927
1919 1928
1921 1930
1922 1931
1923 1932
1924 1933
1925 1934
1926 1935
1927 1936
1928 1937
1929 1938
1931 1940
1932 1941
1933 1942
1934 1943
1935 1944
1936 1945
1937 1946
1938 1947
1939 1948
1941 1950
1942 1951
1943 1952
1944 1953
1945 1954
1946 1955
1947 1956
1948 1957
1949 1958
1951 1960
1952 1961
1953 1962
1954 1963
1955 1964
1956 1965
1957 1966
1958 1967
1959 1968
1961 1970
1962 1971
1963 1972
1964 1973
1965 1974
1966 1975
1967 1976
1968 1977
1969 1978
1971 1980
1972 1981
1973 1982
1974 1983
1975 1984
1976 1985
1977 1986
1978 1987
1979 1988
1981 1990
1982 1991
1983 1992
1984 1993
1985 1994
1986 1995
1987 1996
1988 1997
1989 1998
1991 2000
1992 2001
1993 2002
1994 2003
1995 2004
1996 2005
1997 2006
1998 2007
1999 2008
2001 2010
2002 2011
2003 2012
2004 2013
2005 2014
2006 2015
2007 2016
2008 2017
2009 2018
2011 2020
2012 2021
2013 2022
2014 2023
2015 2024
2016 2025
2017 2026
2018 2027
2019 2028
2021 2030
2022 2031
2023 2032
2024 2033
2025 2034
2026 2035
2027 2036
2028 2037
2029 2038
2031 2040
2032 2041
2033 2042
2034 2043
2035 2044
2036 2045
2037 2046
2038 2047
2039 2048
2041 2050
2042 2051
2043 2052
2044 2053
2045 2054
2046 2055
2047 2056
2048 2057
2049 2058
2051 2060
2052 2061
2053 2062
2054 2063
2055 2064
2056 2065
2057 2066
2058 2067
2059 2068
2061 2070
2062 2071
2063 2072
2064 2073
2065 2074
2066 2075
2067 2076
2068 2077
2069 2078
2071 2080
2072 2081
2073 2082
2074 2083
2075 2084
2076 2085
2077 2086
2078 2087
2079 2088
2081 2090
2082 2091
2083 2092
2084 2093
2085 2094
2086 2095
2087 2096
2088 2097
2089 2098
2101 2110
2102 2111
2103 2112
2104 2113
2105 2114
2106 2115
2107 2116
2108 2117
2109 2118
2111 2120
2112 2121
2113 2122
2114 2123
2115 2124
2116 2125
2117 2126
2118 2127
2119 2128
2121 2130
2122 2131
2123 2132
2124 2133
2125 2134
2126 2135
2127 2136
2128 2137
2129 2138
2131 2140
2132 2141
2133 2142
2134 2143
2135 2144
2136 2145
2137 2146
2138 2147
2139 2148
2141 2150
2142 2151
2143 2152
2144 2153
2145 2154
2146 2155
2147 2156
2148 2157
2149 2158
2151 2160
2152 2161
2153 2162
2154 2163
2155 2164
2156 2165
2157 2166
2158 2167
2159 2168
2161 2170
2162 2171
2163 2172
2164 2173
2165 2174
2166 2175
2167 2176
2168 2177
2169 2178
2171 2180
2172 2181
2173 2182
2174 2183
2175 2184
2176 2185
2177 2186
2178 2187
2179 2188
2181 2190
2182 2191
2183 2192
2184 2193
2185 2194
2186 2195
2187 2196
2188 2197
2189 2198
2191 2200
2192 2201
2193 2202
2194 2203
2195 2204
2196 2205
2197 2206
2198 2207
2199 2208
2201 2210
2202 2211
2203 2212
2204 2213
2205 2214
2206 2215
2207 2216
2208 2217
2209 2218
2211 2220
2212 2221
2213 2222
2214 2223
2215 2224
2216 2225
2217 2226
2218 2227
2219 2228
2221 2230
2222 2231
2223 2232
2224 2233
2225 2234
2226 2235
2227 2236
2228 2237
2229 2238
2231 2240
2232 2241
2233 2242
2234 2243
2235 2244
2236 2245
2237 2246
2238 2247
2239 2248
2241 2250
2242 2251
2243 2252
2244 2253
2245 2254
2246 2255
2247 2256
2248 2257
2249 2258
2251 2260
2252 2261
2253 2262
2254 2263
2255 2264
2256 2265
2257 2266
2258 2267
2259 2268
2261 2270
2262 2271
2263 2272
2264 2273
2265 2274
2266 2275
2267 2276
2268 2277
2269 2278
2271 2280
2272 2281
2273 2282
2274 2283
2275 2284
2276 2285
2277 2286
2278 2287
2279 2288
2281 2290
2282 2291
2283 2292
2284 2293
2285 2294
2286 2295
2287 2296
2288 2297
2289 2298
2291 2300
2292 2301
2293 2302
2294 2303
2295 2304
2296 2305
2297 2306
2298 2307
2299 2308
2301 2310
2302 2311
2303 2312
2304 2313
2305 2314
2306 2315
2307 2316
2308 2317
2309 2318
2311 2320
2312 2321
2313 2322
2314 2323
2315 2324
2316 2325
2317 2326
2318 2327
2319 2328
2321 2330
2322 2331
2323 2332
2324 2333
2325 2334
2326 2335
2327 2336
2328 2337
2329 2338
2331 2340
2332 2341
2333 2342
2334 2343
2335 2344
2336 2345
2337 2346
2338 2347
2339 2348
2341 2350
2342 2351
2343 2352
2344 2353
2345 2354
2346 2355
2347 2356
2348 2357
2349 2358
2351 2360
2352 2361
2353 2362
2354 2363
2355 2364
2356 2365
2357 2366
2358 2367
2359 2368
2361 2370
2362 2371
2363 2372
2364 2373
2365 2374
2366 2375
2367 2376
2368 2377
2369 2378
2371 2380
2372 2381
2373 2382
2374 2383
2375 2384
2376 2385
2377 2386
2378 2387
2379 2388
2381 2390
2382 2391
2383 2392
2384 2393
2385 2394
2386 2395
2387 2396
2388 2397
2389 2398
2401 2410
2402 2411
2403 2412
2404 2413
2405 2414
2406 2415
2407 2416
2408 2417
2409 2418
2411 2420
2412 2421
2413 2422
2414 2423
2415 2424
2416 2425
2417 2426
2418 2427
2419 2428
2421 2430
2422 2431
2423 2432
2424 2433
2425 2434
2426 2435
2427 2436
2428 2437
2429 2438
2431 2440
2432 2441
2433 2442
2434 2443
2435 2444
2436 2445
2437 2446
2438 2447
2439 2448
2441 2450
2442 2451
2443 2452
2444 2453
2445 2454
2446 2455
2447 2456
2448 2457
2449 2458
2451 2460
2452 2461
2453 2462
2454 2463
2455 2464
2456 2465
2457 2466
2458 2467
2459 2468
2461 2470
2462 2471
2463 2472
2464 2473
2465 2474
2466 2475
2467 2476
2468 2477
2469 2478
2471 2480
2472 2481
2473 2482
2474 2483
2475 2484
2476 2485
2477 2486
2478 2487
2479 2488
2481 2490
2482 2491
2483 2492
2484 2493
2485 2494
2486 2495
2487 2496
2488 2497
2489 2498
2491 2500
2492 2501
2493 2502
2494 2503
2495 2504
2496 2505
2497 2506
2498 2507
2499 2508
2501 2510
2502 2511
2503 2512
2504 2513
2505 2514
2506 2515
2507 2516
2508 2517
2509 2518
2511 2520
2512 2521
2513 2522
2514 2523
2515 2524
2516 2525
2517 2526
2518 2527
2519 2528
2521 2530
2522 2531
2523 2532
2524 2533
2525 2534
2526 2535
2527 2536
2528 2537
2529 2538
2531 2540
2532 2541
2533 2542
2534 2543
2535 2544
2536 2545
2537 2546
2538 2547
2539 2548
2541 2550
2542 2551
2543 2552
2544 2553
2545 2554
2546 2555
2547 2556
2548 2557
2549 2558
2551 2560
2552 2561
2553 2562
2554 2563
2555 2564
2556 2565
2557 2566
2558 2567
2559 2568
2561 2570
2562 2571
2563 2572
2564 2573
2565 2574
2566 2575
2567 2576
2568 2577
2569 2578
2571 2580
2572 2581
2573 2582
2574 2583
2575 2584
2576 2585
2577 2586
2578 2587
2579 2588
2581 2590
2582 2591
2583 2592
2584 2593
2585 2594
2586 2595
2587 2596
2588 2597
2589 2598
2591 2600
2592 2601
2593 2602
2594 2603
2595 2604
2596 2605
2597 2606
2598 2607
2599 2608
2601 2610
2602 2611
2603 2612
2604 2613
2605 2614
2606 2615
2607 2616
2608 2617
2609 2618
2611 2620
2612 2621
2613 2622
2614 2623
2615 2624
2616 2625
2617 2626
2618 2627
2619 2628
2621 2630
2622 2631
2623 2632
2624 2633
2625 2634
2626 2635
2627 2636
2628 2637
2629 2638
2631 2640
2632 2641
2633 2642
2634 2643
2635 2644
2636 2645
2637 2646
2638 2647
2639 2648
2641 2650
2642 2651
2643 2652
2644 2653
2645 2654
2646 2655
2647 2656
2648 2657
2649 2658
2651 2660
2652 2661
2653 2662
2654 2663
2655 2664
2656 2665
2657 2666
2658 2667
2659 2668
2661 2670
2662 2671
2663 2672
2664 2673
2665 2674
2666 2675
2667 2676
2668 2677
2669 2678
2671 2680
2672 2681
2673 2682
2674 2683
2675 2684
2676 2685
2677 2686
2678 2687
2679 2688
2681 2690
2682 2691
2683 2692
2684 2693
2685 2694
2686 2695
2687 2696
2688 2697
2689 2698
2701 2710
2702 2711
2703 2712
2704 2713
2705 2714
2706 2715
2707 2716
2708 2717
2709 2718
2711 2720
2712 2721
2713 2722
2714 2723
2715 2724
2716 2725
2717 2726
2718 2727
2719 2728
2721 2730
2722 2731
2723 2732
2724 2733
2725 2734
2726 2735
2727 2736
2728 2737
2729 2738
2731 2740
2732 2741
2733 2742
2734 2743
2735 2744
2736 2745
2737 2746
2738 2747
2739 2748
2741 2750
2742 2751
2743 2752
2744 2753
2745 2754
2746 2755
2747 2756
2748 2757
2749 2758
2751 2760
2752 2761
2753 2762
2754 2763
2755 2764
2756 2765
2757 2766
2758 2767
2759 2768
2761 2770
2762 2771
2763 2772
2764 2773
2765 2774
2766 2775
2767 2776
2768 2777
2769 2778
2771 2780
2772 2781
2773 2782
2774 2783
2775 2784
2776 2785
2777 2786
2778 2787
2779 2788
2781 2790
2782 2791
2783 2792
2784 2793
2785 2794
2786 2795
2787 2796
2788 2797
2789 2798
2791 2800
2792 2801
2793 2802
2794 2803
2795 2804
2796 2805
2797 2806
2798 2807
2799 2808
2801 2810
2802 2811
2803 2812
2804 2813
2805 2814
2806 2815
2807 2816
2808 2817
2809 2818
2811 2820
2812 2821
2813 2822
2814 2823
2815 2824
2816 2825
2817 2826
2818 2827
2819 2828
2821 2830
2822 2831
2823 2832
2824 2833
2825 2834
2826 2835
2827 2836
2828 2837
2829 2838
2831 2840
2832 2841
2833 2842
2834 2843
2835 2844
2836 2845
2837 2846
2838 2847
2839 2848
2841 2850
2842 2851
2843 2852
2844 2853
2845 2854
2846 2855
2847 2856
2848 2857
2849 2858
2851 2860
2852 2861
2853 2862
2854 2863
2855 2864
2856 2865
2857 2866
2858 2867
2859 2868
2861 2870
2862 2871
2863 2872
2864 2873
2865 2874
2866 2875
2867 2876
2868 2877
2869 2878
2871 2880
2872 2881
2873 2882
2874 2883
2875 2884
2876 2885
2877 2886
2878 2887
2879 2888
2881 2890
2882 2891
2883 2892
2884 2893
2885 2894
2886 2895
2887 2896
2888 2897
2889 2898
2891 2900
2892 2901
2893 2902
2894 2903
2895 2904
2896 2905
2897 2906
2898 2907
2899 2908
2901 2910
2902 2911
2903 2912
2904 2913
2905 2914
2906 2915
2907 2916
2908 2917
2909 2918
2911 2920
2912 2921
2913 2922
2914 2923
2915 2924
2916 2925
2917 2926
2918 2927
2919 2928
2921 2930
2922 2931
2923 2932
2924 2933
2925 2934
2926 2935
2927 2936
2928 2937
2929 2938
2931 2940
2932 2941
2933 2942
2934 2943
2935 2944
2936 2945
2937 2946
2938 2947
2939 2948
2941 2950
2942 2951
2943 2952
2944 2953
2945 2954
2946 2955
2947 2956
2948 2957
2949 2958
2951 2960
2952 2961
2953 2962
2954 2963
2955 2964
2956 2965
2957 2966
2958 2967
2959 2968
2961 2970
2962 2971
2963 2972
2964 2973
2965 2974
2966 2975
2967 2976
2968 2977
2969 2978
2971 2980
2972 2981
2973 2982
2974 2983
2975 2984
2976 2985
2977 2986
2978 2987
2979 2988
2981 2990
2982 2991
2983 2992
2984 2993
2985 2994
2986 2995
2987 2996
2988 2997
2989 2998
3001 3010
3002 3011
3003 3012
3004 3013
3005 3014
3006 3015
3007 3016
3008 3017
3009 3018
3011 3020
3012 3021
3013 3022
3014 3023
3015 3024
3016 3025
3017 3026
3018 3027
3019 3028
3021 3030
3022 3031
3023 3032
3024 3033
3025 3034
3026 3035
3027 3036
3028 3037
3029 3038
3031 3040
3032 3041
3033 3042
3034 3043
3035 3044
3036 3045
3037 3046
3038 3047
3039 3048
3041 3050
3042 3051
3043 3052
3044 3053
3045 3054
3046 3055
3047 3056
3048 3057
3049 3058
3051 3060
3052 3061
3053 3062
3054 3063
3055 3064
3056 3065
3057 3066
3058 3067
3059 3068
3061 3070
3062 3071
3063 3072
3064 3073
3065 3074
3066 3075
3067 3076
3068 3077
3069 3078
3071 3080
3072 3081
3073 3082
3074 3083
3075 3084
3076 3085
3077 3086
3078 3087
3079 3088
3081 3090
3082 3091
3083 3092
3084 3093
3085 3094
3086 3095
3087 3096
3088 3097
3089 3098
3091 3100
3092 3101
3093 3102
3094 3103
3095 3104
3096 3105
3097 3106
3098 3107
3099 3108
3101 3110
3102 3111
3103 3112
3104 3113
3105 3114
3106 3115
3107 3116
3108 3117
3109 3118
3111 3120
3112 3121
3113 3122
3114 3123
3115 3124
3116 3125
3117 3126
3118 3127
3119 3128
3121 3130
3122 3131
3123 3132
3124 3133
3125 3134
3126 3135
3127 3136
3128 3137
3129 3138
3131 3140
3132 3141
3133 3142
3134 3143
3135 3144
3136 3145
3137 3146
3138 3147
3139 3148
3141 3150
3142 3151
3143 3152
3144 3153
3145 3154
3146 3155
3147 3156
3148 3157
3149 3158
3151 3160
3152 3161
3153 3162
3154 3163
3155 3164
3156 3165
3157 3166
3158 3167
3159 3168
3161 3170
3162 3171
3163 3172
3164 3173
3165 3174
3166 3175
3167 3176
3168 3177
3169 3178
3171 3180
3172 3181
3173 3182
3174 3183
3175 3184
3176 3185
3177 3186
3178 3187
3179 3188
3181 3190
3182 3191
3183 3192
3184 3193
3185 3194
3186 3195
3187 3196
3188 3197
3189 3198
3191 3200
3192 3201
3193 3202
3194 3203
3195 3204
3196 3205
3197 3206
3198 3207
3199 3208
3201 3210
3202 3211
3203 3212
3204 3213
3205 3214
3206 3215
3207 3216
3208 3217
3209 3218
3211 3220
3212 3221
3213 3222
3214 3223
3215 3224
3216 3225
3217 3226
3218 3227
3219 3228
3221 3230
3222 3231
3223 3232
3224 3233
3225 3234
3226 3235
3227 3236
3228 3237
3229 3238
3231 3240
3232 3241
3233 3242
3234 3243
3235 3244
3236 3245
3237 3246
3238 3247
3239 3248
3241 3250
3242 3251
3243 3252
3244 3253
3245 3254
3246 3255
3247 3256
3248 3257
3249 3258
3251 3260
3252 3261
3253 3262
3254 3263
3255 3264
3256 3265
3257 3266
3258 3267
3259 3268
3261 3270
3262 3271
3263 3272
3264 3273
3265 3274
3266 3275
3267 3276
3268 3277
3269 3278
3271 3280
3272 3281
3273 3282
3274 3283
3275 3284
3276 3285
3277 3286
3278 3287
3279 3288
3281 3290
3282 3291
3283 3292
3284 3293
3285 3294
3286 3295
3287 3296
3288 3297
3289 3298
3301 3310
3302 3311
3303 3312
3304 3313
3305 3314
3306 3315
3307 3316
3308 3317
3309 3318
3311 3320
3312 3321
3313 3322
3314 3323
3315 3324
3316 3325
3317 3326
3318 3327
3319 3328
3321 3330
3322 3331
3323 3332
3324 3333
3325 3334
3326 3335
3327 3336
3328 3337
3329 3338
3331 3340
3332 3341
3333 3342
3334 3343
3335 3344
3336 3345
3337 3346
3338 3347
3339 3348
3341 3350
3342 3351
3343 3352
3344 3353
3345 3354
3346 3355
3347 3356
3348 3357
3349 3358
3351 3360
3352 3361
3353 3362
3354 3363
3355 3364
3356 3365
3357 3366
3358 3367
3359 3368
3361 3370
3362 3371
3363 3372
3364 3373
3365 3374
3366 3375
3367 3376
3368 3377
3369 3378
3371 3380
3372 3381
3373 3382
3374 3383
3375 3384
3376 3385
3377 3386
3378 3387
3379 3388
3381 3390
3382 3391
3383 3392
3384 3393
3385 3394
3386 3395
3387 3396
3388 3397
3389 3398
3391 3400
3392 3401
3393 3402
3394 3403
3395 3404
3396 3405
3397 3406
3398 3407
3399 3408
3401 3410
3402 3411
3403 3412
3404 3413
3405 3414
3406 3415
3407 3416
3408 3417
3409 3418
3411 3420
3412 3421
3413 3422
3414 3423
3415 3424
3416 3425
3417 3426
3418 3427
3419 3428
3421 3430
3422 3431
3423 3432
3424 3433
3425 3434
3426 3435
3427 3436
3428 3437
3429 3438
3431 3440
3432 3441
3433 3442
3434 3443
3435 3444
3436 3445
3437 3446
3438 3447
3439 3448
3441 3450
3442 3451
3443 3452
3444 3453
3445 3454
3446 3455
3447 3456
3448 3457
3449 3458
3451 3460
3452 3461
3453 3462
3454 3463
3455 3464
3456 3465
3457 3466
3458 3467
3459 3468
3461 3470
3462 3471
3463 3472
3464 3473
3465 3474
3466 3475
3467 3476
3468 3477
3469 3478
3471 3480
3472 3481
3473 3482
3474 3483
3475 3484
3476 3485
3477 3486
3478 3487
3479 3488
3481 3490
3482 3491
3483 3492
3484 3493
3485 3494
3486 3495
3487 3496
3488 3497
3489 3498
3491 3500
3492 3501
3493 3502
3494 3503
3495 3504
3496 3505
3497 3506
3498 3507
3499 3508
3501 3510
3502 3511
3503 3512
3504 3513
3505 3514
3506 3515
3507 3516
3508 3517
3509 3518
3511 3520
3512 3521
3513 3522
3514 3523
3515 3524
3516 3525
3517 3526
3518 3527
3519 3528
3521 3530
3522 3531
3523 3532
3524 3533
3525 3534
3526 3535
3527 3536
3528 3537
3529 3538
3531 3540
3532 3541
3533 3542
3534 3543
3535 3544
3536 3545
3537 3546
3538 3547
3539 3548
3541 3550
3542 3551
3543 3552
3544 3553
3545 3554
3546 3555
3547 3556
3548 3557
3549 3558
3551 3560
3552 3561
3553 3562
3554 3563
3555 3564
3556 3565
3557 3566
3558 3567
3559 3568
3561 3570
3562 3571
3563 3572
3564 3573
3565 3574
3566 3575
3567 3576
3568 3577
3569 3578
3571 3580
3572 3581
3573 3582
3574 3583
3575 3584
3576 3585
3577 3586
3578 3587
3579 3588
3581 3590
3582 3591
3583 3592
3584 3593
3585 3594
3586 3595
3587 3596
3588 3597
3589 3598
3601 3610
3602 3611
3603 3612
3604 3613
3605 3614
3606 3615
3607 3616
3608 3617
3609 3618
3611 3620
3612 3621
3613 3622
3614 3623
3615 3624
3616 3625
3617 3626
3618 3627
3619 3628
3621 3630
3622 3631
3623 3632
3624 3633
3625 3634
3626 3635
3627 3636
3628 3637
3629 3638
3631 3640
3632 3641
3633 3642
3634 3643
3635 3644
3636 3645
3637 3646
3638 3647
3639 3648
3641 3650
3642 3651
3643 3652
3644 3653
3645 3654
3646 3655
3647 3656
3648 3657
3649 3658
3651 3660
3652 3661
3653 3662
3654 3663
3655 3664
3656 3665
3657 3666
3658 3667
3659 3668
3661 3670
3662 3671
3663 3672
3664 3673
3665 3674
3666 3675
3667 3676
3668 3677
3669 3678
3671 3680
3672 3681
3673 3682
3674 3683
3675 3684
3676 3685
3677 3686
3678 3687
3679 3688
3681 3690
3682 3691
3683 3692
3684 3693
3685 3694
3686 3695
3687 3696
3688 3697
3689 3698
3691 3700
3692 3701
3693 3702
3694 3703
3695 3704
3696 3705
3697 3706
3698 3707
3699 3708
3701 3710
3702 3711
3703 3712
3704 3713
3705 3714
3706 3715
3707 3716
3708 3717
3709 3718
3711 3720
3712 3721
3713 3722
3714 3723
3715 3724
3716 3725
3717 3726
3718 3727
3719 3728
3721 3730
3722 3731
3723 3732
3724 3733
3725 3734
3726 3735
3727 3736
3728 3737
3729 3738
3731 3740
3732 3741
3733 3742
3734 3743
3735 3744
3736 3745
3737 3746
3738 3747
3739 3748
3741 3750
3742 3751
3743 3752
3744 3753
3745 3754
3746 3755
3747 3756
3748 3757
3749 3758
3751 3760
3752 3761
3753 3762
3754 3763
3755 3764
3756 3765
3757 3766
3758 3767
3759 3768
3761 3770
3762 3771
3763 3772
3764 3773
3765 3774
3766 3775
3767 3776
3768 3777
3769 3778
3771 3780
3772 3781
3773 3782
3774 3783
3775 3784
3776 3785
3777 3786
3778 3787
3779 3788
3781 3790
3782 3791
3783 3792
3784 3793
3785 3794
3786 3795
3787 3796
3788 3797
3789 3798
3791 3800
3792 3801
3793 3802
3794 3803
3795 3804
3796 3805
3797 3806
3798 3807
3799 3808
3801 3810
3802 3811
3803 3812
3804 3813
3805 3814
3806 3815
3807 3816
3808 3817
3809 3818
3811 3820
3812 3821
3813 3822
3814 3823
3815 3824
3816 3825
3817 3826
3818 3827
3819 3828
3821 3830
3822 3831
3823 3832
3824 3833
3825 3834
3826 3835
3827 3836
3828 3837
3829 3838
3831 3840
3832 3841
3833 3842
3834 3843
3835 3844
3836 3845
3837 3846
3838 3847
3839 3848
3841 3850
3842 3851
3843 3852
3844 3853
3845 3854
3846 3855
3847 3856
3848 3857
3849 3858
3851 3860
3852 3861
3853 3862
3854 3863
3855 3864
3856 3865
3857 3866
3858 3867
3859 3868
3861 3870
3862 3871
3863 3872
3864 3873
3865 3874
3866 3875
3867 3876
3868 3877
3869 3878
3871 3880
3872 3881
3873 3882
3874 3883
3875 3884
3876 3885
3877 3886
3878 3887
3879 3888
3881 3890
3882 3891
3883 3892
3884 3893
3885 3894
3886 3895
3887 3896
3888 3897
3889 3898
3901 3910
3902 3911
3903 3912
3904 3913
3905 3914
3906 3915
3907 3916
3908 3917
3909 3918
3911 3920
3912 3921
3913 3922
3914 3923
3915 3924
3916 3925
3917 3926
3918 3927
3919 3928
3921 3930
3922 3931
3923 3932
3924 3933
3925 3934
3926 3935
3927 3936
3928 3937
3929 3938
3931 3940
3932 3941
3933 3942
3934 3943
3935 3944
3936 3945
3937 3946
3938 3947
3939 3948
3941 3950
3942 3951
3943 3952
3944 3953
3945 3954
3946 3955
3947 3956
3948 3957
3949 3958
3951 3960
3952 3961
3953 3962
3954 3963
3955 3964
3956 3965
3957 3966
3958 3967
3959 3968
3961 3970
3962 3971
3963 3972
3964 3973
3965 3974
3966 3975
3967 3976
3968 3977
3969 3978
3971 3980
3972 3981
3973 3982
3974 3983
3975 3984
3976 3985
3977 3986
3978 3987
3979 3988
3981 3990
3982 3991
3983 3992
3984 3993
3985 3994
3986 3995
3987 3996
3988 3997
3989 3998
3991 4000
3992 4001
3993 4002
3994 4003
3995 4004
3996 4005
3997 4006
3998 4007
3999 4008
4001 4010
4002 4011
4003 4012
4004 4013
4005 4014
4006 4015
4007 4016
4008 4017
4009 4018
4011 4020
4012 4021
4013 4022
4014 4023
4015 4024
4016 4025
4017 4026
4018 4027
4019 4028
4021 4030
4022 4031
4023 4032
4024 4033
4025 4034
4026 4035
4027 4036
4028 4037
4029 4038
4031 4040
4032 4041
4033 4042
4034 4043
4035 4044
4036 4045
4037 4046
4038 4047
4039 4048
4041 4050
4042 4051
4043 4052
4044 4053
4045 4054
4046 4055
4047 4056
4048 4057
4049 4058
4051 4060
4052 4061
4053 4062
4054 4063
4055 4064
4056 4065
4057 4066
4058 4067
4059 4068
4061 4070
4062 4071
4063 4072
4064 4073
4065 4074
4066 4075
4067 4076
4068 4077
4069 4078
4071 4080
4072 4081
4073 4082
4074 4083
4075 4084
4076 4085
4077 4086
4078 4087
4079 4088
4081 4090
4082 4091
4083 4092
4084 4093
4085 4094
4086 4095
4087 4096
4088 4097
4089 4098
4091 4100
4092 4101
4093 4102
4094 4103
4095 4104
4096 4105
4097 4106
4098 4107
4099 4108
4101 4110
4102 4111
4103 4112
4104 4113
4105 4114
4106 4115
4107 4116
4108 4117
4109 4118
4111 4120
4112 4121
4113 4122
4114 4123
4115 4124
4116 4125
4117 4126
4118 4127
4119 4128
4121 4130
4122 4131
4123 4132
4124 4133
4125 4134
4126 4135
4127 4136
4128 4137
4129 4138
4131 4140
4132 4141
4133 4142
4134 4143
4135 4144
4136 4145
4137 4146
4138 4147
4139 4148
4141 4150
4142 4151
4143 4152
4144 4153
4145 4154
4146 4155
4147 4156
4148 4157
4149 4158
4151 4160
4152 4161
4153 4162
4154 4163
4155 4164
4156 4165
4157 4166
4158 4167
4159 4168
4161 4170
4162 4171
4163 4172
4164 4173
4165 4174
4166 4175
4167 4176
4168 4177
4169 4178
4171 4180
4172 4181
4173 4182
4174 4183
4175 4184
4176 4185
4177 4186
4178 4187
4179 4188
4181 4190
4182 4191
4183 4192
4184 4193
4185 4194
4186 4195
4187 4196
4188 4197
4189 4198
4201 4210
4202 4211
4203 4212
4204 4213
4205 4214
4206 4215
4207 4216
4208 4217
4209 4218
4211 4220
4212 4221
4213 4222
4214 4223
4215 4224
4216 4225
4217 4226
4218 4227
4219 4228
4221 4230
4222 4231
4223 4232
4224 4233
4225 4234
4226 4235
4227 4236
4228 4237
4229 4238
4231 4240
4232 4241
4233 4242
4234 4243
4235 4244
4236 4245
4237 4246
4238 4247
4239 4248
4241 4250
4242 4251
4243 4252
4244 4253
4245 4254
4246 4255
4247 4256
4248 4257
4249 4258
4251 4260
4252 4261
4253 4262
4254 4263
4255 4264
4256 4265
4257 4266
4258 4267
4259 4268
4261 4270
4262 4271
4263 4272
4264 4273
4265 4274
4266 4275
4267 4276
4268 4277
4269 4278
4271 4280
4272 4281
4273 4282
4274 4283
4275 4284
4276 4285
4277 4286
4278 4287
4279 4288
4281 4290
4282 4291
4283 4292
4284 4293
4285 4294
4286 4295
4287 4296
4288 4297
4289 4298
4291 4300
4292 4301
4293 4302
4294 4303
4295 4304
4296 4305
4297 4306
4298 4307
4299 4308
4301 4310
4302 4311
4303 4312
4304 4313
4305 4314
4306 4315
4307 4316
4308 4317
4309 4318
4311 4320
4312 4321
4313 4322
4314 4323
4315 4324
4316 4325
4317 4326
4318 4327
4319 4328
4321 4330
4322 4331
4323 4332
4324 4333
4325 4334
4326 4335
4327 4336
4328 4337
4329 4338
4331 4340
4332 4341
4333 4342
4334 4343
4335 4344
4336 4345
4337 4346
4338 4347
4339 4348
4341 4350
4342 4351
4343 4352
4344 4353
4345 4354
4346 4355
4347 4356
4348 4357
4349 4358
4351 4360
4352 4361
4353 4362
4354 4363
4355 4364
4356 4365
4357 4366
4358 4367
4359 4368
4361 4370
4362 4371
4363 4372
4364 4373
4365 4374
4366 4375
4367 4376
4368 4377
4369 4378
4371 4380
4372 4381
4373 4382
4374 4383
4375 4384
4376 4385
4377 4386
4378 4387
4379 4388
4381 4390
4382 4391
4383 4392
4384 4393
4385 4394
4386 4395
4387 4396
4388 4397
4389 4398
4391 4400
4392 4401
4393 4402
4394 4403
4395 4404
4396 4405
4397 4406
4398 4407
4399 4408
4401 4410
4402 4411
4403 4412
4404 4413
4405 4414
4406 4415
4407 4416
4408 4417
4409 4418
4411 4420
4412 4421
4413 4422
4414 4423
4415 4424
4416 4425
4417 4426
4418 4427
4419 4428
4421 4430
4422 4431
4423 4432
4424 4433
4425 4434
4426 4435
4427 4436
4428 4437
4429 4438
4431 4440
4432 4441
4433 4442
4434 4443
4435 4444
4436 4445
4437 4446
4438 4447
4439 4448
4441 4450
4442 4451
4443 4452
4444 4453
4445 4454
4446 4455
4447 4456
4448 4457
4449 4458
4451 4460
4452 4461
4453 4462
4454 4463
4455 4464
4456 4465
4457 4466
4458 4467
4459 4468
4461 4470
4462 4471
4463 4472
4464 4473
4465 4474
4466 4475
4467 4476
4468 4477
4469 4478
4471 4480
4472 4481
4473 4482
4474 4483
4475 4484
4476 4485
4477 4486
4478 4487
4479 4488
4481 4490
4482 4491
4483 4492
4484 4493
4485 4494
4486 4495
4487 4496
4488 4497
4489 4498
4501 4510
4502 4511
4503 4512
4504 4513
4505 4514
4506 4515
4507 4516
4508 4517
4509 4518
4511 4520
4512 4521
4513 4522
4514 4523
4515 4524
4516 4525
4517 4526
4518 4527
4519 4528
4521 4530
4522 4531
4523 4532
4524 4533
4525 4534
4526 4535
4527 4536
4528 4537
4529 4538
4531 4540
4532 4541
4533 4542
4534 4543
4535 4544
4536 4545
4537 4546
4538 4547
4539 4548
4541 4550
4542 4551
4543 4552
4544 4553
4545 4554
4546 4555
4547 4556
4548 4557
4549 4558
4551 4560
4552 4561
4553 4562
4554 4563
4555 4564
4556 4565
4557 4566
4558 4567
4559 4568
4561 4570
4562 4571
4563 4572
4564 4573
4565 4574
4566 4575
4567 4576
4568 4577
4569 4578
4571 4580
4572 4581
4573 4582
4574 4583
4575 4584
4576 4585
4577 4586
4578 4587
4579 4588
4581 4590
4582 4591
4583 4592
4584 4593
4585 4594
4586 4595
4587 4596
4588 4597
4589 4598
4591 4600
4592 4601
4593 4602
4594 4603
4595 4604
4596 4605
4597 4606
4598 4607
4599 4608
4601 4610
4602 4611
4603 4612
4604 4613
4605 4614
4606 4615
4607 4616
4608 4617
4609 4618
4611 4620
4612 4621
4613 4622
4614 4623
4615 4624
4616 4625
4617 4626
4618 4627
4619 4628
4621 4630
4622 4631
4623 4632
4624 4633
4625 4634
4626 4635
4627 4636
4628 4637
4629 4638
4631 4640
4632 4641
4633 4642
4634 4643
4635 4644
4636 4645
4637 4646
4638 4647
4639 4648
4641 4650
4642 4651
4643 4652
4644 4653
4645 4654
4646 4655
4647 4656
4648 4657
4649 4658
4651 4660
4652 4661
4653 4662
4654 4663
4655 4664
4656 4665
4657 4666
4658 4667
4659 4668
4661 4670
4662 4671
4663 4672
4664 4673
4665 4674
4666 4675
4667 4676
4668 4677
4669 4678
4671 4680
4672 4681
4673 4682
4674 4683
4675 4684
4676 4685
4677 4686
4678 4687
4679 4688
4681 4690
4682 4691
4683 4692
4684 4693
4685 4694
4686 4695
4687 4696
4688 4697
4689 4698
4691 4700
4692 4701
4693 4702
4694 4703
4695 4704
4696 4705
4697 4706
4698 4707
4699 4708
4701 4710
4702 4711
4703 4712
4704 4713
4705 4714
4706 4715
4707 4716
4708 4717
4709 4718
4711 4720
4712 4721
4713 4722
4714 4723
4715 4724
4716 4725
4717 4726
4718 4727
4719 4728
4721 4730
4722 4731
4723 4732
4724 4733
4725 4734
4726 4735
4727 4736
4728 4737
4729 4738
4731 4740
4732 4741
4733 4742
4734 4743
4735 4744
4736 4745
4737 4746
4738 4747
4739 4748
4741 4750
4742 4751
4743 4752
4744 4753
4745 4754
4746 4755
4747 4756
4748 4757
4749 4758
4751 4760
4752 4761
4753 4762
4754 4763
4755 4764
4756 4765
4757 4766
4758 4767
4759 4768
4761 4770
4762 4771
4763 4772
4764 4773
4765 4774
4766 4775
4767 4776
4768 4777
4769 4778
4771 4780
4772 4781
4773 4782
4774 4783
4775 4784
4776 4785
4777 4786
4778 4787
4779 4788
4781 4790
4782 4791
4783 4792
4784 4793
4785 4794
4786 4795
4787 4796
4788 4797
4789 4798
4801 4810
4802 4811
4803 4812
4804 4813
4805 4814
4806 4815
4807 4816
4808 4817
4809 4818
4811 4820
4812 4821
4813 4822
4814 4823
4815 4824
4816 4825
4817 4826
4818 4827
4819 4828
4821 4830
4822 4831
4823 4832
4824 4833
4825 4834
4826 4835
4827 4836
4828 4837
4829 4838
4831 4840
4832 4841
4833 4842
4834 4843
4835 4844
4836 4845
4837 4846
4838 4847
4839 4848
4841 4850
4842 4851
4843 4852
4844 4853
4845 4854
4846 4855
4847 4856
4848 4857
4849 4858
4851 4860
4852 4861
4853 4862
4854 4863
4855 4864
4856 4865
4857 4866
4858 4867
4859 4868
4861 4870
4862 4871
4863 4872
4864 4873
4865 4874
4866 4875
4867 4876
4868 4877
4869 4878
4871 4880
4872 4881
4873 4882
4874 4883
4875 4884
4876 4885
4877 4886
4878 4887
4879 4888
4881 4890
4882 4891
4883 4892
4884 4893
4885 4894
4886 4895
4887 4896
4888 4897
4889 4898
4891 4900
4892 4901
4893 4902
4894 4903
4895 4904
4896 4905
4897 4906
4898 4907
4899 4908
4901 4910
4902 4911
4903 4912
4904 4913
4905 4914
4906 4915
4907 4916
4908 4917
4909 4918
4911 4920
4912 4921
4913 4922
4914 4923
4915 4924
4916 4925
4917 4926
4918 4927
4919 4928
4921 4930
4922 4931
4923 4932
4924 4933
4925 4934
4926 4935
4927 4936
4928 4937
4929 4938
4931 4940
4932 4941
4933 4942
4934 4943
4935 4944
4936 4945
4937 4946
4938 4947
4939 4948
4941 4950
4942 4951
4943 4952
4944 4953
4945 4954
4946 4955
4947 4956
4948 4957
4949 4958
4951 4960
4952 4961
4953 4962
4954 4963
4955 4964
4956 4965
4957 4966
4958 4967
4959 4968
4961 4970
4962 4971
4963 4972
4964 4973
4965 4974
4966 4975
4967 4976
4968 4977
4969 4978
4971 4980
4972 4981
4973 4982
4974 4983
4975 4984
4976 4985
4977 4986
4978 4987
4979 4988
4981 4990
4982 4991
4983 4992
4984 4993
4985 4994
4986 4995
4987 4996
4988 4997
4989 4998
4991 5000
4992 5001
4993 5002
4994 5003
4995 5004
4996 5005
4997 5006
4998 5007
4999 5008
5001 5010
5002 5011
5003 5012
5004 5013
5005 5014
5006 5015
5007 5016
5008 5017
5009 5018
5011 5020
5012 5021
5013 5022
5014 5023
5015 5024
5016 5025
5017 5026
5018 5027
5019 5028
5021 5030
5022 5031
5023 5032
5024 5033
5025 5034
5026 5035
5027 5036
5028 5037
5029 5038
5031 5040
5032 5041
5033 5042
5034 5043
5035 5044
5036 5045
5037 5046
5038 5047
5039 5048
5041 5050
5042 5051
5043 5052
5044 5053
5045 5054
5046 5055
5047 5056
5048 5057
5049 5058
5051 5060
5052 5061
5053 5062
5054 5063
5055 5064
5056 5065
5057 5066
5058 5067
5059 5068
5061 5070
5062 5071
5063 5072
5064 5073
5065 5074
5066 5075
5067 5076
5068 5077
5069 5078
5071 5080
5072 5081
5073 5082
5074 5083
5075 5084
5076 5085
5077 5086
5078 5087
5079 5088
5081 5090
5082 5091
5083 5092
5084 5093
5085 5094
5086 5095
5087 5096
5088 5097
5089 5098
5101 5110
5102 5111
5103 5112
5104 5113
5105 5114
5106 5115
5107 5116
5108 5117
5109 5118
5111 5120
5112 5121
5113 5122
5114 5123
5115 5124
5116 5125
5117 5126
5118 5127
5119 5128
5121 5130
5122 5131
5123 5132
5124 5133
5125 5134
5126 5135
5127 5136
5128 5137
5129 5138
5131 5140
5132 5141
5133 5142
5134 5143
5135 5144
5136 5145
5137 5146
5138 5147
5139 5148
5141 5150
5142 5151
5143 5152
5144 5153
5145 5154
5146 5155
5147 5156
5148 5157
5149 5158
5151 5160
5152 5161
5153 5162
5154 5163
5155 5164
5156 5165
5157 5166
5158 5167
5159 5168
5161 5170
5162 5171
5163 5172
5164 5173
5165 5174
5166 5175
5167 5176
5168 5177
5169 5178
5171 5180
5172 5181
5173 5182
5174 5183
5175 5184
5176 5185
5177 5186
5178 5187
5179 5188
5181 5190
5182 5191
5183 5192
5184 5193
5185 5194
5186 5195
5187 5196
5188 5197
5189 5198
5191 5200
5192 5201
5193 5202
5194 5203
5195 5204
5196 5205
5197 5206
5198 5207
5199 5208
5201 5210
5202 5211
5203 5212
5204 5213
5205 5214
5206 5215
5207 5216
5208 5217
5209 5218
5211 5220
5212 5221
5213 5222
5214 5223
5215 5224
5216 5225
5217 5226
5218 5227
5219 5228
5221 5230
5222 5231
5223 5232
5224 5233
5225 5234
5226 5235
5227 5236
5228 5237
5229 5238
5231 5240
5232 5241
5233 5242
5234 5243
5235 5244
5236 5245
5237 5246
5238 5247
5239 5248
5241 5250
5242 5251
5243 5252
5244 5253
5245 5254
5246 5255
5247 5256
5248 5257
5249 5258
5251 5260
5252 5261
5253 5262
5254 5263
5255 5264
5256 5265
5257 5266
5258 5267
5259 5268
5261 5270
5262 5271
5263 5272
5264 5273
5265 5274
5266 5275
5267 5276
5268 5277
5269 5278
5271 5280
5272 5281
5273 5282
5274 5283
5275 5284
5276 5285
5277 5286
5278 5287
5279 5288
5281 5290
5282 5291
5283 5292
5284 5293
5285 5294
5286 5295
5287 5296
5288 5297
5289 5298
5291 5300
5292 5301
5293 5302
5294 5303
5295 5304
5296 5305
5297 5306
5298 5307
5299 5308
5301 5310
5302 5311
5303 5312
5304 5313
5305 5314
5306 5315
5307 5316
5308 5317
5309 5318
5311 5320
5312 5321
5313 5322
5314 5323
5315 5324
5316 5325
5317 5326
5318 5327
5319 5328
5321 5330
5322 5331
5323 5332
5324 5333
5325 5334
5326 5335
5327 5336
5328 5337
5329 5338
5331 5340
5332 5341
5333 5342
5334 5343
5335 5344
5336 5345
5337 5346
5338 5347
5339 5348
5341 5350
5342 5351
5343 5352
5344 5353
5345 5354
5346 5355
5347 5356
5348 5357
5349 5358
5351 5360
5352 5361
5353 5362
5354 5363
5355 5364
5356 5365
5357 5366
5358 5367
5359 5368
5361 5370
5362 5371
5363 5372
5364 5373
5365 5374
5366 5375
5367 5376
5368 5377
5369 5378
5371 5380
5372 5381
5373 5382
5374 5383
5375 5384
5376 5385
5377 5386
5378 5387
5379 5388
5381 5390
5382 5391
5383 5392
5384 5393
5385 5394
5386 5395
5387 5396
5388 5397
5389 5398
5401 5410
5402 5411
5403 5412
5404 5413
5405 5414
5406 5415
5407 5416
5408 5417
5409 5418
5411 5420
5412 5421
5413 5422
5414 5423
5415 5424
5416 5425
5417 5426
5418 5427
5419 5428
5421 5430
5422 5431
5423 5432
5424 5433
5425 5434
5426 5435
5427 5436
5428 5437
5429 5438
5431 5440
5432 5441
5433 5442
5434 5443
5435 5444
5436 5445
5437 5446
5438 5447
5439 5448
5441 5450
5442 5451
5443 5452
5444 5453
5445 5454
5446 5455
5447 5456
5448 5457
5449 5458
5451 5460
5452 5461
5453 5462
5454 5463
5455 5464
5456 5465
5457 5466
5458 5467
5459 5468
5461 5470
5462 5471
5463 5472
5464 5473
5465 5474
5466 5475
5467 5476
5468 5477
5469 5478
5471 5480
5472 5481
5473 5482
5474 5483
5475 5484
5476 5485
5477 5486
5478 5487
5479 5488
5481 5490
5482 5491
5483 5492
5484 5493
5485 5494
5486 5495
5487 5496
5488 5497
5489 5498
5491 5500
5492 5501
5493 5502
5494 5503
5495 5504
5496 5505
5497 5506
5498 5507
5499 5508
5501 5510
5502 5511
5503 5512
5504 5513
5505 5514
5506 5515
5507 5516
5508 5517
5509 5518
5511 5520
5512 5521
5513 5522
5514 5523
5515 5524
5516 5525
5517 5526
5518 5527
5519 5528
5521 5530
5522 5531
5523 5532
5524 5533
5525 5534
5526 5535
5527 5536
5528 5537
5529 5538
5531 5540
5532 5541
5533 5542
5534 5543
5535 5544
5536 5545
5537 5546
5538 5547
5539 5548
5541 5550
5542 5551
5543 5552
5544 5553
5545 5554
5546 5555
5547 5556
5548 5557
5549 5558
5551 5560
5552 5561
5553 5562
5554 5563
5555 5564
5556 5565
5557 5566
5558 5567
5559 5568
5561 5570
5562 5571
5563 5572
5564 5573
5565 5574
5566 5575
5567 5576
5568 5577
5569 5578
5571 5580
5572 5581
5573 5582
5574 5583
5575 5584
5576 5585
5577 5586
5578 5587
5579 5588
5581 5590
5582 5591
5583 5592
5584 5593
5585 5594
5586 5595
5587 5596
5588 5597
5589 5598
5591 5600
5592 5601
5593 5602
5594 5603
5595 5604
5596 5605
5597 5606
5598 5607
5599 5608
5601 5610
5602 5611
5603 5612
5604 5613
5605 5614
5606 5615
5607 5616
5608 5617
5609 5618
5611 5620
5612 5621
5613 5622
5614 5623
5615 5624
5616 5625
5617 5626
5618 5627
5619 5628
5621 5630
5622 5631
5623 5632
5624 5633
5625 5634
5626 5635
5627 5636
5628 5637
5629 5638
5631 5640
5632 5641
5633 5642
5634 5643
5635 5644
5636 5645
5637 5646
5638 5647
5639 5648
5641 5650
5642 5651
5643 5652
5644 5653
5645 5654
5646 5655
5647 5656
5648 5657
5649 5658
5651 5660
5652 5661
5653 5662
5654 5663
5655 5664
5656 5665
5657 5666
5658 5667
5659 5668
5661 5670
5662 5671
5663 5672
5664 5673
5665 5674
5666 5675
5667 5676
5668 5677
5669 5678
5671 5680
5672 5681
5673 5682
5674 5683
5675 5684
5676 5685
5677 5686
5678 5687
5679 5688
5681 5690
5682 5691
5683 5692
5684 5693
5685 5694
5686 5695
5687 5696
5688 5697
5689 5698
5701 5710
5702 5711
5703 5712
5704 5713
5705 5714
5706 5715
5707 5716
5708 5717
5709 5718
5711 5720
5712 5721
5713 5722
5714 5723
5715 5724
5716 5725
5717 5726
5718 5727
5719 5728
5721 5730
5722 5731
5723 5732
5724 5733
5725 5734
5726 5735
5727 5736
5728 5737
5729 5738
5731 5740
5732 5741
5733 5742
5734 5743
5735 5744
5736 5745
5737 5746
5738 5747
5739 5748
5741 5750
5742 5751
5743 5752
5744 5753
5745 5754
5746 5755
5747 5756
5748 5757
5749 5758
5751 5760
5752 5761
5753 5762
5754 5763
5755 5764
5756 5765
5757 5766
5758 5767
5759 5768
5761 5770
5762 5771
5763 5772
5764 5773
5765 5774
5766 5775
5767 5776
5768 5777
5769 5778
5771 5780
5772 5781
5773 5782
5774 5783
5775 5784
5776 5785
5777 5786
5778 5787
5779 5788
5781 5790
5782 5791
5783 5792
5784 5793
5785 5794
5786 5795
5787 5796
5788 5797
5789 5798
5791 5800
5792 5801
5793 5802
5794 5803
5795 5804
5796 5805
5797 5806
5798 5807
5799 5808
5801 5810
5802 5811
5803 5812
5804 5813
5805 5814
5806 5815
5807 5816
5808 5817
5809 5818
5811 5820
5812 5821
5813 5822
5814 5823
5815 5824
5816 5825
5817 5826
5818 5827
5819 5828
5821 5830
5822 5831
5823 5832
5824 5833
5825 5834
5826 5835
5827 5836
5828 5837
5829 5838
5831 5840
5832 5841
5833 5842
5834 5843
5835 5844
5836 5845
5837 5846
5838 5847
5839 5848
5841 5850
5842 5851
5843 5852
5844 5853
5845 5854
5846 5855
5847 5856
5848 5857
5849 5858
5851 5860
5852 5861
5853 5862
5854 5863
5855 5864
5856 5865
5857 5866
5858 5867
5859 5868
5861 5870
5862 5871
5863 5872
5864 5873
5865 5874
5866 5875
5867 5876
5868 5877
5869 5878
5871 5880
5872 5881
5873 5882
5874 5883
5875 5884
5876 5885
5877 5886
5878 5887
5879 5888
5881 5890
5882 5891
5883 5892
5884 5893
5885 5894
5886 5895
5887 5896
5888 5897
5889 5898
5891 5900
5892 5901
5893 5902
5894 5903
5895 5904
5896 5905
5897 5906
5898 5907
5899 5908
5901 5910
5902 5911
5903 5912
5904 5913
5905 5914
5906 5915
5907 5916
5908 5917
5909 5918
5911 5920
5912 5921
5913 5922
5914 5923
5915 5924
5916 5925
5917 5926
5918 5927
5919 5928
5921 5930
5922 5931
5923 5932
5924 5933
5925 5934
5926 5935
5927 5936
5928 5937
5929 5938
5931 5940
5932 5941
5933 5942
5934 5943
5935 5944
5936 5945
5937 5946
5938 5947
5939 5948
5941 5950
5942 5951
5943 5952
5944 5953
5945 5954
5946 5955
5947 5956
5948 5957
5949 5958
5951 5960
5952 5961
5953 5962
5954 5963
5955 5964
5956 5965
5957 5966
5958 5967
5959 5968
5961 5970
5962 5971
5963 5972
5964 5973
5965 5974
5966 5975
5967 5976
5968 5977
5969 5978
5971 5980
5972 5981
5973 5982
5974 5983
5975 5984
5976 5985
5977 5986
5978 5987
5979 5988
5981 5990
5982 5991
5983 5992
5984 5993
5985 5994
5986 5995
5987 5996
5988 5997
5989 5998
6001 6010
6002 6011
6003 6012
6004 6013
6005 6014
6006 6015
6007 6016
6008 6017
6009 6018
6011 6020
6012 6021
6013 6022
6014 6023
6015 6024
6016 6025
6017 6026
6018 6027
6019 6028
6021 6030
6022 6031
6023 6032
6024 6033
6025 6034
6026 6035
6027 6036
6028 6037
6029 6038
6031 6040
6032 6041
6033 6042
6034 6043
6035 6044
6036 6045
6037 6046
6038 6047
6039 6048
6041 6050
6042 6051
6043 6052
6044 6053
6045 6054
6046 6055
6047 6056
6048 6057
6049 6058
6051 6060
6052 6061
6053 6062
6054 6063
6055 6064
6056 6065
6057 6066
6058 6067
6059 6068
6061 6070
6062 6071
6063 6072
6064 6073
6065 6074
6066 6075
6067 6076
6068 6077
6069 6078
6071 6080
6072 6081
6073 6082
6074 6083
6075 6084
6076 6085
6077 6086
6078 6087
6079 6088
6081 6090
6082 6091
6083 6092
6084 6093
6085 6094
6086 6095
6087 6096
6088 6097
6089 6098
6091 6100
6092 6101
6093 6102
6094 6103
6095 6104
6096 6105
6097 6106
6098 6107
6099 6108
6101 6110
6102 6111
6103 6112
6104 6113
6105 6114
6106 6115
6107 6116
6108 6117
6109 6118
6111 6120
6112 6121
6113 6122
6114 6123
6115 6124
6116 6125
6117 6126
6118 6127
6119 6128
6121 6130
6122 6131
6123 6132
6124 6133
6125 6134
6126 6135
6127 6136
6128 6137
6129 6138
6131 6140
6132 6141
6133 6142
6134 6143
6135 6144
6136 6145
6137 6146
6138 6147
6139 6148
6141 6150
6142 6151
6143 6152
6144 6153
6145 6154
6146 6155
6147 6156
6148 6157
6149 6158
6151 6160
6152 6161
6153 6162
6154 6163
6155 6164
6156 6165
6157 6166
6158 6167
6159 6168
6161 6170
6162 6171
6163 6172
6164 6173
6165 6174
6166 6175
6167 6176
6168 6177
6169 6178
6171 6180
6172 6181
6173 6182
6174 6183
6175 6184
6176 6185
6177 6186
6178 6187
6179 6188
6181 6190
6182 6191
6183 6192
6184 6193
6185 6194
6186 6195
6187 6196
6188 6197
6189 6198
6191 6200
6192 6201
6193 6202
6194 6203
6195 6204
6196 6205
6197 6206
6198 6207
6199 6208
6201 6210
6202 6211
6203 6212
6204 6213
6205 6214
6206 6215
6207 6216
6208 6217
6209 6218
6211 6220
6212 6221
6213 6222
6214 6223
6215 6224
6216 6225
6217 6226
6218 6227
6219 6228
6221 6230
6222 6231
6223 6232
6224 6233
6225 6234
6226 6235
6227 6236
6228 6237
6229 6238
6231 6240
6232 6241
6233 6242
6234 6243
6235 6244
6236 6245
6237 6246
6238 6247
6239 6248
6241 6250
6242 6251
6243 6252
6244 6253
6245 6254
6246 6255
6247 6256
6248 6257
6249 6258
6251 6260
6252 6261
6253 6262
6254 6263
6255 6264
6256 6265
6257 6266
6258 6267
6259 6268
6261 6270
6262 6271
6263 6272
6264 6273
6265 6274
6266 6275
6267 6276
6268 6277
6269 6278
6271 6280
6272 6281
6273 6282
6274 6283
6275 6284
6276 6285
6277 6286
6278 6287
6279 6288
6281 6290
6282 6291
6283 6292
6284 6293
6285 6294
6286 6295
6287 6296
6288 6297
6289 6298
6301 6310
6302 6311
6303 6312
6304 6313
6305 6314
6306 6315
6307 6316
6308 6317
6309 6318
6311 6320
6312 6321
6313 6322
6314 6323
6315 6324
6316 6325
6317 6326
6318 6327
6319 6328
6321 6330
6322 6331
6323 6332
6324 6333
6325 6334
6326 6335
6327 6336
6328 6337
6329 6338
6331 6340
6332 6341
6333 6342
6334 6343
6335 6344
6336 6345
6337 6346
6338 6347
6339 6348
6341 6350
6342 6351
6343 6352
6344 6353
6345 6354
6346 6355
6347 6356
6348 6357
6349 6358
6351 6360
6352 6361
6353 6362
6354 6363
6355 6364
6356 6365
6357 6366
6358 6367
6359 6368
6361 6370
6362 6371
6363 6372
6364 6373
6365 6374
6366 6375
6367 6376
6368 6377
6369 6378
6371 6380
6372 6381
6373 6382
6374 6383
6375 6384
6376 6385
6377 6386
6378 6387
6379 6388
6381 6390
6382 6391
6383 6392
6384 6393
6385 6394
6386 6395
6387 6396
6388 6397
6389 6398
6391 6400
6392 6401
6393 6402
6394 6403
6395 6404
6396 6405
6397 6406
6398 6407
6399 6408
6401 6410
6402 6411
6403 6412
6404 6413
6405 6414
6406 6415
6407 6416
6408 6417
6409 6418
6411 6420
6412 6421
6413 6422
6414 6423
6415 6424
6416 6425
6417 6426
6418 6427
6419 6428
6421 6430
6422 6431
6423 6432
6424 6433
6425 6434
6426 6435
6427 6436
6428 6437
6429 6438
6431 6440
6432 6441
6433 6442
6434 6443
6435 6444
6436 6445
6437 6446
6438 6447
6439 6448
6441 6450
6442 6451
6443 6452
6444 6453
6445 6454
6446 6455
6447 6456
6448 6457
6449 6458
6451 6460
6452 6461
6453 6462
6454 6463
6455 6464
6456 6465
6457 6466
6458 6467
6459 6468
6461 6470
6462 6471
6463 6472
6464 6473
6465 6474
6466 6475
6467 6476
6468 6477
6469 6478
6471 6480
6472 6481
6473 6482
6474 6483
6475 6484
6476 6485
6477 6486
6478 6487
6479 6488
6481 6490
6482 6491
6483 6492
6484 6493
6485 6494
6486 6495
6487 6496
6488 6497
6489 6498
6491 6500
6492 6501
6493 6502
6494 6503
6495 6504
6496 6505
6497 6506
6498 6507
6499 6508
6501 6510
6502 6511
6503 6512
6504 6513
6505 6514
6506 6515
6507 6516
6508 6517
6509 6518
6511 6520
6512 6521
6513 6522
6514 6523
6515 6524
6516 6525
6517 6526
6518 6527
6519 6528
6521 6530
6522 6531
6523 6532
6524 6533
6525 6534
6526 6535
6527 6536
6528 6537
6529 6538
6531 6540
6532 6541
6533 6542
6534 6543
6535 6544
6536 6545
6537 6546
6538 6547
6539 6548
6541 6550
6542 6551
6543 6552
6544 6553
6545 6554
6546 6555
6547 6556
6548 6557
6549 6558
6551 6560
6552 6561
6553 6562
6554 6563
6555 6564
6556 6565
6557 6566
6558 6567
6559 6568
6561 6570
6562 6571
6563 6572
6564 6573
6565 6574
6566 6575
6567 6576
6568 6577
6569 6578
6571 6580
6572 6581
6573 6582
6574 6583
6575 6584
6576 6585
6577 6586
6578 6587
6579 6588
6581 6590
6582 6591
6583 6592
6584 6593
6585 6594
6586 6595
6587 6596
6588 6597
6589 6598
6601 6610
6602 6611
6603 6612
6604 6613
6605 6614
6606 6615
6607 6616
6608 6617
6609 6618
6611 6620
6612 6621
6613 6622
6614 6623
6615 6624
6616 6625
6617 6626
6618 6627
6619 6628
6621 6630
6622 6631
6623 6632
6624 6633
6625 6634
6626 6635
6627 6636
6628 6637
6629 6638
6631 6640
6632 6641
6633 6642
6634 6643
6635 6644
6636 6645
6637 6646
6638 6647
6639 6648
6641 6650
6642 6651
6643 6652
6644 6653
6645 6654
6646 6655
6647 6656
6648 6657
6649 6658
6651 6660
6652 6661
6653 6662
6654 6663
6655 6664
6656 6665
6657 6666
6658 6667
6659 6668
6661 6670
6662 6671
6663 6672
6664 6673
6665 6674
6666 6675
6667 6676
6668 6677
6669 6678
6671 6680
6672 6681
6673 6682
6674 6683
6675 6684
6676 6685
6677 6686
6678 6687
6679 6688
6681 6690
6682 6691
6683 6692
6684 6693
6685 6694
6686 6695
6687 6696
6688 6697
6689 6698
6691 6700
6692 6701
6693 6702
6694 6703
6695 6704
6696 6705
6697 6706
6698 6707
6699 6708
6701 6710
6702 6711
6703 6712
6704 6713
6705 6714
6706 6715
6707 6716
6708 6717
6709 6718
6711 6720
6712 6721
6713 6722
6714 6723
6715 6724
6716 6725
6717 6726
6718 6727
6719 6728
6721 6730
6722 6731
6723 6732
6724 6733
6725 6734
6726 6735
6727 6736
6728 6737
6729 6738
6731 6740
6732 6741
6733 6742
6734 6743
6735 6744
6736 6745
6737 6746
6738 6747
6739 6748
6741 6750
6742 6751
6743 6752
6744 6753
6745 6754
6746 6755
6747 6756
6748 6757
6749 6758
6751 6760
6752 6761
6753 6762
6754 6763
6755 6764
6756 6765
6757 6766
6758 6767
6759 6768
6761 6770
6762 6771
6763 6772
6764 6773
6765 6774
6766 6775
6767 6776
6768 6777
6769 6778
6771 6780
6772 6781
6773 6782
6774 6783
6775 6784
6776 6785
6777 6786
6778 6787
6779 6788
6781 6790
6782 6791
6783 6792
6784 6793
6785 6794
6786 6795
6787 6796
6788 6797
6789 6798
6791 6800
6792 6801
6793 6802
6794 6803
6795 6804
6796 6805
6797 6806
6798 6807
6799 6808
6801 6810
6802 6811
6803 6812
6804 6813
6805 6814
6806 6815
6807 6816
6808 6817
6809 6818
6811 6820
6812 6821
6813 6822
6814 6823
6815 6824
6816 6825
6817 6826
6818 6827
6819 6828
6821 6830
6822 6831
6823 6832
6824 6833
6825 6834
6826 6835
6827 6836
6828 6837
6829 6838
6831 6840
6832 6841
6833 6842
6834 6843
6835 6844
6836 6845
6837 6846
6838 6847
6839 6848
6841 6850
6842 6851
6843 6852
6844 6853
6845 6854
6846 6855
6847 6856
6848 6857
6849 6858
6851 6860
6852 6861
6853 6862
6854 6863
6855 6864
6856 6865
6857 6866
6858 6867
6859 6868
6861 6870
6862 6871
6863 6872
6864 6873
6865 6874
6866 6875
6867 6876
6868 6877
6869 6878
6871 6880
6872 6881
6873 6882
6874 6883
6875 6884
6876 6885
6877 6886
6878 6887
6879 6888
6881 6890
6882 6891
6883 6892
6884 6893
6885 6894
6886 6895
6887 6896
6888 6897
6889 6898
6901 6910
6902 6911
6903 6912
6904 6913
6905 6914
6906 6915
6907 6916
6908 6917
6909 6918
6911 6920
6912 6921
6913 6922
6914 6923
6915 6924
6916 6925
6917 6926
6918 6927
6919 6928
6921 6930
6922 6931
6923 6932
6924 6933
6925 6934
6926 6935
6927 6936
6928 6937
6929 6938
6931 6940
6932 6941
6933 6942
6934 6943
6935 6944
6936 6945
6937 6946
6938 6947
6939 6948
6941 6950
6942 6951
6943 6952
6944 6953
6945 6954
6946 6955
6947 6956
6948 6957
6949 6958
6951 6960
6952 6961
6953 6962
6954 6963
6955 6964
6956 6965
6957 6966
6958 6967
6959 6968
6961 6970
6962 6971
6963 6972
6964 6973
6965 6974
6966 6975
6967 6976
6968 6977
6969 6978
6971 6980
6972 6981
6973 6982
6974 6983
6975 6984
6976 6985
6977 6986
6978 6987
6979 6988
6981 6990
6982 6991
6983 6992
6984 6993
6985 6994
6986 6995
6987 6996
6988 6997
6989 6998
6991 7000
6992 7001
6993 7002
6994 7003
6995 7004
6996 7005
6997 7006
6998 7007
6999 7008
7001 7010
7002 7011
7003 7012
7004 7013
7005 7014
7006 7015
7007 7016
7008 7017
7009 7018
7011 7020
7012 7021
7013 7022
7014 7023
7015 7024
7016 7025
7017 7026
7018 7027
7019 7028
7021 7030
7022 7031
7023 7032
7024 7033
7025 7034
7026 7035
7027 7036
7028 7037
7029 7038
7031 7040
7032 7041
7033 7042
7034 7043
7035 7044
7036 7045
7037 7046
7038 7047
7039 7048
7041 7050
7042 7051
7043 7052
7044 7053
7045 7054
7046 7055
7047 7056
7048 7057
7049 7058
7051 7060
7052 7061
7053 7062
7054 7063
7055 7064
7056 7065
7057 7066
7058 7067
7059 7068
7061 7070
7062 7071
7063 7072
7064 7073
7065 7074
7066 7075
7067 7076
7068 7077
7069 7078
7071 7080
7072 7081
7073 7082
7074 7083
7075 7084
7076 7085
7077 7086
7078 7087
7079 7088
7081 7090
7082 7091
7083 7092
7084 7093
7085 7094
7086 7095
7087 7096
7088 7097
7089 7098
7091 7100
7092 7101
7093 7102
7094 7103
7095 7104
7096 7105
7097 7106
7098 7107
7099 7108
7101 7110
7102 7111
7103 7112
7104 7113
7105 7114
7106 7115
7107 7116
7108 7117
7109 7118
7111 7120
7112 7121
7113 7122
7114 7123
7115 7124
7116 7125
7117 7126
7118 7127
7119 7128
7121 7130
7122 7131
7123 7132
7124 7133
7125 7134
7126 7135
7127 7136
7128 7137
7129 7138
7131 7140
7132 7141
7133 7142
7134 7143
7135 7144
7136 7145
7137 7146
7138 7147
7139 7148
7141 7150
7142 7151
7143 7152
7144 7153
7145 7154
7146 7155
7147 7156
7148 7157
7149 7158
7151 7160
7152 7161
7153 7162
7154 7163
7155 7164
7156 7165
7157 7166
7158 7167
7159 7168
7161 7170
7162 7171
7163 7172
7164 7173
7165 7174
7166 7175
7167 7176
7168 7177
7169 7178
7171 7180
7172 7181
7173 7182
7174 7183
7175 7184
7176 7185
7177 7186
7178 7187
7179 7188
7181 7190
7182 7191
7183 7192
7184 7193
7185 7194
7186 7195
7187 7196
7188 7197
7189 7198
7201 7210
7202 7211
7203 7212
7204 7213
7205 7214
7206 7215
7207 7216
7208 7217
7209 7218
7211 7220
7212 7221
7213 7222
7214 7223
7215 7224
7216 7225
7217 7226
7218 7227
7219 7228
7221 7230
7222 7231
7223 7232
7224 7233
7225 7234
7226 7235
7227 7236
7228 7237
7229 7238
7231 7240
7232 7241
7233 7242
7234 7243
7235 7244
7236 7245
7237 7246
7238 7247
7239 7248
7241 7250
7242 7251
7243 7252
7244 7253
7245 7254
7246 7255
7247 7256
7248 7257
7249 7258
7251 7260
7252 7261
7253 7262
7254 7263
7255 7264
7256 7265
7257 7266
7258 7267
7259 7268
7261 7270
7262 7271
7263 7272
7264 7273
7265 7274
7266 7275
7267 7276
7268 7277
7269 7278
7271 7280
7272 7281
7273 7282
7274 7283
7275 7284
7276 7285
7277 7286
7278 7287
7279 7288
7281 7290
7282 7291
7283 7292
7284 7293
7285 7294
7286 7295
7287 7296
7288 7297
7289 7298
7291 7300
7292 7301
7293 7302
7294 7303
7295 7304
7296 7305
7297 7306
7298 7307
7299 7308
7301 7310
7302 7311
7303 7312
7304 7313
7305 7314
7306 7315
7307 7316
7308 7317
7309 7318
7311 7320
7312 7321
7313 7322
7314 7323
7315 7324
7316 7325
7317 7326
7318 7327
7319 7328
7321 7330
7322 7331
7323 7332
7324 7333
7325 7334
7326 7335
7327 7336
7328 7337
7329 7338
7331 7340
7332 7341
7333 7342
7334 7343
7335 7344
7336 7345
7337 7346
7338 7347
7339 7348
7341 7350
7342 7351
7343 7352
7344 7353
7345 7354
7346 7355
7347 7356
7348 7357
7349 7358
7351 7360
7352 7361
7353 7362
7354 7363
7355 7364
7356 7365
7357 7366
7358 7367
7359 7368
7361 7370
7362 7371
7363 7372
7364 7373
7365 7374
7366 7375
7367 7376
7368 7377
7369 7378
7371 7380
7372 7381
7373 7382
7374 7383
7375 7384
7376 7385
7377 7386
7378 7387
7379 7388
7381 7390
7382 7391
7383 7392
7384 7393
7385 7394
7386 7395
7387 7396
7388 7397
7389 7398
7391 7400
7392 7401
7393 7402
7394 7403
7395 7404
7396 7405
7397 7406
7398 7407
7399 7408
7401 7410
7402 7411
7403 7412
7404 7413
7405 7414
7406 7415
7407 7416
7408 7417
7409 7418
7411 7420
7412 7421
7413 7422
7414 7423
7415 7424
7416 7425
7417 7426
7418 7427
7419 7428
7421 7430
7422 7431
7423 7432
7424 7433
7425 7434
7426 7435
7427 7436
7428 7437
7429 7438
7431 7440
7432 7441
7433 7442
7434 7443
7435 7444
7436 7445
7437 7446
7438 7447
7439 7448
7441 7450
7442 7451
7443 7452
7444 7453
7445 7454
7446 7455
7447 7456
7448 7457
7449 7458
7451 7460
7452 7461
7453 7462
7454 7463
7455 7464
7456 7465
7457 7466
7458 7467
7459 7468
7461 7470
7462 7471
7463 7472
7464 7473
7465 7474
7466 7475
7467 7476
7468 7477
7469 7478
7471 7480
7472 7481
7473 7482
7474 7483
7475 7484
7476 7485
7477 7486
7478 7487
7479 7488
7481 7490
7482 7491
7483 7492
7484 7493
7485 7494
7486 7495
7487 7496
7488 7497
7489 7498
7501 7510
7502 7511
7503 7512
7504 7513
7505 7514
7506 7515
7507 7516
7508 7517
7509 7518
7511 7520
7512 7521
7513 7522
7514 7523
7515 7524
7516 7525
7517 7526
7518 7527
7519 7528
7521 7530
7522 7531
7523 7532
7524 7533
7525 7534
7526 7535
7527 7536
7528 7537
7529 7538
7531 7540
7532 7541
7533 7542
7534 7543
7535 7544
7536 7545
7537 7546
7538 7547
7539 7548
7541 7550
7542 7551
7543 7552
7544 7553
7545 7554
7546 7555
7547 7556
7548 7557
7549 7558
7551 7560
7552 7561
7553 7562
7554 7563
7555 7564
7556 7565
7557 7566
7558 7567
7559 7568
7561 7570
7562 7571
7563 7572
7564 7573
7565 7574
7566 7575
7567 7576
7568 7577
7569 7578
7571 7580
7572 7581
7573 7582
7574 7583
7575 7584
7576 7585
7577 7586
7578 7587
7579 7588
7581 7590
7582 7591
7583 7592
7584 7593
7585 7594
7586 7595
7587 7596
7588 7597
7589 7598
7591 7600
7592 7601
7593 7602
7594 7603
7595 7604
7596 7605
7597 7606
7598 7607
7599 7608
7601 7610
7602 7611
7603 7612
7604 7613
7605 7614
7606 7615
7607 7616
7608 7617
7609 7618
7611 7620
7612 7621
7613 7622
7614 7623
7615 7624
7616 7625
7617 7626
7618 7627
7619 7628
7621 7630
7622 7631
7623 7632
7624 7633
7625 7634
7626 7635
7627 7636
7628 7637
7629 7638
7631 7640
7632 7641
7633 7642
7634 7643
7635 7644
7636 7645
7637 7646
7638 7647
7639 7648
7641 7650
7642 7651
7643 7652
7644 7653
7645 7654
7646 7655
7647 7656
7648 7657
7649 7658
7651 7660
7652 7661
7653 7662
7654 7663
7655 7664
7656 7665
7657 7666
7658 7667
7659 7668
7661 7670
7662 7671
7663 7672
7664 7673
7665 7674
7666 7675
7667 7676
7668 7677
7669 7678
7671 7680
7672 7681
7673 7682
7674 7683
7675 7684
7676 7685
7677 7686
7678 7687
7679 7688
7681 7690
7682 7691
7683 7692
7684 7693
7685 7694
7686 7695
7687 7696
7688 7697
7689 7698
7691 7700
7692 7701
7693 7702
7694 7703
7695 7704
7696 7705
7697 7706
7698 7707
7699 7708
7701 7710
7702 7711
7703 7712
7704 7713
7705 7714
7706 7715
7707 7716
7708 7717
7709 7718
7711 7720
7712 7721
7713 7722
7714 7723
7715 7724
7716 7725
7717 7726
7718 7727
7719 7728
7721 7730
7722 7731
7723 7732
7724 7733
7725 7734
7726 7735
7727 7736
7728 7737
7729 7738
7731 7740
7732 7741
7733 7742
7734 7743
7735 7744
7736 7745
7737 7746
7738 7747
7739 7748
7741 7750
7742 7751
7743 7752
7744 7753
7745 7754
7746 7755
7747 7756
7748 7757
7749 7758
7751 7760
7752 7761
7753 7762
7754 7763
7755 7764
7756 7765
7757 7766
7758 7767
7759 7768
7761 7770
7762 7771
7763 7772
7764 7773
7765 7774
7766 7775
7767 7776
7768 7777
7769 7778
7771 7780
7772 7781
7773 7782
7774 7783
7775 7784
7776 7785
7777 7786
7778 7787
7779 7788
7781 7790
7782 7791
7783 7792
7784 7793
7785 7794
7786 7795
7787 7796
7788 7797
7789 7798
7801 7810
7802 7811
7803 7812
7804 7813
7805 7814
7806 7815
7807 7816
7808 7817
7809 7818
7811 7820
7812 7821
7813 7822
7814 7823
7815 7824
7816 7825
7817 7826
7818 7827
7819 7828
7821 7830
7822 7831
7823 7832
7824 7833
7825 7834
7826 7835
7827 7836
7828 7837
7829 7838
7831 7840
7832 7841
7833 7842
7834 7843
7835 7844
7836 7845
7837 7846
7838 7847
7839 7848
7841 7850
7842 7851
7843 7852
7844 7853
7845 7854
7846 7855
7847 7856
7848 7857
7849 7858
7851 7860
7852 7861
7853 7862
7854 7863
7855 7864
7856 7865
7857 7866
7858 7867
7859 7868
7861 7870
7862 7871
7863 7872
7864 7873
7865 7874
7866 7875
7867 7876
7868 7877
7869 7878
7871 7880
7872 7881
7873 7882
7874 7883
7875 7884
7876 7885
7877 7886
7878 7887
7879 7888
7881 7890
7882 7891
7883 7892
7884 7893
7885 7894
7886 7895
7887 7896
7888 7897
7889 7898
7891 7900
7892 7901
7893 7902
7894 7903
7895 7904
7896 7905
7897 7906
7898 7907
7899 7908
7901 7910
7902 7911
7903 7912
7904 7913
7905 7914
7906 7915
7907 7916
7908 7917
7909 7918
7911 7920
7912 7921
7913 7922
7914 7923
7915 7924
7916 7925
7917 7926
7918 7927
7919 7928
7921 7930
7922 7931
7923 7932
7924 7933
7925 7934
7926 7935
7927 7936
7928 7937
7929 7938
7931 7940
7932 7941
7933 7942
7934 7943
7935 7944
7936 7945
7937 7946
7938 7947
7939 7948
7941 7950
7942 7951
7943 7952
7944 7953
7945 7954
7946 7955
7947 7956
7948 7957
7949 7958
7951 7960
7952 7961
7953 7962
7954 7963
7955 7964
7956 7965
7957 7966
7958 7967
7959 7968
7961 7970
7962 7971
7963 7972
7964 7973
7965 7974
7966 7975
7967 7976
7968 7977
7969 7978
7971 7980
7972 7981
7973 7982
7974 7983
7975 7984
7976 7985
7977 7986
7978 7987
7979 7988
7981 7990
7982 7991
7983 7992
7984 7993
7985 7994
7986 7995
7987 7996
7988 7997
7989 7998
7991 8000
7992 8001
7993 8002
7994 8003
7995 8004
7996 8005
7997 8006
7998 8007
7999 8008
8001 8010
8002 8011
8003 8012
8004 8013
8005 8014
8006 8015
8007 8016
8008 8017
8009 8018
8011 8020
8012 8021
8013 8022
8014 8023
8015 8024
8016 8025
8017 8026
8018 8027
8019 8028
8021 8030
8022 8031
8023 8032
8024 8033
8025 8034
8026 8035
8027 8036
8028 8037
8029 8038
8031 8040
8032 8041
8033 8042
8034 8043
8035 8044
8036 8045
8037 8046
8038 8047
8039 8048
8041 8050
8042 8051
8043 8052
8044 8053
8045 8054
8046 8055
8047 8056
8048 8057
8049 8058
8051 8060
8052 8061
8053 8062
8054 8063
8055 8064
8056 8065
8057 8066
8058 8067
8059 8068
8061 8070
8062 8071
8063 8072
8064 8073
8065 8074
8066 8075
8067 8076
8068 8077
8069 8078
8071 8080
8072 8081
8073 8082
8074 8083
8075 8084
8076 8085
8077 8086
8078 8087
8079 8088
8081 8090
8082 8091
8083 8092
8084 8093
8085 8094
8086 8095
8087 8096
8088 8097
8089 8098
8101 8110
8102 8111
8103 8112
8104 8113
8105 8114
8106 8115
8107 8116
8108 8117
8109 8118
8111 8120
8112 8121
8113 8122
8114 8123
8115 8124
8116 8125
8117 8126
8118 8127
8119 8128
8121 8130
8122 8131
8123 8132
8124 8133
8125 8134
8126 8135
8127 8136
8128 8137
8129 8138
8131 8140
8132 8141
8133 8142
8134 8143
8135 8144
8136 8145
8137 8146
8138 8147
8139 8148
8141 8150
8142 8151
8143 8152
8144 8153
8145 8154
8146 8155
8147 8156
8148 8157
8149 8158
8151 8160
8152 8161
8153 8162
8154 8163
8155 8164
8156 8165
8157 8166
8158 8167
8159 8168
8161 8170
8162 8171
8163 8172
8164 8173
8165 8174
8166 8175
8167 8176
8168 8177
8169 8178
8171 8180
8172 8181
8173 8182
8174 8183
8175 8184
8176 8185
8177 8186
8178 8187
8179 8188
8181 8190
8182 8191
8183 8192
8184 8193
8185 8194
8186 8195
8187 8196
8188 8197
8189 8198
8191 8200
8192 8201
8193 8202
8194 8203
8195 8204
8196 8205
8197 8206
8198 8207
8199 8208
8201 8210
8202 8211
8203 8212
8204 8213
8205 8214
8206 8215
8207 8216
8208 8217
8209 8218
8211 8220
8212 8221
8213 8222
8214 8223
8215 8224
8216 8225
8217 8226
8218 8227
8219 8228
8221 8230
8222 8231
8223 8232
8224 8233
8225 8234
8226 8235
8227 8236
8228 8237
8229 8238
8231 8240
8232 8241
8233 8242
8234 8243
8235 8244
8236 8245
8237 8246
8238 8247
8239 8248
8241 8250
8242 8251
8243 8252
8244 8253
8245 8254
8246 8255
8247 8256
8248 8257
8249 8258
8251 8260
8252 8261
8253 8262
8254 8263
8255 8264
8256 8265
8257 8266
8258 8267
8259 8268
8261 8270
8262 8271
8263 8272
8264 8273
8265 8274
8266 8275
8267 8276
8268 8277
8269 8278
8271 8280
8272 8281
8273 8282
8274 8283
8275 8284
8276 8285
8277 8286
8278 8287
8279 8288
8281 8290
8282 8291
8283 8292
8284 8293
8285 8294
8286 8295
8287 8296
8288 8297
8289 8298
8291 8300
8292 8301
8293 8302
8294 8303
8295 8304
8296 8305
8297 8306
8298 8307
8299 8308
8301 8310
8302 8311
8303 8312
8304 8313
8305 8314
8306 8315
8307 8316
8308 8317
8309 8318
8311 8320
8312 8321
8313 8322
8314 8323
8315 8324
8316 8325
8317 8326
8318 8327
8319 8328
8321 8330
8322 8331
8323 8332
8324 8333
8325 8334
8326 8335
8327 8336
8328 8337
8329 8338
8331 8340
8332 8341
8333 8342
8334 8343
8335 8344
8336 8345
8337 8346
8338 8347
8339 8348
8341 8350
8342 8351
8343 8352
8344 8353
8345 8354
8346 8355
8347 8356
8348 8357
8349 8358
8351 8360
8352 8361
8353 8362
8354 8363
8355 8364
8356 8365
8357 8366
8358 8367
8359 8368
8361 8370
8362 8371
8363 8372
8364 8373
8365 8374
8366 8375
8367 8376
8368 8377
8369 8378
8371 8380
8372 8381
8373 8382
8374 8383
8375 8384
8376 8385
8377 8386
8378 8387
8379 8388
8381 8390
8382 8391
8383 8392
8384 8393
8385 8394
8386 8395
8387 8396
8388 8397
8389 8398
8401 8410
8402 8411
8403 8412
8404 8413
8405 8414
8406 8415
8407 8416
8408 8417
8409 8418
8411 8420
8412 8421
8413 8422
8414 8423
8415 8424
8416 8425
8417 8426
8418 8427
8419 8428
8421 8430
8422 8431
8423 8432
8424 8433
8425 8434
8426 8435
8427 8436
8428 8437
8429 8438
8431 8440
8432 8441
8433 8442
8434 8443
8435 8444
8436 8445
8437 8446
8438 8447
8439 8448
8441 8450
8442 8451
8443 8452
8444 8453
8445 8454
8446 8455
8447 8456
8448 8457
8449 8458
8451 8460
8452 8461
8453 8462
8454 8463
8455 8464
8456 8465
8457 8466
8458 8467
8459 8468
8461 8470
8462 8471
8463 8472
8464 8473
8465 8474
8466 8475
8467 8476
8468 8477
8469 8478
8471 8480
8472 8481
8473 8482
8474 8483
8475 8484
8476 8485
8477 8486
8478 8487
8479 8488
8481 8490
8482 8491
8483 8492
8484 8493
8485 8494
8486 8495
8487 8496
8488 8497
8489 8498
8491 8500
8492 8501
8493 8502
8494 8503
8495 8504
8496 8505
8497 8506
8498 8507
8499 8508
8501 8510
8502 8511
8503 8512
8504 8513
8505 8514
8506 8515
8507 8516
8508 8517
8509 8518
8511 8520
8512 8521
8513 8522
8514 8523
8515 8524
8516 8525
8517 8526
8518 8527
8519 8528
8521 8530
8522 8531
8523 8532
8524 8533
8525 8534
8526 8535
8527 8536
8528 8537
8529 8538
8531 8540
8532 8541
8533 8542
8534 8543
8535 8544
8536 8545
8537 8546
8538 8547
8539 8548
8541 8550
8542 8551
8543 8552
8544 8553
8545 8554
8546 8555
8547 8556
8548 8557
8549 8558
8551 8560
8552 8561
8553 8562
8554 8563
8555 8564
8556 8565
8557 8566
8558 8567
8559 8568
8561 8570
8562 8571
8563 8572
8564 8573
8565 8574
8566 8575
8567 8576
8568 8577
8569 8578
8571 8580
8572 8581
8573 8582
8574 8583
8575 8584
8576 8585
8577 8586
8578 8587
8579 8588
8581 8590
8582 8591
8583 8592
8584 8593
8585 8594
8586 8595
8587 8596
8588 8597
8589 8598
8591 8600
8592 8601
8593 8602
8594 8603
8595 8604
8596 8605
8597 8606
8598 8607
8599 8608
8601 8610
8602 8611
8603 8612
8604 8613
8605 8614
8606 8615
8607 8616
8608 8617
8609 8618
8611 8620
8612 8621
8613 8622
8614 8623
8615 8624
8616 8625
8617 8626
8618 8627
8619 8628
8621 8630
8622 8631
8623 8632
8624 8633
8625 8634
8626 8635
8627 8636
8628 8637
8629 8638
8631 8640
8632 8641
8633 8642
8634 8643
8635 8644
8636 8645
8637 8646
8638 8647
8639 8648
8641 8650
8642 8651
8643 8652
8644 8653
8645 8654
8646 8655
8647 8656
8648 8657
8649 8658
8651 8660
8652 8661
8653 8662
8654 8663
8655 8664
8656 8665
8657 8666
8658 8667
8659 8668
8661 8670
8662 8671
8663 8672
8664 8673
8665 8674
8666 8675
8667 8676
8668 8677
8669 8678
8671 8680
8672 8681
8673 8682
8674 8683
8675 8684
8676 8685
8677 8686
8678 8687
8679 8688
8681 8690
8682 8691
8683 8692
8684 8693
8685 8694
8686 8695
8687 8696
8688 8697
8689 8698
8701 8710
8702 8711
8703 8712
8704 8713
8705 8714
8706 8715
8707 8716
8708 8717
8709 8718
8711 8720
8712 8721
8713 8722
8714 8723
8715 8724
8716 8725
8717 8726
8718 8727
8719 8728
8721 8730
8722 8731
8723 8732
8724 8733
8725 8734
8726 8735
8727 8736
8728 8737
8729 8738
8731 8740
8732 8741
8733 8742
8734 8743
8735 8744
8736 8745
8737 8746
8738 8747
8739 8748
8741 8750
8742 8751
8743 8752
8744 8753
8745 8754
8746 8755
8747 8756
8748 8757
8749 8758
8751 8760
8752 8761
8753 8762
8754 8763
8755 8764
8756 8765
8757 8766
8758 8767
8759 8768
8761 8770
8762 8771
8763 8772
8764 8773
8765 8774
8766 8775
8767 8776
8768 8777
8769 8778
8771 8780
8772 8781
8773 8782
8774 8783
8775 8784
8776 8785
8777 8786
8778 8787
8779 8788
8781 8790
8782 8791
8783 8792
8784 8793
8785 8794
8786 8795
8787 8796
8788 8797
8789 8798
8791 8800
8792 8801
8793 8802
8794 8803
8795 8804
8796 8805
8797 8806
8798 8807
8799 8808
8801 8810
8802 8811
8803 8812
8804 8813
8805 8814
8806 8815
8807 8816
8808 8817
8809 8818
8811 8820
8812 8821
8813 8822
8814 8823
8815 8824
8816 8825
8817 8826
8818 8827
8819 8828
8821 8830
8822 8831
8823 8832
8824 8833
8825 8834
8826 8835
8827 8836
8828 8837
8829 8838
8831 8840
8832 8841
8833 8842
8834 8843
8835 8844
8836 8845
8837 8846
8838 8847
8839 8848
8841 8850
8842 8851
8843 8852
8844 8853
8845 8854
8846 8855
8847 8856
8848 8857
8849 8858
8851 8860
8852 8861
8853 8862
8854 8863
8855 8864
8856 8865
8857 8866
8858 8867
8859 8868
8861 8870
8862 8871
8863 8872
8864 8873
8865 8874
8866 8875
8867 8876
8868 8877
8869 8878
8871 8880
8872 8881
8873 8882
8874 8883
8875 8884
8876 8885
8877 8886
8878 8887
8879 8888
8881 8890
8882 8891
8883 8892
8884 8893
8885 8894
8886 8895
8887 8896
8888 8897
8889 8898
8891 8900
8892 8901
8893 8902
8894 8903
8895 8904
8896 8905
8897 8906
8898 8907
8899 8908
8901 8910
8902 8911
8903 8912
8904 8913
8905 8914
8906 8915
8907 8916
8908 8917
8909 8918
8911 8920
8912 8921
8913 8922
8914 8923
8915 8924
8916 8925
8917 8926
8918 8927
8919 8928
8921 8930
8922 8931
8923 8932
8924 8933
8925 8934
8926 8935
8927 8936
8928 8937
8929 8938
8931 8940
8932 8941
8933 8942
8934 8943
8935 8944
8936 8945
8937 8946
8938 8947
8939 8948
8941 8950
8942 8951
8943 8952
8944 8953
8945 8954
8946 8955
8947 8956
8948 8957
8949 8958
8951 8960
8952 8961
8953 8962
8954 8963
8955 8964
8956 8965
8957 8966
8958 8967
8959 8968
8961 8970
8962 8971
8963 8972
8964 8973
8965 8974
8966 8975
8967 8976
8968 8977
8969 8978
8971 8980
8972 8981
8973 8982
8974 8983
8975 8984
8976 8985
8977 8986
8978 8987
8979 8988
8981 8990
8982 8991
8983 8992
8984 8993
8985 8994
8986 8995
8987 8996
8988 8997
8989 8998
11 300
12 301
13 302
14 303
15 304
16 305
17 306
18 307
19 308
21 310
22 311
23 312
24 313
25 314
26 315
27 316
28 317
29 318
31 320
32 321
33 322
34 323
35 324
36 325
37 326
38 327
39 328
41 330
42 331
43 332
44 333
45 334
46 335
47 336
48 337
49 338
51 340
52 341
53 342
54 343
55 344
56 345
57 346
58 347
59 348
61 350
62 351
63 352
64 353
65 354
66 355
67 356
68 357
69 358
71 360
72 361
73 362
74 363
75 364
76 365
77 366
78 367
79 368
81 370
82 371
83 372
84 373
85 374
86 375
87 376
88 377
89 378
91 380
92 381
93 382
94 383
95 384
96 385
97 386
98 387
99 388
101 390
102 391
103 392
104 393
105 394
106 395
107 396
108 397
109 398
111 400
112 401
113 402
114 403
115 404
116 405
117 406
118 407
119 408
121 410
122 411
123 412
124 413
125 414
126 415
127 416
128 417
129 418
131 420
132 421
133 422
134 423
135 424
136 425
137 426
138 427
139 428
141 430
142 431
143 432
144 433
145 434
146 435
147 436
148 437
149 438
151 440
152 441
153 442
154 443
155 444
156 445
157 446
158 447
159 448
161 450
162 451
163 452
164 453
165 454
166 455
167 456
168 457
169 458
171 460
172 461
173 462
174 463
175 464
176 465
177 466
178 467
179 468
181 470
182 471
183 472
184 473
185 474
186 475
187 476
188 477
189 478
191 480
192 481
193 482
194 483
195 484
196 485
197 486
198 487
199 488
201 490
202 491
203 492
204 493
205 494
206 495
207 496
208 497
209 498
211 500
212 501
213 502
214 503
215 504
216 505
217 506
218 507
219 508
221 510
222 511
223 512
224 513
225 514
226 515
227 516
228 517
229 518
231 520
232 521
233 522
234 523
235 524
236 525
237 526
238 527
239 528
241 530
242 531
243 532
244 533
245 534
246 535
247 536
248 537
249 538
251 540
252 541
253 542
254 543
255 544
256 545
257 546
258 547
259 548
261 550
262 551
263 552
264 553
265 554
266 555
267 556
268 557
269 558
271 560
272 561
273 562
274 563
275 564
276 565
277 566
278 567
279 568
281 570
282 571
283 572
284 573
285 574
286 575
287 576
288 577
289 578
291 580
292 581
293 582
294 583
295 584
296 585
297 586
298 587
299 588
311 600
312 601
313 602
314 603
315 604
316 605
317 606
318 607
319 608
321 610
322 611
323 612
324 613
325 614
326 615
327 616
328 617
329 618
331 620
332 621
333 622
334 623
335 624
336 625
337 626
338 627
339 628
341 630
342 631
343 632
344 633
345 634
346 635
347 636
348 637
349 638
351 640
352 641
353 642
354 643
355 644
356 645
357 646
358 647
359 648
361 650
362 651
363 652
364 653
365 654
366 655
367 656
368 657
369 658
371 660
372 661
373 662
374 663
375 664
376 665
377 666
378 667
379 668
381 670
382 671
383 672
384 673
385 674
386 675
387 676
388 677
389 678
391 680
392 681
393 682
394 683
395 684
396 685
397 686
398 687
399 688
401 690
402 691
403 692
404 693
405 694
406 695
407 696
408 697
409 698
411 700
412 701
413 702
414 703
415 704
416 705
417 706
418 707
419 708
421 710
422 711
423 712
424 713
425 714
426 715
427 716
428 717
429 718
431 720
432 721
433 722
434 723
435 724
436 725
437 726
438 727
439 728
441 730
442 731
443 732
444 733
445 734
446 735
447 736
448 737
449 738
451 740
452 741
453 742
454 743
455 744
456 745
457 746
458 747
459 748
461 750
462 751
463 752
464 753
465 754
466 755
467 756
468 757
469 758
471 760
472 761
473 762
474 763
475 764
476 765
477 766
478 767
479 768
481 770
482 771
483 772
484 773
485 774
486 775
487 776
488 777
489 778
491 780
492 781
493 782
494 783
495 784
496 785
497 786
498 787
499 788
501 790
502 791
503 792
504 793
505 794
506 795
507 796
508 797
509 798
511 800
512 801
513 802
514 803
515 804
516 805
517 806
518 807
519 808
521 810
522 811
523 812
524 813
525 814
526 815
527 816
528 817
529 818
531 820
532 821
533 822
534 823
535 824
536 825
537 826
538 827
539 828
541 830
542 831
543 832
544 833
545 834
546 835
547 836
548 837
549 838
551 840
552 841
553 842
554 843
555 844
556 845
557 846
558 847
559 848
561 850
562 851
563 852
564 853
565 854
566 855
567 856
568 857
569 858
571 860
572 861
573 862
574 863
575 864
576 865
577 866
578 867
579 868
581 870
582 871
583 872
584 873
585 874
586 875
587 876
588 877
589 878
591 880
592 881
593 882
594 883
595 884
596 885
597 886
598 887
599 888
611 900
612 901
613 902
614 903
615 904
616 905
617 906
618 907
619 908
621 910
622 911
623 912
624 913
625 914
626 915
627 916
628 917
629 918
631 920
632 921
633 922
634 923
635 924
636 925
637 926
638 927
639 928
641 930
642 931
643 932
644 933
645 934
646 935
647 936
648 937
649 938
651 940
652 941
653 942
654 943
655 944
656 945
657 946
658 947
659 948
661 950
662 951
663 952
664 953
665 954
666 955
667 956
668 957
669 958
671 960
672 961
673 962
674 963
675 964
676 965
677 966
678 967
679 968
681 970
682 971
683 972
684 973
685 974
686 975
687 976
688 977
689 978
691 980
692 981
693 982
694 983
695 984
696 985
697 986
698 987
699 988
701 990
702 991
703 992
704 993
705 994
706 995
707 996
708 997
709 998
711 1000
712 1001
713 1002
714 1003
715 1004
716 1005
717 1006
718 1007
719 1008
721 1010
722 1011
723 1012
724 1013
725 1014
726 1015
727 1016
728 1017
729 1018
731 1020
732 1021
733 1022
734 1023
735 1024
736 1025
737 1026
738 1027
739 1028
741 1030
742 1031
743 1032
744 1033
745 1034
746 1035
747 1036
748 1037
749 1038
751 1040
752 1041
753 1042
754 1043
755 1044
756 1045
757 1046
758 1047
759 1048
761 1050
762 1051
763 1052
764 1053
765 1054
766 1055
767 1056
768 1057
769 1058
771 1060
772 1061
773 1062
774 1063
775 1064
776 1065
777 1066
778 1067
779 1068
781 1070
782 1071
783 1072
784 1073
785 1074
786 1075
787 1076
788 1077
789 1078
791 1080
792 1081
793 1082
794 1083
795 1084
796 1085
797 1086
798 1087
799 1088
801 1090
802 1091
803 1092
804 1093
805 1094
806 1095
807 1096
808 1097
809 1098
811 1100
812 1101
813 1102
814 1103
815 1104
816 1105
817 1106
818 1107
819 1108
821 1110
822 1111
823 1112
824 1113
825 1114
826 1115
827 1116
828 1117
829 1118
831 1120
832 1121
833 1122
834 1123
835 1124
836 1125
837 1126
838 1127
839 1128
841 1130
842 1131
843 1132
844 1133
845 1134
846 1135
847 1136
848 1137
849 1138
851 1140
852 1141
853 1142
854 1143
855 1144
856 1145
857 1146
858 1147
859 1148
861 1150
862 1151
863 1152
864 1153
865 1154
866 1155
867 1156
868 1157
869 1158
871 1160
872 1161
873 1162
874 1163
875 1164
876 1165
877 1166
878 1167
879 1168
881 1170
882 1171
883 1172
884 1173
885 1174
886 1175
887 1176
888 1177
889 1178
891 1180
892 1181
893 1182
894 1183
895 1184
896 1185
897 1186
898 1187
899 1188
911 1200
912 1201
913 1202
914 1203
915 1204
916 1205
917 1206
918 1207
919 1208
921 1210
922 1211
923 1212
924 1213
925 1214
926 1215
927 1216
928 1217
929 1218
931 1220
932 1221
933 1222
934 1223
935 1224
936 1225
937 1226
938 1227
939 1228
941 1230
942 1231
943 1232
944 1233
945 1234
946 1235
947 1236
948 1237
949 1238
951 1240
952 1241
953 1242
954 1243
955 1244
956 1245
957 1246
958 1247
959 1248
961 1250
962 1251
963 1252
964 1253
965 1254
966 1255
967 1256
968 1257
969 1258
971 1260
972 1261
973 1262
974 1263
975 1264
976 1265
977 1266
978 1267
979 1268
981 1270
982 1271
983 1272
984 1273
985 1274
986 1275
987 1276
988 1277
989 1278
991 1280
992 1281
993 1282
994 1283
995 1284
996 1285
997 1286
998 1287
999 1288
1001 1290
1002 1291
1003 1292
1004 1293
1005 1294
1006 1295
1007 1296
1008 1297
1009 1298
1011 1300
1012 1301
1013 1302
1014 1303
1015 1304
1016 1305
1017 1306
1018 1307
1019 1308
1021 1310
1022 1311
1023 1312
1024 1313
1025 1314
1026 1315
1027 1316
1028 1317
1029 1318
1031 1320
1032 1321
1033 1322
1034 1323
1035 1324
1036 1325
1037 1326
1038 1327
1039 1328
1041 1330
1042 1331
1043 1332
1044 1333
1045 1334
1046 1335
1047 1336
1048 1337
1049 1338
1051 1340
1052 1341
1053 1342
1054 1343
1055 1344
1056 1345
1057 1346
1058 1347
1059 1348
1061 1350
1062 1351
1063 1352
1064 1353
1065 1354
1066 1355
1067 1356
1068 1357
1069 1358
1071 1360
1072 1361
1073 1362
1074 1363
1075 1364
1076 1365
1077 1366
1078 1367
1079 1368
1081 1370
1082 1371
1083 1372
1084 1373
1085 1374
1086 1375
1087 1376
1088 1377
1089 1378
1091 1380
1092 1381
1093 1382
1094 1383
1095 1384
1096 1385
1097 1386
1098 1387
1099 1388
1101 1390
1102 1391
1103 1392
1104 1393
1105 1394
1106 1395
1107 1396
1108 1397
1109 1398
1111 1400
1112 1401
1113 1402
1114 1403
1115 1404
1116 1405
1117 1406
1118 1407
1119 1408
1121 1410
1122 1411
1123 1412
1124 1413
1125 1414
1126 1415
1127 1416
1128 1417
1129 1418
1131 1420
1132 1421
1133 1422
1134 1423
1135 1424
1136 1425
1137 1426
1138 1427
1139 1428
1141 1430
1142 1431
1143 1432
1144 1433
1145 1434
1146 1435
1147 1436
1148 1437
1149 1438
1151 1440
1152 1441
1153 1442
1154 1443
1155 1444
1156 1445
1157 1446
1158 1447
1159 1448
1161 1450
1162 1451
1163 1452
1164 1453
1165 1454
1166 1455
1167 1456
1168 1457
1169 1458
1171 1460
1172 1461
1173 1462
1174 1463
1175 1464
1176 1465
1177 1466
1178 1467
1179 1468
1181 1470
1182 1471
1183 1472
1184 1473
1185 1474
1186 1475
1187 1476
1188 1477
1189 1478
1191 1480
1192 1481
1193 1482
1194 1483
1195 1484
1196 1485
1197 1486
1198 1487
1199 1488
1211 1500
1212 1501
1213 1502
1214 1503
1215 1504
1216 1505
1217 1506
1218 1507
1219 1508
1221 1510
1222 1511
1223 1512
1224 1513
1225 1514
1226 1515
1227 1516
1228 1517
1229 1518
1231 1520
1232 1521
1233 1522
1234 1523
1235 1524
1236 1525
1237 1526
1238 1527
1239 1528
1241 1530
1242 1531
1243 1532
1244 1533
1245 1534
1246 1535
1247 1536
1248 1537
1249 1538
1251 1540
1252 1541
1253 1542
1254 1543
1255 1544
1256 1545
1257 1546
1258 1547
1259 1548
1261 1550
1262 1551
1263 1552
1264 1553
1265 1554
1266 1555
1267 1556
1268 1557
1269 1558
1271 1560
1272 1561
1273 1562
1274 1563
1275 1564
1276 1565
1277 1566
1278 1567
1279 1568
1281 1570
1282 1571
1283 1572
1284 1573
1285 1574
1286 1575
1287 1576
1288 1577
1289 1578
1291 1580
1292 1581
1293 1582
1294 1583
1295 1584
1296 1585
1297 1586
1298 1587
1299 1588
1301 1590
1302 1591
1303 1592
1304 1593
1305 1594
1306 1595
1307 1596
1308 1597
1309 1598
1311 1600
1312 1601
1313 1602
1314 1603
1315 1604
1316 1605
1317 1606
1318 1607
1319 1608
1321 1610
1322 1611
1323 1612
1324 1613
1325 1614
1326 1615
1327 1616
1328 1617
1329 1618
1331 1620
1332 1621
1333 1622
1334 1623
1335 1624
1336 1625
1337 1626
1338 1627
1339 1628
1341 1630
1342 1631
1343 1632
1344 1633
1345 1634
1346 1635
1347 1636
1348 1637
1349 1638
1351 1640
1352 1641
1353 1642
1354 1643
1355 1644
1356 1645
1357 1646
1358 1647
1359 1648
1361 1650
1362 1651
1363 1652
1364 1653
1365 1654
1366 1655
1367 1656
1368 1657
1369 1658
1371 1660
1372 1661
1373 1662
1374 1663
1375 1664
1376 1665
1377 1666
1378 1667
1379 1668
1381 1670
1382 1671
1383 1672
1384 1673
1385 1674
1386 1675
1387 1676
1388 1677
1389 1678
1391 1680
1392 1681
1393 1682
1394 1683
1395 1684
1396 1685
1397 1686
1398 1687
1399 1688
1401 1690
1402 1691
1403 1692
1404 1693
1405 1694
1406 1695
1407 1696
1408 1697
1409 1698
1411 1700
1412 1701
1413 1702
1414 1703
1415 1704
1416 1705
1417 1706
1418 1707
1419 1708
1421 1710
1422 1711
1423 1712
1424 1713
1425 1714
1426 1715
1427 1716
1428 1717
1429 1718
1431 1720
1432 1721
1433 1722
1434 1723
1435 1724
1436 1725
1437 1726
1438 1727
1439 1728
1441 1730
1442 1731
1443 1732
1444 1733
1445 1734
1446 1735
1447 1736
1448 1737
1449 1738
1451 1740
1452 1741
1453 1742
1454 1743
1455 1744
1456 1745
1457 1746
1458 1747
1459 1748
1461 1750
1462 1751
1463 1752
1464 1753
1465 1754
1466 1755
1467 1756
1468 1757
1469 1758
1471 1760
1472 1761
1473 1762
1474 1763
1475 1764
1476 1765
1477 1766
1478 1767
1479 1768
1481 1770
1482 1771
1483 1772
1484 1773
1485 1774
1486 1775
1487 1776
1488 1777
1489 1778
1491 1780
1492 1781
1493 1782
1494 1783
1495 1784
1496 1785
1497 1786
1498 1787
1499 1788
1511 1800
1512 1801
1513 1802
1514 1803
1515 1804
1516 1805
1517 1806
1518 1807
1519 1808
1521 1810
1522 1811
1523 1812
1524 1813
1525 1814
1526 1815
1527 1816
1528 1817
1529 1818
1531 1820
1532 1821
1533 1822
1534 1823
1535 1824
1536 1825
1537 1826
1538 1827
1539 1828
1541 1830
1542 1831
1543 1832
1544 1833
1545 1834
1546 1835
1547 1836
1548 1837
1549 1838
1551 1840
1552 1841
1553 1842
1554 1843
1555 1844
1556 1845
1557 1846
1558 1847
1559 1848
1561 1850
1562 1851
1563 1852
1564 1853
1565 1854
1566 1855
1567 1856
1568 1857
1569 1858
1571 1860
1572 1861
1573 1862
1574 1863
1575 1864
1576 1865
1577 1866
1578 1867
1579 1868
1581 1870
1582 1871
1583 1872
1584 1873
1585 1874
1586 1875
1587 1876
1588 1877
1589 1878
1591 1880
1592 1881
1593 1882
1594 1883
1595 1884
1596 1885
1597 1886
1598 1887
1599 1888
1601 1890
1602 1891
1603 1892
1604 1893
1605 1894
1606 1895
1607 1896
1608 1897
1609 1898
1611 1900
1612 1901
1613 1902
1614 1903
1615 1904
1616 1905
1617 1906
1618 1907
1619 1908
1621 1910
1622 1911
1623 1912
1624 1913
1625 1914
1626 1915
1627 1916
1628 1917
1629 1918
1631 1920
1632 1921
1633 1922
1634 1923
1635 1924
1636 1925
1637 1926
1638 1927
1639 1928
1641 1930
1642 1931
1643 1932
1644 1933
1645 1934
1646 1935
1647 1936
1648 1937
1649 1938
1651 1940
1652 1941
1653 1942
1654 1943
1655 1944
1656 1945
1657 1946
1658 1947
1659 1948
1661 1950
1662 1951
1663 1952
1664 1953
1665 1954
1666 1955
1667 1956
1668 1957
1669 1958
1671 1960
1672 1961
1673 1962
1674 1963
1675 1964
1676 1965
1677 1966
1678 1967
1679 1968
1681 1970
1682 1971
1683 1972
1684 1973
1685 1974
1686 1975
1687 1976
1688 1977
1689 1978
1691 1980
1692 1981
1693 1982
1694 1983
1695 1984
1696 1985
1697 1986
1698 1987
1699 1988
1701 1990
1702 1991
1703 1992
1704 1993
1705 1994
1706 1995
1707 1996
1708 1997
1709 1998
1711 2000
1712 2001
1713 2002
1714 2003
1715 2004
1716 2005
1717 2006
1718 2007
1719 2008
1721 2010
1722 2011
1723 2012
1724 2013
1725 2014
1726 2015
1727 2016
1728 2017
1729 2018
1731 2020
1732 2021
1733 2022
1734 2023
1735 2024
1736 2025
1737 2026
1738 2027
1739 2028
1741 2030
1742 2031
1743 2032
1744 2033
1745 2034
1746 2035
1747 2036
1748 2037
1749 2038
1751 2040
1752 2041
1753 2042
1754 2043
1755 2044
1756 2045
1757 2046
1758 2047
1759 2048
1761 2050
1762 2051
1763 2052
1764 2053
1765 2054
1766 2055
1767 2056
1768 2057
1769 2058
1771 2060
1772 2061
1773 2062
1774 2063
1775 2064
1776 2065
1777 2066
1778 2067
1779 2068
1781 2070
1782 2071
1783 2072
1784 2073
1785 2074
1786 2075
1787 2076
1788 2077
1789 2078
1791 2080
1792 2081
1793 2082
1794 2083
1795 2084
1796 2085
1797 2086
1798 2087
1799 2088
1811 2100
1812 2101
1813 2102
1814 2103
1815 2104
1816 2105
1817 2106
1818 2107
1819 2108
1821 2110
1822 2111
1823 2112
1824 2113
1825 2114
1826 2115
1827 2116
1828 2117
1829 2118
1831 2120
1832 2121
1833 2122
1834 2123
1835 2124
1836 2125
1837 2126
1838 2127
1839 2128
1841 2130
1842 2131
1843 2132
1844 2133
1845 2134
1846 2135
1847 2136
1848 2137
1849 2138
1851 2140
1852 2141
1853 2142
1854 2143
1855 2144
1856 2145
1857 2146
1858 2147
1859 2148
1861 2150
1862 2151
1863 2152
1864 2153
1865 2154
1866 2155
1867 2156
1868 2157
1869 2158
1871 2160
1872 2161
1873 2162
1874 2163
1875 2164
1876 2165
1877 2166
1878 2167
1879 2168
1881 2170
1882 2171
1883 2172
1884 2173
1885 2174
1886 2175
1887 2176
1888 2177
1889 2178
1891 2180
1892 2181
1893 2182
1894 2183
1895 2184
1896 2185
1897 2186
1898 2187
1899 2188
1901 2190
1902 2191
1903 2192
1904 2193
1905 2194
1906 2195
1907 2196
1908 2197
1909 2198
1911 2200
1912 2201
1913 2202
1914 2203
1915 2204
1916 2205
1917 2206
1918 2207
1919 2208
1921 2210
1922 2211
1923 2212
1924 2213
1925 2214
1926 2215
1927 2216
1928 2217
1929 2218
1931 2220
1932 2221
1933 2222
1934 2223
1935 2224
1936 2225
1937 2226
1938 2227
1939 2228
1941 2230
1942 2231
1943 2232
1944 2233
1945 2234
1946 2235
1947 2236
1948 2237
1949 2238
1951 2240
1952 2241
1953 2242
1954 2243
1955 2244
1956 2245
1957 2246
1958 2247
1959 2248
1961 2250
1962 2251
1963 2252
1964 2253
1965 2254
1966 2255
1967 2256
1968 2257
1969 2258
1971 2260
1972 2261
1973 2262
1974 2263
1975 2264
1976 2265
1977 2266
1978 2267
1979 2268
1981 2270
1982 2271
1983 2272
1984 2273
1985 2274
1986 2275
1987 2276
1988 2277
1989 2278
1991 2280
1992 2281
1993 2282
1994 2283
1995 2284
1996 2285
1997 2286
1998 2287
1999 2288
2001 2290
2002 2291
2003 2292
2004 2293
2005 2294
2006 2295
2007 2296
2008 2297
2009 2298
2011 2300
2012 2301
2013 2302
2014 2303
2015 2304
2016 2305
2017 2306
2018 2307
2019 2308
2021 2310
2022 2311
2023 2312
2024 2313
2025 2314
2026 2315
2027 2316
2028 2317
2029 2318
2031 2320
2032 2321
2033 2322
2034 2323
2035 2324
2036 2325
2037 2326
2038 2327
2039 2328
2041 2330
2042 2331
2043 2332
2044 2333
2045 2334
2046 2335
2047 2336
2048 2337
2049 2338
2051 2340
2052 2341
2053 2342
2054 2343
2055 2344
2056 2345
2057 2346
2058 2347
2059 2348
2061 2350
2062 2351
2063 2352
2064 2353
2065 2354
2066 2355
2067 2356
2068 2357
2069 2358
2071 2360
2072 2361
2073 2362
2074 2363
2075 2364
2076 2365
2077 2366
2078 2367
2079 2368
2081 2370
2082 2371
2083 2372
2084 2373
2085 2374
2086 2375
2087 2376
2088 2377
2089 2378
2091 2380
2092 2381
2093 2382
2094 2383
2095 2384
2096 2385
2097 2386
2098 2387
2099 2388
2111 2400
2112 2401
2113 2402
2114 2403
2115 2404
2116 2405
2117 2406
2118 2407
2119 2408
2121 2410
2122 2411
2123 2412
2124 2413
2125 2414
2126 2415
2127 2416
2128 2417
2129 2418
2131 2420
2132 2421
2133 2422
2134 2423
2135 2424
2136 2425
2137 2426
2138 2427
2139 2428
2141 2430
2142 2431
2143 2432
2144 2433
2145 2434
2146 2435
2147 2436
2148 2437
2149 2438
2151 2440
2152 2441
2153 2442
2154 2443
2155 2444
2156 2445
2157 2446
2158 2447
2159 2448
2161 2450
2162 2451
2163 2452
2164 2453
2165 2454
2166 2455
2167 2456
2168 2457
2169 2458
2171 2460
2172 2461
2173 2462
2174 2463
2175 2464
2176 2465
2177 2466
2178 2467
2179 2468
2181 2470
2182 2471
2183 2472
2184 2473
2185 2474
2186 2475
2187 2476
2188 2477
2189 2478
2191 2480
2192 2481
2193 2482
2194 2483
2195 2484
2196 2485
2197 2486
2198 2487
2199 2488
2201 2490
2202 2491
2203 2492
2204 2493
2205 2494
2206 2495
2207 2496
2208 2497
2209 2498
2211 2500
2212 2501
2213 2502
2214 2503
2215 2504
2216 2505
2217 2506
2218 2507
2219 2508
2221 2510
2222 2511
2223 2512
2224 2513
2225 2514
2226 2515
2227 2516
2228 2517
2229 2518
2231 2520
2232 2521
2233 2522
2234 2523
2235 2524
2236 2525
2237 2526
2238 2527
2239 2528
2241 2530
2242 2531
2243 2532
2244 2533
2245 2534
2246 2535
2247 2536
2248 2537
2249 2538
2251 2540
2252 2541
2253 2542
2254 2543
2255 2544
2256 2545
2257 2546
2258 2547
2259 2548
2261 2550
2262 2551
2263 2552
2264 2553
2265 2554
2266 2555
2267 2556
2268 2557
2269 2558
2271 2560
2272 2561
2273 2562
2274 2563
2275 2564
2276 2565
2277 2566
2278 2567
2279 2568
2281 2570
2282 2571
2283 2572
2284 2573
2285 2574
2286 2575
2287 2576
2288 2577
2289 2578
2291 2580
2292 2581
2293 2582
2294 2583
2295 2584
2296 2585
2297 2586
2298 2587
2299 2588
2301 2590
2302 2591
2303 2592
2304 2593
2305 2594
2306 2595
2307 2596
2308 2597
2309 2598
2311 2600
2312 2601
2313 2602
2314 2603
2315 2604
2316 2605
2317 2606
2318 2607
2319 2608
2321 2610
2322 2611
2323 2612
2324 2613
2325 2614
2326 2615
2327 2616
2328 2617
2329 2618
2331 2620
2332 2621
2333 2622
2334 2623
2335 2624
2336 2625
2337 2626
2338 2627
2339 2628
2341 2630
2342 2631
2343 2632
2344 2633
2345 2634
2346 2635
2347 2636
2348 2637
2349 2638
2351 2640
2352 2641
2353 2642
2354 2643
2355 2644
2356 2645
2357 2646
2358 2647
2359 2648
2361 2650
2362 2651
2363 2652
2364 2653
2365 2654
2366 2655
2367 2656
2368 2657
2369 2658
2371 2660
2372 2661
2373 2662
2374 2663
2375 2664
2376 2665
2377 2666
2378 2667
2379 2668
2381 2670
2382 2671
2383 2672
2384 2673
2385 2674
2386 2675
2387 2676
2388 2677
2389 2678
2391 2680
2392 2681
2393 2682
2394 2683
2395 2684
2396 2685
2397 2686
2398 2687
2399 2688
2411 2700
2412 2701
2413 2702
2414 2703
2415 2704
2416 2705
2417 2706
2418 2707
2419 2708
2421 2710
2422 2711
2423 2712
2424 2713
2425 2714
2426 2715
2427 2716
2428 2717
2429 2718
2431 2720
2432 2721
2433 2722
2434 2723
2435 2724
2436 2725
2437 2726
2438 2727
2439 2728
2441 2730
2442 2731
2443 2732
2444 2733
2445 2734
2446 2735
2447 2736
2448 2737
2449 2738
2451 2740
2452 2741
2453 2742
2454 2743
2455 2744
2456 2745
2457 2746
2458 2747
2459 2748
2461 2750
2462 2751
2463 2752
2464 2753
2465 2754
2466 2755
2467 2756
2468 2757
2469 2758
2471 2760
2472 2761
2473 2762
2474 2763
2475 2764
2476 2765
2477 2766
2478 2767
2479 2768
2481 2770
2482 2771
2483 2772
2484 2773
2485 2774
2486 2775
2487 2776
2488 2777
2489 2778
2491 2780
2492 2781
2493 2782
2494 2783
2495 2784
2496 2785
2497 2786
2498 2787
2499 2788
2501 2790
2502 2791
2503 2792
2504 2793
2505 2794
2506 2795
2507 2796
2508 2797
2509 2798
2511 2800
2512 2801
2513 2802
2514 2803
2515 2804
2516 2805
2517 2806
2518 2807
2519 2808
2521 2810
2522 2811
2523 2812
2524 2813
2525 2814
2526 2815
2527 2816
2528 2817
2529 2818
2531 2820
2532 2821
2533 2822
2534 2823
2535 2824
2536 2825
2537 2826
2538 2827
2539 2828
2541 2830
2542 2831
2543 2832
2544 2833
2545 2834
2546 2835
2547 2836
2548 2837
2549 2838
2551 2840
2552 2841
2553 2842
2554 2843
2555 2844
2556 2845
2557 2846
2558 2847
2559 2848
2561 2850
2562 2851
2563 2852
2564 2853
2565 2854
2566 2855
2567 2856
2568 2857
2569 2858
2571 2860
2572 2861
2573 2862
2574 2863
2575 2864
2576 2865
2577 2866
2578 2867
2579 2868
2581 2870
2582 2871
2583 2872
2584 2873
2585 2874
2586 2875
2587 2876
2588 2877
2589 2878
2591 2880
2592 2881
2593 2882
2594 2883
2595 2884
2596 2885
2597 2886
2598 2887
2599 2888
2601 2890
2602 2891
2603 2892
2604 2893
2605 2894
2606 2895
2607 2896
2608 2897
2609 2898
2611 2900
2612 2901
2613 2902
2614 2903
2615 2904
2616 2905
2617 2906
2618 2907
2619 2908
2621 2910
2622 2911
2623 2912
2624 2913
2625 2914
2626 2915
2627 2916
2628 2917
2629 2918
2631 2920
2632 2921
2633 2922
2634 2923
2635 2924
2636 2925
2637 2926
2638 2927
2639 2928
2641 2930
2642 2931
2643 2932
2644 2933
2645 2934
2646 2935
2647 2936
2648 2937
2649 2938
2651 2940
2652 2941
2653 2942
2654 2943
2655 2944
2656 2945
2657 2946
2658 2947
2659 2948
2661 2950
2662 2951
2663 2952
2664 2953
2665 2954
2666 2955
2667 2956
2668 2957
2669 2958
2671 2960
2672 2961
2673 2962
2674 2963
2675 2964
2676 2965
2677 2966
2678 2967
2679 2968
2681 2970
2682 2971
2683 2972
2684 2973
2685 2974
2686 2975
2687 2976
2688 2977
2689 2978
2691 2980
2692 2981
2693 2982
2694 2983
2695 2984
2696 2985
2697 2986
2698 2987
2699 2988
2711 3000
2712 3001
2713 3002
2714 3003
2715 3004
2716 3005
2717 3006
2718 3007
2719 3008
2721 3010
2722 3011
2723 3012
2724 3013
2725 3014
2726 3015
2727 3016
2728 3017
2729 3018
2731 3020
2732 3021
2733 3022
2734 3023
2735 3024
2736 3025
2737 3026
2738 3027
2739 3028
2741 3030
2742 3031
2743 3032
2744 3033
2745 3034
2746 3035
2747 3036
2748 3037
2749 3038
2751 3040
2752 3041
2753 3042
2754 3043
2755 3044
2756 3045
2757 3046
2758 3047
2759 3048
2761 3050
2762 3051
2763 3052
2764 3053
2765 3054
2766 3055
2767 3056
2768 3057
2769 3058
2771 3060
2772 3061
2773 3062
2774 3063
2775 3064
2776 3065
2777 3066
2778 3067
2779 3068
2781 3070
2782 3071
2783 3072
2784 3073
2785 3074
2786 3075
2787 3076
2788 3077
2789 3078
2791 3080
2792 3081
2793 3082
2794 3083
2795 3084
2796 3085
2797 3086
2798 3087
2799 3088
2801 3090
2802 3091
2803 3092
2804 3093
2805 3094
2806 3095
2807 3096
2808 3097
2809 3098
2811 3100
2812 3101
2813 3102
2814 3103
2815 3104
2816 3105
2817 3106
2818 3107
2819 3108
2821 3110
2822 3111
2823 3112
2824 3113
2825 3114
2826 3115
2827 3116
2828 3117
2829 3118
2831 3120
2832 3121
2833 3122
2834 3123
2835 3124
2836 3125
2837 3126
2838 3127
2839 3128
2841 3130
2842 3131
2843 3132
2844 3133
2845 3134
2846 3135
2847 3136
2848 3137
2849 3138
2851 3140
2852 3141
2853 3142
2854 3143
2855 3144
2856 3145
2857 3146
2858 3147
2859 3148
2861 3150
2862 3151
2863 3152
2864 3153
2865 3154
2866 3155
2867 3156
2868 3157
2869 3158
2871 3160
2872 3161
2873 3162
2874 3163
2875 3164
2876 3165
2877 3166
2878 3167
2879 3168
2881 3170
2882 3171
2883 3172
2884 3173
2885 3174
2886 3175
2887 3176
2888 3177
2889 3178
2891 3180
2892 3181
2893 3182
2894 3183
2895 3184
2896 3185
2897 3186
2898 3187
2899 3188
2901 3190
2902 3191
2903 3192
2904 3193
2905 3194
2906 3195
2907 3196
2908 3197
2909 3198
2911 3200
2912 3201
2913 3202
2914 3203
2915 3204
2916 3205
2917 3206
2918 3207
2919 3208
2921 3210
2922 3211
2923 3212
2924 3213
2925 3214
2926 3215
2927 3216
2928 3217
2929 3218
2931 3220
2932 3221
2933 3222
2934 3223
2935 3224
2936 3225
2937 3226
2938 3227
2939 3228
2941 3230
2942 3231
2943 3232
2944 3233
2945 3234
2946 3235
2947 3236
2948 3237
2949 3238
2951 3240
2952 3241
2953 3242
2954 3243
2955 3244
2956 3245
2957 3246
2958 3247
2959 3248
2961 3250
2962 3251
2963 3252
2964 3253
2965 3254
2966 3255
2967 3256
2968 3257
2969 3258
2971 3260
2972 3261
2973 3262
2974 3263
2975 3264
2976 3265
2977 3266
2978 3267
2979 3268
2981 3270
2982 3271
2983 3272
2984 3273
2985 3274
2986 3275
2987 3276
2988 3277
2989 3278
2991 3280
2992 3281
2993 3282
2994 3283
2995 3284
2996 3285
2997 3286
2998 3287
2999 3288
3011 3300
3012 3301
3013 3302
3014 3303
3015 3304
3016 3305
3017 3306
3018 3307
3019 3308
3021 3310
3022 3311
3023 3312
3024 3313
3025 3314
3026 3315
3027 3316
3028 3317
3029 3318
3031 3320
3032 3321
3033 3322
3034 3323
3035 3324
3036 3325
3037 3326
3038 3327
3039 3328
3041 3330
3042 3331
3043 3332
3044 3333
3045 3334
3046 3335
3047 3336
3048 3337
3049 3338
3051 3340
3052 3341
3053 3342
3054 3343
3055 3344
3056 3345
3057 3346
3058 3347
3059 3348
3061 3350
3062 3351
3063 3352
3064 3353
3065 3354
3066 3355
3067 3356
3068 3357
3069 3358
3071 3360
3072 3361
3073 3362
3074 3363
3075 3364
3076 3365
3077 3366
3078 3367
3079 3368
3081 3370
3082 3371
3083 3372
3084 3373
3085 3374
3086 3375
3087 3376
3088 3377
3089 3378
3091 3380
3092 3381
3093 3382
3094 3383
3095 3384
3096 3385
3097 3386
3098 3387
3099 3388
3101 3390
3102 3391
3103 3392
3104 3393
3105 3394
3106 3395
3107 3396
3108 3397
3109 3398
3111 3400
3112 3401
3113 3402
3114 3403
3115 3404
3116 3405
3117 3406
3118 3407
3119 3408
3121 3410
3122 3411
3123 3412
3124 3413
3125 3414
3126 3415
3127 3416
3128 3417
3129 3418
3131 3420
3132 3421
3133 3422
3134 3423
3135 3424
3136 3425
3137 3426
3138 3427
3139 3428
3141 3430
3142 3431
3143 3432
3144 3433
3145 3434
3146 3435
3147 3436
3148 3437
3149 3438
3151 3440
3152 3441
3153 3442
3154 3443
3155 3444
3156 3445
3157 3446
3158 3447
3159 3448
3161 3450
3162 3451
3163 3452
3164 3453
3165 3454
3166 3455
3167 3456
3168 3457
3169 3458
3171 3460
3172 3461
3173 3462
3174 3463
3175 3464
3176 3465
3177 3466
3178 3467
3179 3468
3181 3470
3182 3471
3183 3472
3184 3473
3185 3474
3186 3475
3187 3476
3188 3477
3189 3478
3191 3480
3192 3481
3193 3482
3194 3483
3195 3484
3196 3485
3197 3486
3198 3487
3199 3488
3201 3490
3202 3491
3203 3492
3204 3493
3205 3494
3206 3495
3207 3496
3208 3497
3209 3498
3211 3500
3212 3501
3213 3502
3214 3503
3215 3504
3216 3505
3217 3506
3218 3507
3219 3508
3221 3510
3222 3511
3223 3512
3224 3513
3225 3514
3226 3515
3227 3516
3228 3517
3229 3518
3231 3520
3232 3521
3233 3522
3234 3523
3235 3524
3236 3525
3237 3526
3238 3527
3239 3528
3241 3530
3242 3531
3243 3532
3244 3533
3245 3534
3246 3535
3247 3536
3248 3537
3249 3538
3251 3540
3252 3541
3253 3542
3254 3543
3255 3544
3256 3545
3257 3546
3258 3547
3259 3548
3261 3550
3262 3551
3263 3552
3264 3553
3265 3554
3266 3555
3267 3556
3268 3557
3269 3558
3271 3560
3272 3561
3273 3562
3274 3563
3275 3564
3276 3565
3277 3566
3278 3567
3279 3568
3281 3570
3282 3571
3283 3572
3284 3573
3285 3574
3286 3575
3287 3576
3288 3577
3289 3578
3291 3580
3292 3581
3293 3582
3294 3583
3295 3584
3296 3585
3297 3586
3298 3587
3299 3588
3311 3600
3312 3601
3313 3602
3314 3603
3315 3604
3316 3605
3317 3606
3318 3607
3319 3608
3321 3610
3322 3611
3323 3612
3324 3613
3325 3614
3326 3615
3327 3616
3328 3617
3329 3618
3331 3620
3332 3621
3333 3622
3334 3623
3335 3624
3336 3625
3337 3626
3338 3627
3339 3628
3341 3630
3342 3631
3343 3632
3344 3633
3345 3634
3346 3635
3347 3636
3348 3637
3349 3638
3351 3640
3352 3641
3353 3642
3354 3643
3355 3644
3356 3645
3357 3646
3358 3647
3359 3648
3361 3650
3362 3651
3363 3652
3364 3653
3365 3654
3366 3655
3367 3656
3368 3657
3369 3658
3371 3660
3372 3661
3373 3662
3374 3663
3375 3664
3376 3665
3377 3666
3378 3667
3379 3668
3381 3670
3382 3671
3383 3672
3384 3673
3385 3674
3386 3675
3387 3676
3388 3677
3389 3678
3391 3680
3392 3681
3393 3682
3394 3683
3395 3684
3396 3685
3397 3686
3398 3687
3399 3688
3401 3690
3402 3691
3403 3692
3404 3693
3405 3694
3406 3695
3407 3696
3408 3697
3409 3698
3411 3700
3412 3701
3413 3702
3414 3703
3415 3704
3416 3705
3417 3706
3418 3707
3419 3708
3421 3710
3422 3711
3423 3712
3424 3713
3425 3714
3426 3715
3427 3716
3428 3717
3429 3718
3431 3720
3432 3721
3433 3722
3434 3723
3435 3724
3436 3725
3437 3726
3438 3727
3439 3728
3441 3730
3442 3731
3443 3732
3444 3733
3445 3734
3446 3735
3447 3736
3448 3737
3449 3738
3451 3740
3452 3741
3453 3742
3454 3743
3455 3744
3456 3745
3457 3746
3458 3747
3459 3748
3461 3750
3462 3751
3463 3752
3464 3753
3465 3754
3466 3755
3467 3756
3468 3757
3469 3758
3471 3760
3472 3761
3473 3762
3474 3763
3475 3764
3476 3765
3477 3766
3478 3767
3479 3768
3481 3770
3482 3771
3483 3772
3484 3773
3485 3774
3486 3775
3487 3776
3488 3777
3489 3778
3491 3780
3492 3781
3493 3782
3494 3783
3495 3784
3496 3785
3497 3786
3498 3787
3499 3788
3501 3790
3502 3791
3503 3792
3504 3793
3505 3794
3506 3795
3507 3796
3508 3797
3509 3798
3511 3800
3512 3801
3513 3802
3514 3803
3515 3804
3516 3805
3517 3806
3518 3807
3519 3808
3521 3810
3522 3811
3523 3812
3524 3813
3525 3814
3526 3815
3527 3816
3528 3817
3529 3818
3531 3820
3532 3821
3533 3822
3534 3823
3535 3824
3536 3825
3537 3826
3538 3827
3539 3828
3541 3830
3542 3831
3543 3832
3544 3833
3545 3834
3546 3835
3547 3836
3548 3837
3549 3838
3551 3840
3552 3841
3553 3842
3554 3843
3555 3844
3556 3845
3557 3846
3558 3847
3559 3848
3561 3850
3562 3851
3563 3852
3564 3853
3565 3854
3566 3855
3567 3856
3568 3857
3569 3858
3571 3860
3572 3861
3573 3862
3574 3863
3575 3864
3576 3865
3577 3866
3578 3867
3579 3868
3581 3870
3582 3871
3583 3872
3584 3873
3585 3874
3586 3875
3587 3876
3588 3877
3589 3878
3591 3880
3592 3881
3593 3882
3594 3883
3595 3884
3596 3885
3597 3886
3598 3887
3599 3888
3611 3900
3612 3901
3613 3902
3614 3903
3615 3904
3616 3905
3617 3906
3618 3907
3619 3908
3621 3910
3622 3911
3623 3912
3624 3913
3625 3914
3626 3915
3627 3916
3628 3917
3629 3918
3631 3920
3632 3921
3633 3922
3634 3923
3635 3924
3636 3925
3637 3926
3638 3927
3639 3928
3641 3930
3642 3931
3643 3932
3644 3933
3645 3934
3646 3935
3647 3936
3648 3937
3649 3938
3651 3940
3652 3941
3653 3942
3654 3943
3655 3944
3656 3945
3657 3946
3658 3947
3659 3948
3661 3950
3662 3951
3663 3952
3664 3953
3665 3954
3666 3955
3667 3956
3668 3957
3669 3958
3671 3960
3672 3961
3673 3962
3674 3963
3675 3964
3676 3965
3677 3966
3678 3967
3679 3968
3681 3970
3682 3971
3683 3972
3684 3973
3685 3974
3686 3975
3687 3976
3688 3977
3689 3978
3691 3980
3692 3981
3693 3982
3694 3983
3695 3984
3696 3985
3697 3986
3698 3987
3699 3988
3701 3990
3702 3991
3703 3992
3704 3993
3705 3994
3706 3995
3707 3996
3708 3997
3709 3998
3711 4000
3712 4001
3713 4002
3714 4003
3715 4004
3716 4005
3717 4006
3718 4007
3719 4008
3721 4010
3722 4011
3723 4012
3724 4013
3725 4014
3726 4015
3727 4016
3728 4017
3729 4018
3731 4020
3732 4021
3733 4022
3734 4023
3735 4024
3736 4025
3737 4026
3738 4027
3739 4028
3741 4030
3742 4031
3743 4032
3744 4033
3745 4034
3746 4035
3747 4036
3748 4037
3749 4038
3751 4040
3752 4041
3753 4042
3754 4043
3755 4044
3756 4045
3757 4046
3758 4047
3759 4048
3761 4050
3762 4051
3763 4052
3764 4053
3765 4054
3766 4055
3767 4056
3768 4057
3769 4058
3771 4060
3772 4061
3773 4062
3774 4063
3775 4064
3776 4065
3777 4066
3778 4067
3779 4068
3781 4070
3782 4071
3783 4072
3784 4073
3785 4074
3786 4075
3787 4076
3788 4077
3789 4078
3791 4080
3792 4081
3793 4082
3794 4083
3795 4084
3796 4085
3797 4086
3798 4087
3799 4088
3801 4090
3802 4091
3803 4092
3804 4093
3805 4094
3806 4095
3807 4096
3808 4097
3809 4098
3811 4100
3812 4101
3813 4102
3814 4103
3815 4104
3816 4105
3817 4106
3818 4107
3819 4108
3821 4110
3822 4111
3823 4112
3824 4113
3825 4114
3826 4115
3827 4116
3828 4117
3829 4118
3831 4120
3832 4121
3833 4122
3834 4123
3835 4124
3836 4125
3837 4126
3838 4127
3839 4128
3841 4130
3842 4131
3843 4132
3844 4133
3845 4134
3846 4135
3847 4136
3848 4137
3849 4138
3851 4140
3852 4141
3853 4142
3854 4143
3855 4144
3856 4145
3857 4146
3858 4147
3859 4148
3861 4150
3862 4151
3863 4152
3864 4153
3865 4154
3866 4155
3867 4156
3868 4157
3869 4158
3871 4160
3872 4161
3873 4162
3874 4163
3875 4164
3876 4165
3877 4166
3878 4167
3879 4168
3881 4170
3882 4171
3883 4172
3884 4173
3885 4174
3886 4175
3887 4176
3888 4177
3889 4178
3891 4180
3892 4181
3893 4182
3894 4183
3895 4184
3896 4185
3897 4186
3898 4187
3899 4188
3911 4200
3912 4201
3913 4202
3914 4203
3915 4204
3916 4205
3917 4206
3918 4207
3919 4208
3921 4210
3922 4211
3923 4212
3924 4213
3925 4214
3926 4215
3927 4216
3928 4217
3929 4218
3931 4220
3932 4221
3933 4222
3934 4223
3935 4224
3936 4225
3937 4226
3938 4227
3939 4228
3941 4230
3942 4231
3943 4232
3944 4233
3945 4234
3946 4235
3947 4236
3948 4237
3949 4238
3951 4240
3952 4241
3953 4242
3954 4243
3955 4244
3956 4245
3957 4246
3958 4247
3959 4248
3961 4250
3962 4251
3963 4252
3964 4253
3965 4254
3966 4255
3967 4256
3968 4257
3969 4258
3971 4260
3972 4261
3973 4262
3974 4263
3975 4264
3976 4265
3977 4266
3978 4267
3979 4268
3981 4270
3982 4271
3983 4272
3984 4273
3985 4274
3986 4275
3987 4276
3988 4277
3989 4278
3991 4280
3992 4281
3993 4282
3994 4283
3995 4284
3996 4285
3997 4286
3998 4287
3999 4288
4001 4290
4002 4291
4003 4292
4004 4293
4005 4294
4006 4295
4007 4296
4008 4297
4009 4298
4011 4300
4012 4301
4013 4302
4014 4303
4015 4304
4016 4305
4017 4306
4018 4307
4019 4308
4021 4310
4022 4311
4023 4312
4024 4313
4025 4314
4026 4315
4027 4316
4028 4317
4029 4318
4031 4320
4032 4321
4033 4322
4034 4323
4035 4324
4036 4325
4037 4326
4038 4327
4039 4328
4041 4330
4042 4331
4043 4332
4044 4333
4045 4334
4046 4335
4047 4336
4048 4337
4049 4338
4051 4340
4052 4341
4053 4342
4054 4343
4055 4344
4056 4345
4057 4346
4058 4347
4059 4348
4061 4350
4062 4351
4063 4352
4064 4353
4065 4354
4066 4355
4067 4356
4068 4357
4069 4358
4071 4360
4072 4361
4073 4362
4074 4363
4075 4364
4076 4365
4077 4366
4078 4367
4079 4368
4081 4370
4082 4371
4083 4372
4084 4373
4085 4374
4086 4375
4087 4376
4088 4377
4089 4378
4091 4380
4092 4381
4093 4382
4094 4383
4095 4384
4096 4385
4097 4386
4098 4387
4099 4388
4101 4390
4102 4391
4103 4392
4104 4393
4105 4394
4106 4395
4107 4396
4108 4397
4109 4398
4111 4400
4112 4401
4113 4402
4114 4403
4115 4404
4116 4405
4117 4406
4118 4407
4119 4408
4121 4410
4122 4411
4123 4412
4124 4413
4125 4414
4126 4415
4127 4416
4128 4417
4129 4418
4131 4420
4132 4421
4133 4422
4134 4423
4135 4424
4136 4425
4137 4426
4138 4427
4139 4428
4141 4430
4142 4431
4143 4432
4144 4433
4145 4434
4146 4435
4147 4436
4148 4437
4149 4438
4151 4440
4152 4441
4153 4442
4154 4443
4155 4444
4156 4445
4157 4446
4158 4447
4159 4448
4161 4450
4162 4451
4163 4452
4164 4453
4165 4454
4166 4455
4167 4456
4168 4457
4169 4458
4171 4460
4172 4461
4173 4462
4174 4463
4175 4464
4176 4465
4177 4466
4178 4467
4179 4468
4181 4470
4182 4471
4183 4472
4184 4473
4185 4474
4186 4475
4187 4476
4188 4477
4189 4478
4191 4480
4192 4481
4193 4482
4194 4483
4195 4484
4196 4485
4197 4486
4198 4487
4199 4488
4211 4500
4212 4501
4213 4502
4214 4503
4215 4504
4216 4505
4217 4506
4218 4507
4219 4508
4221 4510
4222 4511
4223 4512
4224 4513
4225 4514
4226 4515
4227 4516
4228 4517
4229 4518
4231 4520
4232 4521
4233 4522
4234 4523
4235 4524
4236 4525
4237 4526
4238 4527
4239 4528
4241 4530
4242 4531
4243 4532
4244 4533
4245 4534
4246 4535
4247 4536
4248 4537
4249 4538
4251 4540
4252 4541
4253 4542
4254 4543
4255 4544
4256 4545
4257 4546
4258 4547
4259 4548
4261 4550
4262 4551
4263 4552
4264 4553
4265 4554
4266 4555
4267 4556
4268 4557
4269 4558
4271 4560
4272 4561
4273 4562
4274 4563
4275 4564
4276 4565
4277 4566
4278 4567
4279 4568
4281 4570
4282 4571
4283 4572
4284 4573
4285 4574
4286 4575
4287 4576
4288 4577
4289 4578
4291 4580
4292 4581
4293 4582
4294 4583
4295 4584
4296 4585
4297 4586
4298 4587
4299 4588
4301 4590
4302 4591
4303 4592
4304 4593
4305 4594
4306 4595
4307 4596
4308 4597
4309 4598
4311 4600
4312 4601
4313 4602
4314 4603
4315 4604
4316 4605
4317 4606
4318 4607
4319 4608
4321 4610
4322 4611
4323 4612
4324 4613
4325 4614
4326 4615
4327 4616
4328 4617
4329 4618
4331 4620
4332 4621
4333 4622
4334 4623
4335 4624
4336 4625
4337 4626
4338 4627
4339 4628
4341 4630
4342 4631
4343 4632
4344 4633
4345 4634
4346 4635
4347 4636
4348 4637
4349 4638
4351 4640
4352 4641
4353 4642
4354 4643
4355 4644
4356 4645
4357 4646
4358 4647
4359 4648
4361 4650
4362 4651
4363 4652
4364 4653
4365 4654
4366 4655
4367 4656
4368 4657
4369 4658
4371 4660
4372 4661
4373 4662
4374 4663
4375 4664
4376 4665
4377 4666
4378 4667
4379 4668
4381 4670
4382 4671
4383 4672
4384 4673
4385 4674
4386 4675
4387 4676
4388 4677
4389 4678
4391 4680
4392 4681
4393 4682
4394 4683
4395 4684
4396 4685
4397 4686
4398 4687
4399 4688
4401 4690
4402 4691
4403 4692
4404 4693
4405 4694
4406 4695
4407 4696
4408 4697
4409 4698
4411 4700
4412 4701
4413 4702
4414 4703
4415 4704
4416 4705
4417 4706
4418 4707
4419 4708
4421 4710
4422 4711
4423 4712
4424 4713
4425 4714
4426 4715
4427 4716
4428 4717
4429 4718
4431 4720
4432 4721
4433 4722
4434 4723
4435 4724
4436 4725
4437 4726
4438 4727
4439 4728
4441 4730
4442 4731
4443 4732
4444 4733
4445 4734
4446 4735
4447 4736
4448 4737
4449 4738
4451 4740
4452 4741
4453 4742
4454 4743
4455 4744
4456 4745
4457 4746
4458 4747
4459 4748
4461 4750
4462 4751
4463 4752
4464 4753
4465 4754
4466 4755
4467 4756
4468 4757
4469 4758
4471 4760
4472 4761
4473 4762
4474 4763
4475 4764
4476 4765
4477 4766
4478 4767
4479 4768
4481 4770
4482 4771
4483 4772
4484 4773
4485 4774
4486 4775
4487 4776
4488 4777
4489 4778
4491 4780
4492 4781
4493 4782
4494 4783
4495 4784
4496 4785
4497 4786
4498 4787
4499 4788
4511 4800
4512 4801
4513 4802
4514 4803
4515 4804
4516 4805
4517 4806
4518 4807
4519 4808
4521 4810
4522 4811
4523 4812
4524 4813
4525 4814
4526 4815
4527 4816
4528 4817
4529 4818
4531 4820
4532 4821
4533 4822
4534 4823
4535 4824
4536 4825
4537 4826
4538 4827
4539 4828
4541 4830
4542 4831
4543 4832
4544 4833
4545 4834
4546 4835
4547 4836
4548 4837
4549 4838
4551 4840
4552 4841
4553 4842
4554 4843
4555 4844
4556 4845
4557 4846
4558 4847
4559 4848
4561 4850
4562 4851
4563 4852
4564 4853
4565 4854
4566 4855
4567 4856
4568 4857
4569 4858
4571 4860
4572 4861
4573 4862
4574 4863
4575 4864
4576 4865
4577 4866
4578 4867
4579 4868
4581 4870
4582 4871
4583 4872
4584 4873
4585 4874
4586 4875
4587 4876
4588 4877
4589 4878
4591 4880
4592 4881
4593 4882
4594 4883
4595 4884
4596 4885
4597 4886
4598 4887
4599 4888
4601 4890
4602 4891
4603 4892
4604 4893
4605 4894
4606 4895
4607 4896
4608 4897
4609 4898
4611 4900
4612 4901
4613 4902
4614 4903
4615 4904
4616 4905
4617 4906
4618 4907
4619 4908
4621 4910
4622 4911
4623 4912
4624 4913
4625 4914
4626 4915
4627 4916
4628 4917
4629 4918
4631 4920
4632 4921
4633 4922
4634 4923
4635 4924
4636 4925
4637 4926
4638 4927
4639 4928
4641 4930
4642 4931
4643 4932
4644 4933
4645 4934
4646 4935
4647 4936
4648 4937
4649 4938
4651 4940
4652 4941
4653 4942
4654 4943
4655 4944
4656 4945
4657 4946
4658 4947
4659 4948
4661 4950
4662 4951
4663 4952
4664 4953
4665 4954
4666 4955
4667 4956
4668 4957
4669 4958
4671 4960
4672 4961
4673 4962
4674 4963
4675 4964
4676 4965
4677 4966
4678 4967
4679 4968
4681 4970
4682 4971
4683 4972
4684 4973
4685 4974
4686 4975
4687 4976
4688 4977
4689 4978
4691 4980
4692 4981
4693 4982
4694 4983
4695 4984
4696 4985
4697 4986
4698 4987
4699 4988
4701 4990
4702 4991
4703 4992
4704 4993
4705 4994
4706 4995
4707 4996
4708 4997
4709 4998
4711 5000
4712 5001
4713 5002
4714 5003
4715 5004
4716 5005
4717 5006
4718 5007
4719 5008
4721 5010
4722 5011
4723 5012
4724 5013
4725 5014
4726 5015
4727 5016
4728 5017
4729 5018
4731 5020
4732 5021
4733 5022
4734 5023
4735 5024
4736 5025
4737 5026
4738 5027
4739 5028
4741 5030
4742 5031
4743 5032
4744 5033
4745 5034
4746 5035
4747 5036
4748 5037
4749 5038
4751 5040
4752 5041
4753 5042
4754 5043
4755 5044
4756 5045
4757 5046
4758 5047
4759 5048
4761 5050
4762 5051
4763 5052
4764 5053
4765 5054
4766 5055
4767 5056
4768 5057
4769 5058
4771 5060
4772 5061
4773 5062
4774 5063
4775 5064
4776 5065
4777 5066
4778 5067
4779 5068
4781 5070
4782 5071
4783 5072
4784 5073
4785 5074
4786 5075
4787 5076
4788 5077
4789 5078
4791 5080
4792 5081
4793 5082
4794 5083
4795 5084
4796 5085
4797 5086
4798 5087
4799 5088
4811 5100
4812 5101
4813 5102
4814 5103
4815 5104
4816 5105
4817 5106
4818 5107
4819 5108
4821 5110
4822 5111
4823 5112
4824 5113
4825 5114
4826 5115
4827 5116
4828 5117
4829 5118
4831 5120
4832 5121
4833 5122
4834 5123
4835 5124
4836 5125
4837 5126
4838 5127
4839 5128
4841 5130
4842 5131
4843 5132
4844 5133
4845 5134
4846 5135
4847 5136
4848 5137
4849 5138
4851 5140
4852 5141
4853 5142
4854 5143
4855 5144
4856 5145
4857 5146
4858 5147
4859 5148
4861 5150
4862 5151
4863 5152
4864 5153
4865 5154
4866 5155
4867 5156
4868 5157
4869 5158
4871 5160
4872 5161
4873 5162
4874 5163
4875 5164
4876 5165
4877 5166
4878 5167
4879 5168
4881 5170
4882 5171
4883 5172
4884 5173
4885 5174
4886 5175
4887 5176
4888 5177
4889 5178
4891 5180
4892 5181
4893 5182
4894 5183
4895 5184
4896 5185
4897 5186
4898 5187
4899 5188
4901 5190
4902 5191
4903 5192
4904 5193
4905 5194
4906 5195
4907 5196
4908 5197
4909 5198
4911 5200
4912 5201
4913 5202
4914 5203
4915 5204
4916 5205
4917 5206
4918 5207
4919 5208
4921 5210
4922 5211
4923 5212
4924 5213
4925 5214
4926 5215
4927 5216
4928 5217
4929 5218
4931 5220
4932 5221
4933 5222
4934 5223
4935 5224
4936 5225
4937 5226
4938 5227
4939 5228
4941 5230
4942 5231
4943 5232
4944 5233
4945 5234
4946 5235
4947 5236
4948 5237
4949 5238
4951 5240
4952 5241
4953 5242
4954 5243
4955 5244
4956 5245
4957 5246
4958 5247
4959 5248
4961 5250
4962 5251
4963 5252
4964 5253
4965 5254
4966 5255
4967 5256
4968 5257
4969 5258
4971 5260
4972 5261
4973 5262
4974 5263
4975 5264
4976 5265
4977 5266
4978 5267
4979 5268
4981 5270
4982 5271
4983 5272
4984 5273
4985 5274
4986 5275
4987 5276
4988 5277
4989 5278
4991 5280
4992 5281
4993 5282
4994 5283
4995 5284
4996 5285
4997 5286
4998 5287
4999 5288
5001 5290
5002 5291
5003 5292
5004 5293
5005 5294
5006 5295
5007 5296
5008 5297
5009 5298
5011 5300
5012 5301
5013 5302
5014 5303
5015 5304
5016 5305
5017 5306
5018 5307
5019 5308
5021 5310
5022 5311
5023 5312
5024 5313
5025 5314
5026 5315
5027 5316
5028 5317
5029 5318
5031 5320
5032 5321
5033 5322
5034 5323
5035 5324
5036 5325
5037 5326
5038 5327
5039 5328
5041 5330
5042 5331
5043 5332
5044 5333
5045 5334
5046 5335
5047 5336
5048 5337
5049 5338
5051 5340
5052 5341
5053 5342
5054 5343
5055 5344
5056 5345
5057 5346
5058 5347
5059 5348
5061 5350
5062 5351
5063 5352
5064 5353
5065 5354
5066 5355
5067 5356
5068 5357
5069 5358
5071 5360
5072 5361
5073 5362
5074 5363
5075 5364
5076 5365
5077 5366
5078 5367
5079 5368
5081 5370
5082 5371
5083 5372
5084 5373
5085 5374
5086 5375
5087 5376
5088 5377
5089 5378
5091 5380
5092 5381
5093 5382
5094 5383
5095 5384
5096 5385
5097 5386
5098 5387
5099 5388
5111 5400
5112 5401
5113 5402
5114 5403
5115 5404
5116 5405
5117 5406
5118 5407
5119 5408
5121 5410
5122 5411
5123 5412
5124 5413
5125 5414
5126 5415
5127 5416
5128 5417
5129 5418
5131 5420
5132 5421
5133 5422
5134 5423
5135 5424
5136 5425
5137 5426
5138 5427
5139 5428
5141 5430
5142 5431
5143 5432
5144 5433
5145 5434
5146 5435
5147 5436
5148 5437
5149 5438
5151 5440
5152 5441
5153 5442
5154 5443
5155 5444
5156 5445
5157 5446
5158 5447
5159 5448
5161 5450
5162 5451
5163 5452
5164 5453
5165 5454
5166 5455
5167 5456
5168 5457
5169 5458
5171 5460
5172 5461
5173 5462
5174 5463
5175 5464
5176 5465
5177 5466
5178 5467
5179 5468
5181 5470
5182 5471
5183 5472
5184 5473
5185 5474
5186 5475
5187 5476
5188 5477
5189 5478
5191 5480
5192 5481
5193 5482
5194 5483
5195 5484
5196 5485
5197 5486
5198 5487
5199 5488
5201 5490
5202 5491
5203 5492
5204 5493
5205 5494
5206 5495
5207 5496
5208 5497
5209 5498
5211 5500
5212 5501
5213 5502
5214 5503
5215 5504
5216 5505
5217 5506
5218 5507
5219 5508
5221 5510
5222 5511
5223 5512
5224 5513
5225 5514
5226 5515
5227 5516
5228 5517
5229 5518
5231 5520
5232 5521
5233 5522
5234 5523
5235 5524
5236 5525
5237 5526
5238 5527
5239 5528
5241 5530
5242 5531
5243 5532
5244 5533
5245 5534
5246 5535
5247 5536
5248 5537
5249 5538
5251 5540
5252 5541
5253 5542
5254 5543
5255 5544
5256 5545
5257 5546
5258 5547
5259 5548
5261 5550
5262 5551
5263 5552
5264 5553
5265 5554
5266 5555
5267 5556
5268 5557
5269 5558
5271 5560
5272 5561
5273 5562
5274 5563
5275 5564
5276 5565
5277 5566
5278 5567
5279 5568
5281 5570
5282 5571
5283 5572
5284 5573
5285 5574
5286 5575
5287 5576
5288 5577
5289 5578
5291 5580
5292 5581
5293 5582
5294 5583
5295 5584
5296 5585
5297 5586
5298 5587
5299 5588
5301 5590
5302 5591
5303 5592
5304 5593
5305 5594
5306 5595
5307 5596
5308 5597
5309 5598
5311 5600
5312 5601
5313 5602
5314 5603
5315 5604
5316 5605
5317 5606
5318 5607
5319 5608
5321 5610
5322 5611
5323 5612
5324 5613
5325 5614
5326 5615
5327 5616
5328 5617
5329 5618
5331 5620
5332 5621
5333 5622
5334 5623
5335 5624
5336 5625
5337 5626
5338 5627
5339 5628
5341 5630
5342 5631
5343 5632
5344 5633
5345 5634
5346 5635
5347 5636
5348 5637
5349 5638
5351 5640
5352 5641
5353 5642
5354 5643
5355 5644
5356 5645
5357 5646
5358 5647
5359 5648
5361 5650
5362 5651
5363 5652
5364 5653
5365 5654
5366 5655
5367 5656
5368 5657
5369 5658
5371 5660
5372 5661
5373 5662
5374 5663
5375 5664
5376 5665
5377 5666
5378 5667
5379 5668
5381 5670
5382 5671
5383 5672
5384 5673
5385 5674
5386 5675
5387 5676
5388 5677
5389 5678
5391 5680
5392 5681
5393 5682
5394 5683
5395 5684
5396 5685
5397 5686
5398 5687
5399 5688
5411 5700
5412 5701
5413 5702
5414 5703
5415 5704
5416 5705
5417 5706
5418 5707
5419 5708
5421 5710
5422 5711
5423 5712
5424 5713
5425 5714
5426 5715
5427 5716
5428 5717
5429 5718
5431 5720
5432 5721
5433 5722
5434 5723
5435 5724
5436 5725
5437 5726
5438 5727
5439 5728
5441 5730
5442 5731
5443 5732
5444 5733
5445 5734
5446 5735
5447 5736
5448 5737
5449 5738
5451 5740
5452 5741
5453 5742
5454 5743
5455 5744
5456 5745
5457 5746
5458 5747
5459 5748
5461 5750
5462 5751
5463 5752
5464 5753
5465 5754
5466 5755
5467 5756
5468 5757
5469 5758
5471 5760
5472 5761
5473 5762
5474 5763
5475 5764
5476 5765
5477 5766
5478 5767
5479 5768
5481 5770
5482 5771
5483 5772
5484 5773
5485 5774
5486 5775
5487 5776
5488 5777
5489 5778
5491 5780
5492 5781
5493 5782
5494 5783
5495 5784
5496 5785
5497 5786
5498 5787
5499 5788
5501 5790
5502 5791
5503 5792
5504 5793
5505 5794
5506 5795
5507 5796
5508 5797
5509 5798
5511 5800
5512 5801
5513 5802
5514 5803
5515 5804
5516 5805
5517 5806
5518 5807
5519 5808
5521 5810
5522 5811
5523 5812
5524 5813
5525 5814
5526 5815
5527 5816
5528 5817
5529 5818
5531 5820
5532 5821
5533 5822
5534 5823
5535 5824
5536 5825
5537 5826
5538 5827
5539 5828
5541 5830
5542 5831
5543 5832
5544 5833
5545 5834
5546 5835
5547 5836
5548 5837
5549 5838
5551 5840
5552 5841
5553 5842
5554 5843
5555 5844
5556 5845
5557 5846
5558 5847
5559 5848
5561 5850
5562 5851
5563 5852
5564 5853
5565 5854
5566 5855
5567 5856
5568 5857
5569 5858
5571 5860
5572 5861
5573 5862
5574 5863
5575 5864
5576 5865
5577 5866
5578 5867
5579 5868
5581 5870
5582 5871
5583 5872
5584 5873
5585 5874
5586 5875
5587 5876
5588 5877
5589 5878
5591 5880
5592 5881
5593 5882
5594 5883
5595 5884
5596 5885
5597 5886
5598 5887
5599 5888
5601 5890
5602 5891
5603 5892
5604 5893
5605 5894
5606 5895
5607 5896
5608 5897
5609 5898
5611 5900
5612 5901
5613 5902
5614 5903
5615 5904
5616 5905
5617 5906
5618 5907
5619 5908
5621 5910
5622 5911
5623 5912
5624 5913
5625 5914
5626 5915
5627 5916
5628 5917
5629 5918
5631 5920
5632 5921
5633 5922
5634 5923
5635 5924
5636 5925
5637 5926
5638 5927
5639 5928
5641 5930
5642 5931
5643 5932
5644 5933
5645 5934
5646 5935
5647 5936
5648 5937
5649 5938
5651 5940
5652 5941
5653 5942
5654 5943
5655 5944
5656 5945
5657 5946
5658 5947
5659 5948
5661 5950
5662 5951
5663 5952
5664 5953
5665 5954
5666 5955
5667 5956
5668 5957
5669 5958
5671 5960
5672 5961
5673 5962
5674 5963
5675 5964
5676 5965
5677 5966
5678 5967
5679 5968
5681 5970
5682 5971
5683 5972
5684 5973
5685 5974
5686 5975
5687 5976
5688 5977
5689 5978
5691 5980
5692 5981
5693 5982
5694 5983
5695 5984
5696 5985
5697 5986
5698 5987
5699 5988
5711 6000
5712 6001
5713 6002
5714 6003
5715 6004
5716 6005
5717 6006
5718 6007
5719 6008
5721 6010
5722 6011
5723 6012
5724 6013
5725 6014
5726 6015
5727 6016
5728 6017
5729 6018
5731 6020
5732 6021
5733 6022
5734 6023
5735 6024
5736 6025
5737 6026
5738 6027
5739 6028
5741 6030
5742 6031
5743 6032
5744 6033
5745 6034
5746 6035
5747 6036
5748 6037
5749 6038
5751 6040
5752 6041
5753 6042
5754 6043
5755 6044
5756 6045
5757 6046
5758 6047
5759 6048
5761 6050
5762 6051
5763 6052
5764 6053
5765 6054
5766 6055
5767 6056
5768 6057
5769 6058
5771 6060
5772 6061
5773 6062
5774 6063
5775 6064
5776 6065
5777 6066
5778 6067
5779 6068
5781 6070
5782 6071
5783 6072
5784 6073
5785 6074
5786 6075
5787 6076
5788 6077
5789 6078
5791 6080
5792 6081
5793 6082
5794 6083
5795 6084
5796 6085
5797 6086
5798 6087
5799 6088
5801 6090
5802 6091
5803 6092
5804 6093
5805 6094
5806 6095
5807 6096
5808 6097
5809 6098
5811 6100
5812 6101
5813 6102
5814 6103
5815 6104
5816 6105
5817 6106
5818 6107
5819 6108
5821 6110
5822 6111
5823 6112
5824 6113
5825 6114
5826 6115
5827 6116
5828 6117
5829 6118
5831 6120
5832 6121
5833 6122
5834 6123
5835 6124
5836 6125
5837 6126
5838 6127
5839 6128
5841 6130
5842 6131
5843 6132
5844 6133
5845 6134
5846 6135
5847 6136
5848 6137
5849 6138
5851 6140
5852 6141
5853 6142
5854 6143
5855 6144
5856 6145
5857 6146
5858 6147
5859 6148
5861 6150
5862 6151
5863 6152
5864 6153
5865 6154
5866 6155
5867 6156
5868 6157
5869 6158
5871 6160
5872 6161
5873 6162
5874 6163
5875 6164
5876 6165
5877 6166
5878 6167
5879 6168
5881 6170
5882 6171
5883 6172
5884 6173
5885 6174
5886 6175
5887 6176
5888 6177
5889 6178
5891 6180
5892 6181
5893 6182
5894 6183
5895 6184
5896 6185
5897 6186
5898 6187
5899 6188
5901 6190
5902 6191
5903 6192
5904 6193
5905 6194
5906 6195
5907 6196
5908 6197
5909 6198
5911 6200
5912 6201
5913 6202
5914 6203
5915 6204
5916 6205
5917 6206
5918 6207
5919 6208
5921 6210
5922 6211
5923 6212
5924 6213
5925 6214
5926 6215
5927 6216
5928 6217
5929 6218
5931 6220
5932 6221
5933 6222
5934 6223
5935 6224
5936 6225
5937 6226
5938 6227
5939 6228
5941 6230
5942 6231
5943 6232
5944 6233
5945 6234
5946 6235
5947 6236
5948 6237
5949 6238
5951 6240
5952 6241
5953 6242
5954 6243
5955 6244
5956 6245
5957 6246
5958 6247
5959 6248
5961 6250
5962 6251
5963 6252
5964 6253
5965 6254
5966 6255
5967 6256
5968 6257
5969 6258
5971 6260
5972 6261
5973 6262
5974 6263
5975 6264
5976 6265
5977 6266
5978 6267
5979 6268
5981 6270
5982 6271
5983 6272
5984 6273
5985 6274
5986 6275
5987 6276
5988 6277
5989 6278
5991 6280
5992 6281
5993 6282
5994 6283
5995 6284
5996 6285
5997 6286
5998 6287
5999 6288
6011 6300
6012 6301
6013 6302
6014 6303
6015 6304
6016 6305
6017 6306
6018 6307
6019 6308
6021 6310
6022 6311
6023 6312
6024 6313
6025 6314
6026 6315
6027 6316
6028 6317
6029 6318
6031 6320
6032 6321
6033 6322
6034 6323
6035 6324
6036 6325
6037 6326
6038 6327
6039 6328
6041 6330
6042 6331
6043 6332
6044 6333
6045 6334
6046 6335
6047 6336
6048 6337
6049 6338
6051 6340
6052 6341
6053 6342
6054 6343
6055 6344
6056 6345
6057 6346
6058 6347
6059 6348
6061 6350
6062 6351
6063 6352
6064 6353
6065 6354
6066 6355
6067 6356
6068 6357
6069 6358
6071 6360
6072 6361
6073 6362
6074 6363
6075 6364
6076 6365
6077 6366
6078 6367
6079 6368
6081 6370
6082 6371
6083 6372
6084 6373
6085 6374
6086 6375
6087 6376
6088 6377
6089 6378
6091 6380
6092 6381
6093 6382
6094 6383
6095 6384
6096 6385
6097 6386
6098 6387
6099 6388
6101 6390
6102 6391
6103 6392
6104 6393
6105 6394
6106 6395
6107 6396
6108 6397
6109 6398
6111 6400
6112 6401
6113 6402
6114 6403
6115 6404
6116 6405
6117 6406
6118 6407
6119 6408
6121 6410
6122 6411
6123 6412
6124 6413
6125 6414
6126 6415
6127 6416
6128 6417
6129 6418
6131 6420
6132 6421
6133 6422
6134 6423
6135 6424
6136 6425
6137 6426
6138 6427
6139 6428
6141 6430
6142 6431
6143 6432
6144 6433
6145 6434
6146 6435
6147 6436
6148 6437
6149 6438
6151 6440
6152 6441
6153 6442
6154 6443
6155 6444
6156 6445
6157 6446
6158 6447
6159 6448
6161 6450
6162 6451
6163 6452
6164 6453
6165 6454
6166 6455
6167 6456
6168 6457
6169 6458
6171 6460
6172 6461
6173 6462
6174 6463
6175 6464
6176 6465
6177 6466
6178 6467
6179 6468
6181 6470
6182 6471
6183 6472
6184 6473
6185 6474
6186 6475
6187 6476
6188 6477
6189 6478
6191 6480
6192 6481
6193 6482
6194 6483
6195 6484
6196 6485
6197 6486
6198 6487
6199 6488
6201 6490
6202 6491
6203 6492
6204 6493
6205 6494
6206 6495
6207 6496
6208 6497
6209 6498
6211 6500
6212 6501
6213 6502
6214 6503
6215 6504
6216 6505
6217 6506
6218 6507
6219 6508
6221 6510
6222 6511
6223 6512
6224 6513
6225 6514
6226 6515
6227 6516
6228 6517
6229 6518
6231 6520
6232 6521
6233 6522
6234 6523
6235 6524
6236 6525
6237 6526
6238 6527
6239 6528
6241 6530
6242 6531
6243 6532
6244 6533
6245 6534
6246 6535
6247 6536
6248 6537
6249 6538
6251 6540
6252 6541
6253 6542
6254 6543
6255 6544
6256 6545
6257 6546
6258 6547
6259 6548
6261 6550
6262 6551
6263 6552
6264 6553
6265 6554
6266 6555
6267 6556
6268 6557
6269 6558
6271 6560
6272 6561
6273 6562
6274 6563
6275 6564
6276 6565
6277 6566
6278 6567
6279 6568
6281 6570
6282 6571
6283 6572
6284 6573
6285 6574
6286 6575
6287 6576
6288 6577
6289 6578
6291 6580
6292 6581
6293 6582
6294 6583
6295 6584
6296 6585
6297 6586
6298 6587
6299 6588
6311 6600
6312 6601
6313 6602
6314 6603
6315 6604
6316 6605
6317 6606
6318 6607
6319 6608
6321 6610
6322 6611
6323 6612
6324 6613
6325 6614
6326 6615
6327 6616
6328 6617
6329 6618
6331 6620
6332 6621
6333 6622
6334 6623
6335 6624
6336 6625
6337 6626
6338 6627
6339 6628
6341 6630
6342 6631
6343 6632
6344 6633
6345 6634
6346 6635
6347 6636
6348 6637
6349 6638
6351 6640
6352 6641
6353 6642
6354 6643
6355 6644
6356 6645
6357 6646
6358 6647
6359 6648
6361 6650
6362 6651
6363 6652
6364 6653
6365 6654
6366 6655
6367 6656
6368 6657
6369 6658
6371 6660
6372 6661
6373 6662
6374 6663
6375 6664
6376 6665
6377 6666
6378 6667
6379 6668
6381 6670
6382 6671
6383 6672
6384 6673
6385 6674
6386 6675
6387 6676
6388 6677
6389 6678
6391 6680
6392 6681
6393 6682
6394 6683
6395 6684
6396 6685
6397 6686
6398 6687
6399 6688
6401 6690
6402 6691
6403 6692
6404 6693
6405 6694
6406 6695
6407 6696
6408 6697
6409 6698
6411 6700
6412 6701
6413 6702
6414 6703
6415 6704
6416 6705
6417 6706
6418 6707
6419 6708
6421 6710
6422 6711
6423 6712
6424 6713
6425 6714
6426 6715
6427 6716
6428 6717
6429 6718
6431 6720
6432 6721
6433 6722
6434 6723
6435 6724
6436 6725
6437 6726
6438 6727
6439 6728
6441 6730
6442 6731
6443 6732
6444 6733
6445 6734
6446 6735
6447 6736
6448 6737
6449 6738
6451 6740
6452 6741
6453 6742
6454 6743
6455 6744
6456 6745
6457 6746
6458 6747
6459 6748
6461 6750
6462 6751
6463 6752
6464 6753
6465 6754
6466 6755
6467 6756
6468 6757
6469 6758
6471 6760
6472 6761
6473 6762
6474 6763
6475 6764
6476 6765
6477 6766
6478 6767
6479 6768
6481 6770
6482 6771
6483 6772
6484 6773
6485 6774
6486 6775
6487 6776
6488 6777
6489 6778
6491 6780
6492 6781
6493 6782
6494 6783
6495 6784
6496 6785
6497 6786
6498 6787
6499 6788
6501 6790
6502 6791
6503 6792
6504 6793
6505 6794
6506 6795
6507 6796
6508 6797
6509 6798
6511 6800
6512 6801
6513 6802
6514 6803
6515 6804
6516 6805
6517 6806
6518 6807
6519 6808
6521 6810
6522 6811
6523 6812
6524 6813
6525 6814
6526 6815
6527 6816
6528 6817
6529 6818
6531 6820
6532 6821
6533 6822
6534 6823
6535 6824
6536 6825
6537 6826
6538 6827
6539 6828
6541 6830
6542 6831
6543 6832
6544 6833
6545 6834
6546 6835
6547 6836
6548 6837
6549 6838
6551 6840
6552 6841
6553 6842
6554 6843
6555 6844
6556 6845
6557 6846
6558 6847
6559 6848
6561 6850
6562 6851
6563 6852
6564 6853
6565 6854
6566 6855
6567 6856
6568 6857
6569 6858
6571 6860
6572 6861
6573 6862
6574 6863
6575 6864
6576 6865
6577 6866
6578 6867
6579 6868
6581 6870
6582 6871
6583 6872
6584 6873
6585 6874
6586 6875
6587 6876
6588 6877
6589 6878
6591 6880
6592 6881
6593 6882
6594 6883
6595 6884
6596 6885
6597 6886
6598 6887
6599 6888
6611 6900
6612 6901
6613 6902
6614 6903
6615 6904
6616 6905
6617 6906
6618 6907
6619 6908
6621 6910
6622 6911
6623 6912
6624 6913
6625 6914
6626 6915
6627 6916
6628 6917
6629 6918
6631 6920
6632 6921
6633 6922
6634 6923
6635 6924
6636 6925
6637 6926
6638 6927
6639 6928
6641 6930
6642 6931
6643 6932
6644 6933
6645 6934
6646 6935
6647 6936
6648 6937
6649 6938
6651 6940
6652 6941
6653 6942
6654 6943
6655 6944
6656 6945
6657 6946
6658 6947
6659 6948
6661 6950
6662 6951
6663 6952
6664 6953
6665 6954
6666 6955
6667 6956
6668 6957
6669 6958
6671 6960
6672 6961
6673 6962
6674 6963
6675 6964
6676 6965
6677 6966
6678 6967
6679 6968
6681 6970
6682 6971
6683 6972
6684 6973
6685 6974
6686 6975
6687 6976
6688 6977
6689 6978
6691 6980
6692 6981
6693 6982
6694 6983
6695 6984
6696 6985
6697 6986
6698 6987
6699 6988
6701 6990
6702 6991
6703 6992
6704 6993
6705 6994
6706 6995
6707 6996
6708 6997
6709 6998
6711 7000
6712 7001
6713 7002
6714 7003
6715 7004
6716 7005
6717 7006
6718 7007
6719 7008
6721 7010
6722 7011
6723 7012
6724 7013
6725 7014
6726 7015
6727 7016
6728 7017
6729 7018
6731 7020
6732 7021
6733 7022
6734 7023
6735 7024
6736 7025
6737 7026
6738 7027
6739 7028
6741 7030
6742 7031
6743 7032
6744 7033
6745 7034
6746 7035
6747 7036
6748 7037
6749 7038
6751 7040
6752 7041
6753 7042
6754 7043
6755 7044
6756 7045
6757 7046
6758 7047
6759 7048
6761 7050
6762 7051
6763 7052
6764 7053
6765 7054
6766 7055
6767 7056
6768 7057
6769 7058
6771 7060
6772 7061
6773 7062
6774 7063
6775 7064
6776 7065
6777 7066
6778 7067
6779 7068
6781 7070
6782 7071
6783 7072
6784 7073
6785 7074
6786 7075
6787 7076
6788 7077
6789 7078
6791 7080
6792 7081
6793 7082
6794 7083
6795 7084
6796 7085
6797 7086
6798 7087
6799 7088
6801 7090
6802 7091
6803 7092
6804 7093
6805 7094
6806 7095
6807 7096
6808 7097
6809 7098
6811 7100
6812 7101
6813 7102
6814 7103
6815 7104
6816 7105
6817 7106
6818 7107
6819 7108
6821 7110
6822 7111
6823 7112
6824 7113
6825 7114
6826 7115
6827 7116
6828 7117
6829 7118
6831 7120
6832 7121
6833 7122
6834 7123
6835 7124
6836 7125
6837 7126
6838 7127
6839 7128
6841 7130
6842 7131
6843 7132
6844 7133
6845 7134
6846 7135
6847 7136
6848 7137
6849 7138
6851 7140
6852 7141
6853 7142
6854 7143
6855 7144
6856 7145
6857 7146
6858 7147
6859 7148
6861 7150
6862 7151
6863 7152
6864 7153
6865 7154
6866 7155
6867 7156
6868 7157
6869 7158
6871 7160
6872 7161
6873 7162
6874 7163
6875 7164
6876 7165
6877 7166
6878 7167
6879 7168
6881 7170
6882 7171
6883 7172
6884 7173
6885 7174
6886 7175
6887 7176
6888 7177
6889 7178
6891 7180
6892 7181
6893 7182
6894 7183
6895 7184
6896 7185
6897 7186
6898 7187
6899 7188
6911 7200
6912 7201
6913 7202
6914 7203
6915 7204
6916 7205
6917 7206
6918 7207
6919 7208
6921 7210
6922 7211
6923 7212
6924 7213
6925 7214
6926 7215
6927 7216
6928 7217
6929 7218
6931 7220
6932 7221
6933 7222
6934 7223
6935 7224
6936 7225
6937 7226
6938 7227
6939 7228
6941 7230
6942 7231
6943 7232
6944 7233
6945 7234
6946 7235
6947 7236
6948 7237
6949 7238
6951 7240
6952 7241
6953 7242
6954 7243
6955 7244
6956 7245
6957 7246
6958 7247
6959 7248
6961 7250
6962 7251
6963 7252
6964 7253
6965 7254
6966 7255
6967 7256
6968 7257
6969 7258
6971 7260
6972 7261
6973 7262
6974 7263
6975 7264
6976 7265
6977 7266
6978 7267
6979 7268
6981 7270
6982 7271
6983 7272
6984 7273
6985 7274
6986 7275
6987 7276
6988 7277
6989 7278
6991 7280
6992 7281
6993 7282
6994 7283
6995 7284
6996 7285
6997 7286
6998 7287
6999 7288
7001 7290
7002 7291
7003 7292
7004 7293
7005 7294
7006 7295
7007 7296
7008 7297
7009 7298
7011 7300
7012 7301
7013 7302
7014 7303
7015 7304
7016 7305
7017 7306
7018 7307
7019 7308
7021 7310
7022 7311
7023 7312
7024 7313
7025 7314
7026 7315
7027 7316
7028 7317
7029 7318
7031 7320
7032 7321
7033 7322
7034 7323
7035 7324
7036 7325
7037 7326
7038 7327
7039 7328
7041 7330
7042 7331
7043 7332
7044 7333
7045 7334
7046 7335
7047 7336
7048 7337
7049 7338
7051 7340
7052 7341
7053 7342
7054 7343
7055 7344
7056 7345
7057 7346
7058 7347
7059 7348
7061 7350
7062 7351
7063 7352
7064 7353
7065 7354
7066 7355
7067 7356
7068 7357
7069 7358
7071 7360
7072 7361
7073 7362
7074 7363
7075 7364
7076 7365
7077 7366
7078 7367
7079 7368
7081 7370
7082 7371
7083 7372
7084 7373
7085 7374
7086 7375
7087 7376
7088 7377
7089 7378
7091 7380
7092 7381
7093 7382
7094 7383
7095 7384
7096 7385
7097 7386
7098 7387
7099 7388
7101 7390
7102 7391
7103 7392
7104 7393
7105 7394
7106 7395
7107 7396
7108 7397
7109 7398
7111 7400
7112 7401
7113 7402
7114 7403
7115 7404
7116 7405
7117 7406
7118 7407
7119 7408
7121 7410
7122 7411
7123 7412
7124 7413
7125 7414
7126 7415
7127 7416
7128 7417
7129 7418
7131 7420
7132 7421
7133 7422
7134 7423
7135 7424
7136 7425
7137 7426
7138 7427
7139 7428
7141 7430
7142 7431
7143 7432
7144 7433
7145 7434
7146 7435
7147 7436
7148 7437
7149 7438
7151 7440
7152 7441
7153 7442
7154 7443
7155 7444
7156 7445
7157 7446
7158 7447
7159 7448
7161 7450
7162 7451
7163 7452
7164 7453
7165 7454
7166 7455
7167 7456
7168 7457
7169 7458
7171 7460
7172 7461
7173 7462
7174 7463
7175 7464
7176 7465
7177 7466
7178 7467
7179 7468
7181 7470
7182 7471
7183 7472
7184 7473
7185 7474
7186 7475
7187 7476
7188 7477
7189 7478
7191 7480
7192 7481
7193 7482
7194 7483
7195 7484
7196 7485
7197 7486
7198 7487
7199 7488
7211 7500
7212 7501
7213 7502
7214 7503
7215 7504
7216 7505
7217 7506
7218 7507
7219 7508
7221 7510
7222 7511
7223 7512
7224 7513
7225 7514
7226 7515
7227 7516
7228 7517
7229 7518
7231 7520
7232 7521
7233 7522
7234 7523
7235 7524
7236 7525
7237 7526
7238 7527
7239 7528
7241 7530
7242 7531
7243 7532
7244 7533
7245 7534
7246 7535
7247 7536
7248 7537
7249 7538
7251 7540
7252 7541
7253 7542
7254 7543
7255 7544
7256 7545
7257 7546
7258 7547
7259 7548
7261 7550
7262 7551
7263 7552
7264 7553
7265 7554
7266 7555
7267 7556
7268 7557
7269 7558
7271 7560
7272 7561
7273 7562
7274 7563
7275 7564
7276 7565
7277 7566
7278 7567
7279 7568
7281 7570
7282 7571
7283 7572
7284 7573
7285 7574
7286 7575
7287 7576
7288 7577
7289 7578
7291 7580
7292 7581
7293 7582
7294 7583
7295 7584
7296 7585
7297 7586
7298 7587
7299 7588
7301 7590
7302 7591
7303 7592
7304 7593
7305 7594
7306 7595
7307 7596
7308 7597
7309 7598
7311 7600
7312 7601
7313 7602
7314 7603
7315 7604
7316 7605
7317 7606
7318 7607
7319 7608
7321 7610
7322 7611
7323 7612
7324 7613
7325 7614
7326 7615
7327 7616
7328 7617
7329 7618
7331 7620
7332 7621
7333 7622
7334 7623
7335 7624
7336 7625
7337 7626
7338 7627
7339 7628
7341 7630
7342 7631
7343 7632
7344 7633
7345 7634
7346 7635
7347 7636
7348 7637
7349 7638
7351 7640
7352 7641
7353 7642
7354 7643
7355 7644
7356 7645
7357 7646
7358 7647
7359 7648
7361 7650
7362 7651
7363 7652
7364 7653
7365 7654
7366 7655
7367 7656
7368 7657
7369 7658
7371 7660
7372 7661
7373 7662
7374 7663
7375 7664
7376 7665
7377 7666
7378 7667
7379 7668
7381 7670
7382 7671
7383 7672
7384 7673
7385 7674
7386 7675
7387 7676
7388 7677
7389 7678
7391 7680
7392 7681
7393 7682
7394 7683
7395 7684
7396 7685
7397 7686
7398 7687
7399 7688
7401 7690
7402 7691
7403 7692
7404 7693
7405 7694
7406 7695
7407 7696
7408 7697
7409 7698
7411 7700
7412 7701
7413 7702
7414 7703
7415 7704
7416 7705
7417 7706
7418 7707
7419 7708
7421 7710
7422 7711
7423 7712
7424 7713
7425 7714
7426 7715
7427 7716
7428 7717
7429 7718
7431 7720
7432 7721
7433 7722
7434 7723
7435 7724
7436 7725
7437 7726
7438 7727
7439 7728
7441 7730
7442 7731
7443 7732
7444 7733
7445 7734
7446 7735
7447 7736
7448 7737
7449 7738
7451 7740
7452 7741
7453 7742
7454 7743
7455 7744
7456 7745
7457 7746
7458 7747
7459 7748
7461 7750
7462 7751
7463 7752
7464 7753
7465 7754
7466 7755
7467 7756
7468 7757
7469 7758
7471 7760
7472 7761
7473 7762
7474 7763
7475 7764
7476 7765
7477 7766
7478 7767
7479 7768
7481 7770
7482 7771
7483 7772
7484 7773
7485 7774
7486 7775
7487 7776
7488 7777
7489 7778
7491 7780
7492 7781
7493 7782
7494 7783
7495 7784
7496 7785
7497 7786
7498 7787
7499 7788
7511 7800
7512 7801
7513 7802
7514 7803
7515 7804
7516 7805
7517 7806
7518 7807
7519 7808
7521 7810
7522 7811
7523 7812
7524 7813
7525 7814
7526 7815
7527 7816
7528 7817
7529 7818
7531 7820
7532 7821
7533 7822
7534 7823
7535 7824
7536 7825
7537 7826
7538 7827
7539 7828
7541 7830
7542 7831
7543 7832
7544 7833
7545 7834
7546 7835
7547 7836
7548 7837
7549 7838
7551 7840
7552 7841
7553 7842
7554 7843
7555 7844
7556 7845
7557 7846
7558 7847
7559 7848
7561 7850
7562 7851
7563 7852
7564 7853
7565 7854
7566 7855
7567 7856
7568 7857
7569 7858
7571 7860
7572 7861
7573 7862
7574 7863
7575 7864
7576 7865
7577 7866
7578 7867
7579 7868
7581 7870
7582 7871
7583 7872
7584 7873
7585 7874
7586 7875
7587 7876
7588 7877
7589 7878
7591 7880
7592 7881
7593 7882
7594 7883
7595 7884
7596 7885
7597 7886
7598 7887
7599 7888
7601 7890
7602 7891
7603 7892
7604 7893
7605 7894
7606 7895
7607 7896
7608 7897
7609 7898
7611 7900
7612 7901
7613 7902
7614 7903
7615 7904
7616 7905
7617 7906
7618 7907
7619 7908
7621 7910
7622 7911
7623 7912
7624 7913
7625 7914
7626 7915
7627 7916
7628 7917
7629 7918
7631 7920
7632 7921
7633 7922
7634 7923
7635 7924
7636 7925
7637 7926
7638 7927
7639 7928
7641 7930
7642 7931
7643 7932
7644 7933
7645 7934
7646 7935
7647 7936
7648 7937
7649 7938
7651 7940
7652 7941
7653 7942
7654 7943
7655 7944
7656 7945
7657 7946
7658 7947
7659 7948
7661 7950
7662 7951
7663 7952
7664 7953
7665 7954
7666 7955
7667 7956
7668 7957
7669 7958
7671 7960
7672 7961
7673 7962
7674 7963
7675 7964
7676 7965
7677 7966
7678 7967
7679 7968
7681 7970
7682 7971
7683 7972
7684 7973
7685 7974
7686 7975
7687 7976
7688 7977
7689 7978
7691 7980
7692 7981
7693 7982
7694 7983
7695 7984
7696 7985
7697 7986
7698 7987
7699 7988
7701 7990
7702 7991
7703 7992
7704 7993
7705 7994
7706 7995
7707 7996
7708 7997
7709 7998
7711 8000
7712 8001
7713 8002
7714 8003
7715 8004
7716 8005
7717 8006
7718 8007
7719 8008
7721 8010
7722 8011
7723 8012
7724 8013
7725 8014
7726 8015
7727 8016
7728 8017
7729 8018
7731 8020
7732 8021
7733 8022
7734 8023
7735 8024
7736 8025
7737 8026
7738 8027
7739 8028
7741 8030
7742 8031
7743 8032
7744 8033
7745 8034
7746 8035
7747 8036
7748 8037
7749 8038
7751 8040
7752 8041
7753 8042
7754 8043
7755 8044
7756 8045
7757 8046
7758 8047
7759 8048
7761 8050
7762 8051
7763 8052
7764 8053
7765 8054
7766 8055
7767 8056
7768 8057
7769 8058
7771 8060
7772 8061
7773 8062
7774 8063
7775 8064
7776 8065
7777 8066
7778 8067
7779 8068
7781 8070
7782 8071
7783 8072
7784 8073
7785 8074
7786 8075
7787 8076
7788 8077
7789 8078
7791 8080
7792 8081
7793 8082
7794 8083
7795 8084
7796 8085
7797 8086
7798 8087
7799 8088
7811 8100
7812 8101
7813 8102
7814 8103
7815 8104
7816 8105
7817 8106
7818 8107
7819 8108
7821 8110
7822 8111
7823 8112
7824 8113
7825 8114
7826 8115
7827 8116
7828 8117
7829 8118
7831 8120
7832 8121
7833 8122
7834 8123
7835 8124
7836 8125
7837 8126
7838 8127
7839 8128
7841 8130
7842 8131
7843 8132
7844 8133
7845 8134
7846 8135
7847 8136
7848 8137
7849 8138
7851 8140
7852 8141
7853 8142
7854 8143
7855 8144
7856 8145
7857 8146
7858 8147
7859 8148
7861 8150
7862 8151
7863 8152
7864 8153
7865 8154
7866 8155
7867 8156
7868 8157
7869 8158
7871 8160
7872 8161
7873 8162
7874 8163
7875 8164
7876 8165
7877 8166
7878 8167
7879 8168
7881 8170
7882 8171
7883 8172
7884 8173
7885 8174
7886 8175
7887 8176
7888 8177
7889 8178
7891 8180
7892 8181
7893 8182
7894 8183
7895 8184
7896 8185
7897 8186
7898 8187
7899 8188
7901 8190
7902 8191
7903 8192
7904 8193
7905 8194
7906 8195
7907 8196
7908 8197
7909 8198
7911 8200
7912 8201
7913 8202
7914 8203
7915 8204
7916 8205
7917 8206
7918 8207
7919 8208
7921 8210
7922 8211
7923 8212
7924 8213
7925 8214
7926 8215
7927 8216
7928 8217
7929 8218
7931 8220
7932 8221
7933 8222
7934 8223
7935 8224
7936 8225
7937 8226
7938 8227
7939 8228
7941 8230
7942 8231
7943 8232
7944 8233
7945 8234
7946 8235
7947 8236
7948 8237
7949 8238
7951 8240
7952 8241
7953 8242
7954 8243
7955 8244
7956 8245
7957 8246
7958 8247
7959 8248
7961 8250
7962 8251
7963 8252
7964 8253
7965 8254
7966 8255
7967 8256
7968 8257
7969 8258
7971 8260
7972 8261
7973 8262
7974 8263
7975 8264
7976 8265
7977 8266
7978 8267
7979 8268
7981 8270
7982 8271
7983 8272
7984 8273
7985 8274
7986 8275
7987 8276
7988 8277
7989 8278
7991 8280
7992 8281
7993 8282
7994 8283
7995 8284
7996 8285
7997 8286
7998 8287
7999 8288
8001 8290
8002 8291
8003 8292
8004 8293
8005 8294
8006 8295
8007 8296
8008 8297
8009 8298
8011 8300
8012 8301
8013 8302
8014 8303
8015 8304
8016 8305
8017 8306
8018 8307
8019 8308
8021 8310
8022 8311
8023 8312
8024 8313
8025 8314
8026 8315
8027 8316
8028 8317
8029 8318
8031 8320
8032 8321
8033 8322
8034 8323
8035 8324
8036 8325
8037 8326
8038 8327
8039 8328
8041 8330
8042 8331
8043 8332
8044 8333
8045 8334
8046 8335
8047 8336
8048 8337
8049 8338
8051 8340
8052 8341
8053 8342
8054 8343
8055 8344
8056 8345
8057 8346
8058 8347
8059 8348
8061 8350
8062 8351
8063 8352
8064 8353
8065 8354
8066 8355
8067 8356
8068 8357
8069 8358
8071 8360
8072 8361
8073 8362
8074 8363
8075 8364
8076 8365
8077 8366
8078 8367
8079 8368
8081 8370
8082 8371
8083 8372
8084 8373
8085 8374
8086 8375
8087 8376
8088 8377
8089 8378
8091 8380
8092 8381
8093 8382
8094 8383
8095 8384
8096 8385
8097 8386
8098 8387
8099 8388
8111 8400
8112 8401
8113 8402
8114 8403
8115 8404
8116 8405
8117 8406
8118 8407
8119 8408
8121 8410
8122 8411
8123 8412
8124 8413
8125 8414
8126 8415
8127 8416
8128 8417
8129 8418
8131 8420
8132 8421
8133 8422
8134 8423
8135 8424
8136 8425
8137 8426
8138 8427
8139 8428
8141 8430
8142 8431
8143 8432
8144 8433
8145 8434
8146 8435
8147 8436
8148 8437
8149 8438
8151 8440
8152 8441
8153 8442
8154 8443
8155 8444
8156 8445
8157 8446
8158 8447
8159 8448
8161 8450
8162 8451
8163 8452
8164 8453
8165 8454
8166 8455
8167 8456
8168 8457
8169 8458
8171 8460
8172 8461
8173 8462
8174 8463
8175 8464
8176 8465
8177 8466
8178 8467
8179 8468
8181 8470
8182 8471
8183 8472
8184 8473
8185 8474
8186 8475
8187 8476
8188 8477
8189 8478
8191 8480
8192 8481
8193 8482
8194 8483
8195 8484
8196 8485
8197 8486
8198 8487
8199 8488
8201 8490
8202 8491
8203 8492
8204 8493
8205 8494
8206 8495
8207 8496
8208 8497
8209 8498
8211 8500
8212 8501
8213 8502
8214 8503
8215 8504
8216 8505
8217 8506
8218 8507
8219 8508
8221 8510
8222 8511
8223 8512
8224 8513
8225 8514
8226 8515
8227 8516
8228 8517
8229 8518
8231 8520
8232 8521
8233 8522
8234 8523
8235 8524
8236 8525
8237 8526
8238 8527
8239 8528
8241 8530
8242 8531
8243 8532
8244 8533
8245 8534
8246 8535
8247 8536
8248 8537
8249 8538
8251 8540
8252 8541
8253 8542
8254 8543
8255 8544
8256 8545
8257 8546
8258 8547
8259 8548
8261 8550
8262 8551
8263 8552
8264 8553
8265 8554
8266 8555
8267 8556
8268 8557
8269 8558
8271 8560
8272 8561
8273 8562
8274 8563
8275 8564
8276 8565
8277 8566
8278 8567
8279 8568
8281 8570
8282 8571
8283 8572
8284 8573
8285 8574
8286 8575
8287 8576
8288 8577
8289 8578
8291 8580
8292 8581
8293 8582
8294 8583
8295 8584
8296 8585
8297 8586
8298 8587
8299 8588
8301 8590
8302 8591
8303 8592
8304 8593
8305 8594
8306 8595
8307 8596
8308 8597
8309 8598
8311 8600
8312 8601
8313 8602
8314 8603
8315 8604
8316 8605
8317 8606
8318 8607
8319 8608
8321 8610
8322 8611
8323 8612
8324 8613
8325 8614
8326 8615
8327 8616
8328 8617
8329 8618
8331 8620
8332 8621
8333 8622
8334 8623
8335 8624
8336 8625
8337 8626
8338 8627
8339 8628
8341 8630
8342 8631
8343 8632
8344 8633
8345 8634
8346 8635
8347 8636
8348 8637
8349 8638
8351 8640
8352 8641
8353 8642
8354 8643
8355 8644
8356 8645
8357 8646
8358 8647
8359 8648
8361 8650
8362 8651
8363 8652
8364 8653
8365 8654
8366 8655
8367 8656
8368 8657
8369 8658
8371 8660
8372 8661
8373 8662
8374 8663
8375 8664
8376 8665
8377 8666
8378 8667
8379 8668
8381 8670
8382 8671
8383 8672
8384 8673
8385 8674
8386 8675
8387 8676
8388 8677
8389 8678
8391 8680
8392 8681
8393 8682
8394 8683
8395 8684
8396 8685
8397 8686
8398 8687
8399 8688
8411 8700
8412 8701
8413 8702
8414 8703
8415 8704
8416 8705
8417 8706
8418 8707
8419 8708
8421 8710
8422 8711
8423 8712
8424 8713
8425 8714
8426 8715
8427 8716
8428 8717
8429 8718
8431 8720
8432 8721
8433 8722
8434 8723
8435 8724
8436 8725
8437 8726
8438 8727
8439 8728
8441 8730
8442 8731
8443 8732
8444 8733
8445 8734
8446 8735
8447 8736
8448 8737
8449 8738
8451 8740
8452 8741
8453 8742
8454 8743
8455 8744
8456 8745
8457 8746
8458 8747
8459 8748
8461 8750
8462 8751
8463 8752
8464 8753
8465 8754
8466 8755
8467 8756
8468 8757
8469 8758
8471 8760
8472 8761
8473 8762
8474 8763
8475 8764
8476 8765
8477 8766
8478 8767
8479 8768
8481 8770
8482 8771
8483 8772
8484 8773
8485 8774
8486 8775
8487 8776
8488 8777
8489 8778
8491 8780
8492 8781
8493 8782
8494 8783
8495 8784
8496 8785
8497 8786
8498 8787
8499 8788
8501 8790
8502 8791
8503 8792
8504 8793
8505 8794
8506 8795
8507 8796
8508 8797
8509 8798
8511 8800
8512 8801
8513 8802
8514 8803
8515 8804
8516 8805
8517 8806
8518 8807
8519 8808
8521 8810
8522 8811
8523 8812
8524 8813
8525 8814
8526 8815
8527 8816
8528 8817
8529 8818
8531 8820
8532 8821
8533 8822
8534 8823
8535 8824
8536 8825
8537 8826
8538 8827
8539 8828
8541 8830
8542 8831
8543 8832
8544 8833
8545 8834
8546 8835
8547 8836
8548 8837
8549 8838
8551 8840
8552 8841
8553 8842
8554 8843
8555 8844
8556 8845
8557 8846
8558 8847
8559 8848
8561 8850
8562 8851
8563 8852
8564 8853
8565 8854
8566 8855
8567 8856
8568 8857
8569 8858
8571 8860
8572 8861
8573 8862
8574 8863
8575 8864
8576 8865
8577 8866
8578 8867
8579 8868
8581 8870
8582 8871
8583 8872
8584 8873
8585 8874
8586 8875
8587 8876
8588 8877
8589 8878
8591 8880
8592 8881
8593 8882
8594 8883
8595 8884
8596 8885
8597 8886
8598 8887
8599 8888
8601 8890
8602 8891
8603 8892
8604 8893
8605 8894
8606 8895
8607 8896
8608 8897
8609 8898
8611 8900
8612 8901
8613 8902
8614 8903
8615 8904
8616 8905
8617 8906
8618 8907
8619 8908
8621 8910
8622 8911
8623 8912
8624 8913
8625 8914
8626 8915
8627 8916
8628 8917
8629 8918
8631 8920
8632 8921
8633 8922
8634 8923
8635 8924
8636 8925
8637 8926
8638 8927
8639 8928
8641 8930
8642 8931
8643 8932
8644 8933
8645 8934
8646 8935
8647 8936
8648 8937
8649 8938
8651 8940
8652 8941
8653 8942
8654 8943
8655 8944
8656 8945
8657 8946
8658 8947
8659 8948
8661 8950
8662 8951
8663 8952
8664 8953
8665 8954
8666 8955
8667 8956
8668 8957
8669 8958
8671 8960
8672 8961
8673 8962
8674 8963
8675 8964
8676 8965
8677 8966
8678 8967
8679 8968
8681 8970
8682 8971
8683 8972
8684 8973
8685 8974
8686 8975
8687 8976
8688 8977
8689 8978
8691 8980
8692 8981
8693 8982
8694 8983
8695 8984
8696 8985
8697 8986
8698 8987
8699 8988
1 300
2 301
3 302
4 303
5 304
6 305
7 306
8 307
9 308
11 310
12 311
13 312
14 313
15 314
16 315
17 316
18 317
19 318
21 320
22 321
23 322
24 323
25 324
26 325
27 326
28 327
29 328
31 330
32 331
33 332
34 333
35 334
36 335
37 336
38 337
39 338
41 340
42 341
43 342
44 343
45 344
46 345
47 346
48 347
49 348
51 350
52 351
53 352
54 353
55 354
56 355
57 356
58 357
59 358
61 360
62 361
63 362
64 363
65 364
66 365
67 366
68 367
69 368
71 370
72 371
73 372
74 373
75 374
76 375
77 376
78 377
79 378
81 380
82 381
83 382
84 383
85 384
86 385
87 386
88 387
89 388
91 390
92 391
93 392
94 393
95 394
96 395
97 396
98 397
99 398
101 400
102 401
103 402
104 403
105 404
106 405
107 406
108 407
109 408
111 410
112 411
113 412
114 413
115 414
116 415
117 416
118 417
119 418
121 420
122 421
123 422
124 423
125 424
126 425
127 426
128 427
129 428
131 430
132 431
133 432
134 433
135 434
136 435
137 436
138 437
139 438
141 440
142 441
143 442
144 443
145 444
146 445
147 446
148 447
149 448
151 450
152 451
153 452
154 453
155 454
156 455
157 456
158 457
159 458
161 460
162 461
163 462
164 463
165 464
166 465
167 466
168 467
169 468
171 470
172 471
173 472
174 473
175 474
176 475
177 476
178 477
179 478
181 480
182 481
183 482
184 483
185 484
186 485
187 486
188 487
189 488
191 490
192 491
193 492
194 493
195 494
196 495
197 496
198 497
199 498
201 500
202 501
203 502
204 503
205 504
206 505
207 506
208 507
209 508
211 510
212 511
213 512
214 513
215 514
216 515
217 516
218 517
219 518
221 520
222 521
223 522
224 523
225 524
226 525
227 526
228 527
229 528
231 530
232 531
233 532
234 533
235 534
236 535
237 536
238 537
239 538
241 540
242 541
243 542
244 543
245 544
246 545
247 546
248 547
249 548
251 550
252 551
253 552
254 553
255 554
256 555
257 556
258 557
259 558
261 560
262 561
263 562
264 563
265 564
266 565
267 566
268 567
269 568
271 570
272 571
273 572
274 573
275 574
276 575
277 576
278 577
279 578
281 580
282 581
283 582
284 583
285 584
286 585
287 586
288 587
289 588
291 590
292 591
293 592
294 593
295 594
296 595
297 596
298 597
299 598
301 600
302 601
303 602
304 603
305 604
306 605
307 606
308 607
309 608
311 610
312 611
313 612
314 613
315 614
316 615
317 616
318 617
319 618
321 620
322 621
323 622
324 623
325 624
326 625
327 626
328 627
329 628
331 630
332 631
333 632
334 633
335 634
336 635
337 636
338 637
339 638
341 640
342 641
343 642
344 643
345 644
346 645
347 646
348 647
349 648
351 650
352 651
353 652
354 653
355 654
356 655
357 656
358 657
359 658
361 660
362 661
363 662
364 663
365 664
366 665
367 666
368 667
369 668
371 670
372 671
373 672
374 673
375 674
376 675
377 676
378 677
379 678
381 680
382 681
383 682
384 683
385 684
386 685
387 686
388 687
389 688
391 690
392 691
393 692
394 693
395 694
396 695
397 696
398 697
399 698
401 700
402 701
403 702
404 703
405 704
406 705
407 706
408 707
409 708
411 710
412 711
413 712
414 713
415 714
416 715
417 716
418 717
419 718
421 720
422 721
423 722
424 723
425 724
426 725
427 726
428 727
429 728
431 730
432 731
433 732
434 733
435 734
436 735
437 736
438 737
439 738
441 740
442 741
443 742
444 743
445 744
446 745
447 746
448 747
449 748
451 750
452 751
453 752
454 753
455 754
456 755
457 756
458 757
459 758
461 760
462 761
463 762
464 763
465 764
466 765
467 766
468 767
469 768
471 770
472 771
473 772
474 773
475 774
476 775
477 776
478 777
479 778
481 780
482 781
483 782
484 783
485 784
486 785
487 786
488 787
489 788
491 790
492 791
493 792
494 793
495 794
496 795
497 796
498 797
499 798
501 800
502 801
503 802
504 803
505 804
506 805
507 806
508 807
509 808
511 810
512 811
513 812
514 813
515 814
516 815
517 816
518 817
519 818
521 820
522 821
523 822
524 823
525 824
526 825
527 826
528 827
529 828
531 830
532 831
533 832
534 833
535 834
536 835
537 836
538 837
539 838
541 840
542 841
543 842
544 843
545 844
546 845
547 846
548 847
549 848
551 850
552 851
553 852
554 853
555 854
556 855
557 856
558 857
559 858
561 860
562 861
563 862
564 863
565 864
566 865
567 866
568 867
569 868
571 870
572 871
573 872
574 873
575 874
576 875
577 876
578 877
579 878
581 880
582 881
583 882
584 883
585 884
586 885
587 886
588 887
589 888
591 890
592 891
593 892
594 893
595 894
596 895
597 896
598 897
599 898
601 900
602 901
603 902
604 903
605 904
606 905
607 906
608 907
609 908
611 910
612 911
613 912
614 913
615 914
616 915
617 916
618 917
619 918
621 920
622 921
623 922
624 923
625 924
626 925
627 926
628 927
629 928
631 930
632 931
633 932
634 933
635 934
636 935
637 936
638 937
639 938
641 940
642 941
643 942
644 943
645 944
646 945
647 946
648 947
649 948
651 950
652 951
653 952
654 953
655 954
656 955
657 956
658 957
659 958
661 960
662 961
663 962
664 963
665 964
666 965
667 966
668 967
669 968
671 970
672 971
673 972
674 973
675 974
676 975
677 976
678 977
679 978
681 980
682 981
683 982
684 983
685 984
686 985
687 986
688 987
689 988
691 990
692 991
693 992
694 993
695 994
696 995
697 996
698 997
699 998
701 1000
702 1001
703 1002
704 1003
705 1004
706 1005
707 1006
708 1007
709 1008
711 1010
712 1011
713 1012
714 1013
715 1014
716 1015
717 1016
718 1017
719 1018
721 1020
722 1021
723 1022
724 1023
725 1024
726 1025
727 1026
728 1027
729 1028
731 1030
732 1031
733 1032
734 1033
735 1034
736 1035
737 1036
738 1037
739 1038
741 1040
742 1041
743 1042
744 1043
745 1044
746 1045
747 1046
748 1047
749 1048
751 1050
752 1051
753 1052
754 1053
755 1054
756 1055
757 1056
758 1057
759 1058
761 1060
762 1061
763 1062
764 1063
765 1064
766 1065
767 1066
768 1067
769 1068
771 1070
772 1071
773 1072
774 1073
775 1074
776 1075
777 1076
778 1077
779 1078
781 1080
782 1081
783 1082
784 1083
785 1084
786 1085
787 1086
788 1087
789 1088
791 1090
792 1091
793 1092
794 1093
795 1094
796 1095
797 1096
798 1097
799 1098
801 1100
802 1101
803 1102
804 1103
805 1104
806 1105
807 1106
808 1107
809 1108
811 1110
812 1111
813 1112
814 1113
815 1114
816 1115
817 1116
818 1117
819 1118
821 1120
822 1121
823 1122
824 1123
825 1124
826 1125
827 1126
828 1127
829 1128
831 1130
832 1131
833 1132
834 1133
835 1134
836 1135
837 1136
838 1137
839 1138
841 1140
842 1141
843 1142
844 1143
845 1144
846 1145
847 1146
848 1147
849 1148
851 1150
852 1151
853 1152
854 1153
855 1154
856 1155
857 1156
858 1157
859 1158
861 1160
862 1161
863 1162
864 1163
865 1164
866 1165
867 1166
868 1167
869 1168
871 1170
872 1171
873 1172
874 1173
875 1174
876 1175
877 1176
878 1177
879 1178
881 1180
882 1181
883 1182
884 1183
885 1184
886 1185
887 1186
888 1187
889 1188
891 1190
892 1191
893 1192
894 1193
895 1194
896 1195
897 1196
898 1197
899 1198
901 1200
902 1201
903 1202
904 1203
905 1204
906 1205
907 1206
908 1207
909 1208
911 1210
912 1211
913 1212
914 1213
915 1214
916 1215
917 1216
918 1217
919 1218
921 1220
922 1221
923 1222
924 1223
925 1224
926 1225
927 1226
928 1227
929 1228
931 1230
932 1231
933 1232
934 1233
935 1234
936 1235
937 1236
938 1237
939 1238
941 1240
942 1241
943 1242
944 1243
945 1244
946 1245
947 1246
948 1247
949 1248
951 1250
952 1251
953 1252
954 1253
955 1254
956 1255
957 1256
958 1257
959 1258
961 1260
962 1261
963 1262
964 1263
965 1264
966 1265
967 1266
968 1267
969 1268
971 1270
972 1271
973 1272
974 1273
975 1274
976 1275
977 1276
978 1277
979 1278
981 1280
982 1281
983 1282
984 1283
985 1284
986 1285
987 1286
988 1287
989 1288
991 1290
992 1291
993 1292
994 1293
995 1294
996 1295
997 1296
998 1297
999 1298
1001 1300
1002 1301
1003 1302
1004 1303
1005 1304
1006 1305
1007 1306
1008 1307
1009 1308
1011 1310
1012 1311
1013 1312
1014 1313
1015 1314
1016 1315
1017 1316
1018 1317
1019 1318
1021 1320
1022 1321
1023 1322
1024 1323
1025 1324
1026 1325
1027 1326
1028 1327
1029 1328
1031 1330
1032 1331
1033 1332
1034 1333
1035 1334
1036 1335
1037 1336
1038 1337
1039 1338
1041 1340
1042 1341
1043 1342
1044 1343
1045 1344
1046 1345
1047 1346
1048 1347
1049 1348
1051 1350
1052 1351
1053 1352
1054 1353
1055 1354
1056 1355
1057 1356
1058 1357
1059 1358
1061 1360
1062 1361
1063 1362
1064 1363
1065 1364
1066 1365
1067 1366
1068 1367
1069 1368
1071 1370
1072 1371
1073 1372
1074 1373
1075 1374
1076 1375
1077 1376
1078 1377
1079 1378
1081 1380
1082 1381
1083 1382
1084 1383
1085 1384
1086 1385
1087 1386
1088 1387
1089 1388
1091 1390
1092 1391
1093 1392
1094 1393
1095 1394
1096 1395
1097 1396
1098 1397
1099 1398
1101 1400
1102 1401
1103 1402
1104 1403
1105 1404
1106 1405
1107 1406
1108 1407
1109 1408
1111 1410
1112 1411
1113 1412
1114 1413
1115 1414
1116 1415
1117 1416
1118 1417
1119 1418
1121 1420
1122 1421
1123 1422
1124 1423
1125 1424
1126 1425
1127 1426
1128 1427
1129 1428
1131 1430
1132 1431
1133 1432
1134 1433
1135 1434
1136 1435
1137 1436
1138 1437
1139 1438
1141 1440
1142 1441
1143 1442
1144 1443
1145 1444
1146 1445
1147 1446
1148 1447
1149 1448
1151 1450
1152 1451
1153 1452
1154 1453
1155 1454
1156 1455
1157 1456
1158 1457
1159 1458
1161 1460
1162 1461
1163 1462
1164 1463
1165 1464
1166 1465
1167 1466
1168 1467
1169 1468
1171 1470
1172 1471
1173 1472
1174 1473
1175 1474
1176 1475
1177 1476
1178 1477
1179 1478
1181 1480
1182 1481
1183 1482
1184 1483
1185 1484
1186 1485
1187 1486
1188 1487
1189 1488
1191 1490
1192 1491
1193 1492
1194 1493
1195 1494
1196 1495
1197 1496
1198 1497
1199 1498
1201 1500
1202 1501
1203 1502
1204 1503
1205 1504
1206 1505
1207 1506
1208 1507
1209 1508
1211 1510
1212 1511
1213 1512
1214 1513
1215 1514
1216 1515
1217 1516
1218 1517
1219 1518
1221 1520
1222 1521
1223 1522
1224 1523
1225 1524
1226 1525
1227 1526
1228 1527
1229 1528
1231 1530
1232 1531
1233 1532
1234 1533
1235 1534
1236 1535
1237 1536
1238 1537
1239 1538
1241 1540
1242 1541
1243 1542
1244 1543
1245 1544
1246 1545
1247 1546
1248 1547
1249 1548
1251 1550
1252 1551
1253 1552
1254 1553
1255 1554
1256 1555
1257 1556
1258 1557
1259 1558
1261 1560
1262 1561
1263 1562
1264 1563
1265 1564
1266 1565
1267 1566
1268 1567
1269 1568
1271 1570
1272 1571
1273 1572
1274 1573
1275 1574
1276 1575
1277 1576
1278 1577
1279 1578
1281 1580
1282 1581
1283 1582
1284 1583
1285 1584
1286 1585
1287 1586
1288 1587
1289 1588
1291 1590
1292 1591
1293 1592
1294 1593
1295 1594
1296 1595
1297 1596
1298 1597
1299 1598
1301 1600
1302 1601
1303 1602
1304 1603
1305 1604
1306 1605
1307 1606
1308 1607
1309 1608
1311 1610
1312 1611
1313 1612
1314 1613
1315 1614
1316 1615
1317 1616
1318 1617
1319 1618
1321 1620
1322 1621
1323 1622
1324 1623
1325 1624
1326 1625
1327 1626
1328 1627
1329 1628
1331 1630
1332 1631
1333 1632
1334 1633
1335 1634
1336 1635
1337 1636
1338 1637
1339 1638
1341 1640
1342 1641
1343 1642
1344 1643
1345 1644
1346 1645
1347 1646
1348 1647
1349 1648
1351 1650
1352 1651
1353 1652
1354 1653
1355 1654
1356 1655
1357 1656
1358 1657
1359 1658
1361 1660
1362 1661
1363 1662
1364 1663
1365 1664
1366 1665
1367 1666
1368 1667
1369 1668
1371 1670
1372 1671
1373 1672
1374 1673
1375 1674
1376 1675
1377 1676
1378 1677
1379 1678
1381 1680
1382 1681
1383 1682
1384 1683
1385 1684
1386 1685
1387 1686
1388 1687
1389 1688
1391 1690
1392 1691
1393 1692
1394 1693
1395 1694
1396 1695
1397 1696
1398 1697
1399 1698
1401 1700
1402 1701
1403 1702
1404 1703
1405 1704
1406 1705
1407 1706
1408 1707
1409 1708
1411 1710
1412 1711
1413 1712
1414 1713
1415 1714
1416 1715
1417 1716
1418 1717
1419 1718
1421 1720
1422 1721
1423 1722
1424 1723
1425 1724
1426 1725
1427 1726
1428 1727
1429 1728
1431 1730
1432 1731
1433 1732
1434 1733
1435 1734
1436 1735
1437 1736
1438 1737
1439 1738
1441 1740
1442 1741
1443 1742
1444 1743
1445 1744
1446 1745
1447 1746
1448 1747
1449 1748
1451 1750
1452 1751
1453 1752
1454 1753
1455 1754
1456 1755
1457 1756
1458 1757
1459 1758
1461 1760
1462 1761
1463 1762
1464 1763
1465 1764
1466 1765
1467 1766
1468 1767
1469 1768
1471 1770
1472 1771
1473 1772
1474 1773
1475 1774
1476 1775
1477 1776
1478 1777
1479 1778
1481 1780
1482 1781
1483 1782
1484 1783
1485 1784
1486 1785
1487 1786
1488 1787
1489 1788
1491 1790
1492 1791
1493 1792
1494 1793
1495 1794
1496 1795
1497 1796
1498 1797
1499 1798
1501 1800
1502 1801
1503 1802
1504 1803
1505 1804
1506 1805
1507 1806
1508 1807
1509 1808
1511 1810
1512 1811
1513 1812
1514 1813
1515 1814
1516 1815
1517 1816
1518 1817
1519 1818
1521 1820
1522 1821
1523 1822
1524 1823
1525 1824
1526 1825
1527 1826
1528 1827
1529 1828
1531 1830
1532 1831
1533 1832
1534 1833
1535 1834
1536 1835
1537 1836
1538 1837
1539 1838
1541 1840
1542 1841
1543 1842
1544 1843
1545 1844
1546 1845
1547 1846
1548 1847
1549 1848
1551 1850
1552 1851
1553 1852
1554 1853
1555 1854
1556 1855
1557 1856
1558 1857
1559 1858
1561 1860
1562 1861
1563 1862
1564 1863
1565 1864
1566 1865
1567 1866
1568 1867
1569 1868
1571 1870
1572 1871
1573 1872
1574 1873
1575 1874
1576 1875
1577 1876
1578 1877
1579 1878
1581 1880
1582 1881
1583 1882
1584 1883
1585 1884
1586 1885
1587 1886
1588 1887
1589 1888
1591 1890
1592 1891
1593 1892
1594 1893
1595 1894
1596 1895
1597 1896
1598 1897
1599 1898
1601 1900
1602 1901
1603 1902
1604 1903
1605 1904
1606 1905
1607 1906
1608 1907
1609 1908
1611 1910
1612 1911
1613 1912
1614 1913
1615 1914
1616 1915
1617 1916
1618 1917
1619 1918
1621 1920
1622 1921
1623 1922
1624 1923
1625 1924
1626 1925
1627 1926
1628 1927
1629 1928
1631 1930
1632 1931
1633 1932
1634 1933
1635 1934
1636 1935
1637 1936
1638 1937
1639 1938
1641 1940
1642 1941
1643 1942
1644 1943
1645 1944
1646 1945
1647 1946
1648 1947
1649 1948
1651 1950
1652 1951
1653 1952
1654 1953
1655 1954
1656 1955
1657 1956
1658 1957
1659 1958
1661 1960
1662 1961
1663 1962
1664 1963
1665 1964
1666 1965
1667 1966
1668 1967
1669 1968
1671 1970
1672 1971
1673 1972
1674 1973
1675 1974
1676 1975
1677 1976
1678 1977
1679 1978
1681 1980
1682 1981
1683 1982
1684 1983
1685 1984
1686 1985
1687 1986
1688 1987
1689 1988
1691 1990
1692 1991
1693 1992
1694 1993
1695 1994
1696 1995
1697 1996
1698 1997
1699 1998
1701 2000
1702 2001
1703 2002
1704 2003
1705 2004
1706 2005
1707 2006
1708 2007
1709 2008
1711 2010
1712 2011
1713 2012
1714 2013
1715 2014
1716 2015
1717 2016
1718 2017
1719 2018
1721 2020
1722 2021
1723 2022
1724 2023
1725 2024
1726 2025
1727 2026
1728 2027
1729 2028
1731 2030
1732 2031
1733 2032
1734 2033
1735 2034
1736 2035
1737 2036
1738 2037
1739 2038
1741 2040
1742 2041
1743 2042
1744 2043
1745 2044
1746 2045
1747 2046
1748 2047
1749 2048
1751 2050
1752 2051
1753 2052
1754 2053
1755 2054
1756 2055
1757 2056
1758 2057
1759 2058
1761 2060
1762 2061
1763 2062
1764 2063
1765 2064
1766 2065
1767 2066
1768 2067
1769 2068
1771 2070
1772 2071
1773 2072
1774 2073
1775 2074
1776 2075
1777 2076
1778 2077
1779 2078
1781 2080
1782 2081
1783 2082
1784 2083
1785 2084
1786 2085
1787 2086
1788 2087
1789 2088
1791 2090
1792 2091
1793 2092
1794 2093
1795 2094
1796 2095
1797 2096
1798 2097
1799 2098
1801 2100
1802 2101
1803 2102
1804 2103
1805 2104
1806 2105
1807 2106
1808 2107
1809 2108
1811 2110
1812 2111
1813 2112
1814 2113
1815 2114
1816 2115
1817 2116
1818 2117
1819 2118
1821 2120
1822 2121
1823 2122
1824 2123
1825 2124
1826 2125
1827 2126
1828 2127
1829 2128
1831 2130
1832 2131
1833 2132
1834 2133
1835 2134
1836 2135
1837 2136
1838 2137
1839 2138
1841 2140
1842 2141
1843 2142
1844 2143
1845 2144
1846 2145
1847 2146
1848 2147
1849 2148
1851 2150
1852 2151
1853 2152
1854 2153
1855 2154
1856 2155
1857 2156
1858 2157
1859 2158
1861 2160
1862 2161
1863 2162
1864 2163
1865 2164
1866 2165
1867 2166
1868 2167
1869 2168
1871 2170
1872 2171
1873 2172
1874 2173
1875 2174
1876 2175
1877 2176
1878 2177
1879 2178
1881 2180
1882 2181
1883 2182
1884 2183
1885 2184
1886 2185
1887 2186
1888 2187
1889 2188
1891 2190
1892 2191
1893 2192
1894 2193
1895 2194
1896 2195
1897 2196
1898 2197
1899 2198
1901 2200
1902 2201
1903 2202
1904 2203
1905 2204
1906 2205
1907 2206
1908 2207
1909 2208
1911 2210
1912 2211
1913 2212
1914 2213
1915 2214
1916 2215
1917 2216
1918 2217
1919 2218
1921 2220
1922 2221
1923 2222
1924 2223
1925 2224
1926 2225
1927 2226
1928 2227
1929 2228
1931 2230
1932 2231
1933 2232
1934 2233
1935 2234
1936 2235
1937 2236
1938 2237
1939 2238
1941 2240
1942 2241
1943 2242
1944 2243
1945 2244
1946 2245
1947 2246
1948 2247
1949 2248
1951 2250
1952 2251
1953 2252
1954 2253
1955 2254
1956 2255
1957 2256
1958 2257
1959 2258
1961 2260
1962 2261
1963 2262
1964 2263
1965 2264
1966 2265
1967 2266
1968 2267
1969 2268
1971 2270
1972 2271
1973 2272
1974 2273
1975 2274
1976 2275
1977 2276
1978 2277
1979 2278
1981 2280
1982 2281
1983 2282
1984 2283
1985 2284
1986 2285
1987 2286
1988 2287
1989 2288
1991 2290
1992 2291
1993 2292
1994 2293
1995 2294
1996 2295
1997 2296
1998 2297
1999 2298
2001 2300
2002 2301
2003 2302
2004 2303
2005 2304
2006 2305
2007 2306
2008 2307
2009 2308
2011 2310
2012 2311
2013 2312
2014 2313
2015 2314
2016 2315
2017 2316
2018 2317
2019 2318
2021 2320
2022 2321
2023 2322
2024 2323
2025 2324
2026 2325
2027 2326
2028 2327
2029 2328
2031 2330
2032 2331
2033 2332
2034 2333
2035 2334
2036 2335
2037 2336
2038 2337
2039 2338
2041 2340
2042 2341
2043 2342
2044 2343
2045 2344
2046 2345
2047 2346
2048 2347
2049 2348
2051 2350
2052 2351
2053 2352
2054 2353
2055 2354
2056 2355
2057 2356
2058 2357
2059 2358
2061 2360
2062 2361
2063 2362
2064 2363
2065 2364
2066 2365
2067 2366
2068 2367
2069 2368
2071 2370
2072 2371
2073 2372
2074 2373
2075 2374
2076 2375
2077 2376
2078 2377
2079 2378
2081 2380
2082 2381
2083 2382
2084 2383
2085 2384
2086 2385
2087 2386
2088 2387
2089 2388
2091 2390
2092 2391
2093 2392
2094 2393
2095 2394
2096 2395
2097 2396
2098 2397
2099 2398
2101 2400
2102 2401
2103 2402
2104 2403
2105 2404
2106 2405
2107 2406
2108 2407
2109 2408
2111 2410
2112 2411
2113 2412
2114 2413
2115 2414
2116 2415
2117 2416
2118 2417
2119 2418
2121 2420
2122 2421
2123 2422
2124 2423
2125 2424
2126 2425
2127 2426
2128 2427
2129 2428
2131 2430
2132 2431
2133 2432
2134 2433
2135 2434
2136 2435
2137 2436
2138 2437
2139 2438
2141 2440
2142 2441
2143 2442
2144 2443
2145 2444
2146 2445
2147 2446
2148 2447
2149 2448
2151 2450
2152 2451
2153 2452
2154 2453
2155 2454
2156 2455
2157 2456
2158 2457
2159 2458
2161 2460
2162 2461
2163 2462
2164 2463
2165 2464
2166 2465
2167 2466
2168 2467
2169 2468
2171 2470
2172 2471
2173 2472
2174 2473
2175 2474
2176 2475
2177 2476
2178 2477
2179 2478
2181 2480
2182 2481
2183 2482
2184 2483
2185 2484
2186 2485
2187 2486
2188 2487
2189 2488
2191 2490
2192 2491
2193 2492
2194 2493
2195 2494
2196 2495
2197 2496
2198 2497
2199 2498
2201 2500
2202 2501
2203 2502
2204 2503
2205 2504
2206 2505
2207 2506
2208 2507
2209 2508
2211 2510
2212 2511
2213 2512
2214 2513
2215 2514
2216 2515
2217 2516
2218 2517
2219 2518
2221 2520
2222 2521
2223 2522
2224 2523
2225 2524
2226 2525
2227 2526
2228 2527
2229 2528
2231 2530
2232 2531
2233 2532
2234 2533
2235 2534
2236 2535
2237 2536
2238 2537
2239 2538
2241 2540
2242 2541
2243 2542
2244 2543
2245 2544
2246 2545
2247 2546
2248 2547
2249 2548
2251 2550
2252 2551
2253 2552
2254 2553
2255 2554
2256 2555
2257 2556
2258 2557
2259 2558
2261 2560
2262 2561
2263 2562
2264 2563
2265 2564
2266 2565
2267 2566
2268 2567
2269 2568
2271 2570
2272 2571
2273 2572
2274 2573
2275 2574
2276 2575
2277 2576
2278 2577
2279 2578
2281 2580
2282 2581
2283 2582
2284 2583
2285 2584
2286 2585
2287 2586
2288 2587
2289 2588
2291 2590
2292 2591
2293 2592
2294 2593
2295 2594
2296 2595
2297 2596
2298 2597
2299 2598
2301 2600
2302 2601
2303 2602
2304 2603
2305 2604
2306 2605
2307 2606
2308 2607
2309 2608
2311 2610
2312 2611
2313 2612
2314 2613
2315 2614
2316 2615
2317 2616
2318 2617
2319 2618
2321 2620
2322 2621
2323 2622
2324 2623
2325 2624
2326 2625
2327 2626
2328 2627
2329 2628
2331 2630
2332 2631
2333 2632
2334 2633
2335 2634
2336 2635
2337 2636
2338 2637
2339 2638
2341 2640
2342 2641
2343 2642
2344 2643
2345 2644
2346 2645
2347 2646
2348 2647
2349 2648
2351 2650
2352 2651
2353 2652
2354 2653
2355 2654
2356 2655
2357 2656
2358 2657
2359 2658
2361 2660
2362 2661
2363 2662
2364 2663
2365 2664
2366 2665
2367 2666
2368 2667
2369 2668
2371 2670
2372 2671
2373 2672
2374 2673
2375 2674
2376 2675
2377 2676
2378 2677
2379 2678
2381 2680
2382 2681
2383 2682
2384 2683
2385 2684
2386 2685
2387 2686
2388 2687
2389 2688
2391 2690
2392 2691
2393 2692
2394 2693
2395 2694
2396 2695
2397 2696
2398 2697
2399 2698
2401 2700
2402 2701
2403 2702
2404 2703
2405 2704
2406 2705
2407 2706
2408 2707
2409 2708
2411 2710
2412 2711
2413 2712
2414 2713
2415 2714
2416 2715
2417 2716
2418 2717
2419 2718
2421 2720
2422 2721
2423 2722
2424 2723
2425 2724
2426 2725
2427 2726
2428 2727
2429 2728
2431 2730
2432 2731
2433 2732
2434 2733
2435 2734
2436 2735
2437 2736
2438 2737
2439 2738
2441 2740
2442 2741
2443 2742
2444 2743
2445 2744
2446 2745
2447 2746
2448 2747
2449 2748
2451 2750
2452 2751
2453 2752
2454 2753
2455 2754
2456 2755
2457 2756
2458 2757
2459 2758
2461 2760
2462 2761
2463 2762
2464 2763
2465 2764
2466 2765
2467 2766
2468 2767
2469 2768
2471 2770
2472 2771
2473 2772
2474 2773
2475 2774
2476 2775
2477 2776
2478 2777
2479 2778
2481 2780
2482 2781
2483 2782
2484 2783
2485 2784
2486 2785
2487 2786
2488 2787
2489 2788
2491 2790
2492 2791
2493 2792
2494 2793
2495 2794
2496 2795
2497 2796
2498 2797
2499 2798
2501 2800
2502 2801
2503 2802
2504 2803
2505 2804
2506 2805
2507 2806
2508 2807
2509 2808
2511 2810
2512 2811
2513 2812
2514 2813
2515 2814
2516 2815
2517 2816
2518 2817
2519 2818
2521 2820
2522 2821
2523 2822
2524 2823
2525 2824
2526 2825
2527 2826
2528 2827
2529 2828
2531 2830
2532 2831
2533 2832
2534 2833
2535 2834
2536 2835
2537 2836
2538 2837
2539 2838
2541 2840
2542 2841
2543 2842
2544 2843
2545 2844
2546 2845
2547 2846
2548 2847
2549 2848
2551 2850
2552 2851
2553 2852
2554 2853
2555 2854
2556 2855
2557 2856
2558 2857
2559 2858
2561 2860
2562 2861
2563 2862
2564 2863
2565 2864
2566 2865
2567 2866
2568 2867
2569 2868
2571 2870
2572 2871
2573 2872
2574 2873
2575 2874
2576 2875
2577 2876
2578 2877
2579 2878
2581 2880
2582 2881
2583 2882
2584 2883
2585 2884
2586 2885
2587 2886
2588 2887
2589 2888
2591 2890
2592 2891
2593 2892
2594 2893
2595 2894
2596 2895
2597 2896
2598 2897
2599 2898
2601 2900
2602 2901
2603 2902
2604 2903
2605 2904
2606 2905
2607 2906
2608 2907
2609 2908
2611 2910
2612 2911
2613 2912
2614 2913
2615 2914
2616 2915
2617 2916
2618 2917
2619 2918
2621 2920
2622 2921
2623 2922
2624 2923
2625 2924
2626 2925
2627 2926
2628 2927
2629 2928
2631 2930
2632 2931
2633 2932
2634 2933
2635 2934
2636 2935
2637 2936
2638 2937
2639 2938
2641 2940
2642 2941
2643 2942
2644 2943
2645 2944
2646 2945
2647 2946
2648 2947
2649 2948
2651 2950
2652 2951
2653 2952
2654 2953
2655 2954
2656 2955
2657 2956
2658 2957
2659 2958
2661 2960
2662 2961
2663 2962
2664 2963
2665 2964
2666 2965
2667 2966
2668 2967
2669 2968
2671 2970
2672 2971
2673 2972
2674 2973
2675 2974
2676 2975
2677 2976
2678 2977
2679 2978
2681 2980
2682 2981
2683 2982
2684 2983
2685 2984
2686 2985
2687 2986
2688 2987
2689 2988
2691 2990
2692 2991
2693 2992
2694 2993
2695 2994
2696 2995
2697 2996
2698 2997
2699 2998
2701 3000
2702 3001
2703 3002
2704 3003
2705 3004
2706 3005
2707 3006
2708 3007
2709 3008
2711 3010
2712 3011
2713 3012
2714 3013
2715 3014
2716 3015
2717 3016
2718 3017
2719 3018
2721 3020
2722 3021
2723 3022
2724 3023
2725 3024
2726 3025
2727 3026
2728 3027
2729 3028
2731 3030
2732 3031
2733 3032
2734 3033
2735 3034
2736 3035
2737 3036
2738 3037
2739 3038
2741 3040
2742 3041
2743 3042
2744 3043
2745 3044
2746 3045
2747 3046
2748 3047
2749 3048
2751 3050
2752 3051
2753 3052
2754 3053
2755 3054
2756 3055
2757 3056
2758 3057
2759 3058
2761 3060
2762 3061
2763 3062
2764 3063
2765 3064
2766 3065
2767 3066
2768 3067
2769 3068
2771 3070
2772 3071
2773 3072
2774 3073
2775 3074
2776 3075
2777 3076
2778 3077
2779 3078
2781 3080
2782 3081
2783 3082
2784 3083
2785 3084
2786 3085
2787 3086
2788 3087
2789 3088
2791 3090
2792 3091
2793 3092
2794 3093
2795 3094
2796 3095
2797 3096
2798 3097
2799 3098
2801 3100
2802 3101
2803 3102
2804 3103
2805 3104
2806 3105
2807 3106
2808 3107
2809 3108
2811 3110
2812 3111
2813 3112
2814 3113
2815 3114
2816 3115
2817 3116
2818 3117
2819 3118
2821 3120
2822 3121
2823 3122
2824 3123
2825 3124
2826 3125
2827 3126
2828 3127
2829 3128
2831 3130
2832 3131
2833 3132
2834 3133
2835 3134
2836 3135
2837 3136
2838 3137
2839 3138
2841 3140
2842 3141
2843 3142
2844 3143
2845 3144
2846 3145
2847 3146
2848 3147
2849 3148
2851 3150
2852 3151
2853 3152
2854 3153
2855 3154
2856 3155
2857 3156
2858 3157
2859 3158
2861 3160
2862 3161
2863 3162
2864 3163
2865 3164
2866 3165
2867 3166
2868 3167
2869 3168
2871 3170
2872 3171
2873 3172
2874 3173
2875 3174
2876 3175
2877 3176
2878 3177
2879 3178
2881 3180
2882 3181
2883 3182
2884 3183
2885 3184
2886 3185
2887 3186
2888 3187
2889 3188
2891 3190
2892 3191
2893 3192
2894 3193
2895 3194
2896 3195
2897 3196
2898 3197
2899 3198
2901 3200
2902 3201
2903 3202
2904 3203
2905 3204
2906 3205
2907 3206
2908 3207
2909 3208
2911 3210
2912 3211
2913 3212
2914 3213
2915 3214
2916 3215
2917 3216
2918 3217
2919 3218
2921 3220
2922 3221
2923 3222
2924 3223
2925 3224
2926 3225
2927 3226
2928 3227
2929 3228
2931 3230
2932 3231
2933 3232
2934 3233
2935 3234
2936 3235
2937 3236
2938 3237
2939 3238
2941 3240
2942 3241
2943 3242
2944 3243
2945 3244
2946 3245
2947 3246
2948 3247
2949 3248
2951 3250
2952 3251
2953 3252
2954 3253
2955 3254
2956 3255
2957 3256
2958 3257
2959 3258
2961 3260
2962 3261
2963 3262
2964 3263
2965 3264
2966 3265
2967 3266
2968 3267
2969 3268
2971 3270
2972 3271
2973 3272
2974 3273
2975 3274
2976 3275
2977 3276
2978 3277
2979 3278
2981 3280
2982 3281
2983 3282
2984 3283
2985 3284
2986 3285
2987 3286
2988 3287
2989 3288
2991 3290
2992 3291
2993 3292
2994 3293
2995 3294
2996 3295
2997 3296
2998 3297
2999 3298
3001 3300
3002 3301
3003 3302
3004 3303
3005 3304
3006 3305
3007 3306
3008 3307
3009 3308
3011 3310
3012 3311
3013 3312
3014 3313
3015 3314
3016 3315
3017 3316
3018 3317
3019 3318
3021 3320
3022 3321
3023 3322
3024 3323
3025 3324
3026 3325
3027 3326
3028 3327
3029 3328
3031 3330
3032 3331
3033 3332
3034 3333
3035 3334
3036 3335
3037 3336
3038 3337
3039 3338
3041 3340
3042 3341
3043 3342
3044 3343
3045 3344
3046 3345
3047 3346
3048 3347
3049 3348
3051 3350
3052 3351
3053 3352
3054 3353
3055 3354
3056 3355
3057 3356
3058 3357
3059 3358
3061 3360
3062 3361
3063 3362
3064 3363
3065 3364
3066 3365
3067 3366
3068 3367
3069 3368
3071 3370
3072 3371
3073 3372
3074 3373
3075 3374
3076 3375
3077 3376
3078 3377
3079 3378
3081 3380
3082 3381
3083 3382
3084 3383
3085 3384
3086 3385
3087 3386
3088 3387
3089 3388
3091 3390
3092 3391
3093 3392
3094 3393
3095 3394
3096 3395
3097 3396
3098 3397
3099 3398
3101 3400
3102 3401
3103 3402
3104 3403
3105 3404
3106 3405
3107 3406
3108 3407
3109 3408
3111 3410
3112 3411
3113 3412
3114 3413
3115 3414
3116 3415
3117 3416
3118 3417
3119 3418
3121 3420
3122 3421
3123 3422
3124 3423
3125 3424
3126 3425
3127 3426
3128 3427
3129 3428
3131 3430
3132 3431
3133 3432
3134 3433
3135 3434
3136 3435
3137 3436
3138 3437
3139 3438
3141 3440
3142 3441
3143 3442
3144 3443
3145 3444
3146 3445
3147 3446
3148 3447
3149 3448
3151 3450
3152 3451
3153 3452
3154 3453
3155 3454
3156 3455
3157 3456
3158 3457
3159 3458
3161 3460
3162 3461
3163 3462
3164 3463
3165 3464
3166 3465
3167 3466
3168 3467
3169 3468
3171 3470
3172 3471
3173 3472
3174 3473
3175 3474
3176 3475
3177 3476
3178 3477
3179 3478
3181 3480
3182 3481
3183 3482
3184 3483
3185 3484
3186 3485
3187 3486
3188 3487
3189 3488
3191 3490
3192 3491
3193 3492
3194 3493
3195 3494
3196 3495
3197 3496
3198 3497
3199 3498
3201 3500
3202 3501
3203 3502
3204 3503
3205 3504
3206 3505
3207 3506
3208 3507
3209 3508
3211 3510
3212 3511
3213 3512
3214 3513
3215 3514
3216 3515
3217 3516
3218 3517
3219 3518
3221 3520
3222 3521
3223 3522
3224 3523
3225 3524
3226 3525
3227 3526
3228 3527
3229 3528
3231 3530
3232 3531
3233 3532
3234 3533
3235 3534
3236 3535
3237 3536
3238 3537
3239 3538
3241 3540
3242 3541
3243 3542
3244 3543
3245 3544
3246 3545
3247 3546
3248 3547
3249 3548
3251 3550
3252 3551
3253 3552
3254 3553
3255 3554
3256 3555
3257 3556
3258 3557
3259 3558
3261 3560
3262 3561
3263 3562
3264 3563
3265 3564
3266 3565
3267 3566
3268 3567
3269 3568
3271 3570
3272 3571
3273 3572
3274 3573
3275 3574
3276 3575
3277 3576
3278 3577
3279 3578
3281 3580
3282 3581
3283 3582
3284 3583
3285 3584
3286 3585
3287 3586
3288 3587
3289 3588
3291 3590
3292 3591
3293 3592
3294 3593
3295 3594
3296 3595
3297 3596
3298 3597
3299 3598
3301 3600
3302 3601
3303 3602
3304 3603
3305 3604
3306 3605
3307 3606
3308 3607
3309 3608
3311 3610
3312 3611
3313 3612
3314 3613
3315 3614
3316 3615
3317 3616
3318 3617
3319 3618
3321 3620
3322 3621
3323 3622
3324 3623
3325 3624
3326 3625
3327 3626
3328 3627
3329 3628
3331 3630
3332 3631
3333 3632
3334 3633
3335 3634
3336 3635
3337 3636
3338 3637
3339 3638
3341 3640
3342 3641
3343 3642
3344 3643
3345 3644
3346 3645
3347 3646
3348 3647
3349 3648
3351 3650
3352 3651
3353 3652
3354 3653
3355 3654
3356 3655
3357 3656
3358 3657
3359 3658
3361 3660
3362 3661
3363 3662
3364 3663
3365 3664
3366 3665
3367 3666
3368 3667
3369 3668
3371 3670
3372 3671
3373 3672
3374 3673
3375 3674
3376 3675
3377 3676
3378 3677
3379 3678
3381 3680
3382 3681
3383 3682
3384 3683
3385 3684
3386 3685
3387 3686
3388 3687
3389 3688
3391 3690
3392 3691
3393 3692
3394 3693
3395 3694
3396 3695
3397 3696
3398 3697
3399 3698
3401 3700
3402 3701
3403 3702
3404 3703
3405 3704
3406 3705
3407 3706
3408 3707
3409 3708
3411 3710
3412 3711
3413 3712
3414 3713
3415 3714
3416 3715
3417 3716
3418 3717
3419 3718
3421 3720
3422 3721
3423 3722
3424 3723
3425 3724
3426 3725
3427 3726
3428 3727
3429 3728
3431 3730
3432 3731
3433 3732
3434 3733
3435 3734
3436 3735
3437 3736
3438 3737
3439 3738
3441 3740
3442 3741
3443 3742
3444 3743
3445 3744
3446 3745
3447 3746
3448 3747
3449 3748
3451 3750
3452 3751
3453 3752
3454 3753
3455 3754
3456 3755
3457 3756
3458 3757
3459 3758
3461 3760
3462 3761
3463 3762
3464 3763
3465 3764
3466 3765
3467 3766
3468 3767
3469 3768
3471 3770
3472 3771
3473 3772
3474 3773
3475 3774
3476 3775
3477 3776
3478 3777
3479 3778
3481 3780
3482 3781
3483 3782
3484 3783
3485 3784
3486 3785
3487 3786
3488 3787
3489 3788
3491 3790
3492 3791
3493 3792
3494 3793
3495 3794
3496 3795
3497 3796
3498 3797
3499 3798
3501 3800
3502 3801
3503 3802
3504 3803
3505 3804
3506 3805
3507 3806
3508 3807
3509 3808
3511 3810
3512 3811
3513 3812
3514 3813
3515 3814
3516 3815
3517 3816
3518 3817
3519 3818
3521 3820
3522 3821
3523 3822
3524 3823
3525 3824
3526 3825
3527 3826
3528 3827
3529 3828
3531 3830
3532 3831
3533 3832
3534 3833
3535 3834
3536 3835
3537 3836
3538 3837
3539 3838
3541 3840
3542 3841
3543 3842
3544 3843
3545 3844
3546 3845
3547 3846
3548 3847
3549 3848
3551 3850
3552 3851
3553 3852
3554 3853
3555 3854
3556 3855
3557 3856
3558 3857
3559 3858
3561 3860
3562 3861
3563 3862
3564 3863
3565 3864
3566 3865
3567 3866
3568 3867
3569 3868
3571 3870
3572 3871
3573 3872
3574 3873
3575 3874
3576 3875
3577 3876
3578 3877
3579 3878
3581 3880
3582 3881
3583 3882
3584 3883
3585 3884
3586 3885
3587 3886
3588 3887
3589 3888
3591 3890
3592 3891
3593 3892
3594 3893
3595 3894
3596 3895
3597 3896
3598 3897
3599 3898
3601 3900
3602 3901
3603 3902
3604 3903
3605 3904
3606 3905
3607 3906
3608 3907
3609 3908
3611 3910
3612 3911
3613 3912
3614 3913
3615 3914
3616 3915
3617 3916
3618 3917
3619 3918
3621 3920
3622 3921
3623 3922
3624 3923
3625 3924
3626 3925
3627 3926
3628 3927
3629 3928
3631 3930
3632 3931
3633 3932
3634 3933
3635 3934
3636 3935
3637 3936
3638 3937
3639 3938
3641 3940
3642 3941
3643 3942
3644 3943
3645 3944
3646 3945
3647 3946
3648 3947
3649 3948
3651 3950
3652 3951
3653 3952
3654 3953
3655 3954
3656 3955
3657 3956
3658 3957
3659 3958
3661 3960
3662 3961
3663 3962
3664 3963
3665 3964
3666 3965
3667 3966
3668 3967
3669 3968
3671 3970
3672 3971
3673 3972
3674 3973
3675 3974
3676 3975
3677 3976
3678 3977
3679 3978
3681 3980
3682 3981
3683 3982
3684 3983
3685 3984
3686 3985
3687 3986
3688 3987
3689 3988
3691 3990
3692 3991
3693 3992
3694 3993
3695 3994
3696 3995
3697 3996
3698 3997
3699 3998
3701 4000
3702 4001
3703 4002
3704 4003
3705 4004
3706 4005
3707 4006
3708 4007
3709 4008
3711 4010
3712 4011
3713 4012
3714 4013
3715 4014
3716 4015
3717 4016
3718 4017
3719 4018
3721 4020
3722 4021
3723 4022
3724 4023
3725 4024
3726 4025
3727 4026
3728 4027
3729 4028
3731 4030
3732 4031
3733 4032
3734 4033
3735 4034
3736 4035
3737 4036
3738 4037
3739 4038
3741 4040
3742 4041
3743 4042
3744 4043
3745 4044
3746 4045
3747 4046
3748 4047
3749 4048
3751 4050
3752 4051
3753 4052
3754 4053
3755 4054
3756 4055
3757 4056
3758 4057
3759 4058
3761 4060
3762 4061
3763 4062
3764 4063
3765 4064
3766 4065
3767 4066
3768 4067
3769 4068
3771 4070
3772 4071
3773 4072
3774 4073
3775 4074
3776 4075
3777 4076
3778 4077
3779 4078
3781 4080
3782 4081
3783 4082
3784 4083
3785 4084
3786 4085
3787 4086
3788 4087
3789 4088
3791 4090
3792 4091
3793 4092
3794 4093
3795 4094
3796 4095
3797 4096
3798 4097
3799 4098
3801 4100
3802 4101
3803 4102
3804 4103
3805 4104
3806 4105
3807 4106
3808 4107
3809 4108
3811 4110
3812 4111
3813 4112
3814 4113
3815 4114
3816 4115
3817 4116
3818 4117
3819 4118
3821 4120
3822 4121
3823 4122
3824 4123
3825 4124
3826 4125
3827 4126
3828 4127
3829 4128
3831 4130
3832 4131
3833 4132
3834 4133
3835 4134
3836 4135
3837 4136
3838 4137
3839 4138
3841 4140
3842 4141
3843 4142
3844 4143
3845 4144
3846 4145
3847 4146
3848 4147
3849 4148
3851 4150
3852 4151
3853 4152
3854 4153
3855 4154
3856 4155
3857 4156
3858 4157
3859 4158
3861 4160
3862 4161
3863 4162
3864 4163
3865 4164
3866 4165
3867 4166
3868 4167
3869 4168
3871 4170
3872 4171
3873 4172
3874 4173
3875 4174
3876 4175
3877 4176
3878 4177
3879 4178
3881 4180
3882 4181
3883 4182
3884 4183
3885 4184
3886 4185
3887 4186
3888 4187
3889 4188
3891 4190
3892 4191
3893 4192
3894 4193
3895 4194
3896 4195
3897 4196
3898 4197
3899 4198
3901 4200
3902 4201
3903 4202
3904 4203
3905 4204
3906 4205
3907 4206
3908 4207
3909 4208
3911 4210
3912 4211
3913 4212
3914 4213
3915 4214
3916 4215
3917 4216
3918 4217
3919 4218
3921 4220
3922 4221
3923 4222
3924 4223
3925 4224
3926 4225
3927 4226
3928 4227
3929 4228
3931 4230
3932 4231
3933 4232
3934 4233
3935 4234
3936 4235
3937 4236
3938 4237
3939 4238
3941 4240
3942 4241
3943 4242
3944 4243
3945 4244
3946 4245
3947 4246
3948 4247
3949 4248
3951 4250
3952 4251
3953 4252
3954 4253
3955 4254
3956 4255
3957 4256
3958 4257
3959 4258
3961 4260
3962 4261
3963 4262
3964 4263
3965 4264
3966 4265
3967 4266
3968 4267
3969 4268
3971 4270
3972 4271
3973 4272
3974 4273
3975 4274
3976 4275
3977 4276
3978 4277
3979 4278
3981 4280
3982 4281
3983 4282
3984 4283
3985 4284
3986 4285
3987 4286
3988 4287
3989 4288
3991 4290
3992 4291
3993 4292
3994 4293
3995 4294
3996 4295
3997 4296
3998 4297
3999 4298
4001 4300
4002 4301
4003 4302
4004 4303
4005 4304
4006 4305
4007 4306
4008 4307
4009 4308
4011 4310
4012 4311
4013 4312
4014 4313
4015 4314
4016 4315
4017 4316
4018 4317
4019 4318
4021 4320
4022 4321
4023 4322
4024 4323
4025 4324
4026 4325
4027 4326
4028 4327
4029 4328
4031 4330
4032 4331
4033 4332
4034 4333
4035 4334
4036 4335
4037 4336
4038 4337
4039 4338
4041 4340
4042 4341
4043 4342
4044 4343
4045 4344
4046 4345
4047 4346
4048 4347
4049 4348
4051 4350
4052 4351
4053 4352
4054 4353
4055 4354
4056 4355
4057 4356
4058 4357
4059 4358
4061 4360
4062 4361
4063 4362
4064 4363
4065 4364
4066 4365
4067 4366
4068 4367
4069 4368
4071 4370
4072 4371
4073 4372
4074 4373
4075 4374
4076 4375
4077 4376
4078 4377
4079 4378
4081 4380
4082 4381
4083 4382
4084 4383
4085 4384
4086 4385
4087 4386
4088 4387
4089 4388
4091 4390
4092 4391
4093 4392
4094 4393
4095 4394
4096 4395
4097 4396
4098 4397
4099 4398
4101 4400
4102 4401
4103 4402
4104 4403
4105 4404
4106 4405
4107 4406
4108 4407
4109 4408
4111 4410
4112 4411
4113 4412
4114 4413
4115 4414
4116 4415
4117 4416
4118 4417
4119 4418
4121 4420
4122 4421
4123 4422
4124 4423
4125 4424
4126 4425
4127 4426
4128 4427
4129 4428
4131 4430
4132 4431
4133 4432
4134 4433
4135 4434
4136 4435
4137 4436
4138 4437
4139 4438
4141 4440
4142 4441
4143 4442
4144 4443
4145 4444
4146 4445
4147 4446
4148 4447
4149 4448
4151 4450
4152 4451
4153 4452
4154 4453
4155 4454
4156 4455
4157 4456
4158 4457
4159 4458
4161 4460
4162 4461
4163 4462
4164 4463
4165 4464
4166 4465
4167 4466
4168 4467
4169 4468
4171 4470
4172 4471
4173 4472
4174 4473
4175 4474
4176 4475
4177 4476
4178 4477
4179 4478
4181 4480
4182 4481
4183 4482
4184 4483
4185 4484
4186 4485
4187 4486
4188 4487
4189 4488
4191 4490
4192 4491
4193 4492
4194 4493
4195 4494
4196 4495
4197 4496
4198 4497
4199 4498
4201 4500
4202 4501
4203 4502
4204 4503
4205 4504
4206 4505
4207 4506
4208 4507
4209 4508
4211 4510
4212 4511
4213 4512
4214 4513
4215 4514
4216 4515
4217 4516
4218 4517
4219 4518
4221 4520
4222 4521
4223 4522
4224 4523
4225 4524
4226 4525
4227 4526
4228 4527
4229 4528
4231 4530
4232 4531
4233 4532
4234 4533
4235 4534
4236 4535
4237 4536
4238 4537
4239 4538
4241 4540
4242 4541
4243 4542
4244 4543
4245 4544
4246 4545
4247 4546
4248 4547
4249 4548
4251 4550
4252 4551
4253 4552
4254 4553
4255 4554
4256 4555
4257 4556
4258 4557
4259 4558
4261 4560
4262 4561
4263 4562
4264 4563
4265 4564
4266 4565
4267 4566
4268 4567
4269 4568
4271 4570
4272 4571
4273 4572
4274 4573
4275 4574
4276 4575
4277 4576
4278 4577
4279 4578
4281 4580
4282 4581
4283 4582
4284 4583
4285 4584
4286 4585
4287 4586
4288 4587
4289 4588
4291 4590
4292 4591
4293 4592
4294 4593
4295 4594
4296 4595
4297 4596
4298 4597
4299 4598
4301 4600
4302 4601
4303 4602
4304 4603
4305 4604
4306 4605
4307 4606
4308 4607
4309 4608
4311 4610
4312 4611
4313 4612
4314 4613
4315 4614
4316 4615
4317 4616
4318 4617
4319 4618
4321 4620
4322 4621
4323 4622
4324 4623
4325 4624
4326 4625
4327 4626
4328 4627
4329 4628
4331 4630
4332 4631
4333 4632
4334 4633
4335 4634
4336 4635
4337 4636
4338 4637
4339 4638
4341 4640
4342 4641
4343 4642
4344 4643
4345 4644
4346 4645
4347 4646
4348 4647
4349 4648
4351 4650
4352 4651
4353 4652
4354 4653
4355 4654
4356 4655
4357 4656
4358 4657
4359 4658
4361 4660
4362 4661
4363 4662
4364 4663
4365 4664
4366 4665
4367 4666
4368 4667
4369 4668
4371 4670
4372 4671
4373 4672
4374 4673
4375 4674
4376 4675
4377 4676
4378 4677
4379 4678
4381 4680
4382 4681
4383 4682
4384 4683
4385 4684
4386 4685
4387 4686
4388 4687
4389 4688
4391 4690
4392 4691
4393 4692
4394 4693
4395 4694
4396 4695
4397 4696
4398 4697
4399 4698
4401 4700
4402 4701
4403 4702
4404 4703
4405 4704
4406 4705
4407 4706
4408 4707
4409 4708
4411 4710
4412 4711
4413 4712
4414 4713
4415 4714
4416 4715
4417 4716
4418 4717
4419 4718
4421 4720
4422 4721
4423 4722
4424 4723
4425 4724
4426 4725
4427 4726
4428 4727
4429 4728
4431 4730
4432 4731
4433 4732
4434 4733
4435 4734
4436 4735
4437 4736
4438 4737
4439 4738
4441 4740
4442 4741
4443 4742
4444 4743
4445 4744
4446 4745
4447 4746
4448 4747
4449 4748
4451 4750
4452 4751
4453 4752
4454 4753
4455 4754
4456 4755
4457 4756
4458 4757
4459 4758
4461 4760
4462 4761
4463 4762
4464 4763
4465 4764
4466 4765
4467 4766
4468 4767
4469 4768
4471 4770
4472 4771
4473 4772
4474 4773
4475 4774
4476 4775
4477 4776
4478 4777
4479 4778
4481 4780
4482 4781
4483 4782
4484 4783
4485 4784
4486 4785
4487 4786
4488 4787
4489 4788
4491 4790
4492 4791
4493 4792
4494 4793
4495 4794
4496 4795
4497 4796
4498 4797
4499 4798
4501 4800
4502 4801
4503 4802
4504 4803
4505 4804
4506 4805
4507 4806
4508 4807
4509 4808
4511 4810
4512 4811
4513 4812
4514 4813
4515 4814
4516 4815
4517 4816
4518 4817
4519 4818
4521 4820
4522 4821
4523 4822
4524 4823
4525 4824
4526 4825
4527 4826
4528 4827
4529 4828
4531 4830
4532 4831
4533 4832
4534 4833
4535 4834
4536 4835
4537 4836
4538 4837
4539 4838
4541 4840
4542 4841
4543 4842
4544 4843
4545 4844
4546 4845
4547 4846
4548 4847
4549 4848
4551 4850
4552 4851
4553 4852
4554 4853
4555 4854
4556 4855
4557 4856
4558 4857
4559 4858
4561 4860
4562 4861
4563 4862
4564 4863
4565 4864
4566 4865
4567 4866
4568 4867
4569 4868
4571 4870
4572 4871
4573 4872
4574 4873
4575 4874
4576 4875
4577 4876
4578 4877
4579 4878
4581 4880
4582 4881
4583 4882
4584 4883
4585 4884
4586 4885
4587 4886
4588 4887
4589 4888
4591 4890
4592 4891
4593 4892
4594 4893
4595 4894
4596 4895
4597 4896
4598 4897
4599 4898
4601 4900
4602 4901
4603 4902
4604 4903
4605 4904
4606 4905
4607 4906
4608 4907
4609 4908
4611 4910
4612 4911
4613 4912
4614 4913
4615 4914
4616 4915
4617 4916
4618 4917
4619 4918
4621 4920
4622 4921
4623 4922
4624 4923
4625 4924
4626 4925
4627 4926
4628 4927
4629 4928
4631 4930
4632 4931
4633 4932
4634 4933
4635 4934
4636 4935
4637 4936
4638 4937
4639 4938
4641 4940
4642 4941
4643 4942
4644 4943
4645 4944
4646 4945
4647 4946
4648 4947
4649 4948
4651 4950
4652 4951
4653 4952
4654 4953
4655 4954
4656 4955
4657 4956
4658 4957
4659 4958
4661 4960
4662 4961
4663 4962
4664 4963
4665 4964
4666 4965
4667 4966
4668 4967
4669 4968
4671 4970
4672 4971
4673 4972
4674 4973
4675 4974
4676 4975
4677 4976
4678 4977
4679 4978
4681 4980
4682 4981
4683 4982
4684 4983
4685 4984
4686 4985
4687 4986
4688 4987
4689 4988
4691 4990
4692 4991
4693 4992
4694 4993
4695 4994
4696 4995
4697 4996
4698 4997
4699 4998
4701 5000
4702 5001
4703 5002
4704 5003
4705 5004
4706 5005
4707 5006
4708 5007
4709 5008
4711 5010
4712 5011
4713 5012
4714 5013
4715 5014
4716 5015
4717 5016
4718 5017
4719 5018
4721 5020
4722 5021
4723 5022
4724 5023
4725 5024
4726 5025
4727 5026
4728 5027
4729 5028
4731 5030
4732 5031
4733 5032
4734 5033
4735 5034
4736 5035
4737 5036
4738 5037
4739 5038
4741 5040
4742 5041
4743 5042
4744 5043
4745 5044
4746 5045
4747 5046
4748 5047
4749 5048
4751 5050
4752 5051
4753 5052
4754 5053
4755 5054
4756 5055
4757 5056
4758 5057
4759 5058
4761 5060
4762 5061
4763 5062
4764 5063
4765 5064
4766 5065
4767 5066
4768 5067
4769 5068
4771 5070
4772 5071
4773 5072
4774 5073
4775 5074
4776 5075
4777 5076
4778 5077
4779 5078
4781 5080
4782 5081
4783 5082
4784 5083
4785 5084
4786 5085
4787 5086
4788 5087
4789 5088
4791 5090
4792 5091
4793 5092
4794 5093
4795 5094
4796 5095
4797 5096
4798 5097
4799 5098
4801 5100
4802 5101
4803 5102
4804 5103
4805 5104
4806 5105
4807 5106
4808 5107
4809 5108
4811 5110
4812 5111
4813 5112
4814 5113
4815 5114
4816 5115
4817 5116
4818 5117
4819 5118
4821 5120
4822 5121
4823 5122
4824 5123
4825 5124
4826 5125
4827 5126
4828 5127
4829 5128
4831 5130
4832 5131
4833 5132
4834 5133
4835 5134
4836 5135
4837 5136
4838 5137
4839 5138
4841 5140
4842 5141
4843 5142
4844 5143
4845 5144
4846 5145
4847 5146
4848 5147
4849 5148
4851 5150
4852 5151
4853 5152
4854 5153
4855 5154
4856 5155
4857 5156
4858 5157
4859 5158
4861 5160
4862 5161
4863 5162
4864 5163
4865 5164
4866 5165
4867 5166
4868 5167
4869 5168
4871 5170
4872 5171
4873 5172
4874 5173
4875 5174
4876 5175
4877 5176
4878 5177
4879 5178
4881 5180
4882 5181
4883 5182
4884 5183
4885 5184
4886 5185
4887 5186
4888 5187
4889 5188
4891 5190
4892 5191
4893 5192
4894 5193
4895 5194
4896 5195
4897 5196
4898 5197
4899 5198
4901 5200
4902 5201
4903 5202
4904 5203
4905 5204
4906 5205
4907 5206
4908 5207
4909 5208
4911 5210
4912 5211
4913 5212
4914 5213
4915 5214
4916 5215
4917 5216
4918 5217
4919 5218
4921 5220
4922 5221
4923 5222
4924 5223
4925 5224
4926 5225
4927 5226
4928 5227
4929 5228
4931 5230
4932 5231
4933 5232
4934 5233
4935 5234
4936 5235
4937 5236
4938 5237
4939 5238
4941 5240
4942 5241
4943 5242
4944 5243
4945 5244
4946 5245
4947 5246
4948 5247
4949 5248
4951 5250
4952 5251
4953 5252
4954 5253
4955 5254
4956 5255
4957 5256
4958 5257
4959 5258
4961 5260
4962 5261
4963 5262
4964 5263
4965 5264
4966 5265
4967 5266
4968 5267
4969 5268
4971 5270
4972 5271
4973 5272
4974 5273
4975 5274
4976 5275
4977 5276
4978 5277
4979 5278
4981 5280
4982 5281
4983 5282
4984 5283
4985 5284
4986 5285
4987 5286
4988 5287
4989 5288
4991 5290
4992 5291
4993 5292
4994 5293
4995 5294
4996 5295
4997 5296
4998 5297
4999 5298
5001 5300
5002 5301
5003 5302
5004 5303
5005 5304
5006 5305
5007 5306
5008 5307
5009 5308
5011 5310
5012 5311
5013 5312
5014 5313
5015 5314
5016 5315
5017 5316
5018 5317
5019 5318
5021 5320
5022 5321
5023 5322
5024 5323
5025 5324
5026 5325
5027 5326
5028 5327
5029 5328
5031 5330
5032 5331
5033 5332
5034 5333
5035 5334
5036 5335
5037 5336
5038 5337
5039 5338
5041 5340
5042 5341
5043 5342
5044 5343
5045 5344
5046 5345
5047 5346
5048 5347
5049 5348
5051 5350
5052 5351
5053 5352
5054 5353
5055 5354
5056 5355
5057 5356
5058 5357
5059 5358
5061 5360
5062 5361
5063 5362
5064 5363
5065 5364
5066 5365
5067 5366
5068 5367
5069 5368
5071 5370
5072 5371
5073 5372
5074 5373
5075 5374
5076 5375
5077 5376
5078 5377
5079 5378
5081 5380
5082 5381
5083 5382
5084 5383
5085 5384
5086 5385
5087 5386
5088 5387
5089 5388
5091 5390
5092 5391
5093 5392
5094 5393
5095 5394
5096 5395
5097 5396
5098 5397
5099 5398
5101 5400
5102 5401
5103 5402
5104 5403
5105 5404
5106 5405
5107 5406
5108 5407
5109 5408
5111 5410
5112 5411
5113 5412
5114 5413
5115 5414
5116 5415
5117 5416
5118 5417
5119 5418
5121 5420
5122 5421
5123 5422
5124 5423
5125 5424
5126 5425
5127 5426
5128 5427
5129 5428
5131 5430
5132 5431
5133 5432
5134 5433
5135 5434
5136 5435
5137 5436
5138 5437
5139 5438
5141 5440
5142 5441
5143 5442
5144 5443
5145 5444
5146 5445
5147 5446
5148 5447
5149 5448
5151 5450
5152 5451
5153 5452
5154 5453
5155 5454
5156 5455
5157 5456
5158 5457
5159 5458
5161 5460
5162 5461
5163 5462
5164 5463
5165 5464
5166 5465
5167 5466
5168 5467
5169 5468
5171 5470
5172 5471
5173 5472
5174 5473
5175 5474
5176 5475
5177 5476
5178 5477
5179 5478
5181 5480
5182 5481
5183 5482
5184 5483
5185 5484
5186 5485
5187 5486
5188 5487
5189 5488
5191 5490
5192 5491
5193 5492
5194 5493
5195 5494
5196 5495
5197 5496
5198 5497
5199 5498
5201 5500
5202 5501
5203 5502
5204 5503
5205 5504
5206 5505
5207 5506
5208 5507
5209 5508
5211 5510
5212 5511
5213 5512
5214 5513
5215 5514
5216 5515
5217 5516
5218 5517
5219 5518
5221 5520
5222 5521
5223 5522
5224 5523
5225 5524
5226 5525
5227 5526
5228 5527
5229 5528
5231 5530
5232 5531
5233 5532
5234 5533
5235 5534
5236 5535
5237 5536
5238 5537
5239 5538
5241 5540
5242 5541
5243 5542
5244 5543
5245 5544
5246 5545
5247 5546
5248 5547
5249 5548
5251 5550
5252 5551
5253 5552
5254 5553
5255 5554
5256 5555
5257 5556
5258 5557
5259 5558
5261 5560
5262 5561
5263 5562
5264 5563
5265 5564
5266 5565
5267 5566
5268 5567
5269 5568
5271 5570
5272 5571
5273 5572
5274 5573
5275 5574
5276 5575
5277 5576
5278 5577
5279 5578
5281 5580
5282 5581
5283 5582
5284 5583
5285 5584
5286 5585
5287 5586
5288 5587
5289 5588
5291 5590
5292 5591
5293 5592
5294 5593
5295 5594
5296 5595
5297 5596
5298 5597
5299 5598
5301 5600
5302 5601
5303 5602
5304 5603
5305 5604
5306 5605
5307 5606
5308 5607
5309 5608
5311 5610
5312 5611
5313 5612
5314 5613
5315 5614
5316 5615
5317 5616
5318 5617
5319 5618
5321 5620
5322 5621
5323 5622
5324 5623
5325 5624
5326 5625
5327 5626
5328 5627
5329 5628
5331 5630
5332 5631
5333 5632
5334 5633
5335 5634
5336 5635
5337 5636
5338 5637
5339 5638
5341 5640
5342 5641
5343 5642
5344 5643
5345 5644
5346 5645
5347 5646
5348 5647
5349 5648
5351 5650
5352 5651
5353 5652
5354 5653
5355 5654
5356 5655
5357 5656
5358 5657
5359 5658
5361 5660
5362 5661
5363 5662
5364 5663
5365 5664
5366 5665
5367 5666
5368 5667
5369 5668
5371 5670
5372 5671
5373 5672
5374 5673
5375 5674
5376 5675
5377 5676
5378 5677
5379 5678
5381 5680
5382 5681
5383 5682
5384 5683
5385 5684
5386 5685
5387 5686
5388 5687
5389 5688
5391 5690
5392 5691
5393 5692
5394 5693
5395 5694
5396 5695
5397 5696
5398 5697
5399 5698
5401 5700
5402 5701
5403 5702
5404 5703
5405 5704
5406 5705
5407 5706
5408 5707
5409 5708
5411 5710
5412 5711
5413 5712
5414 5713
5415 5714
5416 5715
5417 5716
5418 5717
5419 5718
5421 5720
5422 5721
5423 5722
5424 5723
5425 5724
5426 5725
5427 5726
5428 5727
5429 5728
5431 5730
5432 5731
5433 5732
5434 5733
5435 5734
5436 5735
5437 5736
5438 5737
5439 5738
5441 5740
5442 5741
5443 5742
5444 5743
5445 5744
5446 5745
5447 5746
5448 5747
5449 5748
5451 5750
5452 5751
5453 5752
5454 5753
5455 5754
5456 5755
5457 5756
5458 5757
5459 5758
5461 5760
5462 5761
5463 5762
5464 5763
5465 5764
5466 5765
5467 5766
5468 5767
5469 5768
5471 5770
5472 5771
5473 5772
5474 5773
5475 5774
5476 5775
5477 5776
5478 5777
5479 5778
5481 5780
5482 5781
5483 5782
5484 5783
5485 5784
5486 5785
5487 5786
5488 5787
5489 5788
5491 5790
5492 5791
5493 5792
5494 5793
5495 5794
5496 5795
5497 5796
5498 5797
5499 5798
5501 5800
5502 5801
5503 5802
5504 5803
5505 5804
5506 5805
5507 5806
5508 5807
5509 5808
5511 5810
5512 5811
5513 5812
5514 5813
5515 5814
5516 5815
5517 5816
5518 5817
5519 5818
5521 5820
5522 5821
5523 5822
5524 5823
5525 5824
5526 5825
5527 5826
5528 5827
5529 5828
5531 5830
5532 5831
5533 5832
5534 5833
5535 5834
5536 5835
5537 5836
5538 5837
5539 5838
5541 5840
5542 5841
5543 5842
5544 5843
5545 5844
5546 5845
5547 5846
5548 5847
5549 5848
5551 5850
5552 5851
5553 5852
5554 5853
5555 5854
5556 5855
5557 5856
5558 5857
5559 5858
5561 5860
5562 5861
5563 5862
5564 5863
5565 5864
5566 5865
5567 5866
5568 5867
5569 5868
5571 5870
5572 5871
5573 5872
5574 5873
5575 5874
5576 5875
5577 5876
5578 5877
5579 5878
5581 5880
5582 5881
5583 5882
5584 5883
5585 5884
5586 5885
5587 5886
5588 5887
5589 5888
5591 5890
5592 5891
5593 5892
5594 5893
5595 5894
5596 5895
5597 5896
5598 5897
5599 5898
5601 5900
5602 5901
5603 5902
5604 5903
5605 5904
5606 5905
5607 5906
5608 5907
5609 5908
5611 5910
5612 5911
5613 5912
5614 5913
5615 5914
5616 5915
5617 5916
5618 5917
5619 5918
5621 5920
5622 5921
5623 5922
5624 5923
5625 5924
5626 5925
5627 5926
5628 5927
5629 5928
5631 5930
5632 5931
5633 5932
5634 5933
5635 5934
5636 5935
5637 5936
5638 5937
5639 5938
5641 5940
5642 5941
5643 5942
5644 5943
5645 5944
5646 5945
5647 5946
5648 5947
5649 5948
5651 5950
5652 5951
5653 5952
5654 5953
5655 5954
5656 5955
5657 5956
5658 5957
5659 5958
5661 5960
5662 5961
5663 5962
5664 5963
5665 5964
5666 5965
5667 5966
5668 5967
5669 5968
5671 5970
5672 5971
5673 5972
5674 5973
5675 5974
5676 5975
5677 5976
5678 5977
5679 5978
5681 5980
5682 5981
5683 5982
5684 5983
5685 5984
5686 5985
5687 5986
5688 5987
5689 5988
5691 5990
5692 5991
5693 5992
5694 5993
5695 5994
5696 5995
5697 5996
5698 5997
5699 5998
5701 6000
5702 6001
5703 6002
5704 6003
5705 6004
5706 6005
5707 6006
5708 6007
5709 6008
5711 6010
5712 6011
5713 6012
5714 6013
5715 6014
5716 6015
5717 6016
5718 6017
5719 6018
5721 6020
5722 6021
5723 6022
5724 6023
5725 6024
5726 6025
5727 6026
5728 6027
5729 6028
5731 6030
5732 6031
5733 6032
5734 6033
5735 6034
5736 6035
5737 6036
5738 6037
5739 6038
5741 6040
5742 6041
5743 6042
5744 6043
5745 6044
5746 6045
5747 6046
5748 6047
5749 6048
5751 6050
5752 6051
5753 6052
5754 6053
5755 6054
5756 6055
5757 6056
5758 6057
5759 6058
5761 6060
5762 6061
5763 6062
5764 6063
5765 6064
5766 6065
5767 6066
5768 6067
5769 6068
5771 6070
5772 6071
5773 6072
5774 6073
5775 6074
5776 6075
5777 6076
5778 6077
5779 6078
5781 6080
5782 6081
5783 6082
5784 6083
5785 6084
5786 6085
5787 6086
5788 6087
5789 6088
5791 6090
5792 6091
5793 6092
5794 6093
5795 6094
5796 6095
5797 6096
5798 6097
5799 6098
5801 6100
5802 6101
5803 6102
5804 6103
5805 6104
5806 6105
5807 6106
5808 6107
5809 6108
5811 6110
5812 6111
5813 6112
5814 6113
5815 6114
5816 6115
5817 6116
5818 6117
5819 6118
5821 6120
5822 6121
5823 6122
5824 6123
5825 6124
5826 6125
5827 6126
5828 6127
5829 6128
5831 6130
5832 6131
5833 6132
5834 6133
5835 6134
5836 6135
5837 6136
5838 6137
5839 6138
5841 6140
5842 6141
5843 6142
5844 6143
5845 6144
5846 6145
5847 6146
5848 6147
5849 6148
5851 6150
5852 6151
5853 6152
5854 6153
5855 6154
5856 6155
5857 6156
5858 6157
5859 6158
5861 6160
5862 6161
5863 6162
5864 6163
5865 6164
5866 6165
5867 6166
5868 6167
5869 6168
5871 6170
5872 6171
5873 6172
5874 6173
5875 6174
5876 6175
5877 6176
5878 6177
5879 6178
5881 6180
5882 6181
5883 6182
5884 6183
5885 6184
5886 6185
5887 6186
5888 6187
5889 6188
5891 6190
5892 6191
5893 6192
5894 6193
5895 6194
5896 6195
5897 6196
5898 6197
5899 6198
5901 6200
5902 6201
5903 6202
5904 6203
5905 6204
5906 6205
5907 6206
5908 6207
5909 6208
5911 6210
5912 6211
5913 6212
5914 6213
5915 6214
5916 6215
5917 6216
5918 6217
5919 6218
5921 6220
5922 6221
5923 6222
5924 6223
5925 6224
5926 6225
5927 6226
5928 6227
5929 6228
5931 6230
5932 6231
5933 6232
5934 6233
5935 6234
5936 6235
5937 6236
5938 6237
5939 6238
5941 6240
5942 6241
5943 6242
5944 6243
5945 6244
5946 6245
5947 6246
5948 6247
5949 6248
5951 6250
5952 6251
5953 6252
5954 6253
5955 6254
5956 6255
5957 6256
5958 6257
5959 6258
5961 6260
5962 6261
5963 6262
5964 6263
5965 6264
5966 6265
5967 6266
5968 6267
5969 6268
5971 6270
5972 6271
5973 6272
5974 6273
5975 6274
5976 6275
5977 6276
5978 6277
5979 6278
5981 6280
5982 6281
5983 6282
5984 6283
5985 6284
5986 6285
5987 6286
5988 6287
5989 6288
5991 6290
5992 6291
5993 6292
5994 6293
5995 6294
5996 6295
5997 6296
5998 6297
5999 6298
6001 6300
6002 6301
6003 6302
6004 6303
6005 6304
6006 6305
6007 6306
6008 6307
6009 6308
6011 6310
6012 6311
6013 6312
6014 6313
6015 6314
6016 6315
6017 6316
6018 6317
6019 6318
6021 6320
6022 6321
6023 6322
6024 6323
6025 6324
6026 6325
6027 6326
6028 6327
6029 6328
6031 6330
6032 6331
6033 6332
6034 6333
6035 6334
6036 6335
6037 6336
6038 6337
6039 6338
6041 6340
6042 6341
6043 6342
6044 6343
6045 6344
6046 6345
6047 6346
6048 6347
6049 6348
6051 6350
6052 6351
6053 6352
6054 6353
6055 6354
6056 6355
6057 6356
6058 6357
6059 6358
6061 6360
6062 6361
6063 6362
6064 6363
6065 6364
6066 6365
6067 6366
6068 6367
6069 6368
6071 6370
6072 6371
6073 6372
6074 6373
6075 6374
6076 6375
6077 6376
6078 6377
6079 6378
6081 6380
6082 6381
6083 6382
6084 6383
6085 6384
6086 6385
6087 6386
6088 6387
6089 6388
6091 6390
6092 6391
6093 6392
6094 6393
6095 6394
6096 6395
6097 6396
6098 6397
6099 6398
6101 6400
6102 6401
6103 6402
6104 6403
6105 6404
6106 6405
6107 6406
6108 6407
6109 6408
6111 6410
6112 6411
6113 6412
6114 6413
6115 6414
6116 6415
6117 6416
6118 6417
6119 6418
6121 6420
6122 6421
6123 6422
6124 6423
6125 6424
6126 6425
6127 6426
6128 6427
6129 6428
6131 6430
6132 6431
6133 6432
6134 6433
6135 6434
6136 6435
6137 6436
6138 6437
6139 6438
6141 6440
6142 6441
6143 6442
6144 6443
6145 6444
6146 6445
6147 6446
6148 6447
6149 6448
6151 6450
6152 6451
6153 6452
6154 6453
6155 6454
6156 6455
6157 6456
6158 6457
6159 6458
6161 6460
6162 6461
6163 6462
6164 6463
6165 6464
6166 6465
6167 6466
6168 6467
6169 6468
6171 6470
6172 6471
6173 6472
6174 6473
6175 6474
6176 6475
6177 6476
6178 6477
6179 6478
6181 6480
6182 6481
6183 6482
6184 6483
6185 6484
6186 6485
6187 6486
6188 6487
6189 6488
6191 6490
6192 6491
6193 6492
6194 6493
6195 6494
6196 6495
6197 6496
6198 6497
6199 6498
6201 6500
6202 6501
6203 6502
6204 6503
6205 6504
6206 6505
6207 6506
6208 6507
6209 6508
6211 6510
6212 6511
6213 6512
6214 6513
6215 6514
6216 6515
6217 6516
6218 6517
6219 6518
6221 6520
6222 6521
6223 6522
6224 6523
6225 6524
6226 6525
6227 6526
6228 6527
6229 6528
6231 6530
6232 6531
6233 6532
6234 6533
6235 6534
6236 6535
6237 6536
6238 6537
6239 6538
6241 6540
6242 6541
6243 6542
6244 6543
6245 6544
6246 6545
6247 6546
6248 6547
6249 6548
6251 6550
6252 6551
6253 6552
6254 6553
6255 6554
6256 6555
6257 6556
6258 6557
6259 6558
6261 6560
6262 6561
6263 6562
6264 6563
6265 6564
6266 6565
6267 6566
6268 6567
6269 6568
6271 6570
6272 6571
6273 6572
6274 6573
6275 6574
6276 6575
6277 6576
6278 6577
6279 6578
6281 6580
6282 6581
6283 6582
6284 6583
6285 6584
6286 6585
6287 6586
6288 6587
6289 6588
6291 6590
6292 6591
6293 6592
6294 6593
6295 6594
6296 6595
6297 6596
6298 6597
6299 6598
6301 6600
6302 6601
6303 6602
6304 6603
6305 6604
6306 6605
6307 6606
6308 6607
6309 6608
6311 6610
6312 6611
6313 6612
6314 6613
6315 6614
6316 6615
6317 6616
6318 6617
6319 6618
6321 6620
6322 6621
6323 6622
6324 6623
6325 6624
6326 6625
6327 6626
6328 6627
6329 6628
6331 6630
6332 6631
6333 6632
6334 6633
6335 6634
6336 6635
6337 6636
6338 6637
6339 6638
6341 6640
6342 6641
6343 6642
6344 6643
6345 6644
6346 6645
6347 6646
6348 6647
6349 6648
6351 6650
6352 6651
6353 6652
6354 6653
6355 6654
6356 6655
6357 6656
6358 6657
6359 6658
6361 6660
6362 6661
6363 6662
6364 6663
6365 6664
6366 6665
6367 6666
6368 6667
6369 6668
6371 6670
6372 6671
6373 6672
6374 6673
6375 6674
6376 6675
6377 6676
6378 6677
6379 6678
6381 6680
6382 6681
6383 6682
6384 6683
6385 6684
6386 6685
6387 6686
6388 6687
6389 6688
6391 6690
6392 6691
6393 6692
6394 6693
6395 6694
6396 6695
6397 6696
6398 6697
6399 6698
6401 6700
6402 6701
6403 6702
6404 6703
6405 6704
6406 6705
6407 6706
6408 6707
6409 6708
6411 6710
6412 6711
6413 6712
6414 6713
6415 6714
6416 6715
6417 6716
6418 6717
6419 6718
6421 6720
6422 6721
6423 6722
6424 6723
6425 6724
6426 6725
6427 6726
6428 6727
6429 6728
6431 6730
6432 6731
6433 6732
6434 6733
6435 6734
6436 6735
6437 6736
6438 6737
6439 6738
6441 6740
6442 6741
6443 6742
6444 6743
6445 6744
6446 6745
6447 6746
6448 6747
6449 6748
6451 6750
6452 6751
6453 6752
6454 6753
6455 6754
6456 6755
6457 6756
6458 6757
6459 6758
6461 6760
6462 6761
6463 6762
6464 6763
6465 6764
6466 6765
6467 6766
6468 6767
6469 6768
6471 6770
6472 6771
6473 6772
6474 6773
6475 6774
6476 6775
6477 6776
6478 6777
6479 6778
6481 6780
6482 6781
6483 6782
6484 6783
6485 6784
6486 6785
6487 6786
6488 6787
6489 6788
6491 6790
6492 6791
6493 6792
6494 6793
6495 6794
6496 6795
6497 6796
6498 6797
6499 6798
6501 6800
6502 6801
6503 6802
6504 6803
6505 6804
6506 6805
6507 6806
6508 6807
6509 6808
6511 6810
6512 6811
6513 6812
6514 6813
6515 6814
6516 6815
6517 6816
6518 6817
6519 6818
6521 6820
6522 6821
6523 6822
6524 6823
6525 6824
6526 6825
6527 6826
6528 6827
6529 6828
6531 6830
6532 6831
6533 6832
6534 6833
6535 6834
6536 6835
6537 6836
6538 6837
6539 6838
6541 6840
6542 6841
6543 6842
6544 6843
6545 6844
6546 6845
6547 6846
6548 6847
6549 6848
6551 6850
6552 6851
6553 6852
6554 6853
6555 6854
6556 6855
6557 6856
6558 6857
6559 6858
6561 6860
6562 6861
6563 6862
6564 6863
6565 6864
6566 6865
6567 6866
6568 6867
6569 6868
6571 6870
6572 6871
6573 6872
6574 6873
6575 6874
6576 6875
6577 6876
6578 6877
6579 6878
6581 6880
6582 6881
6583 6882
6584 6883
6585 6884
6586 6885
6587 6886
6588 6887
6589 6888
6591 6890
6592 6891
6593 6892
6594 6893
6595 6894
6596 6895
6597 6896
6598 6897
6599 6898
6601 6900
6602 6901
6603 6902
6604 6903
6605 6904
6606 6905
6607 6906
6608 6907
6609 6908
6611 6910
6612 6911
6613 6912
6614 6913
6615 6914
6616 6915
6617 6916
6618 6917
6619 6918
6621 6920
6622 6921
6623 6922
6624 6923
6625 6924
6626 6925
6627 6926
6628 6927
6629 6928
6631 6930
6632 6931
6633 6932
6634 6933
6635 6934
6636 6935
6637 6936
6638 6937
6639 6938
6641 6940
6642 6941
6643 6942
6644 6943
6645 6944
6646 6945
6647 6946
6648 6947
6649 6948
6651 6950
6652 6951
6653 6952
6654 6953
6655 6954
6656 6955
6657 6956
6658 6957
6659 6958
6661 6960
6662 6961
6663 6962
6664 6963
6665 6964
6666 6965
6667 6966
6668 6967
6669 6968
6671 6970
6672 6971
6673 6972
6674 6973
6675 6974
6676 6975
6677 6976
6678 6977
6679 6978
6681 6980
6682 6981
6683 6982
6684 6983
6685 6984
6686 6985
6687 6986
6688 6987
6689 6988
6691 6990
6692 6991
6693 6992
6694 6993
6695 6994
6696 6995
6697 6996
6698 6997
6699 6998
6701 7000
6702 7001
6703 7002
6704 7003
6705 7004
6706 7005
6707 7006
6708 7007
6709 7008
6711 7010
6712 7011
6713 7012
6714 7013
6715 7014
6716 7015
6717 7016
6718 7017
6719 7018
6721 7020
6722 7021
6723 7022
6724 7023
6725 7024
6726 7025
6727 7026
6728 7027
6729 7028
6731 7030
6732 7031
6733 7032
6734 7033
6735 7034
6736 7035
6737 7036
6738 7037
6739 7038
6741 7040
6742 7041
6743 7042
6744 7043
6745 7044
6746 7045
6747 7046
6748 7047
6749 7048
6751 7050
6752 7051
6753 7052
6754 7053
6755 7054
6756 7055
6757 7056
6758 7057
6759 7058
6761 7060
6762 7061
6763 7062
6764 7063
6765 7064
6766 7065
6767 7066
6768 7067
6769 7068
6771 7070
6772 7071
6773 7072
6774 7073
6775 7074
6776 7075
6777 7076
6778 7077
6779 7078
6781 7080
6782 7081
6783 7082
6784 7083
6785 7084
6786 7085
6787 7086
6788 7087
6789 7088
6791 7090
6792 7091
6793 7092
6794 7093
6795 7094
6796 7095
6797 7096
6798 7097
6799 7098
6801 7100
6802 7101
6803 7102
6804 7103
6805 7104
6806 7105
6807 7106
6808 7107
6809 7108
6811 7110
6812 7111
6813 7112
6814 7113
6815 7114
6816 7115
6817 7116
6818 7117
6819 7118
6821 7120
6822 7121
6823 7122
6824 7123
6825 7124
6826 7125
6827 7126
6828 7127
6829 7128
6831 7130
6832 7131
6833 7132
6834 7133
6835 7134
6836 7135
6837 7136
6838 7137
6839 7138
6841 7140
6842 7141
6843 7142
6844 7143
6845 7144
6846 7145
6847 7146
6848 7147
6849 7148
6851 7150
6852 7151
6853 7152
6854 7153
6855 7154
6856 7155
6857 7156
6858 7157
6859 7158
6861 7160
6862 7161
6863 7162
6864 7163
6865 7164
6866 7165
6867 7166
6868 7167
6869 7168
6871 7170
6872 7171
6873 7172
6874 7173
6875 7174
6876 7175
6877 7176
6878 7177
6879 7178
6881 7180
6882 7181
6883 7182
6884 7183
6885 7184
6886 7185
6887 7186
6888 7187
6889 7188
6891 7190
6892 7191
6893 7192
6894 7193
6895 7194
6896 7195
6897 7196
6898 7197
6899 7198
6901 7200
6902 7201
6903 7202
6904 7203
6905 7204
6906 7205
6907 7206
6908 7207
6909 7208
6911 7210
6912 7211
6913 7212
6914 7213
6915 7214
6916 7215
6917 7216
6918 7217
6919 7218
6921 7220
6922 7221
6923 7222
6924 7223
6925 7224
6926 7225
6927 7226
6928 7227
6929 7228
6931 7230
6932 7231
6933 7232
6934 7233
6935 7234
6936 7235
6937 7236
6938 7237
6939 7238
6941 7240
6942 7241
6943 7242
6944 7243
6945 7244
6946 7245
6947 7246
6948 7247
6949 7248
6951 7250
6952 7251
6953 7252
6954 7253
6955 7254
6956 7255
6957 7256
6958 7257
6959 7258
6961 7260
6962 7261
6963 7262
6964 7263
6965 7264
6966 7265
6967 7266
6968 7267
6969 7268
6971 7270
6972 7271
6973 7272
6974 7273
6975 7274
6976 7275
6977 7276
6978 7277
6979 7278
6981 7280
6982 7281
6983 7282
6984 7283
6985 7284
6986 7285
6987 7286
6988 7287
6989 7288
6991 7290
6992 7291
6993 7292
6994 7293
6995 7294
6996 7295
6997 7296
6998 7297
6999 7298
7001 7300
7002 7301
7003 7302
7004 7303
7005 7304
7006 7305
7007 7306
7008 7307
7009 7308
7011 7310
7012 7311
7013 7312
7014 7313
7015 7314
7016 7315
7017 7316
7018 7317
7019 7318
7021 7320
7022 7321
7023 7322
7024 7323
7025 7324
7026 7325
7027 7326
7028 7327
7029 7328
7031 7330
7032 7331
7033 7332
7034 7333
7035 7334
7036 7335
7037 7336
7038 7337
7039 7338
7041 7340
7042 7341
7043 7342
7044 7343
7045 7344
7046 7345
7047 7346
7048 7347
7049 7348
7051 7350
7052 7351
7053 7352
7054 7353
7055 7354
7056 7355
7057 7356
7058 7357
7059 7358
7061 7360
7062 7361
7063 7362
7064 7363
7065 7364
7066 7365
7067 7366
7068 7367
7069 7368
7071 7370
7072 7371
7073 7372
7074 7373
7075 7374
7076 7375
7077 7376
7078 7377
7079 7378
7081 7380
7082 7381
7083 7382
7084 7383
7085 7384
7086 7385
7087 7386
7088 7387
7089 7388
7091 7390
7092 7391
7093 7392
7094 7393
7095 7394
7096 7395
7097 7396
7098 7397
7099 7398
7101 7400
7102 7401
7103 7402
7104 7403
7105 7404
7106 7405
7107 7406
7108 7407
7109 7408
7111 7410
7112 7411
7113 7412
7114 7413
7115 7414
7116 7415
7117 7416
7118 7417
7119 7418
7121 7420
7122 7421
7123 7422
7124 7423
7125 7424
7126 7425
7127 7426
7128 7427
7129 7428
7131 7430
7132 7431
7133 7432
7134 7433
7135 7434
7136 7435
7137 7436
7138 7437
7139 7438
7141 7440
7142 7441
7143 7442
7144 7443
7145 7444
7146 7445
7147 7446
7148 7447
7149 7448
7151 7450
7152 7451
7153 7452
7154 7453
7155 7454
7156 7455
7157 7456
7158 7457
7159 7458
7161 7460
7162 7461
7163 7462
7164 7463
7165 7464
7166 7465
7167 7466
7168 7467
7169 7468
7171 7470
7172 7471
7173 7472
7174 7473
7175 7474
7176 7475
7177 7476
7178 7477
7179 7478
7181 7480
7182 7481
7183 7482
7184 7483
7185 7484
7186 7485
7187 7486
7188 7487
7189 7488
7191 7490
7192 7491
7193 7492
7194 7493
7195 7494
7196 7495
7197 7496
7198 7497
7199 7498
7201 7500
7202 7501
7203 7502
7204 7503
7205 7504
7206 7505
7207 7506
7208 7507
7209 7508
7211 7510
7212 7511
7213 7512
7214 7513
7215 7514
7216 7515
7217 7516
7218 7517
7219 7518
7221 7520
7222 7521
7223 7522
7224 7523
7225 7524
7226 7525
7227 7526
7228 7527
7229 7528
7231 7530
7232 7531
7233 7532
7234 7533
7235 7534
7236 7535
7237 7536
7238 7537
7239 7538
7241 7540
7242 7541
7243 7542
7244 7543
7245 7544
7246 7545
7247 7546
7248 7547
7249 7548
7251 7550
7252 7551
7253 7552
7254 7553
7255 7554
7256 7555
7257 7556
7258 7557
7259 7558
7261 7560
7262 7561
7263 7562
7264 7563
7265 7564
7266 7565
7267 7566
7268 7567
7269 7568
7271 7570
7272 7571
7273 7572
7274 7573
7275 7574
7276 7575
7277 7576
7278 7577
7279 7578
7281 7580
7282 7581
7283 7582
7284 7583
7285 7584
7286 7585
7287 7586
7288 7587
7289 7588
7291 7590
7292 7591
7293 7592
7294 7593
7295 7594
7296 7595
7297 7596
7298 7597
7299 7598
7301 7600
7302 7601
7303 7602
7304 7603
7305 7604
7306 7605
7307 7606
7308 7607
7309 7608
7311 7610
7312 7611
7313 7612
7314 7613
7315 7614
7316 7615
7317 7616
7318 7617
7319 7618
7321 7620
7322 7621
7323 7622
7324 7623
7325 7624
7326 7625
7327 7626
7328 7627
7329 7628
7331 7630
7332 7631
7333 7632
7334 7633
7335 7634
7336 7635
7337 7636
7338 7637
7339 7638
7341 7640
7342 7641
7343 7642
7344 7643
7345 7644
7346 7645
7347 7646
7348 7647
7349 7648
7351 7650
7352 7651
7353 7652
7354 7653
7355 7654
7356 7655
7357 7656
7358 7657
7359 7658
7361 7660
7362 7661
7363 7662
7364 7663
7365 7664
7366 7665
7367 7666
7368 7667
7369 7668
7371 7670
7372 7671
7373 7672
7374 7673
7375 7674
7376 7675
7377 7676
7378 7677
7379 7678
7381 7680
7382 7681
7383 7682
7384 7683
7385 7684
7386 7685
7387 7686
7388 7687
7389 7688
7391 7690
7392 7691
7393 7692
7394 7693
7395 7694
7396 7695
7397 7696
7398 7697
7399 7698
7401 7700
7402 7701
7403 7702
7404 7703
7405 7704
7406 7705
7407 7706
7408 7707
7409 7708
7411 7710
7412 7711
7413 7712
7414 7713
7415 7714
7416 7715
7417 7716
7418 7717
7419 7718
7421 7720
7422 7721
7423 7722
7424 7723
7425 7724
7426 7725
7427 7726
7428 7727
7429 7728
7431 7730
7432 7731
7433 7732
7434 7733
7435 7734
7436 7735
7437 7736
7438 7737
7439 7738
7441 7740
7442 7741
7443 7742
7444 7743
7445 7744
7446 7745
7447 7746
7448 7747
7449 7748
7451 7750
7452 7751
7453 7752
7454 7753
7455 7754
7456 7755
7457 7756
7458 7757
7459 7758
7461 7760
7462 7761
7463 7762
7464 7763
7465 7764
7466 7765
7467 7766
7468 7767
7469 7768
7471 7770
7472 7771
7473 7772
7474 7773
7475 7774
7476 7775
7477 7776
7478 7777
7479 7778
7481 7780
7482 7781
7483 7782
7484 7783
7485 7784
7486 7785
7487 7786
7488 7787
7489 7788
7491 7790
7492 7791
7493 7792
7494 7793
7495 7794
7496 7795
7497 7796
7498 7797
7499 7798
7501 7800
7502 7801
7503 7802
7504 7803
7505 7804
7506 7805
7507 7806
7508 7807
7509 7808
7511 7810
7512 7811
7513 7812
7514 7813
7515 7814
7516 7815
7517 7816
7518 7817
7519 7818
7521 7820
7522 7821
7523 7822
7524 7823
7525 7824
7526 7825
7527 7826
7528 7827
7529 7828
7531 7830
7532 7831
7533 7832
7534 7833
7535 7834
7536 7835
7537 7836
7538 7837
7539 7838
7541 7840
7542 7841
7543 7842
7544 7843
7545 7844
7546 7845
7547 7846
7548 7847
7549 7848
7551 7850
7552 7851
7553 7852
7554 7853
7555 7854
7556 7855
7557 7856
7558 7857
7559 7858
7561 7860
7562 7861
7563 7862
7564 7863
7565 7864
7566 7865
7567 7866
7568 7867
7569 7868
7571 7870
7572 7871
7573 7872
7574 7873
7575 7874
7576 7875
7577 7876
7578 7877
7579 7878
7581 7880
7582 7881
7583 7882
7584 7883
7585 7884
7586 7885
7587 7886
7588 7887
7589 7888
7591 7890
7592 7891
7593 7892
7594 7893
7595 7894
7596 7895
7597 7896
7598 7897
7599 7898
7601 7900
7602 7901
7603 7902
7604 7903
7605 7904
7606 7905
7607 7906
7608 7907
7609 7908
7611 7910
7612 7911
7613 7912
7614 7913
7615 7914
7616 7915
7617 7916
7618 7917
7619 7918
7621 7920
7622 7921
7623 7922
7624 7923
7625 7924
7626 7925
7627 7926
7628 7927
7629 7928
7631 7930
7632 7931
7633 7932
7634 7933
7635 7934
7636 7935
7637 7936
7638 7937
7639 7938
7641 7940
7642 7941
7643 7942
7644 7943
7645 7944
7646 7945
7647 7946
7648 7947
7649 7948
7651 7950
7652 7951
7653 7952
7654 7953
7655 7954
7656 7955
7657 7956
7658 7957
7659 7958
7661 7960
7662 7961
7663 7962
7664 7963
7665 7964
7666 7965
7667 7966
7668 7967
7669 7968
7671 7970
7672 7971
7673 7972
7674 7973
7675 7974
7676 7975
7677 7976
7678 7977
7679 7978
7681 7980
7682 7981
7683 7982
7684 7983
7685 7984
7686 7985
7687 7986
7688 7987
7689 7988
7691 7990
7692 7991
7693 7992
7694 7993
7695 7994
7696 7995
7697 7996
7698 7997
7699 7998
7701 8000
7702 8001
7703 8002
7704 8003
7705 8004
7706 8005
7707 8006
7708 8007
7709 8008
7711 8010
7712 8011
7713 8012
7714 8013
7715 8014
7716 8015
7717 8016
7718 8017
7719 8018
7721 8020
7722 8021
7723 8022
7724 8023
7725 8024
7726 8025
7727 8026
7728 8027
7729 8028
7731 8030
7732 8031
7733 8032
7734 8033
7735 8034
7736 8035
7737 8036
7738 8037
7739 8038
7741 8040
7742 8041
7743 8042
7744 8043
7745 8044
7746 8045
7747 8046
7748 8047
7749 8048
7751 8050
7752 8051
7753 8052
7754 8053
7755 8054
7756 8055
7757 8056
7758 8057
7759 8058
7761 8060
7762 8061
7763 8062
7764 8063
7765 8064
7766 8065
7767 8066
7768 8067
7769 8068
7771 8070
7772 8071
7773 8072
7774 8073
7775 8074
7776 8075
7777 8076
7778 8077
7779 8078
7781 8080
7782 8081
7783 8082
7784 8083
7785 8084
7786 8085
7787 8086
7788 8087
7789 8088
7791 8090
7792 8091
7793 8092
7794 8093
7795 8094
7796 8095
7797 8096
7798 8097
7799 8098
7801 8100
7802 8101
7803 8102
7804 8103
7805 8104
7806 8105
7807 8106
7808 8107
7809 8108
7811 8110
7812 8111
7813 8112
7814 8113
7815 8114
7816 8115
7817 8116
7818 8117
7819 8118
7821 8120
7822 8121
7823 8122
7824 8123
7825 8124
7826 8125
7827 8126
7828 8127
7829 8128
7831 8130
7832 8131
7833 8132
7834 8133
7835 8134
7836 8135
7837 8136
7838 8137
7839 8138
7841 8140
7842 8141
7843 8142
7844 8143
7845 8144
7846 8145
7847 8146
7848 8147
7849 8148
7851 8150
7852 8151
7853 8152
7854 8153
7855 8154
7856 8155
7857 8156
7858 8157
7859 8158
7861 8160
7862 8161
7863 8162
7864 8163
7865 8164
7866 8165
7867 8166
7868 8167
7869 8168
7871 8170
7872 8171
7873 8172
7874 8173
7875 8174
7876 8175
7877 8176
7878 8177
7879 8178
7881 8180
7882 8181
7883 8182
7884 8183
7885 8184
7886 8185
7887 8186
7888 8187
7889 8188
7891 8190
7892 8191
7893 8192
7894 8193
7895 8194
7896 8195
7897 8196
7898 8197
7899 8198
7901 8200
7902 8201
7903 8202
7904 8203
7905 8204
7906 8205
7907 8206
7908 8207
7909 8208
7911 8210
7912 8211
7913 8212
7914 8213
7915 8214
7916 8215
7917 8216
7918 8217
7919 8218
7921 8220
7922 8221
7923 8222
7924 8223
7925 8224
7926 8225
7927 8226
7928 8227
7929 8228
7931 8230
7932 8231
7933 8232
7934 8233
7935 8234
7936 8235
7937 8236
7938 8237
7939 8238
7941 8240
7942 8241
7943 8242
7944 8243
7945 8244
7946 8245
7947 8246
7948 8247
7949 8248
7951 8250
7952 8251
7953 8252
7954 8253
7955 8254
7956 8255
7957 8256
7958 8257
7959 8258
7961 8260
7962 8261
7963 8262
7964 8263
7965 8264
7966 8265
7967 8266
7968 8267
7969 8268
7971 8270
7972 8271
7973 8272
7974 8273
7975 8274
7976 8275
7977 8276
7978 8277
7979 8278
7981 8280
7982 8281
7983 8282
7984 8283
7985 8284
7986 8285
7987 8286
7988 8287
7989 8288
7991 8290
7992 8291
7993 8292
7994 8293
7995 8294
7996 8295
7997 8296
7998 8297
7999 8298
8001 8300
8002 8301
8003 8302
8004 8303
8005 8304
8006 8305
8007 8306
8008 8307
8009 8308
8011 8310
8012 8311
8013 8312
8014 8313
8015 8314
8016 8315
8017 8316
8018 8317
8019 8318
8021 8320
8022 8321
8023 8322
8024 8323
8025 8324
8026 8325
8027 8326
8028 8327
8029 8328
8031 8330
8032 8331
8033 8332
8034 8333
8035 8334
8036 8335
8037 8336
8038 8337
8039 8338
8041 8340
8042 8341
8043 8342
8044 8343
8045 8344
8046 8345
8047 8346
8048 8347
8049 8348
8051 8350
8052 8351
8053 8352
8054 8353
8055 8354
8056 8355
8057 8356
8058 8357
8059 8358
8061 8360
8062 8361
8063 8362
8064 8363
8065 8364
8066 8365
8067 8366
8068 8367
8069 8368
8071 8370
8072 8371
8073 8372
8074 8373
8075 8374
8076 8375
8077 8376
8078 8377
8079 8378
8081 8380
8082 8381
8083 8382
8084 8383
8085 8384
8086 8385
8087 8386
8088 8387
8089 8388
8091 8390
8092 8391
8093 8392
8094 8393
8095 8394
8096 8395
8097 8396
8098 8397
8099 8398
8101 8400
8102 8401
8103 8402
8104 8403
8105 8404
8106 8405
8107 8406
8108 8407
8109 8408
8111 8410
8112 8411
8113 8412
8114 8413
8115 8414
8116 8415
8117 8416
8118 8417
8119 8418
8121 8420
8122 8421
8123 8422
8124 8423
8125 8424
8126 8425
8127 8426
8128 8427
8129 8428
8131 8430
8132 8431
8133 8432
8134 8433
8135 8434
8136 8435
8137 8436
8138 8437
8139 8438
8141 8440
8142 8441
8143 8442
8144 8443
8145 8444
8146 8445
8147 8446
8148 8447
8149 8448
8151 8450
8152 8451
8153 8452
8154 8453
8155 8454
8156 8455
8157 8456
8158 8457
8159 8458
8161 8460
8162 8461
8163 8462
8164 8463
8165 8464
8166 8465
8167 8466
8168 8467
8169 8468
8171 8470
8172 8471
8173 8472
8174 8473
8175 8474
8176 8475
8177 8476
8178 8477
8179 8478
8181 8480
8182 8481
8183 8482
8184 8483
8185 8484
8186 8485
8187 8486
8188 8487
8189 8488
8191 8490
8192 8491
8193 8492
8194 8493
8195 8494
8196 8495
8197 8496
8198 8497
8199 8498
8201 8500
8202 8501
8203 8502
8204 8503
8205 8504
8206 8505
8207 8506
8208 8507
8209 8508
8211 8510
8212 8511
8213 8512
8214 8513
8215 8514
8216 8515
8217 8516
8218 8517
8219 8518
8221 8520
8222 8521
8223 8522
8224 8523
8225 8524
8226 8525
8227 8526
8228 8527
8229 8528
8231 8530
8232 8531
8233 8532
8234 8533
8235 8534
8236 8535
8237 8536
8238 8537
8239 8538
8241 8540
8242 8541
8243 8542
8244 8543
8245 8544
8246 8545
8247 8546
8248 8547
8249 8548
8251 8550
8252 8551
8253 8552
8254 8553
8255 8554
8256 8555
8257 8556
8258 8557
8259 8558
8261 8560
8262 8561
8263 8562
8264 8563
8265 8564
8266 8565
8267 8566
8268 8567
8269 8568
8271 8570
8272 8571
8273 8572
8274 8573
8275 8574
8276 8575
8277 8576
8278 8577
8279 8578
8281 8580
8282 8581
8283 8582
8284 8583
8285 8584
8286 8585
8287 8586
8288 8587
8289 8588
8291 8590
8292 8591
8293 8592
8294 8593
8295 8594
8296 8595
8297 8596
8298 8597
8299 8598
8301 8600
8302 8601
8303 8602
8304 8603
8305 8604
8306 8605
8307 8606
8308 8607
8309 8608
8311 8610
8312 8611
8313 8612
8314 8613
8315 8614
8316 8615
8317 8616
8318 8617
8319 8618
8321 8620
8322 8621
8323 8622
8324 8623
8325 8624
8326 8625
8327 8626
8328 8627
8329 8628
8331 8630
8332 8631
8333 8632
8334 8633
8335 8634
8336 8635
8337 8636
8338 8637
8339 8638
8341 8640
8342 8641
8343 8642
8344 8643
8345 8644
8346 8645
8347 8646
8348 8647
8349 8648
8351 8650
8352 8651
8353 8652
8354 8653
8355 8654
8356 8655
8357 8656
8358 8657
8359 8658
8361 8660
8362 8661
8363 8662
8364 8663
8365 8664
8366 8665
8367 8666
8368 8667
8369 8668
8371 8670
8372 8671
8373 8672
8374 8673
8375 8674
8376 8675
8377 8676
8378 8677
8379 8678
8381 8680
8382 8681
8383 8682
8384 8683
8385 8684
8386 8685
8387 8686
8388 8687
8389 8688
8391 8690
8392 8691
8393 8692
8394 8693
8395 8694
8396 8695
8397 8696
8398 8697
8399 8698
8401 8700
8402 8701
8403 8702
8404 8703
8405 8704
8406 8705
8407 8706
8408 8707
8409 8708
8411 8710
8412 8711
8413 8712
8414 8713
8415 8714
8416 8715
8417 8716
8418 8717
8419 8718
8421 8720
8422 8721
8423 8722
8424 8723
8425 8724
8426 8725
8427 8726
8428 8727
8429 8728
8431 8730
8432 8731
8433 8732
8434 8733
8435 8734
8436 8735
8437 8736
8438 8737
8439 8738
8441 8740
8442 8741
8443 8742
8444 8743
8445 8744
8446 8745
8447 8746
8448 8747
8449 8748
8451 8750
8452 8751
8453 8752
8454 8753
8455 8754
8456 8755
8457 8756
8458 8757
8459 8758
8461 8760
8462 8761
8463 8762
8464 8763
8465 8764
8466 8765
8467 8766
8468 8767
8469 8768
8471 8770
8472 8771
8473 8772
8474 8773
8475 8774
8476 8775
8477 8776
8478 8777
8479 8778
8481 8780
8482 8781
8483 8782
8484 8783
8485 8784
8486 8785
8487 8786
8488 8787
8489 8788
8491 8790
8492 8791
8493 8792
8494 8793
8495 8794
8496 8795
8497 8796
8498 8797
8499 8798
8501 8800
8502 8801
8503 8802
8504 8803
8505 8804
8506 8805
8507 8806
8508 8807
8509 8808
8511 8810
8512 8811
8513 8812
8514 8813
8515 8814
8516 8815
8517 8816
8518 8817
8519 8818
8521 8820
8522 8821
8523 8822
8524 8823
8525 8824
8526 8825
8527 8826
8528 8827
8529 8828
8531 8830
8532 8831
8533 8832
8534 8833
8535 8834
8536 8835
8537 8836
8538 8837
8539 8838
8541 8840
8542 8841
8543 8842
8544 8843
8545 8844
8546 8845
8547 8846
8548 8847
8549 8848
8551 8850
8552 8851
8553 8852
8554 8853
8555 8854
8556 8855
8557 8856
8558 8857
8559 8858
8561 8860
8562 8861
8563 8862
8564 8863
8565 8864
8566 8865
8567 8866
8568 8867
8569 8868
8571 8870
8572 8871
8573 8872
8574 8873
8575 8874
8576 8875
8577 8876
8578 8877
8579 8878
8581 8880
8582 8881
8583 8882
8584 8883
8585 8884
8586 8885
8587 8886
8588 8887
8589 8888
8591 8890
8592 8891
8593 8892
8594 8893
8595 8894
8596 8895
8597 8896
8598 8897
8599 8898
8601 8900
8602 8901
8603 8902
8604 8903
8605 8904
8606 8905
8607 8906
8608 8907
8609 8908
8611 8910
8612 8911
8613 8912
8614 8913
8615 8914
8616 8915
8617 8916
8618 8917
8619 8918
8621 8920
8622 8921
8623 8922
8624 8923
8625 8924
8626 8925
8627 8926
8628 8927
8629 8928
8631 8930
8632 8931
8633 8932
8634 8933
8635 8934
8636 8935
8637 8936
8638 8937
8639 8938
8641 8940
8642 8941
8643 8942
8644 8943
8645 8944
8646 8945
8647 8946
8648 8947
8649 8948
8651 8950
8652 8951
8653 8952
8654 8953
8655 8954
8656 8955
8657 8956
8658 8957
8659 8958
8661 8960
8662 8961
8663 8962
8664 8963
8665 8964
8666 8965
8667 8966
8668 8967
8669 8968
8671 8970
8672 8971
8673 8972
8674 8973
8675 8974
8676 8975
8677 8976
8678 8977
8679 8978
8681 8980
8682 8981
8683 8982
8684 8983
8685 8984
8686 8985
8687 8986
8688 8987
8689 8988
8691 8990
8692 8991
8693 8992
8694 8993
8695 8994
8696 8995
8697 8996
8698 8997
8699 8998
1 310
2 311
3 312
4 313
5 314
6 315
7 316
8 317
9 318
11 320
12 321
13 322
14 323
15 324
16 325
17 326
18 327
19 328
21 330
22 331
23 332
24 333
25 334
26 335
27 336
28 337
29 338
31 340
32 341
33 342
34 343
35 344
36 345
37 346
38 347
39 348
41 350
42 351
43 352
44 353
45 354
46 355
47 356
48 357
49 358
51 360
52 361
53 362
54 363
55 364
56 365
57 366
58 367
59 368
61 370
62 371
63 372
64 373
65 374
66 375
67 376
68 377
69 378
71 380
72 381
73 382
74 383
75 384
76 385
77 386
78 387
79 388
81 390
82 391
83 392
84 393
85 394
86 395
87 396
88 397
89 398
91 400
92 401
93 402
94 403
95 404
96 405
97 406
98 407
99 408
101 410
102 411
103 412
104 413
105 414
106 415
107 416
108 417
109 418
111 420
112 421
113 422
114 423
115 424
116 425
117 426
118 427
119 428
121 430
122 431
123 432
124 433
125 434
126 435
127 436
128 437
129 438
131 440
132 441
133 442
134 443
135 444
136 445
137 446
138 447
139 448
141 450
142 451
143 452
144 453
145 454
146 455
147 456
148 457
149 458
151 460
152 461
153 462
154 463
155 464
156 465
157 466
158 467
159 468
161 470
162 471
163 472
164 473
165 474
166 475
167 476
168 477
169 478
171 480
172 481
173 482
174 483
175 484
176 485
177 486
178 487
179 488
181 490
182 491
183 492
184 493
185 494
186 495
187 496
188 497
189 498
191 500
192 501
193 502
194 503
195 504
196 505
197 506
198 507
199 508
201 510
202 511
203 512
204 513
205 514
206 515
207 516
208 517
209 518
211 520
212 521
213 522
214 523
215 524
216 525
217 526
218 527
219 528
221 530
222 531
223 532
224 533
225 534
226 535
227 536
228 537
229 538
231 540
232 541
233 542
234 543
235 544
236 545
237 546
238 547
239 548
241 550
242 551
243 552
244 553
245 554
246 555
247 556
248 557
249 558
251 560
252 561
253 562
254 563
255 564
256 565
257 566
258 567
259 568
261 570
262 571
263 572
264 573
265 574
266 575
267 576
268 577
269 578
271 580
272 581
273 582
274 583
275 584
276 585
277 586
278 587
279 588
281 590
282 591
283 592
284 593
285 594
286 595
287 596
288 597
289 598
301 610
302 611
303 612
304 613
305 614
306 615
307 616
308 617
309 618
311 620
312 621
313 622
314 623
315 624
316 625
317 626
318 627
319 628
321 630
322 631
323 632
324 633
325 634
326 635
327 636
328 637
329 638
331 640
332 641
333 642
334 643
335 644
336 645
337 646
338 647
339 648
341 650
342 651
343 652
344 653
345 654
346 655
347 656
348 657
349 658
351 660
352 661
353 662
354 663
355 664
356 665
357 666
358 667
359 668
361 670
362 671
363 672
364 673
365 674
366 675
367 676
368 677
369 678
371 680
372 681
373 682
374 683
375 684
376 685
377 686
378 687
379 688
381 690
382 691
383 692
384 693
385 694
386 695
387 696
388 697
389 698
391 700
392 701
393 702
394 703
395 704
396 705
397 706
398 707
399 708
401 710
402 711
403 712
404 713
405 714
406 715
407 716
408 717
409 718
411 720
412 721
413 722
414 723
415 724
416 725
417 726
418 727
419 728
421 730
422 731
423 732
424 733
425 734
426 735
427 736
428 737
429 738
431 740
432 741
433 742
434 743
435 744
436 745
437 746
438 747
439 748
441 750
442 751
443 752
444 753
445 754
446 755
447 756
448 757
449 758
451 760
452 761
453 762
454 763
455 764
456 765
457 766
458 767
459 768
461 770
462 771
463 772
464 773
465 774
466 775
467 776
468 777
469 778
471 780
472 781
473 782
474 783
475 784
476 785
477 786
478 787
479 788
481 790
482 791
483 792
484 793
485 794
486 795
487 796
488 797
489 798
491 800
492 801
493 802
494 803
495 804
496 805
497 806
498 807
499 808
501 810
502 811
503 812
504 813
505 814
506 815
507 816
508 817
509 818
511 820
512 821
513 822
514 823
515 824
516 825
517 826
518 827
519 828
521 830
522 831
523 832
524 833
525 834
526 835
527 836
528 837
529 838
531 840
532 841
533 842
534 843
535 844
536 845
537 846
538 847
539 848
541 850
542 851
543 852
544 853
545 854
546 855
547 856
548 857
549 858
551 860
552 861
553 862
554 863
555 864
556 865
557 866
558 867
559 868
561 870
562 871
563 872
564 873
565 874
566 875
567 876
568 877
569 878
571 880
572 881
573 882
574 883
575 884
576 885
577 886
578 887
579 888
581 890
582 891
583 892
584 893
585 894
586 895
587 896
588 897
589 898
601 910
602 911
603 912
604 913
605 914
606 915
607 916
608 917
609 918
611 920
612 921
613 922
614 923
615 924
616 925
617 926
618 927
619 928
621 930
622 931
623 932
624 933
625 934
626 935
627 936
628 937
629 938
631 940
632 941
633 942
634 943
635 944
636 945
637 946
638 947
639 948
641 950
642 951
643 952
644 953
645 954
646 955
647 956
648 957
649 958
651 960
652 961
653 962
654 963
655 964
656 965
657 966
658 967
659 968
661 970
662 971
663 972
664 973
665 974
666 975
667 976
668 977
669 978
671 980
672 981
673 982
674 983
675 984
676 985
677 986
678 987
679 988
681 990
682 991
683 992
684 993
685 994
686 995
687 996
688 997
689 998
691 1000
692 1001
693 1002
694 1003
695 1004
696 1005
697 1006
698 1007
699 1008
701 1010
702 1011
703 1012
704 1013
705 1014
706 1015
707 1016
708 1017
709 1018
711 1020
712 1021
713 1022
714 1023
715 1024
716 1025
717 1026
718 1027
719 1028
721 1030
722 1031
723 1032
724 1033
725 1034
726 1035
727 1036
728 1037
729 1038
731 1040
732 1041
733 1042
734 1043
735 1044
736 1045
737 1046
738 1047
739 1048
741 1050
742 1051
743 1052
744 1053
745 1054
746 1055
747 1056
748 1057
749 1058
751 1060
752 1061
753 1062
754 1063
755 1064
756 1065
757 1066
758 1067
759 1068
761 1070
762 1071
763 1072
764 1073
765 1074
766 1075
767 1076
768 1077
769 1078
771 1080
772 1081
773 1082
774 1083
775 1084
776 1085
777 1086
778 1087
779 1088
781 1090
782 1091
783 1092
784 1093
785 1094
786 1095
787 1096
788 1097
789 1098
791 1100
792 1101
793 1102
794 1103
795 1104
796 1105
797 1106
798 1107
799 1108
801 1110
802 1111
803 1112
804 1113
805 1114
806 1115
807 1116
808 1117
809 1118
811 1120
812 1121
813 1122
814 1123
815 1124
816 1125
817 1126
818 1127
819 1128
821 1130
822 1131
823 1132
824 1133
825 1134
826 1135
827 1136
828 1137
829 1138
831 1140
832 1141
833 1142
834 1143
835 1144
836 1145
837 1146
838 1147
839 1148
841 1150
842 1151
843 1152
844 1153
845 1154
846 1155
847 1156
848 1157
849 1158
851 1160
852 1161
853 1162
854 1163
855 1164
856 1165
857 1166
858 1167
859 1168
861 1170
862 1171
863 1172
864 1173
865 1174
866 1175
867 1176
868 1177
869 1178
871 1180
872 1181
873 1182
874 1183
875 1184
876 1185
877 1186
878 1187
879 1188
881 1190
882 1191
883 1192
884 1193
885 1194
886 1195
887 1196
888 1197
889 1198
901 1210
902 1211
903 1212
904 1213
905 1214
906 1215
907 1216
908 1217
909 1218
911 1220
912 1221
913 1222
914 1223
915 1224
916 1225
917 1226
918 1227
919 1228
921 1230
922 1231
923 1232
924 1233
925 1234
926 1235
927 1236
928 1237
929 1238
931 1240
932 1241
933 1242
934 1243
935 1244
936 1245
937 1246
938 1247
939 1248
941 1250
942 1251
943 1252
944 1253
945 1254
946 1255
947 1256
948 1257
949 1258
951 1260
952 1261
953 1262
954 1263
955 1264
956 1265
957 1266
958 1267
959 1268
961 1270
962 1271
963 1272
964 1273
965 1274
966 1275
967 1276
968 1277
969 1278
971 1280
972 1281
973 1282
974 1283
975 1284
976 1285
977 1286
978 1287
979 1288
981 1290
982 1291
983 1292
984 1293
985 1294
986 1295
987 1296
988 1297
989 1298
991 1300
992 1301
993 1302
994 1303
995 1304
996 1305
997 1306
998 1307
999 1308
1001 1310
1002 1311
1003 1312
1004 1313
1005 1314
1006 1315
1007 1316
1008 1317
1009 1318
1011 1320
1012 1321
1013 1322
1014 1323
1015 1324
1016 1325
1017 1326
1018 1327
1019 1328
1021 1330
1022 1331
1023 1332
1024 1333
1025 1334
1026 1335
1027 1336
1028 1337
1029 1338
1031 1340
1032 1341
1033 1342
1034 1343
1035 1344
1036 1345
1037 1346
1038 1347
1039 1348
1041 1350
1042 1351
1043 1352
1044 1353
1045 1354
1046 1355
1047 1356
1048 1357
1049 1358
1051 1360
1052 1361
1053 1362
1054 1363
1055 1364
1056 1365
1057 1366
1058 1367
1059 1368
1061 1370
1062 1371
1063 1372
1064 1373
1065 1374
1066 1375
1067 1376
1068 1377
1069 1378
1071 1380
1072 1381
1073 1382
1074 1383
1075 1384
1076 1385
1077 1386
1078 1387
1079 1388
1081 1390
1082 1391
1083 1392
1084 1393
1085 1394
1086 1395
1087 1396
1088 1397
1089 1398
1091 1400
1092 1401
1093 1402
1094 1403
1095 1404
1096 1405
1097 1406
1098 1407
1099 1408
1101 1410
1102 1411
1103 1412
1104 1413
1105 1414
1106 1415
1107 1416
1108 1417
1109 1418
1111 1420
1112 1421
1113 1422
1114 1423
1115 1424
1116 1425
1117 1426
1118 1427
1119 1428
1121 1430
1122 1431
1123 1432
1124 1433
1125 1434
1126 1435
1127 1436
1128 1437
1129 1438
1131 1440
1132 1441
1133 1442
1134 1443
1135 1444
1136 1445
1137 1446
1138 1447
1139 1448
1141 1450
1142 1451
1143 1452
1144 1453
1145 1454
1146 1455
1147 1456
1148 1457
1149 1458
1151 1460
1152 1461
1153 1462
1154 1463
1155 1464
1156 1465
1157 1466
1158 1467
1159 1468
1161 1470
1162 1471
1163 1472
1164 1473
1165 1474
1166 1475
1167 1476
1168 1477
1169 1478
1171 1480
1172 1481
1173 1482
1174 1483
1175 1484
1176 1485
1177 1486
1178 1487
1179 1488
1181 1490
1182 1491
1183 1492
1184 1493
1185 1494
1186 1495
1187 1496
1188 1497
1189 1498
1201 1510
1202 1511
1203 1512
1204 1513
1205 1514
1206 1515
1207 1516
1208 1517
1209 1518
1211 1520
1212 1521
1213 1522
1214 1523
1215 1524
1216 1525
1217 1526
1218 1527
1219 1528
1221 1530
1222 1531
1223 1532
1224 1533
1225 1534
1226 1535
1227 1536
1228 1537
1229 1538
1231 1540
1232 1541
1233 1542
1234 1543
1235 1544
1236 1545
1237 1546
1238 1547
1239 1548
1241 1550
1242 1551
1243 1552
1244 1553
1245 1554
1246 1555
1247 1556
1248 1557
1249 1558
1251 1560
1252 1561
1253 1562
1254 1563
1255 1564
1256 1565
1257 1566
1258 1567
1259 1568
1261 1570
1262 1571
1263 1572
1264 1573
1265 1574
1266 1575
1267 1576
1268 1577
1269 1578
1271 1580
1272 1581
1273 1582
1274 1583
1275 1584
1276 1585
1277 1586
1278 1587
1279 1588
1281 1590
1282 1591
1283 1592
1284 1593
1285 1594
1286 1595
1287 1596
1288 1597
1289 1598
1291 1600
1292 1601
1293 1602
1294 1603
1295 1604
1296 1605
1297 1606
1298 1607
1299 1608
1301 1610
1302 1611
1303 1612
1304 1613
1305 1614
1306 1615
1307 1616
1308 1617
1309 1618
1311 1620
1312 1621
1313 1622
1314 1623
1315 1624
1316 1625
1317 1626
1318 1627
1319 1628
1321 1630
1322 1631
1323 1632
1324 1633
1325 1634
1326 1635
1327 1636
1328 1637
1329 1638
1331 1640
1332 1641
1333 1642
1334 1643
1335 1644
1336 1645
1337 1646
1338 1647
1339 1648
1341 1650
1342 1651
1343 1652
1344 1653
1345 1654
1346 1655
1347 1656
1348 1657
1349 1658
1351 1660
1352 1661
1353 1662
1354 1663
1355 1664
1356 1665
1357 1666
1358 1667
1359 1668
1361 1670
1362 1671
1363 1672
1364 1673
1365 1674
1366 1675
1367 1676
1368 1677
1369 1678
1371 1680
1372 1681
1373 1682
1374 1683
1375 1684
1376 1685
1377 1686
1378 1687
1379 1688
1381 1690
1382 1691
1383 1692
1384 1693
1385 1694
1386 1695
1387 1696
1388 1697
1389 1698
1391 1700
1392 1701
1393 1702
1394 1703
1395 1704
1396 1705
1397 1706
1398 1707
1399 1708
1401 1710
1402 1711
1403 1712
1404 1713
1405 1714
1406 1715
1407 1716
1408 1717
1409 1718
1411 1720
1412 1721
1413 1722
1414 1723
1415 1724
1416 1725
1417 1726
1418 1727
1419 1728
1421 1730
1422 1731
1423 1732
1424 1733
1425 1734
1426 1735
1427 1736
1428 1737
1429 1738
1431 1740
1432 1741
1433 1742
1434 1743
1435 1744
1436 1745
1437 1746
1438 1747
1439 1748
1441 1750
1442 1751
1443 1752
1444 1753
1445 1754
1446 1755
1447 1756
1448 1757
1449 1758
1451 1760
1452 1761
1453 1762
1454 1763
1455 1764
1456 1765
1457 1766
1458 1767
1459 1768
1461 1770
1462 1771
1463 1772
1464 1773
1465 1774
1466 1775
1467 1776
1468 1777
1469 1778
1471 1780
1472 1781
1473 1782
1474 1783
1475 1784
1476 1785
1477 1786
1478 1787
1479 1788
1481 1790
1482 1791
1483 1792
1484 1793
1485 1794
1486 1795
1487 1796
1488 1797
1489 1798
1501 1810
1502 1811
1503 1812
1504 1813
1505 1814
1506 1815
1507 1816
1508 1817
1509 1818
1511 1820
1512 1821
1513 1822
1514 1823
1515 1824
1516 1825
1517 1826
1518 1827
1519 1828
1521 1830
1522 1831
1523 1832
1524 1833
1525 1834
1526 1835
1527 1836
1528 1837
1529 1838
1531 1840
1532 1841
1533 1842
1534 1843
1535 1844
1536 1845
1537 1846
1538 1847
1539 1848
1541 1850
1542 1851
1543 1852
1544 1853
1545 1854
1546 1855
1547 1856
1548 1857
1549 1858
1551 1860
1552 1861
1553 1862
1554 1863
1555 1864
1556 1865
1557 1866
1558 1867
1559 1868
1561 1870
1562 1871
1563 1872
1564 1873
1565 1874
1566 1875
1567 1876
1568 1877
1569 1878
1571 1880
1572 1881
1573 1882
1574 1883
1575 1884
1576 1885
1577 1886
1578 1887
1579 1888
1581 1890
1582 1891
1583 1892
1584 1893
1585 1894
1586 1895
1587 1896
1588 1897
1589 1898
1591 1900
1592 1901
1593 1902
1594 1903
1595 1904
1596 1905
1597 1906
1598 1907
1599 1908
1601 1910
1602 1911
1603 1912
1604 1913
1605 1914
1606 1915
1607 1916
1608 1917
1609 1918
1611 1920
1612 1921
1613 1922
1614 1923
1615 1924
1616 1925
1617 1926
1618 1927
1619 1928
1621 1930
1622 1931
1623 1932
1624 1933
1625 1934
1626 1935
1627 1936
1628 1937
1629 1938
1631 1940
1632 1941
1633 1942
1634 1943
1635 1944
1636 1945
1637 1946
1638 1947
1639 1948
1641 1950
1642 1951
1643 1952
1644 1953
1645 1954
1646 1955
1647 1956
1648 1957
1649 1958
1651 1960
1652 1961
1653 1962
1654 1963
1655 1964
1656 1965
1657 1966
1658 1967
1659 1968
1661 1970
1662 1971
1663 1972
1664 1973
1665 1974
1666 1975
1667 1976
1668 1977
1669 1978
1671 1980
1672 1981
1673 1982
1674 1983
1675 1984
1676 1985
1677 1986
1678 1987
1679 1988
1681 1990
1682 1991
1683 1992
1684 1993
1685 1994
1686 1995
1687 1996
1688 1997
1689 1998
1691 2000
1692 2001
1693 2002
1694 2003
1695 2004
1696 2005
1697 2006
1698 2007
1699 2008
1701 2010
1702 2011
1703 2012
1704 2013
1705 2014
1706 2015
1707 2016
1708 2017
1709 2018
1711 2020
1712 2021
1713 2022
1714 2023
1715 2024
1716 2025
1717 2026
1718 2027
1719 2028
1721 2030
1722 2031
1723 2032
1724 2033
1725 2034
1726 2035
1727 2036
1728 2037
1729 2038
1731 2040
1732 2041
1733 2042
1734 2043
1735 2044
1736 2045
1737 2046
1738 2047
1739 2048
1741 2050
1742 2051
1743 2052
1744 2053
1745 2054
1746 2055
1747 2056
1748 2057
1749 2058
1751 2060
1752 2061
1753 2062
1754 2063
1755 2064
1756 2065
1757 2066
1758 2067
1759 2068
1761 2070
1762 2071
1763 2072
1764 2073
1765 2074
1766 2075
1767 2076
1768 2077
1769 2078
1771 2080
1772 2081
1773 2082
1774 2083
1775 2084
1776 2085
1777 2086
1778 2087
1779 2088
1781 2090
1782 2091
1783 2092
1784 2093
1785 2094
1786 2095
1787 2096
1788 2097
1789 2098
1801 2110
1802 2111
1803 2112
1804 2113
1805 2114
1806 2115
1807 2116
1808 2117
1809 2118
1811 2120
1812 2121
1813 2122
1814 2123
1815 2124
1816 2125
1817 2126
1818 2127
1819 2128
1821 2130
1822 2131
1823 2132
1824 2133
1825 2134
1826 2135
1827 2136
1828 2137
1829 2138
1831 2140
1832 2141
1833 2142
1834 2143
1835 2144
1836 2145
1837 2146
1838 2147
1839 2148
1841 2150
1842 2151
1843 2152
1844 2153
1845 2154
1846 2155
1847 2156
1848 2157
1849 2158
1851 2160
1852 2161
1853 2162
1854 2163
1855 2164
1856 2165
1857 2166
1858 2167
1859 2168
1861 2170
1862 2171
1863 2172
1864 2173
1865 2174
1866 2175
1867 2176
1868 2177
1869 2178
1871 2180
1872 2181
1873 2182
1874 2183
1875 2184
1876 2185
1877 2186
1878 2187
1879 2188
1881 2190
1882 2191
1883 2192
1884 2193
1885 2194
1886 2195
1887 2196
1888 2197
1889 2198
1891 2200
1892 2201
1893 2202
1894 2203
1895 2204
1896 2205
1897 2206
1898 2207
1899 2208
1901 2210
1902 2211
1903 2212
1904 2213
1905 2214
1906 2215
1907 2216
1908 2217
1909 2218
1911 2220
1912 2221
1913 2222
1914 2223
1915 2224
1916 2225
1917 2226
1918 2227
1919 2228
1921 2230
1922 2231
1923 2232
1924 2233
1925 2234
1926 2235
1927 2236
1928 2237
1929 2238
1931 2240
1932 2241
1933 2242
1934 2243
1935 2244
1936 2245
1937 2246
1938 2247
1939 2248
1941 2250
1942 2251
1943 2252
1944 2253
1945 2254
1946 2255
1947 2256
1948 2257
1949 2258
1951 2260
1952 2261
1953 2262
1954 2263
1955 2264
1956 2265
1957 2266
1958 2267
1959 2268
1961 2270
1962 2271
1963 2272
1964 2273
1965 2274
1966 2275
1967 2276
1968 2277
1969 2278
1971 2280
1972 2281
1973 2282
1974 2283
1975 2284
1976 2285
1977 2286
1978 2287
1979 2288
1981 2290
1982 2291
1983 2292
1984 2293
1985 2294
1986 2295
1987 2296
1988 2297
1989 2298
1991 2300
1992 2301
1993 2302
1994 2303
1995 2304
1996 2305
1997 2306
1998 2307
1999 2308
2001 2310
2002 2311
2003 2312
2004 2313
2005 2314
2006 2315
2007 2316
2008 2317
2009 2318
2011 2320
2012 2321
2013 2322
2014 2323
2015 2324
2016 2325
2017 2326
2018 2327
2019 2328
2021 2330
2022 2331
2023 2332
2024 2333
2025 2334
2026 2335
2027 2336
2028 2337
2029 2338
2031 2340
2032 2341
2033 2342
2034 2343
2035 2344
2036 2345
2037 2346
2038 2347
2039 2348
2041 2350
2042 2351
2043 2352
2044 2353
2045 2354
2046 2355
2047 2356
2048 2357
2049 2358
2051 2360
2052 2361
2053 2362
2054 2363
2055 2364
2056 2365
2057 2366
2058 2367
2059 2368
2061 2370
2062 2371
2063 2372
2064 2373
2065 2374
2066 2375
2067 2376
2068 2377
2069 2378
2071 2380
2072 2381
2073 2382
2074 2383
2075 2384
2076 2385
2077 2386
2078 2387
2079 2388
2081 2390
2082 2391
2083 2392
2084 2393
2085 2394
2086 2395
2087 2396
2088 2397
2089 2398
2101 2410
2102 2411
2103 2412
2104 2413
2105 2414
2106 2415
2107 2416
2108 2417
2109 2418
2111 2420
2112 2421
2113 2422
2114 2423
2115 2424
2116 2425
2117 2426
2118 2427
2119 2428
2121 2430
2122 2431
2123 2432
2124 2433
2125 2434
2126 2435
2127 2436
2128 2437
2129 2438
2131 2440
2132 2441
2133 2442
2134 2443
2135 2444
2136 2445
2137 2446
2138 2447
2139 2448
2141 2450
2142 2451
2143 2452
2144 2453
2145 2454
2146 2455
2147 2456
2148 2457
2149 2458
2151 2460
2152 2461
2153 2462
2154 2463
2155 2464
2156 2465
2157 2466
2158 2467
2159 2468
2161 2470
2162 2471
2163 2472
2164 2473
2165 2474
2166 2475
2167 2476
2168 2477
2169 2478
2171 2480
2172 2481
2173 2482
2174 2483
2175 2484
2176 2485
2177 2486
2178 2487
2179 2488
2181 2490
2182 2491
2183 2492
2184 2493
2185 2494
2186 2495
2187 2496
2188 2497
2189 2498
2191 2500
2192 2501
2193 2502
2194 2503
2195 2504
2196 2505
2197 2506
2198 2507
2199 2508
2201 2510
2202 2511
2203 2512
2204 2513
2205 2514
2206 2515
2207 2516
2208 2517
2209 2518
2211 2520
2212 2521
2213 2522
2214 2523
2215 2524
2216 2525
2217 2526
2218 2527
2219 2528
2221 2530
2222 2531
2223 2532
2224 2533
2225 2534
2226 2535
2227 2536
2228 2537
2229 2538
2231 2540
2232 2541
2233 2542
2234 2543
2235 2544
2236 2545
2237 2546
2238 2547
2239 2548
2241 2550
2242 2551
2243 2552
2244 2553
2245 2554
2246 2555
2247 2556
2248 2557
2249 2558
2251 2560
2252 2561
2253 2562
2254 2563
2255 2564
2256 2565
2257 2566
2258 2567
2259 2568
2261 2570
2262 2571
2263 2572
2264 2573
2265 2574
2266 2575
2267 2576
2268 2577
2269 2578
2271 2580
2272 2581
2273 2582
2274 2583
2275 2584
2276 2585
2277 2586
2278 2587
2279 2588
2281 2590
2282 2591
2283 2592
2284 2593
2285 2594
2286 2595
2287 2596
2288 2597
2289 2598
2291 2600
2292 2601
2293 2602
2294 2603
2295 2604
2296 2605
2297 2606
2298 2607
2299 2608
2301 2610
2302 2611
2303 2612
2304 2613
2305 2614
2306 2615
2307 2616
2308 2617
2309 2618
2311 2620
2312 2621
2313 2622
2314 2623
2315 2624
2316 2625
2317 2626
2318 2627
2319 2628
2321 2630
2322 2631
2323 2632
2324 2633
2325 2634
2326 2635
2327 2636
2328 2637
2329 2638
2331 2640
2332 2641
2333 2642
2334 2643
2335 2644
2336 2645
2337 2646
2338 2647
2339 2648
2341 2650
2342 2651
2343 2652
2344 2653
2345 2654
2346 2655
2347 2656
2348 2657
2349 2658
2351 2660
2352 2661
2353 2662
2354 2663
2355 2664
2356 2665
2357 2666
2358 2667
2359 2668
2361 2670
2362 2671
2363 2672
2364 2673
2365 2674
2366 2675
2367 2676
2368 2677
2369 2678
2371 2680
2372 2681
2373 2682
2374 2683
2375 2684
2376 2685
2377 2686
2378 2687
2379 2688
2381 2690
2382 2691
2383 2692
2384 2693
2385 2694
2386 2695
2387 2696
2388 2697
2389 2698
2401 2710
2402 2711
2403 2712
2404 2713
2405 2714
2406 2715
2407 2716
2408 2717
2409 2718
2411 2720
2412 2721
2413 2722
2414 2723
2415 2724
2416 2725
2417 2726
2418 2727
2419 2728
2421 2730
2422 2731
2423 2732
2424 2733
2425 2734
2426 2735
2427 2736
2428 2737
2429 2738
2431 2740
2432 2741
2433 2742
2434 2743
2435 2744
2436 2745
2437 2746
2438 2747
2439 2748
2441 2750
2442 2751
2443 2752
2444 2753
2445 2754
2446 2755
2447 2756
2448 2757
2449 2758
2451 2760
2452 2761
2453 2762
2454 2763
2455 2764
2456 2765
2457 2766
2458 2767
2459 2768
2461 2770
2462 2771
2463 2772
2464 2773
2465 2774
2466 2775
2467 2776
2468 2777
2469 2778
2471 2780
2472 2781
2473 2782
2474 2783
2475 2784
2476 2785
2477 2786
2478 2787
2479 2788
2481 2790
2482 2791
2483 2792
2484 2793
2485 2794
2486 2795
2487 2796
2488 2797
2489 2798
2491 2800
2492 2801
2493 2802
2494 2803
2495 2804
2496 2805
2497 2806
2498 2807
2499 2808
2501 2810
2502 2811
2503 2812
2504 2813
2505 2814
2506 2815
2507 2816
2508 2817
2509 2818
2511 2820
2512 2821
2513 2822
2514 2823
2515 2824
2516 2825
2517 2826
2518 2827
2519 2828
2521 2830
2522 2831
2523 2832
2524 2833
2525 2834
2526 2835
2527 2836
2528 2837
2529 2838
2531 2840
2532 2841
2533 2842
2534 2843
2535 2844
2536 2845
2537 2846
2538 2847
2539 2848
2541 2850
2542 2851
2543 2852
2544 2853
2545 2854
2546 2855
2547 2856
2548 2857
2549 2858
2551 2860
2552 2861
2553 2862
2554 2863
2555 2864
2556 2865
2557 2866
2558 2867
2559 2868
2561 2870
2562 2871
2563 2872
2564 2873
2565 2874
2566 2875
2567 2876
2568 2877
2569 2878
2571 2880
2572 2881
2573 2882
2574 2883
2575 2884
2576 2885
2577 2886
2578 2887
2579 2888
2581 2890
2582 2891
2583 2892
2584 2893
2585 2894
2586 2895
2587 2896
2588 2897
2589 2898
2591 2900
2592 2901
2593 2902
2594 2903
2595 2904
2596 2905
2597 2906
2598 2907
2599 2908
2601 2910
2602 2911
2603 2912
2604 2913
2605 2914
2606 2915
2607 2916
2608 2917
2609 2918
2611 2920
2612 2921
2613 2922
2614 2923
2615 2924
2616 2925
2617 2926
2618 2927
2619 2928
2621 2930
2622 2931
2623 2932
2624 2933
2625 2934
2626 2935
2627 2936
2628 2937
2629 2938
2631 2940
2632 2941
2633 2942
2634 2943
2635 2944
2636 2945
2637 2946
2638 2947
2639 2948
2641 2950
2642 2951
2643 2952
2644 2953
2645 2954
2646 2955
2647 2956
2648 2957
2649 2958
2651 2960
2652 2961
2653 2962
2654 2963
2655 2964
2656 2965
2657 2966
2658 2967
2659 2968
2661 2970
2662 2971
2663 2972
2664 2973
2665 2974
2666 2975
2667 2976
2668 2977
2669 2978
2671 2980
2672 2981
2673 2982
2674 2983
2675 2984
2676 2985
2677 2986
2678 2987
2679 2988
2681 2990
2682 2991
2683 2992
2684 2993
2685 2994
2686 2995
2687 2996
2688 2997
2689 2998
2701 3010
2702 3011
2703 3012
2704 3013
2705 3014
2706 3015
2707 3016
2708 3017
2709 3018
2711 3020
2712 3021
2713 3022
2714 3023
2715 3024
2716 3025
2717 3026
2718 3027
2719 3028
2721 3030
2722 3031
2723 3032
2724 3033
2725 3034
2726 3035
2727 3036
2728 3037
2729 3038
2731 3040
2732 3041
2733 3042
2734 3043
2735 3044
2736 3045
2737 3046
2738 3047
2739 3048
2741 3050
2742 3051
2743 3052
2744 3053
2745 3054
2746 3055
2747 3056
2748 3057
2749 3058
2751 3060
2752 3061
2753 3062
2754 3063
2755 3064
2756 3065
2757 3066
2758 3067
2759 3068
2761 3070
2762 3071
2763 3072
2764 3073
2765 3074
2766 3075
2767 3076
2768 3077
2769 3078
2771 3080
2772 3081
2773 3082
2774 3083
2775 3084
2776 3085
2777 3086
2778 3087
2779 3088
2781 3090
2782 3091
2783 3092
2784 3093
2785 3094
2786 3095
2787 3096
2788 3097
2789 3098
2791 3100
2792 3101
2793 3102
2794 3103
2795 3104
2796 3105
2797 3106
2798 3107
2799 3108
2801 3110
2802 3111
2803 3112
2804 3113
2805 3114
2806 3115
2807 3116
2808 3117
2809 3118
2811 3120
2812 3121
2813 3122
2814 3123
2815 3124
2816 3125
2817 3126
2818 3127
2819 3128
2821 3130
2822 3131
2823 3132
2824 3133
2825 3134
2826 3135
2827 3136
2828 3137
2829 3138
2831 3140
2832 3141
2833 3142
2834 3143
2835 3144
2836 3145
2837 3146
2838 3147
2839 3148
2841 3150
2842 3151
2843 3152
2844 3153
2845 3154
2846 3155
2847 3156
2848 3157
2849 3158
2851 3160
2852 3161
2853 3162
2854 3163
2855 3164
2856 3165
2857 3166
2858 3167
2859 3168
2861 3170
2862 3171
2863 3172
2864 3173
2865 3174
2866 3175
2867 3176
2868 3177
2869 3178
2871 3180
2872 3181
2873 3182
2874 3183
2875 3184
2876 3185
2877 3186
2878 3187
2879 3188
2881 3190
2882 3191
2883 3192
2884 3193
2885 3194
2886 3195
2887 3196
2888 3197
2889 3198
2891 3200
2892 3201
2893 3202
2894 3203
2895 3204
2896 3205
2897 3206
2898 3207
2899 3208
2901 3210
2902 3211
2903 3212
2904 3213
2905 3214
2906 3215
2907 3216
2908 3217
2909 3218
2911 3220
2912 3221
2913 3222
2914 3223
2915 3224
2916 3225
2917 3226
2918 3227
2919 3228
2921 3230
2922 3231
2923 3232
2924 3233
2925 3234
2926 3235
2927 3236
2928 3237
2929 3238
2931 3240
2932 3241
2933 3242
2934 3243
2935 3244
2936 3245
2937 3246
2938 3247
2939 3248
2941 3250
2942 3251
2943 3252
2944 3253
2945 3254
2946 3255
2947 3256
2948 3257
2949 3258
2951 3260
2952 3261
2953 3262
2954 3263
2955 3264
2956 3265
2957 3266
2958 3267
2959 3268
2961 3270
2962 3271
2963 3272
2964 3273
2965 3274
2966 3275
2967 3276
2968 3277
2969 3278
2971 3280
2972 3281
2973 3282
2974 3283
2975 3284
2976 3285
2977 3286
2978 3287
2979 3288
2981 3290
2982 3291
2983 3292
2984 3293
2985 3294
2986 3295
2987 3296
2988 3297
2989 3298
3001 3310
3002 3311
3003 3312
3004 3313
3005 3314
3006 3315
3007 3316
3008 3317
3009 3318
3011 3320
3012 3321
3013 3322
3014 3323
3015 3324
3016 3325
3017 3326
3018 3327
3019 3328
3021 3330
3022 3331
3023 3332
3024 3333
3025 3334
3026 3335
3027 3336
3028 3337
3029 3338
3031 3340
3032 3341
3033 3342
3034 3343
3035 3344
3036 3345
3037 3346
3038 3347
3039 3348
3041 3350
3042 3351
3043 3352
3044 3353
3045 3354
3046 3355
3047 3356
3048 3357
3049 3358
3051 3360
3052 3361
3053 3362
3054 3363
3055 3364
3056 3365
3057 3366
3058 3367
3059 3368
3061 3370
3062 3371
3063 3372
3064 3373
3065 3374
3066 3375
3067 3376
3068 3377
3069 3378
3071 3380
3072 3381
3073 3382
3074 3383
3075 3384
3076 3385
3077 3386
3078 3387
3079 3388
3081 3390
3082 3391
3083 3392
3084 3393
3085 3394
3086 3395
3087 3396
3088 3397
3089 3398
3091 3400
3092 3401
3093 3402
3094 3403
3095 3404
3096 3405
3097 3406
3098 3407
3099 3408
3101 3410
3102 3411
3103 3412
3104 3413
3105 3414
3106 3415
3107 3416
3108 3417
3109 3418
3111 3420
3112 3421
3113 3422
3114 3423
3115 3424
3116 3425
3117 3426
3118 3427
3119 3428
3121 3430
3122 3431
3123 3432
3124 3433
3125 3434
3126 3435
3127 3436
3128 3437
3129 3438
3131 3440
3132 3441
3133 3442
3134 3443
3135 3444
3136 3445
3137 3446
3138 3447
3139 3448
3141 3450
3142 3451
3143 3452
3144 3453
3145 3454
3146 3455
3147 3456
3148 3457
3149 3458
3151 3460
3152 3461
3153 3462
3154 3463
3155 3464
3156 3465
3157 3466
3158 3467
3159 3468
3161 3470
3162 3471
3163 3472
3164 3473
3165 3474
3166 3475
3167 3476
3168 3477
3169 3478
3171 3480
3172 3481
3173 3482
3174 3483
3175 3484
3176 3485
3177 3486
3178 3487
3179 3488
3181 3490
3182 3491
3183 3492
3184 3493
3185 3494
3186 3495
3187 3496
3188 3497
3189 3498
3191 3500
3192 3501
3193 3502
3194 3503
3195 3504
3196 3505
3197 3506
3198 3507
3199 3508
3201 3510
3202 3511
3203 3512
3204 3513
3205 3514
3206 3515
3207 3516
3208 3517
3209 3518
3211 3520
3212 3521
3213 3522
3214 3523
3215 3524
3216 3525
3217 3526
3218 3527
3219 3528
3221 3530
3222 3531
3223 3532
3224 3533
3225 3534
3226 3535
3227 3536
3228 3537
3229 3538
3231 3540
3232 3541
3233 3542
3234 3543
3235 3544
3236 3545
3237 3546
3238 3547
3239 3548
3241 3550
3242 3551
3243 3552
3244 3553
3245 3554
3246 3555
3247 3556
3248 3557
3249 3558
3251 3560
3252 3561
3253 3562
3254 3563
3255 3564
3256 3565
3257 3566
3258 3567
3259 3568
3261 3570
3262 3571
3263 3572
3264 3573
3265 3574
3266 3575
3267 3576
3268 3577
3269 3578
3271 3580
3272 3581
3273 3582
3274 3583
3275 3584
3276 3585
3277 3586
3278 3587
3279 3588
3281 3590
3282 3591
3283 3592
3284 3593
3285 3594
3286 3595
3287 3596
3288 3597
3289 3598
3301 3610
3302 3611
3303 3612
3304 3613
3305 3614
3306 3615
3307 3616
3308 3617
3309 3618
3311 3620
3312 3621
3313 3622
3314 3623
3315 3624
3316 3625
3317 3626
3318 3627
3319 3628
3321 3630
3322 3631
3323 3632
3324 3633
3325 3634
3326 3635
3327 3636
3328 3637
3329 3638
3331 3640
3332 3641
3333 3642
3334 3643
3335 3644
3336 3645
3337 3646
3338 3647
3339 3648
3341 3650
3342 3651
3343 3652
3344 3653
3345 3654
3346 3655
3347 3656
3348 3657
3349 3658
3351 3660
3352 3661
3353 3662
3354 3663
3355 3664
3356 3665
3357 3666
3358 3667
3359 3668
3361 3670
3362 3671
3363 3672
3364 3673
3365 3674
3366 3675
3367 3676
3368 3677
3369 3678
3371 3680
3372 3681
3373 3682
3374 3683
3375 3684
3376 3685
3377 3686
3378 3687
3379 3688
3381 3690
3382 3691
3383 3692
3384 3693
3385 3694
3386 3695
3387 3696
3388 3697
3389 3698
3391 3700
3392 3701
3393 3702
3394 3703
3395 3704
3396 3705
3397 3706
3398 3707
3399 3708
3401 3710
3402 3711
3403 3712
3404 3713
3405 3714
3406 3715
3407 3716
3408 3717
3409 3718
3411 3720
3412 3721
3413 3722
3414 3723
3415 3724
3416 3725
3417 3726
3418 3727
3419 3728
3421 3730
3422 3731
3423 3732
3424 3733
3425 3734
3426 3735
3427 3736
3428 3737
3429 3738
3431 3740
3432 3741
3433 3742
3434 3743
3435 3744
3436 3745
3437 3746
3438 3747
3439 3748
3441 3750
3442 3751
3443 3752
3444 3753
3445 3754
3446 3755
3447 3756
3448 3757
3449 3758
3451 3760
3452 3761
3453 3762
3454 3763
3455 3764
3456 3765
3457 3766
3458 3767
3459 3768
3461 3770
3462 3771
3463 3772
3464 3773
3465 3774
3466 3775
3467 3776
3468 3777
3469 3778
3471 3780
3472 3781
3473 3782
3474 3783
3475 3784
3476 3785
3477 3786
3478 3787
3479 3788
3481 3790
3482 3791
3483 3792
3484 3793
3485 3794
3486 3795
3487 3796
3488 3797
3489 3798
3491 3800
3492 3801
3493 3802
3494 3803
3495 3804
3496 3805
3497 3806
3498 3807
3499 3808
3501 3810
3502 3811
3503 3812
3504 3813
3505 3814
3506 3815
3507 3816
3508 3817
3509 3818
3511 3820
3512 3821
3513 3822
3514 3823
3515 3824
3516 3825
3517 3826
3518 3827
3519 3828
3521 3830
3522 3831
3523 3832
3524 3833
3525 3834
3526 3835
3527 3836
3528 3837
3529 3838
3531 3840
3532 3841
3533 3842
3534 3843
3535 3844
3536 3845
3537 3846
3538 3847
3539 3848
3541 3850
3542 3851
3543 3852
3544 3853
3545 3854
3546 3855
3547 3856
3548 3857
3549 3858
3551 3860
3552 3861
3553 3862
3554 3863
3555 3864
3556 3865
3557 3866
3558 3867
3559 3868
3561 3870
3562 3871
3563 3872
3564 3873
3565 3874
3566 3875
3567 3876
3568 3877
3569 3878
3571 3880
3572 3881
3573 3882
3574 3883
3575 3884
3576 3885
3577 3886
3578 3887
3579 3888
3581 3890
3582 3891
3583 3892
3584 3893
3585 3894
3586 3895
3587 3896
3588 3897
3589 3898
3601 3910
3602 3911
3603 3912
3604 3913
3605 3914
3606 3915
3607 3916
3608 3917
3609 3918
3611 3920
3612 3921
3613 3922
3614 3923
3615 3924
3616 3925
3617 3926
3618 3927
3619 3928
3621 3930
3622 3931
3623 3932
3624 3933
3625 3934
3626 3935
3627 3936
3628 3937
3629 3938
3631 3940
3632 3941
3633 3942
3634 3943
3635 3944
3636 3945
3637 3946
3638 3947
3639 3948
3641 3950
3642 3951
3643 3952
3644 3953
3645 3954
3646 3955
3647 3956
3648 3957
3649 3958
3651 3960
3652 3961
3653 3962
3654 3963
3655 3964
3656 3965
3657 3966
3658 3967
3659 3968
3661 3970
3662 3971
3663 3972
3664 3973
3665 3974
3666 3975
3667 3976
3668 3977
3669 3978
3671 3980
3672 3981
3673 3982
3674 3983
3675 3984
3676 3985
3677 3986
3678 3987
3679 3988
3681 3990
3682 3991
3683 3992
3684 3993
3685 3994
3686 3995
3687 3996
3688 3997
3689 3998
3691 4000
3692 4001
3693 4002
3694 4003
3695 4004
3696 4005
3697 4006
3698 4007
3699 4008
3701 4010
3702 4011
3703 4012
3704 4013
3705 4014
3706 4015
3707 4016
3708 4017
3709 4018
3711 4020
3712 4021
3713 4022
3714 4023
3715 4024
3716 4025
3717 4026
3718 4027
3719 4028
3721 4030
3722 4031
3723 4032
3724 4033
3725 4034
3726 4035
3727 4036
3728 4037
3729 4038
3731 4040
3732 4041
3733 4042
3734 4043
3735 4044
3736 4045
3737 4046
3738 4047
3739 4048
3741 4050
3742 4051
3743 4052
3744 4053
3745 4054
3746 4055
3747 4056
3748 4057
3749 4058
3751 4060
3752 4061
3753 4062
3754 4063
3755 4064
3756 4065
3757 4066
3758 4067
3759 4068
3761 4070
3762 4071
3763 4072
3764 4073
3765 4074
3766 4075
3767 4076
3768 4077
3769 4078
3771 4080
3772 4081
3773 4082
3774 4083
3775 4084
3776 4085
3777 4086
3778 4087
3779 4088
3781 4090
3782 4091
3783 4092
3784 4093
3785 4094
3786 4095
3787 4096
3788 4097
3789 4098
3791 4100
3792 4101
3793 4102
3794 4103
3795 4104
3796 4105
3797 4106
3798 4107
3799 4108
3801 4110
3802 4111
3803 4112
3804 4113
3805 4114
3806 4115
3807 4116
3808 4117
3809 4118
3811 4120
3812 4121
3813 4122
3814 4123
3815 4124
3816 4125
3817 4126
3818 4127
3819 4128
3821 4130
3822 4131
3823 4132
3824 4133
3825 4134
3826 4135
3827 4136
3828 4137
3829 4138
3831 4140
3832 4141
3833 4142
3834 4143
3835 4144
3836 4145
3837 4146
3838 4147
3839 4148
3841 4150
3842 4151
3843 4152
3844 4153
3845 4154
3846 4155
3847 4156
3848 4157
3849 4158
3851 4160
3852 4161
3853 4162
3854 4163
3855 4164
3856 4165
3857 4166
3858 4167
3859 4168
3861 4170
3862 4171
3863 4172
3864 4173
3865 4174
3866 4175
3867 4176
3868 4177
3869 4178
3871 4180
3872 4181
3873 4182
3874 4183
3875 4184
3876 4185
3877 4186
3878 4187
3879 4188
3881 4190
3882 4191
3883 4192
3884 4193
3885 4194
3886 4195
3887 4196
3888 4197
3889 4198
3901 4210
3902 4211
3903 4212
3904 4213
3905 4214
3906 4215
3907 4216
3908 4217
3909 4218
3911 4220
3912 4221
3913 4222
3914 4223
3915 4224
3916 4225
3917 4226
3918 4227
3919 4228
3921 4230
3922 4231
3923 4232
3924 4233
3925 4234
3926 4235
3927 4236
3928 4237
3929 4238
3931 4240
3932 4241
3933 4242
3934 4243
3935 4244
3936 4245
3937 4246
3938 4247
3939 4248
3941 4250
3942 4251
3943 4252
3944 4253
3945 4254
3946 4255
3947 4256
3948 4257
3949 4258
3951 4260
3952 4261
3953 4262
3954 4263
3955 4264
3956 4265
3957 4266
3958 4267
3959 4268
3961 4270
3962 4271
3963 4272
3964 4273
3965 4274
3966 4275
3967 4276
3968 4277
3969 4278
3971 4280
3972 4281
3973 4282
3974 4283
3975 4284
3976 4285
3977 4286
3978 4287
3979 4288
3981 4290
3982 4291
3983 4292
3984 4293
3985 4294
3986 4295
3987 4296
3988 4297
3989 4298
3991 4300
3992 4301
3993 4302
3994 4303
3995 4304
3996 4305
3997 4306
3998 4307
3999 4308
4001 4310
4002 4311
4003 4312
4004 4313
4005 4314
4006 4315
4007 4316
4008 4317
4009 4318
4011 4320
4012 4321
4013 4322
4014 4323
4015 4324
4016 4325
4017 4326
4018 4327
4019 4328
4021 4330
4022 4331
4023 4332
4024 4333
4025 4334
4026 4335
4027 4336
4028 4337
4029 4338
4031 4340
4032 4341
4033 4342
4034 4343
4035 4344
4036 4345
4037 4346
4038 4347
4039 4348
4041 4350
4042 4351
4043 4352
4044 4353
4045 4354
4046 4355
4047 4356
4048 4357
4049 4358
4051 4360
4052 4361
4053 4362
4054 4363
4055 4364
4056 4365
4057 4366
4058 4367
4059 4368
4061 4370
4062 4371
4063 4372
4064 4373
4065 4374
4066 4375
4067 4376
4068 4377
4069 4378
4071 4380
4072 4381
4073 4382
4074 4383
4075 4384
4076 4385
4077 4386
4078 4387
4079 4388
4081 4390
4082 4391
4083 4392
4084 4393
4085 4394
4086 4395
4087 4396
4088 4397
4089 4398
4091 4400
4092 4401
4093 4402
4094 4403
4095 4404
4096 4405
4097 4406
4098 4407
4099 4408
4101 4410
4102 4411
4103 4412
4104 4413
4105 4414
4106 4415
4107 4416
4108 4417
4109 4418
4111 4420
4112 4421
4113 4422
4114 4423
4115 4424
4116 4425
4117 4426
4118 4427
4119 4428
4121 4430
4122 4431
4123 4432
4124 4433
4125 4434
4126 4435
4127 4436
4128 4437
4129 4438
4131 4440
4132 4441
4133 4442
4134 4443
4135 4444
4136 4445
4137 4446
4138 4447
4139 4448
4141 4450
4142 4451
4143 4452
4144 4453
4145 4454
4146 4455
4147 4456
4148 4457
4149 4458
4151 4460
4152 4461
4153 4462
4154 4463
4155 4464
4156 4465
4157 4466
4158 4467
4159 4468
4161 4470
4162 4471
4163 4472
4164 4473
4165 4474
4166 4475
4167 4476
4168 4477
4169 4478
4171 4480
4172 4481
4173 4482
4174 4483
4175 4484
4176 4485
4177 4486
4178 4487
4179 4488
4181 4490
4182 4491
4183 4492
4184 4493
4185 4494
4186 4495
4187 4496
4188 4497
4189 4498
4201 4510
4202 4511
4203 4512
4204 4513
4205 4514
4206 4515
4207 4516
4208 4517
4209 4518
4211 4520
4212 4521
4213 4522
4214 4523
4215 4524
4216 4525
4217 4526
4218 4527
4219 4528
4221 4530
4222 4531
4223 4532
4224 4533
4225 4534
4226 4535
4227 4536
4228 4537
4229 4538
4231 4540
4232 4541
4233 4542
4234 4543
4235 4544
4236 4545
4237 4546
4238 4547
4239 4548
4241 4550
4242 4551
4243 4552
4244 4553
4245 4554
4246 4555
4247 4556
4248 4557
4249 4558
4251 4560
4252 4561
4253 4562
4254 4563
4255 4564
4256 4565
4257 4566
4258 4567
4259 4568
4261 4570
4262 4571
4263 4572
4264 4573
4265 4574
4266 4575
4267 4576
4268 4577
4269 4578
4271 4580
4272 4581
4273 4582
4274 4583
4275 4584
4276 4585
4277 4586
4278 4587
4279 4588
4281 4590
4282 4591
4283 4592
4284 4593
4285 4594
4286 4595
4287 4596
4288 4597
4289 4598
4291 4600
4292 4601
4293 4602
4294 4603
4295 4604
4296 4605
4297 4606
4298 4607
4299 4608
4301 4610
4302 4611
4303 4612
4304 4613
4305 4614
4306 4615
4307 4616
4308 4617
4309 4618
4311 4620
4312 4621
4313 4622
4314 4623
4315 4624
4316 4625
4317 4626
4318 4627
4319 4628
4321 4630
4322 4631
4323 4632
4324 4633
4325 4634
4326 4635
4327 4636
4328 4637
4329 4638
4331 4640
4332 4641
4333 4642
4334 4643
4335 4644
4336 4645
4337 4646
4338 4647
4339 4648
4341 4650
4342 4651
4343 4652
4344 4653
4345 4654
4346 4655
4347 4656
4348 4657
4349 4658
4351 4660
4352 4661
4353 4662
4354 4663
4355 4664
4356 4665
4357 4666
4358 4667
4359 4668
4361 4670
4362 4671
4363 4672
4364 4673
4365 4674
4366 4675
4367 4676
4368 4677
4369 4678
4371 4680
4372 4681
4373 4682
4374 4683
4375 4684
4376 4685
4377 4686
4378 4687
4379 4688
4381 4690
4382 4691
4383 4692
4384 4693
4385 4694
4386 4695
4387 4696
4388 4697
4389 4698
4391 4700
4392 4701
4393 4702
4394 4703
4395 4704
4396 4705
4397 4706
4398 4707
4399 4708
4401 4710
4402 4711
4403 4712
4404 4713
4405 4714
4406 4715
4407 4716
4408 4717
4409 4718
4411 4720
4412 4721
4413 4722
4414 4723
4415 4724
4416 4725
4417 4726
4418 4727
4419 4728
4421 4730
4422 4731
4423 4732
4424 4733
4425 4734
4426 4735
4427 4736
4428 4737
4429 4738
4431 4740
4432 4741
4433 4742
4434 4743
4435 4744
4436 4745
4437 4746
4438 4747
4439 4748
4441 4750
4442 4751
4443 4752
4444 4753
4445 4754
4446 4755
4447 4756
4448 4757
4449 4758
4451 4760
4452 4761
4453 4762
4454 4763
4455 4764
4456 4765
4457 4766
4458 4767
4459 4768
4461 4770
4462 4771
4463 4772
4464 4773
4465 4774
4466 4775
4467 4776
4468 4777
4469 4778
4471 4780
4472 4781
4473 4782
4474 4783
4475 4784
4476 4785
4477 4786
4478 4787
4479 4788
4481 4790
4482 4791
4483 4792
4484 4793
4485 4794
4486 4795
4487 4796
4488 4797
4489 4798
4501 4810
4502 4811
4503 4812
4504 4813
4505 4814
4506 4815
4507 4816
4508 4817
4509 4818
4511 4820
4512 4821
4513 4822
4514 4823
4515 4824
4516 4825
4517 4826
4518 4827
4519 4828
4521 4830
4522 4831
4523 4832
4524 4833
4525 4834
4526 4835
4527 4836
4528 4837
4529 4838
4531 4840
4532 4841
4533 4842
4534 4843
4535 4844
4536 4845
4537 4846
4538 4847
4539 4848
4541 4850
4542 4851
4543 4852
4544 4853
4545 4854
4546 4855
4547 4856
4548 4857
4549 4858
4551 4860
4552 4861
4553 4862
4554 4863
4555 4864
4556 4865
4557 4866
4558 4867
4559 4868
4561 4870
4562 4871
4563 4872
4564 4873
4565 4874
4566 4875
4567 4876
4568 4877
4569 4878
4571 4880
4572 4881
4573 4882
4574 4883
4575 4884
4576 4885
4577 4886
4578 4887
4579 4888
4581 4890
4582 4891
4583 4892
4584 4893
4585 4894
4586 4895
4587 4896
4588 4897
4589 4898
4591 4900
4592 4901
4593 4902
4594 4903
4595 4904
4596 4905
4597 4906
4598 4907
4599 4908
4601 4910
4602 4911
4603 4912
4604 4913
4605 4914
4606 4915
4607 4916
4608 4917
4609 4918
4611 4920
4612 4921
4613 4922
4614 4923
4615 4924
4616 4925
4617 4926
4618 4927
4619 4928
4621 4930
4622 4931
4623 4932
4624 4933
4625 4934
4626 4935
4627 4936
4628 4937
4629 4938
4631 4940
4632 4941
4633 4942
4634 4943
4635 4944
4636 4945
4637 4946
4638 4947
4639 4948
4641 4950
4642 4951
4643 4952
4644 4953
4645 4954
4646 4955
4647 4956
4648 4957
4649 4958
4651 4960
4652 4961
4653 4962
4654 4963
4655 4964
4656 4965
4657 4966
4658 4967
4659 4968
4661 4970
4662 4971
4663 4972
4664 4973
4665 4974
4666 4975
4667 4976
4668 4977
4669 4978
4671 4980
4672 4981
4673 4982
4674 4983
4675 4984
4676 4985
4677 4986
4678 4987
4679 4988
4681 4990
4682 4991
4683 4992
4684 4993
4685 4994
4686 4995
4687 4996
4688 4997
4689 4998
4691 5000
4692 5001
4693 5002
4694 5003
4695 5004
4696 5005
4697 5006
4698 5007
4699 5008
4701 5010
4702 5011
4703 5012
4704 5013
4705 5014
4706 5015
4707 5016
4708 5017
4709 5018
4711 5020
4712 5021
4713 5022
4714 5023
4715 5024
4716 5025
4717 5026
4718 5027
4719 5028
4721 5030
4722 5031
4723 5032
4724 5033
4725 5034
4726 5035
4727 5036
4728 5037
4729 5038
4731 5040
4732 5041
4733 5042
4734 5043
4735 5044
4736 5045
4737 5046
4738 5047
4739 5048
4741 5050
4742 5051
4743 5052
4744 5053
4745 5054
4746 5055
4747 5056
4748 5057
4749 5058
4751 5060
4752 5061
4753 5062
4754 5063
4755 5064
4756 5065
4757 5066
4758 5067
4759 5068
4761 5070
4762 5071
4763 5072
4764 5073
4765 5074
4766 5075
4767 5076
4768 5077
4769 5078
4771 5080
4772 5081
4773 5082
4774 5083
4775 5084
4776 5085
4777 5086
4778 5087
4779 5088
4781 5090
4782 5091
4783 5092
4784 5093
4785 5094
4786 5095
4787 5096
4788 5097
4789 5098
4801 5110
4802 5111
4803 5112
4804 5113
4805 5114
4806 5115
4807 5116
4808 5117
4809 5118
4811 5120
4812 5121
4813 5122
4814 5123
4815 5124
4816 5125
4817 5126
4818 5127
4819 5128
4821 5130
4822 5131
4823 5132
4824 5133
4825 5134
4826 5135
4827 5136
4828 5137
4829 5138
4831 5140
4832 5141
4833 5142
4834 5143
4835 5144
4836 5145
4837 5146
4838 5147
4839 5148
4841 5150
4842 5151
4843 5152
4844 5153
4845 5154
4846 5155
4847 5156
4848 5157
4849 5158
4851 5160
4852 5161
4853 5162
4854 5163
4855 5164
4856 5165
4857 5166
4858 5167
4859 5168
4861 5170
4862 5171
4863 5172
4864 5173
4865 5174
4866 5175
4867 5176
4868 5177
4869 5178
4871 5180
4872 5181
4873 5182
4874 5183
4875 5184
4876 5185
4877 5186
4878 5187
4879 5188
4881 5190
4882 5191
4883 5192
4884 5193
4885 5194
4886 5195
4887 5196
4888 5197
4889 5198
4891 5200
4892 5201
4893 5202
4894 5203
4895 5204
4896 5205
4897 5206
4898 5207
4899 5208
4901 5210
4902 5211
4903 5212
4904 5213
4905 5214
4906 5215
4907 5216
4908 5217
4909 5218
4911 5220
4912 5221
4913 5222
4914 5223
4915 5224
4916 5225
4917 5226
4918 5227
4919 5228
4921 5230
4922 5231
4923 5232
4924 5233
4925 5234
4926 5235
4927 5236
4928 5237
4929 5238
4931 5240
4932 5241
4933 5242
4934 5243
4935 5244
4936 5245
4937 5246
4938 5247
4939 5248
4941 5250
4942 5251
4943 5252
4944 5253
4945 5254
4946 5255
4947 5256
4948 5257
4949 5258
4951 5260
4952 5261
4953 5262
4954 5263
4955 5264
4956 5265
4957 5266
4958 5267
4959 5268
4961 5270
4962 5271
4963 5272
4964 5273
4965 5274
4966 5275
4967 5276
4968 5277
4969 5278
4971 5280
4972 5281
4973 5282
4974 5283
4975 5284
4976 5285
4977 5286
4978 5287
4979 5288
4981 5290
4982 5291
4983 5292
4984 5293
4985 5294
4986 5295
4987 5296
4988 5297
4989 5298
4991 5300
4992 5301
4993 5302
4994 5303
4995 5304
4996 5305
4997 5306
4998 5307
4999 5308
5001 5310
5002 5311
5003 5312
5004 5313
5005 5314
5006 5315
5007 5316
5008 5317
5009 5318
5011 5320
5012 5321
5013 5322
5014 5323
5015 5324
5016 5325
5017 5326
5018 5327
5019 5328
5021 5330
5022 5331
5023 5332
5024 5333
5025 5334
5026 5335
5027 5336
5028 5337
5029 5338
5031 5340
5032 5341
5033 5342
5034 5343
5035 5344
5036 5345
5037 5346
5038 5347
5039 5348
5041 5350
5042 5351
5043 5352
5044 5353
5045 5354
5046 5355
5047 5356
5048 5357
5049 5358
5051 5360
5052 5361
5053 5362
5054 5363
5055 5364
5056 5365
5057 5366
5058 5367
5059 5368
5061 5370
5062 5371
5063 5372
5064 5373
5065 5374
5066 5375
5067 5376
5068 5377
5069 5378
5071 5380
5072 5381
5073 5382
5074 5383
5075 5384
5076 5385
5077 5386
5078 5387
5079 5388
5081 5390
5082 5391
5083 5392
5084 5393
5085 5394
5086 5395
5087 5396
5088 5397
5089 5398
5101 5410
5102 5411
5103 5412
5104 5413
5105 5414
5106 5415
5107 5416
5108 5417
5109 5418
5111 5420
5112 5421
5113 5422
5114 5423
5115 5424
5116 5425
5117 5426
5118 5427
5119 5428
5121 5430
5122 5431
5123 5432
5124 5433
5125 5434
5126 5435
5127 5436
5128 5437
5129 5438
5131 5440
5132 5441
5133 5442
5134 5443
5135 5444
5136 5445
5137 5446
5138 5447
5139 5448
5141 5450
5142 5451
5143 5452
5144 5453
5145 5454
5146 5455
5147 5456
5148 5457
5149 5458
5151 5460
5152 5461
5153 5462
5154 5463
5155 5464
5156 5465
5157 5466
5158 5467
5159 5468
5161 5470
5162 5471
5163 5472
5164 5473
5165 5474
5166 5475
5167 5476
5168 5477
5169 5478
5171 5480
5172 5481
5173 5482
5174 5483
5175 5484
5176 5485
5177 5486
5178 5487
5179 5488
5181 5490
5182 5491
5183 5492
5184 5493
5185 5494
5186 5495
5187 5496
5188 5497
5189 5498
5191 5500
5192 5501
5193 5502
5194 5503
5195 5504
5196 5505
5197 5506
5198 5507
5199 5508
5201 5510
5202 5511
5203 5512
5204 5513
5205 5514
5206 5515
5207 5516
5208 5517
5209 5518
5211 5520
5212 5521
5213 5522
5214 5523
5215 5524
5216 5525
5217 5526
5218 5527
5219 5528
5221 5530
5222 5531
5223 5532
5224 5533
5225 5534
5226 5535
5227 5536
5228 5537
5229 5538
5231 5540
5232 5541
5233 5542
5234 5543
5235 5544
5236 5545
5237 5546
5238 5547
5239 5548
5241 5550
5242 5551
5243 5552
5244 5553
5245 5554
5246 5555
5247 5556
5248 5557
5249 5558
5251 5560
5252 5561
5253 5562
5254 5563
5255 5564
5256 5565
5257 5566
5258 5567
5259 5568
5261 5570
5262 5571
5263 5572
5264 5573
5265 5574
5266 5575
5267 5576
5268 5577
5269 5578
5271 5580
5272 5581
5273 5582
5274 5583
5275 5584
5276 5585
5277 5586
5278 5587
5279 5588
5281 5590
5282 5591
5283 5592
5284 5593
5285 5594
5286 5595
5287 5596
5288 5597
5289 5598
5291 5600
5292 5601
5293 5602
5294 5603
5295 5604
5296 5605
5297 5606
5298 5607
5299 5608
5301 5610
5302 5611
5303 5612
5304 5613
5305 5614
5306 5615
5307 5616
5308 5617
5309 5618
5311 5620
5312 5621
5313 5622
5314 5623
5315 5624
5316 5625
5317 5626
5318 5627
5319 5628
5321 5630
5322 5631
5323 5632
5324 5633
5325 5634
5326 5635
5327 5636
5328 5637
5329 5638
5331 5640
5332 5641
5333 5642
5334 5643
5335 5644
5336 5645
5337 5646
5338 5647
5339 5648
5341 5650
5342 5651
5343 5652
5344 5653
5345 5654
5346 5655
5347 5656
5348 5657
5349 5658
5351 5660
5352 5661
5353 5662
5354 5663
5355 5664
5356 5665
5357 5666
5358 5667
5359 5668
5361 5670
5362 5671
5363 5672
5364 5673
5365 5674
5366 5675
5367 5676
5368 5677
5369 5678
5371 5680
5372 5681
5373 5682
5374 5683
5375 5684
5376 5685
5377 5686
5378 5687
5379 5688
5381 5690
5382 5691
5383 5692
5384 5693
5385 5694
5386 5695
5387 5696
5388 5697
5389 5698
5401 5710
5402 5711
5403 5712
5404 5713
5405 5714
5406 5715
5407 5716
5408 5717
5409 5718
5411 5720
5412 5721
5413 5722
5414 5723
5415 5724
5416 5725
5417 5726
5418 5727
5419 5728
5421 5730
5422 5731
5423 5732
5424 5733
5425 5734
5426 5735
5427 5736
5428 5737
5429 5738
5431 5740
5432 5741
5433 5742
5434 5743
5435 5744
5436 5745
5437 5746
5438 5747
5439 5748
5441 5750
5442 5751
5443 5752
5444 5753
5445 5754
5446 5755
5447 5756
5448 5757
5449 5758
5451 5760
5452 5761
5453 5762
5454 5763
5455 5764
5456 5765
5457 5766
5458 5767
5459 5768
5461 5770
5462 5771
5463 5772
5464 5773
5465 5774
5466 5775
5467 5776
5468 5777
5469 5778
5471 5780
5472 5781
5473 5782
5474 5783
5475 5784
5476 5785
5477 5786
5478 5787
5479 5788
5481 5790
5482 5791
5483 5792
5484 5793
5485 5794
5486 5795
5487 5796
5488 5797
5489 5798
5491 5800
5492 5801
5493 5802
5494 5803
5495 5804
5496 5805
5497 5806
5498 5807
5499 5808
5501 5810
5502 5811
5503 5812
5504 5813
5505 5814
5506 5815
5507 5816
5508 5817
5509 5818
5511 5820
5512 5821
5513 5822
5514 5823
5515 5824
5516 5825
5517 5826
5518 5827
5519 5828
5521 5830
5522 5831
5523 5832
5524 5833
5525 5834
5526 5835
5527 5836
5528 5837
5529 5838
5531 5840
5532 5841
5533 5842
5534 5843
5535 5844
5536 5845
5537 5846
5538 5847
5539 5848
5541 5850
5542 5851
5543 5852
5544 5853
5545 5854
5546 5855
5547 5856
5548 5857
5549 5858
5551 5860
5552 5861
5553 5862
5554 5863
5555 5864
5556 5865
5557 5866
5558 5867
5559 5868
5561 5870
5562 5871
5563 5872
5564 5873
5565 5874
5566 5875
5567 5876
5568 5877
5569 5878
5571 5880
5572 5881
5573 5882
5574 5883
5575 5884
5576 5885
5577 5886
5578 5887
5579 5888
5581 5890
5582 5891
5583 5892
5584 5893
5585 5894
5586 5895
5587 5896
5588 5897
5589 5898
5591 5900
5592 5901
5593 5902
5594 5903
5595 5904
5596 5905
5597 5906
5598 5907
5599 5908
5601 5910
5602 5911
5603 5912
5604 5913
5605 5914
5606 5915
5607 5916
5608 5917
5609 5918
5611 5920
5612 5921
5613 5922
5614 5923
5615 5924
5616 5925
5617 5926
5618 5927
5619 5928
5621 5930
5622 5931
5623 5932
5624 5933
5625 5934
5626 5935
5627 5936
5628 5937
5629 5938
5631 5940
5632 5941
5633 5942
5634 5943
5635 5944
5636 5945
5637 5946
5638 5947
5639 5948
5641 5950
5642 5951
5643 5952
5644 5953
5645 5954
5646 5955
5647 5956
5648 5957
5649 5958
5651 5960
5652 5961
5653 5962
5654 5963
5655 5964
5656 5965
5657 5966
5658 5967
5659 5968
5661 5970
5662 5971
5663 5972
5664 5973
5665 5974
5666 5975
5667 5976
5668 5977
5669 5978
5671 5980
5672 5981
5673 5982
5674 5983
5675 5984
5676 5985
5677 5986
5678 5987
5679 5988
5681 5990
5682 5991
5683 5992
5684 5993
5685 5994
5686 5995
5687 5996
5688 5997
5689 5998
5701 6010
5702 6011
5703 6012
5704 6013
5705 6014
5706 6015
5707 6016
5708 6017
5709 6018
5711 6020
5712 6021
5713 6022
5714 6023
5715 6024
5716 6025
5717 6026
5718 6027
5719 6028
5721 6030
5722 6031
5723 6032
5724 6033
5725 6034
5726 6035
5727 6036
5728 6037
5729 6038
5731 6040
5732 6041
5733 6042
5734 6043
5735 6044
5736 6045
5737 6046
5738 6047
5739 6048
5741 6050
5742 6051
5743 6052
5744 6053
5745 6054
5746 6055
5747 6056
5748 6057
5749 6058
5751 6060
5752 6061
5753 6062
5754 6063
5755 6064
5756 6065
5757 6066
5758 6067
5759 6068
5761 6070
5762 6071
5763 6072
5764 6073
5765 6074
5766 6075
5767 6076
5768 6077
5769 6078
5771 6080
5772 6081
5773 6082
5774 6083
5775 6084
5776 6085
5777 6086
5778 6087
5779 6088
5781 6090
5782 6091
5783 6092
5784 6093
5785 6094
5786 6095
5787 6096
5788 6097
5789 6098
5791 6100
5792 6101
5793 6102
5794 6103
5795 6104
5796 6105
5797 6106
5798 6107
5799 6108
5801 6110
5802 6111
5803 6112
5804 6113
5805 6114
5806 6115
5807 6116
5808 6117
5809 6118
5811 6120
5812 6121
5813 6122
5814 6123
5815 6124
5816 6125
5817 6126
5818 6127
5819 6128
5821 6130
5822 6131
5823 6132
5824 6133
5825 6134
5826 6135
5827 6136
5828 6137
5829 6138
5831 6140
5832 6141
5833 6142
5834 6143
5835 6144
5836 6145
5837 6146
5838 6147
5839 6148
5841 6150
5842 6151
5843 6152
5844 6153
5845 6154
5846 6155
5847 6156
5848 6157
5849 6158
5851 6160
5852 6161
5853 6162
5854 6163
5855 6164
5856 6165
5857 6166
5858 6167
5859 6168
5861 6170
5862 6171
5863 6172
5864 6173
5865 6174
5866 6175
5867 6176
5868 6177
5869 6178
5871 6180
5872 6181
5873 6182
5874 6183
5875 6184
5876 6185
5877 6186
5878 6187
5879 6188
5881 6190
5882 6191
5883 6192
5884 6193
5885 6194
5886 6195
5887 6196
5888 6197
5889 6198
5891 6200
5892 6201
5893 6202
5894 6203
5895 6204
5896 6205
5897 6206
5898 6207
5899 6208
5901 6210
5902 6211
5903 6212
5904 6213
5905 6214
5906 6215
5907 6216
5908 6217
5909 6218
5911 6220
5912 6221
5913 6222
5914 6223
5915 6224
5916 6225
5917 6226
5918 6227
5919 6228
5921 6230
5922 6231
5923 6232
5924 6233
5925 6234
5926 6235
5927 6236
5928 6237
5929 6238
5931 6240
5932 6241
5933 6242
5934 6243
5935 6244
5936 6245
5937 6246
5938 6247
5939 6248
5941 6250
5942 6251
5943 6252
5944 6253
5945 6254
5946 6255
5947 6256
5948 6257
5949 6258
5951 6260
5952 6261
5953 6262
5954 6263
5955 6264
5956 6265
5957 6266
5958 6267
5959 6268
5961 6270
5962 6271
5963 6272
5964 6273
5965 6274
5966 6275
5967 6276
5968 6277
5969 6278
5971 6280
5972 6281
5973 6282
5974 6283
5975 6284
5976 6285
5977 6286
5978 6287
5979 6288
5981 6290
5982 6291
5983 6292
5984 6293
5985 6294
5986 6295
5987 6296
5988 6297
5989 6298
6001 6310
6002 6311
6003 6312
6004 6313
6005 6314
6006 6315
6007 6316
6008 6317
6009 6318
6011 6320
6012 6321
6013 6322
6014 6323
6015 6324
6016 6325
6017 6326
6018 6327
6019 6328
6021 6330
6022 6331
6023 6332
6024 6333
6025 6334
6026 6335
6027 6336
6028 6337
6029 6338
6031 6340
6032 6341
6033 6342
6034 6343
6035 6344
6036 6345
6037 6346
6038 6347
6039 6348
6041 6350
6042 6351
6043 6352
6044 6353
6045 6354
6046 6355
6047 6356
6048 6357
6049 6358
6051 6360
6052 6361
6053 6362
6054 6363
6055 6364
6056 6365
6057 6366
6058 6367
6059 6368
6061 6370
6062 6371
6063 6372
6064 6373
6065 6374
6066 6375
6067 6376
6068 6377
6069 6378
6071 6380
6072 6381
6073 6382
6074 6383
6075 6384
6076 6385
6077 6386
6078 6387
6079 6388
6081 6390
6082 6391
6083 6392
6084 6393
6085 6394
6086 6395
6087 6396
6088 6397
6089 6398
6091 6400
6092 6401
6093 6402
6094 6403
6095 6404
6096 6405
6097 6406
6098 6407
6099 6408
6101 6410
6102 6411
6103 6412
6104 6413
6105 6414
6106 6415
6107 6416
6108 6417
6109 6418
6111 6420
6112 6421
6113 6422
6114 6423
6115 6424
6116 6425
6117 6426
6118 6427
6119 6428
6121 6430
6122 6431
6123 6432
6124 6433
6125 6434
6126 6435
6127 6436
6128 6437
6129 6438
6131 6440
6132 6441
6133 6442
6134 6443
6135 6444
6136 6445
6137 6446
6138 6447
6139 6448
6141 6450
6142 6451
6143 6452
6144 6453
6145 6454
6146 6455
6147 6456
6148 6457
6149 6458
6151 6460
6152 6461
6153 6462
6154 6463
6155 6464
6156 6465
6157 6466
6158 6467
6159 6468
6161 6470
6162 6471
6163 6472
6164 6473
6165 6474
6166 6475
6167 6476
6168 6477
6169 6478
6171 6480
6172 6481
6173 6482
6174 6483
6175 6484
6176 6485
6177 6486
6178 6487
6179 6488
6181 6490
6182 6491
6183 6492
6184 6493
6185 6494
6186 6495
6187 6496
6188 6497
6189 6498
6191 6500
6192 6501
6193 6502
6194 6503
6195 6504
6196 6505
6197 6506
6198 6507
6199 6508
6201 6510
6202 6511
6203 6512
6204 6513
6205 6514
6206 6515
6207 6516
6208 6517
6209 6518
6211 6520
6212 6521
6213 6522
6214 6523
6215 6524
6216 6525
6217 6526
6218 6527
6219 6528
6221 6530
6222 6531
6223 6532
6224 6533
6225 6534
6226 6535
6227 6536
6228 6537
6229 6538
6231 6540
6232 6541
6233 6542
6234 6543
6235 6544
6236 6545
6237 6546
6238 6547
6239 6548
6241 6550
6242 6551
6243 6552
6244 6553
6245 6554
6246 6555
6247 6556
6248 6557
6249 6558
6251 6560
6252 6561
6253 6562
6254 6563
6255 6564
6256 6565
6257 6566
6258 6567
6259 6568
6261 6570
6262 6571
6263 6572
6264 6573
6265 6574
6266 6575
6267 6576
6268 6577
6269 6578
6271 6580
6272 6581
6273 6582
6274 6583
6275 6584
6276 6585
6277 6586
6278 6587
6279 6588
6281 6590
6282 6591
6283 6592
6284 6593
6285 6594
6286 6595
6287 6596
6288 6597
6289 6598
6301 6610
6302 6611
6303 6612
6304 6613
6305 6614
6306 6615
6307 6616
6308 6617
6309 6618
6311 6620
6312 6621
6313 6622
6314 6623
6315 6624
6316 6625
6317 6626
6318 6627
6319 6628
6321 6630
6322 6631
6323 6632
6324 6633
6325 6634
6326 6635
6327 6636
6328 6637
6329 6638
6331 6640
6332 6641
6333 6642
6334 6643
6335 6644
6336 6645
6337 6646
6338 6647
6339 6648
6341 6650
6342 6651
6343 6652
6344 6653
6345 6654
6346 6655
6347 6656
6348 6657
6349 6658
6351 6660
6352 6661
6353 6662
6354 6663
6355 6664
6356 6665
6357 6666
6358 6667
6359 6668
6361 6670
6362 6671
6363 6672
6364 6673
6365 6674
6366 6675
6367 6676
6368 6677
6369 6678
6371 6680
6372 6681
6373 6682
6374 6683
6375 6684
6376 6685
6377 6686
6378 6687
6379 6688
6381 6690
6382 6691
6383 6692
6384 6693
6385 6694
6386 6695
6387 6696
6388 6697
6389 6698
6391 6700
6392 6701
6393 6702
6394 6703
6395 6704
6396 6705
6397 6706
6398 6707
6399 6708
6401 6710
6402 6711
6403 6712
6404 6713
6405 6714
6406 6715
6407 6716
6408 6717
6409 6718
6411 6720
6412 6721
6413 6722
6414 6723
6415 6724
6416 6725
6417 6726
6418 6727
6419 6728
6421 6730
6422 6731
6423 6732
6424 6733
6425 6734
6426 6735
6427 6736
6428 6737
6429 6738
6431 6740
6432 6741
6433 6742
6434 6743
6435 6744
6436 6745
6437 6746
6438 6747
6439 6748
6441 6750
6442 6751
6443 6752
6444 6753
6445 6754
6446 6755
6447 6756
6448 6757
6449 6758
6451 6760
6452 6761
6453 6762
6454 6763
6455 6764
6456 6765
6457 6766
6458 6767
6459 6768
6461 6770
6462 6771
6463 6772
6464 6773
6465 6774
6466 6775
6467 6776
6468 6777
6469 6778
6471 6780
6472 6781
6473 6782
6474 6783
6475 6784
6476 6785
6477 6786
6478 6787
6479 6788
6481 6790
6482 6791
6483 6792
6484 6793
6485 6794
6486 6795
6487 6796
6488 6797
6489 6798
6491 6800
6492 6801
6493 6802
6494 6803
6495 6804
6496 6805
6497 6806
6498 6807
6499 6808
6501 6810
6502 6811
6503 6812
6504 6813
6505 6814
6506 6815
6507 6816
6508 6817
6509 6818
6511 6820
6512 6821
6513 6822
6514 6823
6515 6824
6516 6825
6517 6826
6518 6827
6519 6828
6521 6830
6522 6831
6523 6832
6524 6833
6525 6834
6526 6835
6527 6836
6528 6837
6529 6838
6531 6840
6532 6841
6533 6842
6534 6843
6535 6844
6536 6845
6537 6846
6538 6847
6539 6848
6541 6850
6542 6851
6543 6852
6544 6853
6545 6854
6546 6855
6547 6856
6548 6857
6549 6858
6551 6860
6552 6861
6553 6862
6554 6863
6555 6864
6556 6865
6557 6866
6558 6867
6559 6868
6561 6870
6562 6871
6563 6872
6564 6873
6565 6874
6566 6875
6567 6876
6568 6877
6569 6878
6571 6880
6572 6881
6573 6882
6574 6883
6575 6884
6576 6885
6577 6886
6578 6887
6579 6888
6581 6890
6582 6891
6583 6892
6584 6893
6585 6894
6586 6895
6587 6896
6588 6897
6589 6898
6601 6910
6602 6911
6603 6912
6604 6913
6605 6914
6606 6915
6607 6916
6608 6917
6609 6918
6611 6920
6612 6921
6613 6922
6614 6923
6615 6924
6616 6925
6617 6926
6618 6927
6619 6928
6621 6930
6622 6931
6623 6932
6624 6933
6625 6934
6626 6935
6627 6936
6628 6937
6629 6938
6631 6940
6632 6941
6633 6942
6634 6943
6635 6944
6636 6945
6637 6946
6638 6947
6639 6948
6641 6950
6642 6951
6643 6952
6644 6953
6645 6954
6646 6955
6647 6956
6648 6957
6649 6958
6651 6960
6652 6961
6653 6962
6654 6963
6655 6964
6656 6965
6657 6966
6658 6967
6659 6968
6661 6970
6662 6971
6663 6972
6664 6973
6665 6974
6666 6975
6667 6976
6668 6977
6669 6978
6671 6980
6672 6981
6673 6982
6674 6983
6675 6984
6676 6985
6677 6986
6678 6987
6679 6988
6681 6990
6682 6991
6683 6992
6684 6993
6685 6994
6686 6995
6687 6996
6688 6997
6689 6998
6691 7000
6692 7001
6693 7002
6694 7003
6695 7004
6696 7005
6697 7006
6698 7007
6699 7008
6701 7010
6702 7011
6703 7012
6704 7013
6705 7014
6706 7015
6707 7016
6708 7017
6709 7018
6711 7020
6712 7021
6713 7022
6714 7023
6715 7024
6716 7025
6717 7026
6718 7027
6719 7028
6721 7030
6722 7031
6723 7032
6724 7033
6725 7034
6726 7035
6727 7036
6728 7037
6729 7038
6731 7040
6732 7041
6733 7042
6734 7043
6735 7044
6736 7045
6737 7046
6738 7047
6739 7048
6741 7050
6742 7051
6743 7052
6744 7053
6745 7054
6746 7055
6747 7056
6748 7057
6749 7058
6751 7060
6752 7061
6753 7062
6754 7063
6755 7064
6756 7065
6757 7066
6758 7067
6759 7068
6761 7070
6762 7071
6763 7072
6764 7073
6765 7074
6766 7075
6767 7076
6768 7077
6769 7078
6771 7080
6772 7081
6773 7082
6774 7083
6775 7084
6776 7085
6777 7086
6778 7087
6779 7088
6781 7090
6782 7091
6783 7092
6784 7093
6785 7094
6786 7095
6787 7096
6788 7097
6789 7098
6791 7100
6792 7101
6793 7102
6794 7103
6795 7104
6796 7105
6797 7106
6798 7107
6799 7108
6801 7110
6802 7111
6803 7112
6804 7113
6805 7114
6806 7115
6807 7116
6808 7117
6809 7118
6811 7120
6812 7121
6813 7122
6814 7123
6815 7124
6816 7125
6817 7126
6818 7127
6819 7128
6821 7130
6822 7131
6823 7132
6824 7133
6825 7134
6826 7135
6827 7136
6828 7137
6829 7138
6831 7140
6832 7141
6833 7142
6834 7143
6835 7144
6836 7145
6837 7146
6838 7147
6839 7148
6841 7150
6842 7151
6843 7152
6844 7153
6845 7154
6846 7155
6847 7156
6848 7157
6849 7158
6851 7160
6852 7161
6853 7162
6854 7163
6855 7164
6856 7165
6857 7166
6858 7167
6859 7168
6861 7170
6862 7171
6863 7172
6864 7173
6865 7174
6866 7175
6867 7176
6868 7177
6869 7178
6871 7180
6872 7181
6873 7182
6874 7183
6875 7184
6876 7185
6877 7186
6878 7187
6879 7188
6881 7190
6882 7191
6883 7192
6884 7193
6885 7194
6886 7195
6887 7196
6888 7197
6889 7198
6901 7210
6902 7211
6903 7212
6904 7213
6905 7214
6906 7215
6907 7216
6908 7217
6909 7218
6911 7220
6912 7221
6913 7222
6914 7223
6915 7224
6916 7225
6917 7226
6918 7227
6919 7228
6921 7230
6922 7231
6923 7232
6924 7233
6925 7234
6926 7235
6927 7236
6928 7237
6929 7238
6931 7240
6932 7241
6933 7242
6934 7243
6935 7244
6936 7245
6937 7246
6938 7247
6939 7248
6941 7250
6942 7251
6943 7252
6944 7253
6945 7254
6946 7255
6947 7256
6948 7257
6949 7258
6951 7260
6952 7261
6953 7262
6954 7263
6955 7264
6956 7265
6957 7266
6958 7267
6959 7268
6961 7270
6962 7271
6963 7272
6964 7273
6965 7274
6966 7275
6967 7276
6968 7277
6969 7278
6971 7280
6972 7281
6973 7282
6974 7283
6975 7284
6976 7285
6977 7286
6978 7287
6979 7288
6981 7290
6982 7291
6983 7292
6984 7293
6985 7294
6986 7295
6987 7296
6988 7297
6989 7298
6991 7300
6992 7301
6993 7302
6994 7303
6995 7304
6996 7305
6997 7306
6998 7307
6999 7308
7001 7310
7002 7311
7003 7312
7004 7313
7005 7314
7006 7315
7007 7316
7008 7317
7009 7318
7011 7320
7012 7321
7013 7322
7014 7323
7015 7324
7016 7325
7017 7326
7018 7327
7019 7328
7021 7330
7022 7331
7023 7332
7024 7333
7025 7334
7026 7335
7027 7336
7028 7337
7029 7338
7031 7340
7032 7341
7033 7342
7034 7343
7035 7344
7036 7345
7037 7346
7038 7347
7039 7348
7041 7350
7042 7351
7043 7352
7044 7353
7045 7354
7046 7355
7047 7356
7048 7357
7049 7358
7051 7360
7052 7361
7053 7362
7054 7363
7055 7364
7056 7365
7057 7366
7058 7367
7059 7368
7061 7370
7062 7371
7063 7372
7064 7373
7065 7374
7066 7375
7067 7376
7068 7377
7069 7378
7071 7380
7072 7381
7073 7382
7074 7383
7075 7384
7076 7385
7077 7386
7078 7387
7079 7388
7081 7390
7082 7391
7083 7392
7084 7393
7085 7394
7086 7395
7087 7396
7088 7397
7089 7398
7091 7400
7092 7401
7093 7402
7094 7403
7095 7404
7096 7405
7097 7406
7098 7407
7099 7408
7101 7410
7102 7411
7103 7412
7104 7413
7105 7414
7106 7415
7107 7416
7108 7417
7109 7418
7111 7420
7112 7421
7113 7422
7114 7423
7115 7424
7116 7425
7117 7426
7118 7427
7119 7428
7121 7430
7122 7431
7123 7432
7124 7433
7125 7434
7126 7435
7127 7436
7128 7437
7129 7438
7131 7440
7132 7441
7133 7442
7134 7443
7135 7444
7136 7445
7137 7446
7138 7447
7139 7448
7141 7450
7142 7451
7143 7452
7144 7453
7145 7454
7146 7455
7147 7456
7148 7457
7149 7458
7151 7460
7152 7461
7153 7462
7154 7463
7155 7464
7156 7465
7157 7466
7158 7467
7159 7468
7161 7470
7162 7471
7163 7472
7164 7473
7165 7474
7166 7475
7167 7476
7168 7477
7169 7478
7171 7480
7172 7481
7173 7482
7174 7483
7175 7484
7176 7485
7177 7486
7178 7487
7179 7488
7181 7490
7182 7491
7183 7492
7184 7493
7185 7494
7186 7495
7187 7496
7188 7497
7189 7498
7201 7510
7202 7511
7203 7512
7204 7513
7205 7514
7206 7515
7207 7516
7208 7517
7209 7518
7211 7520
7212 7521
7213 7522
7214 7523
7215 7524
7216 7525
7217 7526
7218 7527
7219 7528
7221 7530
7222 7531
7223 7532
7224 7533
7225 7534
7226 7535
7227 7536
7228 7537
7229 7538
7231 7540
7232 7541
7233 7542
7234 7543
7235 7544
7236 7545
7237 7546
7238 7547
7239 7548
7241 7550
7242 7551
7243 7552
7244 7553
7245 7554
7246 7555
7247 7556
7248 7557
7249 7558
7251 7560
7252 7561
7253 7562
7254 7563
7255 7564
7256 7565
7257 7566
7258 7567
7259 7568
7261 7570
7262 7571
7263 7572
7264 7573
7265 7574
7266 7575
7267 7576
7268 7577
7269 7578
7271 7580
7272 7581
7273 7582
7274 7583
7275 7584
7276 7585
7277 7586
7278 7587
7279 7588
7281 7590
7282 7591
7283 7592
7284 7593
7285 7594
7286 7595
7287 7596
7288 7597
7289 7598
7291 7600
7292 7601
7293 7602
7294 7603
7295 7604
7296 7605
7297 7606
7298 7607
7299 7608
7301 7610
7302 7611
7303 7612
7304 7613
7305 7614
7306 7615
7307 7616
7308 7617
7309 7618
7311 7620
7312 7621
7313 7622
7314 7623
7315 7624
7316 7625
7317 7626
7318 7627
7319 7628
7321 7630
7322 7631
7323 7632
7324 7633
7325 7634
7326 7635
7327 7636
7328 7637
7329 7638
7331 7640
7332 7641
7333 7642
7334 7643
7335 7644
7336 7645
7337 7646
7338 7647
7339 7648
7341 7650
7342 7651
7343 7652
7344 7653
7345 7654
7346 7655
7347 7656
7348 7657
7349 7658
7351 7660
7352 7661
7353 7662
7354 7663
7355 7664
7356 7665
7357 7666
7358 7667
7359 7668
7361 7670
7362 7671
7363 7672
7364 7673
7365 7674
7366 7675
7367 7676
7368 7677
7369 7678
7371 7680
7372 7681
7373 7682
7374 7683
7375 7684
7376 7685
7377 7686
7378 7687
7379 7688
7381 7690
7382 7691
7383 7692
7384 7693
7385 7694
7386 7695
7387 7696
7388 7697
7389 7698
7391 7700
7392 7701
7393 7702
7394 7703
7395 7704
7396 7705
7397 7706
7398 7707
7399 7708
7401 7710
7402 7711
7403 7712
7404 7713
7405 7714
7406 7715
7407 7716
7408 7717
7409 7718
7411 7720
7412 7721
7413 7722
7414 7723
7415 7724
7416 7725
7417 7726
7418 7727
7419 7728
7421 7730
7422 7731
7423 7732
7424 7733
7425 7734
7426 7735
7427 7736
7428 7737
7429 7738
7431 7740
7432 7741
7433 7742
7434 7743
7435 7744
7436 7745
7437 7746
7438 7747
7439 7748
7441 7750
7442 7751
7443 7752
7444 7753
7445 7754
7446 7755
7447 7756
7448 7757
7449 7758
7451 7760
7452 7761
7453 7762
7454 7763
7455 7764
7456 7765
7457 7766
7458 7767
7459 7768
7461 7770
7462 7771
7463 7772
7464 7773
7465 7774
7466 7775
7467 7776
7468 7777
7469 7778
7471 7780
7472 7781
7473 7782
7474 7783
7475 7784
7476 7785
7477 7786
7478 7787
7479 7788
7481 7790
7482 7791
7483 7792
7484 7793
7485 7794
7486 7795
7487 7796
7488 7797
7489 7798
7501 7810
7502 7811
7503 7812
7504 7813
7505 7814
7506 7815
7507 7816
7508 7817
7509 7818
7511 7820
7512 7821
7513 7822
7514 7823
7515 7824
7516 7825
7517 7826
7518 7827
7519 7828
7521 7830
7522 7831
7523 7832
7524 7833
7525 7834
7526 7835
7527 7836
7528 7837
7529 7838
7531 7840
7532 7841
7533 7842
7534 7843
7535 7844
7536 7845
7537 7846
7538 7847
7539 7848
7541 7850
7542 7851
7543 7852
7544 7853
7545 7854
7546 7855
7547 7856
7548 7857
7549 7858
7551 7860
7552 7861
7553 7862
7554 7863
7555 7864
7556 7865
7557 7866
7558 7867
7559 7868
7561 7870
7562 7871
7563 7872
7564 7873
7565 7874
7566 7875
7567 7876
7568 7877
7569 7878
7571 7880
7572 7881
7573 7882
7574 7883
7575 7884
7576 7885
7577 7886
7578 7887
7579 7888
7581 7890
7582 7891
7583 7892
7584 7893
7585 7894
7586 7895
7587 7896
7588 7897
7589 7898
7591 7900
7592 7901
7593 7902
7594 7903
7595 7904
7596 7905
7597 7906
7598 7907
7599 7908
7601 7910
7602 7911
7603 7912
7604 7913
7605 7914
7606 7915
7607 7916
7608 7917
7609 7918
7611 7920
7612 7921
7613 7922
7614 7923
7615 7924
7616 7925
7617 7926
7618 7927
7619 7928
7621 7930
7622 7931
7623 7932
7624 7933
7625 7934
7626 7935
7627 7936
7628 7937
7629 7938
7631 7940
7632 7941
7633 7942
7634 7943
7635 7944
7636 7945
7637 7946
7638 7947
7639 7948
7641 7950
7642 7951
7643 7952
7644 7953
7645 7954
7646 7955
7647 7956
7648 7957
7649 7958
7651 7960
7652 7961
7653 7962
7654 7963
7655 7964
7656 7965
7657 7966
7658 7967
7659 7968
7661 7970
7662 7971
7663 7972
7664 7973
7665 7974
7666 7975
7667 7976
7668 7977
7669 7978
7671 7980
7672 7981
7673 7982
7674 7983
7675 7984
7676 7985
7677 7986
7678 7987
7679 7988
7681 7990
7682 7991
7683 7992
7684 7993
7685 7994
7686 7995
7687 7996
7688 7997
7689 7998
7691 8000
7692 8001
7693 8002
7694 8003
7695 8004
7696 8005
7697 8006
7698 8007
7699 8008
7701 8010
7702 8011
7703 8012
7704 8013
7705 8014
7706 8015
7707 8016
7708 8017
7709 8018
7711 8020
7712 8021
7713 8022
7714 8023
7715 8024
7716 8025
7717 8026
7718 8027
7719 8028
7721 8030
7722 8031
7723 8032
7724 8033
7725 8034
7726 8035
7727 8036
7728 8037
7729 8038
7731 8040
7732 8041
7733 8042
7734 8043
7735 8044
7736 8045
7737 8046
7738 8047
7739 8048
7741 8050
7742 8051
7743 8052
7744 8053
7745 8054
7746 8055
7747 8056
7748 8057
7749 8058
7751 8060
7752 8061
7753 8062
7754 8063
7755 8064
7756 8065
7757 8066
7758 8067
7759 8068
7761 8070
7762 8071
7763 8072
7764 8073
7765 8074
7766 8075
7767 8076
7768 8077
7769 8078
7771 8080
7772 8081
7773 8082
7774 8083
7775 8084
7776 8085
7777 8086
7778 8087
7779 8088
7781 8090
7782 8091
7783 8092
7784 8093
7785 8094
7786 8095
7787 8096
7788 8097
7789 8098
7801 8110
7802 8111
7803 8112
7804 8113
7805 8114
7806 8115
7807 8116
7808 8117
7809 8118
7811 8120
7812 8121
7813 8122
7814 8123
7815 8124
7816 8125
7817 8126
7818 8127
7819 8128
7821 8130
7822 8131
7823 8132
7824 8133
7825 8134
7826 8135
7827 8136
7828 8137
7829 8138
7831 8140
7832 8141
7833 8142
7834 8143
7835 8144
7836 8145
7837 8146
7838 8147
7839 8148
7841 8150
7842 8151
7843 8152
7844 8153
7845 8154
7846 8155
7847 8156
7848 8157
7849 8158
7851 8160
7852 8161
7853 8162
7854 8163
7855 8164
7856 8165
7857 8166
7858 8167
7859 8168
7861 8170
7862 8171
7863 8172
7864 8173
7865 8174
7866 8175
7867 8176
7868 8177
7869 8178
7871 8180
7872 8181
7873 8182
7874 8183
7875 8184
7876 8185
7877 8186
7878 8187
7879 8188
7881 8190
7882 8191
7883 8192
7884 8193
7885 8194
7886 8195
7887 8196
7888 8197
7889 8198
7891 8200
7892 8201
7893 8202
7894 8203
7895 8204
7896 8205
7897 8206
7898 8207
7899 8208
7901 8210
7902 8211
7903 8212
7904 8213
7905 8214
7906 8215
7907 8216
7908 8217
7909 8218
7911 8220
7912 8221
7913 8222
7914 8223
7915 8224
7916 8225
7917 8226
7918 8227
7919 8228
7921 8230
7922 8231
7923 8232
7924 8233
7925 8234
7926 8235
7927 8236
7928 8237
7929 8238
7931 8240
7932 8241
7933 8242
7934 8243
7935 8244
7936 8245
7937 8246
7938 8247
7939 8248
7941 8250
7942 8251
7943 8252
7944 8253
7945 8254
7946 8255
7947 8256
7948 8257
7949 8258
7951 8260
7952 8261
7953 8262
7954 8263
7955 8264
7956 8265
7957 8266
7958 8267
7959 8268
7961 8270
7962 8271
7963 8272
7964 8273
7965 8274
7966 8275
7967 8276
7968 8277
7969 8278
7971 8280
7972 8281
7973 8282
7974 8283
7975 8284
7976 8285
7977 8286
7978 8287
7979 8288
7981 8290
7982 8291
7983 8292
7984 8293
7985 8294
7986 8295
7987 8296
7988 8297
7989 8298
7991 8300
7992 8301
7993 8302
7994 8303
7995 8304
7996 8305
7997 8306
7998 8307
7999 8308
8001 8310
8002 8311
8003 8312
8004 8313
8005 8314
8006 8315
8007 8316
8008 8317
8009 8318
8011 8320
8012 8321
8013 8322
8014 8323
8015 8324
8016 8325
8017 8326
8018 8327
8019 8328
8021 8330
8022 8331
8023 8332
8024 8333
8025 8334
8026 8335
8027 8336
8028 8337
8029 8338
8031 8340
8032 8341
8033 8342
8034 8343
8035 8344
8036 8345
8037 8346
8038 8347
8039 8348
8041 8350
8042 8351
8043 8352
8044 8353
8045 8354
8046 8355
8047 8356
8048 8357
8049 8358
8051 8360
8052 8361
8053 8362
8054 8363
8055 8364
8056 8365
8057 8366
8058 8367
8059 8368
8061 8370
8062 8371
8063 8372
8064 8373
8065 8374
8066 8375
8067 8376
8068 8377
8069 8378
8071 8380
8072 8381
8073 8382
8074 8383
8075 8384
8076 8385
8077 8386
8078 8387
8079 8388
8081 8390
8082 8391
8083 8392
8084 8393
8085 8394
8086 8395
8087 8396
8088 8397
8089 8398
8101 8410
8102 8411
8103 8412
8104 8413
8105 8414
8106 8415
8107 8416
8108 8417
8109 8418
8111 8420
8112 8421
8113 8422
8114 8423
8115 8424
8116 8425
8117 8426
8118 8427
8119 8428
8121 8430
8122 8431
8123 8432
8124 8433
8125 8434
8126 8435
8127 8436
8128 8437
8129 8438
8131 8440
8132 8441
8133 8442
8134 8443
8135 8444
8136 8445
8137 8446
8138 8447
8139 8448
8141 8450
8142 8451
8143 8452
8144 8453
8145 8454
8146 8455
8147 8456
8148 8457
8149 8458
8151 8460
8152 8461
8153 8462
8154 8463
8155 8464
8156 8465
8157 8466
8158 8467
8159 8468
8161 8470
8162 8471
8163 8472
8164 8473
8165 8474
8166 8475
8167 8476
8168 8477
8169 8478
8171 8480
8172 8481
8173 8482
8174 8483
8175 8484
8176 8485
8177 8486
8178 8487
8179 8488
8181 8490
8182 8491
8183 8492
8184 8493
8185 8494
8186 8495
8187 8496
8188 8497
8189 8498
8191 8500
8192 8501
8193 8502
8194 8503
8195 8504
8196 8505
8197 8506
8198 8507
8199 8508
8201 8510
8202 8511
8203 8512
8204 8513
8205 8514
8206 8515
8207 8516
8208 8517
8209 8518
8211 8520
8212 8521
8213 8522
8214 8523
8215 8524
8216 8525
8217 8526
8218 8527
8219 8528
8221 8530
8222 8531
8223 8532
8224 8533
8225 8534
8226 8535
8227 8536
8228 8537
8229 8538
8231 8540
8232 8541
8233 8542
8234 8543
8235 8544
8236 8545
8237 8546
8238 8547
8239 8548
8241 8550
8242 8551
8243 8552
8244 8553
8245 8554
8246 8555
8247 8556
8248 8557
8249 8558
8251 8560
8252 8561
8253 8562
8254 8563
8255 8564
8256 8565
8257 8566
8258 8567
8259 8568
8261 8570
8262 8571
8263 8572
8264 8573
8265 8574
8266 8575
8267 8576
8268 8577
8269 8578
8271 8580
8272 8581
8273 8582
8274 8583
8275 8584
8276 8585
8277 8586
8278 8587
8279 8588
8281 8590
8282 8591
8283 8592
8284 8593
8285 8594
8286 8595
8287 8596
8288 8597
8289 8598
8291 8600
8292 8601
8293 8602
8294 8603
8295 8604
8296 8605
8297 8606
8298 8607
8299 8608
8301 8610
8302 8611
8303 8612
8304 8613
8305 8614
8306 8615
8307 8616
8308 8617
8309 8618
8311 8620
8312 8621
8313 8622
8314 8623
8315 8624
8316 8625
8317 8626
8318 8627
8319 8628
8321 8630
8322 8631
8323 8632
8324 8633
8325 8634
8326 8635
8327 8636
8328 8637
8329 8638
8331 8640
8332 8641
8333 8642
8334 8643
8335 8644
8336 8645
8337 8646
8338 8647
8339 8648
8341 8650
8342 8651
8343 8652
8344 8653
8345 8654
8346 8655
8347 8656
8348 8657
8349 8658
8351 8660
8352 8661
8353 8662
8354 8663
8355 8664
8356 8665
8357 8666
8358 8667
8359 8668
8361 8670
8362 8671
8363 8672
8364 8673
8365 8674
8366 8675
8367 8676
8368 8677
8369 8678
8371 8680
8372 8681
8373 8682
8374 8683
8375 8684
8376 8685
8377 8686
8378 8687
8379 8688
8381 8690
8382 8691
8383 8692
8384 8693
8385 8694
8386 8695
8387 8696
8388 8697
8389 8698
8401 8710
8402 8711
8403 8712
8404 8713
8405 8714
8406 8715
8407 8716
8408 8717
8409 8718
8411 8720
8412 8721
8413 8722
8414 8723
8415 8724
8416 8725
8417 8726
8418 8727
8419 8728
8421 8730
8422 8731
8423 8732
8424 8733
8425 8734
8426 8735
8427 8736
8428 8737
8429 8738
8431 8740
8432 8741
8433 8742
8434 8743
8435 8744
8436 8745
8437 8746
8438 8747
8439 8748
8441 8750
8442 8751
8443 8752
8444 8753
8445 8754
8446 8755
8447 8756
8448 8757
8449 8758
8451 8760
8452 8761
8453 8762
8454 8763
8455 8764
8456 8765
8457 8766
8458 8767
8459 8768
8461 8770
8462 8771
8463 8772
8464 8773
8465 8774
8466 8775
8467 8776
8468 8777
8469 8778
8471 8780
8472 8781
8473 8782
8474 8783
8475 8784
8476 8785
8477 8786
8478 8787
8479 8788
8481 8790
8482 8791
8483 8792
8484 8793
8485 8794
8486 8795
8487 8796
8488 8797
8489 8798
8491 8800
8492 8801
8493 8802
8494 8803
8495 8804
8496 8805
8497 8806
8498 8807
8499 8808
8501 8810
8502 8811
8503 8812
8504 8813
8505 8814
8506 8815
8507 8816
8508 8817
8509 8818
8511 8820
8512 8821
8513 8822
8514 8823
8515 8824
8516 8825
8517 8826
8518 8827
8519 8828
8521 8830
8522 8831
8523 8832
8524 8833
8525 8834
8526 8835
8527 8836
8528 8837
8529 8838
8531 8840
8532 8841
8533 8842
8534 8843
8535 8844
8536 8845
8537 8846
8538 8847
8539 8848
8541 8850
8542 8851
8543 8852
8544 8853
8545 8854
8546 8855
8547 8856
8548 8857
8549 8858
8551 8860
8552 8861
8553 8862
8554 8863
8555 8864
8556 8865
8557 8866
8558 8867
8559 8868
8561 8870
8562 8871
8563 8872
8564 8873
8565 8874
8566 8875
8567 8876
8568 8877
8569 8878
8571 8880
8572 8881
8573 8882
8574 8883
8575 8884
8576 8885
8577 8886
8578 8887
8579 8888
8581 8890
8582 8891
8583 8892
8584 8893
8585 8894
8586 8895
8587 8896
8588 8897
8589 8898
8591 8900
8592 8901
8593 8902
8594 8903
8595 8904
8596 8905
8597 8906
8598 8907
8599 8908
8601 8910
8602 8911
8603 8912
8604 8913
8605 8914
8606 8915
8607 8916
8608 8917
8609 8918
8611 8920
8612 8921
8613 8922
8614 8923
8615 8924
8616 8925
8617 8926
8618 8927
8619 8928
8621 8930
8622 8931
8623 8932
8624 8933
8625 8934
8626 8935
8627 8936
8628 8937
8629 8938
8631 8940
8632 8941
8633 8942
8634 8943
8635 8944
8636 8945
8637 8946
8638 8947
8639 8948
8641 8950
8642 8951
8643 8952
8644 8953
8645 8954
8646 8955
8647 8956
8648 8957
8649 8958
8651 8960
8652 8961
8653 8962
8654 8963
8655 8964
8656 8965
8657 8966
8658 8967
8659 8968
8661 8970
8662 8971
8663 8972
8664 8973
8665 8974
8666 8975
8667 8976
8668 8977
8669 8978
8671 8980
8672 8981
8673 8982
8674 8983
8675 8984
8676 8985
8677 8986
8678 8987
8679 8988
8681 8990
8682 8991
8683 8992
8684 8993
8685 8994
8686 8995
8687 8996
8688 8997
8689 8998
